"ID","Name_submitted","Overall_score","Name_matched_id","Name_matched","Name_score","Name_matched_rank","Author_submitted","Author_matched","Author_score","Canonical_author","Name_matched_accepted_family","Genus_submitted","Genus_matched","Genus_score","Specific_epithet_submitted","Specific_epithet_matched","Specific_epithet_score","Family_submitted","Family_matched","Family_score","Infraspecific_rank","Infraspecific_epithet_matched","Infraspecific_epithet_score","Infraspecific_rank_2","Infraspecific_epithet_2_matched","Infraspecific_epithet_2_score","Annotations","Unmatched_terms","Name_matched_url","Name_matched_lsid","Phonetic","Taxonomic_status","Accepted_name","Accepted_species","Accepted_name_author","Accepted_name_id","Accepted_name_rank","Accepted_name_url","Accepted_name_lsid","Accepted_family","Overall_score_order","Highertaxa_score_order","Source","Warnings","WarningsEng"
"1","Calliandra pittieri",1,"163092","Calliandra pittieri",1,"species","","",NA,"Standl.","Fabaceae","Calliandra","Calliandra",1,"pittieri","pittieri",1,"","",NA,"","",NA,"","",NA,"","","https://powo.science.kew.org/taxon/urn:lsid:ipni.org:names:42259-2","","Y","Accepted","Calliandra pittieri","Calliandra pittieri","Standl.","163092","species","https://powo.science.kew.org/taxon/urn:lsid:ipni.org:names:42259-2","","Fabaceae","1","1","wcvp","0",""
"2","Calliandra pittieri var. pittieri",1,"192305","Calliandra pittieri var. pittieri",1,"variety","","",NA,"","Fabaceae","Calliandra","Calliandra",1,"pittieri","pittieri",1,"","",NA,"var.","pittieri",1,"","",NA,"","","https://powo.science.kew.org/taxon/urn:lsid:ipni.org:names:77223814-1","","Y","Accepted","Calliandra pittieri var. pittieri","Calliandra pittieri","","192305","variety","https://powo.science.kew.org/taxon/urn:lsid:ipni.org:names:77223814-1","","Fabaceae","1","1","wcvp","0",""
"3","Calliandra pittieri var. polyphylla",1,"192306","Calliandra pittieri var. polyphylla",1,"variety","","",NA,"(Harms) Barneby","Fabaceae","Calliandra","Calliandra",1,"pittieri","pittieri",1,"","",NA,"var.","polyphylla",1,"","",NA,"","","https://powo.science.kew.org/taxon/urn:lsid:ipni.org:names:1010228-1","","Y","Accepted","Calliandra pittieri var. polyphylla","Calliandra pittieri","(Harms) Barneby","192306","variety","https://powo.science.kew.org/taxon/urn:lsid:ipni.org:names:1010228-1","","Fabaceae","1","1","wcvp","0",""
"4","Calliandra purdiaei",0.97922049354994,"163095","Calliandra purdiei",0.97922049354994,"species","","",NA,"Benth.","Fabaceae","Calliandra","Calliandra",1,"purdiaei","purdiei",0.875,"","",NA,"","",NA,"","",NA,"","","https://powo.science.kew.org/taxon/urn:lsid:ipni.org:names:42269-2","","Y","Accepted","Calliandra purdiei","Calliandra purdiei","Benth.","163095","species","https://powo.science.kew.org/taxon/urn:lsid:ipni.org:names:42269-2","","Fabaceae","1","1","wcvp","0",""
"5","Calliandra glomerulata",1,"163048","Calliandra glomerulata",1,"species","","",NA,"H.Karst.","Fabaceae","Calliandra","Calliandra",1,"glomerulata","glomerulata",1,"","",NA,"","",NA,"","",NA,"","","https://powo.science.kew.org/taxon/urn:lsid:ipni.org:names:42169-2","","Y","Accepted","Calliandra glomerulata","Calliandra glomerulata","H.Karst.","163048","species","https://powo.science.kew.org/taxon/urn:lsid:ipni.org:names:42169-2","","Fabaceae","1","1","wcvp","0",""
"6","Calliandra glomerulata var. glomervlata",0.99125249213133,"192310","Calliandra glomerulata var. glomerulata",0.99125249213133,"variety","","",NA,"","Fabaceae","Calliandra","Calliandra",1,"glomerulata","glomerulata",1,"","",NA,"var.","glomerulata",0.90909090909091,"","",NA,"","","https://powo.science.kew.org/taxon/urn:lsid:ipni.org:names:77223317-1","","","Accepted","Calliandra glomerulata var. glomerulata","Calliandra glomerulata","","192310","variety","https://powo.science.kew.org/taxon/urn:lsid:ipni.org:names:77223317-1","","Fabaceae","1","1","wcvp","0",""
"7","Calliandra glomerulata var. parvifolia",1,"192309","Calliandra glomerulata var. parvifolia",1,"variety","","",NA,"(Benth.) Barneby","Fabaceae","Calliandra","Calliandra",1,"glomerulata","glomerulata",1,"","",NA,"var.","parvifolia",1,"","",NA,"","","https://powo.science.kew.org/taxon/urn:lsid:ipni.org:names:1010229-1","","Y","Accepted","Calliandra glomerulata var. parvifolia","Calliandra glomerulata","(Benth.) Barneby","192309","variety","https://powo.science.kew.org/taxon/urn:lsid:ipni.org:names:1010229-1","","Fabaceae","1","1","wcvp","0",""
"8","Calliandra cruegeri",1,"192313","Calliandra cruegeri",1,"species","","",NA,"Griseb.","Fabaceae","Calliandra","Calliandra",1,"cruegeri","cruegeri",1,"","",NA,"","",NA,"","",NA,"","","https://powo.science.kew.org/taxon/urn:lsid:ipni.org:names:42130-2","","Y","Accepted","Calliandra cruegeri","Calliandra cruegeri","Griseb.","192313","species","https://powo.science.kew.org/taxon/urn:lsid:ipni.org:names:42130-2","","Fabaceae","1","1","wcvp","0",""
"9","Calliandra tolimensis",1,"163122","Calliandra tolimensis",1,"species","","",NA,"Taub. ex Hieron.","Fabaceae","Calliandra","Calliandra",1,"tolimensis","tolimensis",1,"","",NA,"","",NA,"","",NA,"","","https://powo.science.kew.org/taxon/urn:lsid:ipni.org:names:42324-2","","Y","Accepted","Calliandra tolimensis","Calliandra tolimensis","Taub. ex Hieron.","163122","species","https://powo.science.kew.org/taxon/urn:lsid:ipni.org:names:42324-2","","Fabaceae","1","1","wcvp","0",""
"10","Calliandra laxa",1,"171806","Calliandra laxa",1,"species","","",NA,"(Willd.) Benth.","Fabaceae","Calliandra","Calliandra",1,"laxa","laxa",1,"","",NA,"","",NA,"","",NA,"","","https://powo.science.kew.org/taxon/urn:lsid:ipni.org:names:1161746-2","","Y","Accepted","Calliandra laxa","Calliandra laxa","(Willd.) Benth.","171806","species","https://powo.science.kew.org/taxon/urn:lsid:ipni.org:names:1161746-2","","Fabaceae","1","1","wcvp","0",""
"11","Calliandra laxa var. laxa",1,"192315","Calliandra laxa var. laxa",1,"variety","","",NA,"","Fabaceae","Calliandra","Calliandra",1,"laxa","laxa",1,"","",NA,"var.","laxa",1,"","",NA,"","","https://powo.science.kew.org/taxon/urn:lsid:ipni.org:names:77223314-1","","Y","Accepted","Calliandra laxa var. laxa","Calliandra laxa","","192315","variety","https://powo.science.kew.org/taxon/urn:lsid:ipni.org:names:77223314-1","","Fabaceae","1","1","wcvp","0",""
"12","Calliandra laxa var. stipulacea",1,"192318","Calliandra laxa var. stipulacea",1,"variety","","",NA,"(Benth.) Barneby","Fabaceae","Calliandra","Calliandra",1,"laxa","laxa",1,"","",NA,"var.","stipulacea",1,"","",NA,"","","https://powo.science.kew.org/taxon/urn:lsid:ipni.org:names:1010230-1","","Y","Accepted","Calliandra laxa var. stipulacea","Calliandra laxa","(Benth.) Barneby","192318","variety","https://powo.science.kew.org/taxon/urn:lsid:ipni.org:names:1010230-1","","Fabaceae","1","1","wcvp","0",""
"13","Calliandra laxa var. urimana",1,"1369423","Calliandra laxa var. urimana",1,"variety","","",NA,"Barneby","Fabaceae","Calliandra","Calliandra",1,"laxa","laxa",1,"","",NA,"var.","urimana",1,"","",NA,"","","https://powo.science.kew.org/taxon/urn:lsid:ipni.org:names:316265-2","","Y","Accepted","Calliandra laxa var. urimana","Calliandra laxa","Barneby","1369423","variety","https://powo.science.kew.org/taxon/urn:lsid:ipni.org:names:316265-2","","Fabaceae","1","1","wcvp","0",""
"14","Calliandra rubescens",1,"163102","Calliandra rubescens",1,"species","","",NA,"(M.Martens & Galeotti) Standl.","Fabaceae","Calliandra","Calliandra",1,"rubescens","rubescens",1,"","",NA,"","",NA,"","",NA,"","","https://powo.science.kew.org/taxon/urn:lsid:ipni.org:names:42284-2","","Y","Accepted","Calliandra rubescens","Calliandra rubescens","(M.Martens & Galeotti) Standl.","163102","species","https://powo.science.kew.org/taxon/urn:lsid:ipni.org:names:42284-2","","Fabaceae","1","1","wcvp","0",""
"15","Calliandra belizensis",1,"163008","Calliandra belizensis",1,"species","","",NA,"(Britton & Rose) Standl.","Fabaceae","Calliandra","Calliandra",1,"belizensis","belizensis",1,"","",NA,"","",NA,"","",NA,"","","https://powo.science.kew.org/taxon/urn:lsid:ipni.org:names:483047-1","","Y","Accepted","Calliandra belizensis","Calliandra belizensis","(Britton & Rose) Standl.","163008","species","https://powo.science.kew.org/taxon/urn:lsid:ipni.org:names:483047-1","","Fabaceae","1","1","wcvp","0",""
"16","Calliandra goldmanii",1,"192325","Calliandra goldmanii",1,"species","","",NA,"Rose ex Barneby","Fabaceae","Calliandra","Calliandra",1,"goldmanii","goldmanii",1,"","",NA,"","",NA,"","",NA,"","","https://powo.science.kew.org/taxon/urn:lsid:ipni.org:names:316266-2","","Y","Accepted","Calliandra goldmanii","Calliandra goldmanii","Rose ex Barneby","192325","species","https://powo.science.kew.org/taxon/urn:lsid:ipni.org:names:316266-2","","Fabaceae","1","1","wcvp","0",""
"17","Calliandra bijuga",1,"163010","Calliandra bijuga",1,"species","","",NA,"Rose","Fabaceae","Calliandra","Calliandra",1,"bijuga","bijuga",1,"","",NA,"","",NA,"","",NA,"","","https://powo.science.kew.org/taxon/urn:lsid:ipni.org:names:42078-2","","Y","Accepted","Calliandra bijuga","Calliandra bijuga","Rose","163010","species","https://powo.science.kew.org/taxon/urn:lsid:ipni.org:names:42078-2","","Fabaceae","1","1","wcvp","0",""
"18","Calliandra molinae",1,"163075","Calliandra molinae",1,"species","","",NA,"Standl.","Fabaceae","Calliandra","Calliandra",1,"molinae","molinae",1,"","",NA,"","",NA,"","",NA,"","","https://powo.science.kew.org/taxon/urn:lsid:ipni.org:names:42229-2","","Y","Accepted","Calliandra molinae","Calliandra molinae","Standl.","163075","species","https://powo.science.kew.org/taxon/urn:lsid:ipni.org:names:42229-2","","Fabaceae","1","1","wcvp","0",""
"19","Calliandra hirsuta",1,"180991","Calliandra hirsuta",1,"species","","",NA,"(G.Don) Benth.","Fabaceae","Calliandra","Calliandra",1,"hirsuta","hirsuta",1,"","",NA,"","",NA,"","",NA,"","","https://powo.science.kew.org/taxon/urn:lsid:ipni.org:names:1127620-2","","Y","Accepted","Calliandra hirsuta","Calliandra hirsuta","(G.Don) Benth.","180991","species","https://powo.science.kew.org/taxon/urn:lsid:ipni.org:names:1127620-2","","Fabaceae","1","1","wcvp","0",""
"20","Calliandra peninsularis",1,"163088","Calliandra peninsularis",1,"species","","",NA,"Rose","Fabaceae","Calliandra","Calliandra",1,"peninsularis","peninsularis",1,"","",NA,"","",NA,"","",NA,"","","https://powo.science.kew.org/taxon/urn:lsid:ipni.org:names:42254-2","","Y","Accepted","Calliandra peninsularis","Calliandra peninsularis","Rose","163088","species","https://powo.science.kew.org/taxon/urn:lsid:ipni.org:names:42254-2","","Fabaceae","1","1","wcvp","0",""
"21","Calliandra sesquipedalis",1,"176893","Calliandra sesquipedalis",1,"species","","",NA,"McVaugh","Fabaceae","Calliandra","Calliandra",1,"sesquipedalis","sesquipedalis",1,"","",NA,"","",NA,"","",NA,"","","https://powo.science.kew.org/taxon/urn:lsid:ipni.org:names:273886-2","","Y","Accepted","Calliandra sesquipedalis","Calliandra sesquipedalis","McVaugh","176893","species","https://powo.science.kew.org/taxon/urn:lsid:ipni.org:names:273886-2","","Fabaceae","1","1","wcvp","0",""
"22","Calliandra californica",1,"163018","Calliandra californica",1,"species","","",NA,"Benth.","Fabaceae","Calliandra","Calliandra",1,"californica","californica",1,"","",NA,"","",NA,"","",NA,"","","https://powo.science.kew.org/taxon/urn:lsid:ipni.org:names:42100-2","","Y","Accepted","Calliandra californica","Calliandra californica","Benth.","163018","species","https://powo.science.kew.org/taxon/urn:lsid:ipni.org:names:42100-2","","Fabaceae","1","1","wcvp","0",""
"23","Calliandra eriophylla",1,"179642","Calliandra eriophylla",1,"species","","",NA,"Benth.","Fabaceae","Calliandra","Calliandra",1,"eriophylla","eriophylla",1,"","",NA,"","",NA,"","",NA,"","","https://powo.science.kew.org/taxon/urn:lsid:ipni.org:names:42149-2","","Y","Accepted","Calliandra eriophylla","Calliandra eriophylla","Benth.","179642","species","https://powo.science.kew.org/taxon/urn:lsid:ipni.org:names:42149-2","","Fabaceae","1","1","wcvp","0",""
"24","Calliandra eriophylla var. eriophyila",0.99025364493243,"177366","Calliandra eriophylla var. eriophylla",0.99025364493243,"variety","","",NA,"","Fabaceae","Calliandra","Calliandra",1,"eriophylla","eriophylla",1,"","",NA,"var.","eriophylla",0.9,"","",NA,"","","https://powo.science.kew.org/taxon/urn:lsid:ipni.org:names:77223813-1","","Y","Accepted","Calliandra eriophylla var. eriophylla","Calliandra eriophylla","","177366","variety","https://powo.science.kew.org/taxon/urn:lsid:ipni.org:names:77223813-1","","Fabaceae","1","1","wcvp","0",""
"25","Calliandra eriophylla var. chamaedrys",1,"162371","Calliandra eriophylla var. chamaedrys",1,"variety","","",NA,"Isely","Fabaceae","Calliandra","Calliandra",1,"eriophylla","eriophylla",1,"","",NA,"var.","chamaedrys",1,"","",NA,"","","https://powo.science.kew.org/taxon/urn:lsid:ipni.org:names:42150-2","","Y","Accepted","Calliandra eriophylla var. chamaedrys","Calliandra eriophylla","Isely","162371","variety","https://powo.science.kew.org/taxon/urn:lsid:ipni.org:names:42150-2","","Fabaceae","1","1","wcvp","0",""
"26","Calliandra humilis",1,"181654","Calliandra humilis",1,"species","","",NA,"Benth.","Fabaceae","Calliandra","Calliandra",1,"humilis","humilis",1,"","",NA,"","",NA,"","",NA,"","","https://powo.science.kew.org/taxon/urn:lsid:ipni.org:names:316267-2","","Y","Accepted","Calliandra humilis","Calliandra humilis","Benth.","181654","species","https://powo.science.kew.org/taxon/urn:lsid:ipni.org:names:316267-2","","Fabaceae","1","1","wcvp","0",""
"27","Calliandra humilis var. humilis",1,"181655","Calliandra humilis var. humilis",1,"variety","","",NA,"","Fabaceae","Calliandra","Calliandra",1,"humilis","humilis",1,"","",NA,"var.","humilis",1,"","",NA,"","","https://powo.science.kew.org/taxon/urn:lsid:ipni.org:names:77222908-1","","Y","Accepted","Calliandra humilis var. humilis","Calliandra humilis","","181655","variety","https://powo.science.kew.org/taxon/urn:lsid:ipni.org:names:77222908-1","","Fabaceae","1","1","wcvp","0",""
"28","Calliandra humilis var. gentryana",1,"1369422","Calliandra humilis var. gentryana",1,"variety","","",NA,"Barneby","Fabaceae","Calliandra","Calliandra",1,"humilis","humilis",1,"","",NA,"var.","gentryana",1,"","",NA,"","","https://powo.science.kew.org/taxon/urn:lsid:ipni.org:names:316332-2","","Y","Accepted","Calliandra humilis var. gentryana","Calliandra humilis","Barneby","1369422","variety","https://powo.science.kew.org/taxon/urn:lsid:ipni.org:names:316332-2","","Fabaceae","1","1","wcvp","0",""
"29","Calliandra humilis var. reticulata",1,"163055","Calliandra humilis var. reticulata",1,"variety","","",NA,"(A.Gray) L.D.Benson","Fabaceae","Calliandra","Calliandra",1,"humilis","humilis",1,"","",NA,"var.","reticulata",1,"","",NA,"","","https://powo.science.kew.org/taxon/urn:lsid:ipni.org:names:42192-2","","Y","Accepted","Calliandra humilis var. reticulata","Calliandra humilis","(A.Gray) L.D.Benson","163055","variety","https://powo.science.kew.org/taxon/urn:lsid:ipni.org:names:42192-2","","Fabaceae","1","1","wcvp","0",""
"30","Calliandra tumbeziana",1,"163125","Calliandra tumbeziana",1,"species","","",NA,"J.F.Macbr.","Fabaceae","Calliandra","Calliandra",1,"tumbeziana","tumbeziana",1,"","",NA,"","",NA,"","",NA,"","","https://powo.science.kew.org/taxon/urn:lsid:ipni.org:names:42333-2","","Y","Accepted","Calliandra tumbeziana","Calliandra tumbeziana","J.F.Macbr.","163125","species","https://powo.science.kew.org/taxon/urn:lsid:ipni.org:names:42333-2","","Fabaceae","1","1","wcvp","0",""
"31","Calliandra taxifolia",1,"184817","Calliandra taxifolia",1,"species","","",NA,"(Kunth) Benth.","Fabaceae","Calliandra","Calliandra",1,"taxifolia","taxifolia",1,"","",NA,"","",NA,"","",NA,"","","https://powo.science.kew.org/taxon/urn:lsid:ipni.org:names:1209183-2","","Y","Accepted","Calliandra taxifolia","Calliandra taxifolia","(Kunth) Benth.","184817","species","https://powo.science.kew.org/taxon/urn:lsid:ipni.org:names:1209183-2","","Fabaceae","1","1","wcvp","0",""
"32","Calliandra parvifolia",1,"163086","Calliandra parvifolia",1,"species","","",NA,"(Hook. & Arn.) Speg.","Fabaceae","Calliandra","Calliandra",1,"parvifolia","parvifolia",1,"","",NA,"","",NA,"","",NA,"","","https://powo.science.kew.org/taxon/urn:lsid:ipni.org:names:42250-2","","Y","Accepted","Calliandra parvifolia","Calliandra parvifolia","(Hook. & Arn.) Speg.","163086","species","https://powo.science.kew.org/taxon/urn:lsid:ipni.org:names:42250-2","","Fabaceae","1","1","wcvp","0",""
"33","Calliandra foliolosa",1,"163043","Calliandra foliolosa",1,"species","","",NA,"Benth.","Fabaceae","Calliandra","Calliandra",1,"foliolosa","foliolosa",1,"","",NA,"","",NA,"","",NA,"","","https://powo.science.kew.org/taxon/urn:lsid:ipni.org:names:42160-2","","Y","Accepted","Calliandra foliolosa","Calliandra foliolosa","Benth.","163043","species","https://powo.science.kew.org/taxon/urn:lsid:ipni.org:names:42160-2","","Fabaceae","1","1","wcvp","0",""
"34","Calliandra tweedii",0.97922049354994,"206965","Calliandra tweediei",0.97922049354994,"species","","",NA,"Benth.","Fabaceae","Calliandra","Calliandra",1,"tweedii","tweediei",0.875,"","",NA,"","",NA,"","",NA,"","","https://powo.science.kew.org/taxon/urn:lsid:ipni.org:names:42335-2","","Y","Accepted","Calliandra tweediei","Calliandra tweediei","Benth.","206965","species","https://powo.science.kew.org/taxon/urn:lsid:ipni.org:names:42335-2","","Fabaceae","1","1","wcvp","0",""
"35","Calliandra bella",1,"171799","Calliandra bella",1,"species","","",NA,"(Mart. ex Spreng.) Benth.","Fabaceae","Calliandra","Calliandra",1,"bella","bella",1,"","",NA,"","",NA,"","",NA,"","","https://powo.science.kew.org/taxon/urn:lsid:ipni.org:names:316273-2","","Y","Accepted","Calliandra bella","Calliandra bella","(Mart. ex Spreng.) Benth.","171799","species","https://powo.science.kew.org/taxon/urn:lsid:ipni.org:names:316273-2","","Fabaceae","1","1","wcvp","0",""
"36","Calliandra subspicata",1,"163117","Calliandra subspicata",1,"species","","",NA,"Benth.","Fabaceae","Calliandra","Calliandra",1,"subspicata","subspicata",1,"","",NA,"","",NA,"","",NA,"","","https://powo.science.kew.org/taxon/urn:lsid:ipni.org:names:42319-2","","Y","Accepted","Calliandra subspicata","Calliandra subspicata","Benth.","163117","species","https://powo.science.kew.org/taxon/urn:lsid:ipni.org:names:42319-2","","Fabaceae","1","1","wcvp","0",""
"37","Calliandra dysantha",1,"163033","Calliandra dysantha",1,"species","","",NA,"Benth.","Fabaceae","Calliandra","Calliandra",1,"dysantha","dysantha",1,"","",NA,"","",NA,"","",NA,"","","https://powo.science.kew.org/taxon/urn:lsid:ipni.org:names:42143-2","","Y","Accepted","Calliandra dysantha","Calliandra dysantha","Benth.","163033","species","https://powo.science.kew.org/taxon/urn:lsid:ipni.org:names:42143-2","","Fabaceae","1","1","wcvp","0",""
"38","Calliandra dysantha var. dysantha",1,"192357","Calliandra dysantha var. dysantha",1,"variety","","",NA,"","Fabaceae","Calliandra","Calliandra",1,"dysantha","dysantha",1,"","",NA,"var.","dysantha",1,"","",NA,"","","https://powo.science.kew.org/taxon/urn:lsid:ipni.org:names:77223166-1","","Y","Accepted","Calliandra dysantha var. dysantha","Calliandra dysantha","","192357","variety","https://powo.science.kew.org/taxon/urn:lsid:ipni.org:names:77223166-1","","Fabaceae","1","1","wcvp","0",""
"39","Calliandra dysantha var. macrocephala",1,"192360","Calliandra dysantha var. macrocephala",1,"variety","","",NA,"(Benth.) Barneby","Fabaceae","Calliandra","Calliandra",1,"dysantha","dysantha",1,"","",NA,"var.","macrocephala",1,"","",NA,"","","https://powo.science.kew.org/taxon/urn:lsid:ipni.org:names:1010235-1","","Y","Accepted","Calliandra dysantha var. macrocephala","Calliandra dysantha","(Benth.) Barneby","192360","variety","https://powo.science.kew.org/taxon/urn:lsid:ipni.org:names:1010235-1","","Fabaceae","1","1","wcvp","0",""
"40","Calliandra dysantha var. opulenta",1,"1369420","Calliandra dysantha var. opulenta",1,"variety","","",NA,"Barneby","Fabaceae","Calliandra","Calliandra",1,"dysantha","dysantha",1,"","",NA,"var.","opulenta",1,"","",NA,"","","https://powo.science.kew.org/taxon/urn:lsid:ipni.org:names:316276-2","","Y","Accepted","Calliandra dysantha var. opulenta","Calliandra dysantha","Barneby","1369420","variety","https://powo.science.kew.org/taxon/urn:lsid:ipni.org:names:316276-2","","Fabaceae","1","1","wcvp","0",""
"41","Calliandra dysantha var. turbinata",1,"192361","Calliandra dysantha var. turbinata",1,"variety","","",NA,"(Benth.) Barneby","Fabaceae","Calliandra","Calliandra",1,"dysantha","dysantha",1,"","",NA,"var.","turbinata",1,"","",NA,"","","https://powo.science.kew.org/taxon/urn:lsid:ipni.org:names:1010237-1","","Y","Accepted","Calliandra dysantha var. turbinata","Calliandra dysantha","(Benth.) Barneby","192361","variety","https://powo.science.kew.org/taxon/urn:lsid:ipni.org:names:1010237-1","","Fabaceae","1","1","wcvp","0",""
"42","Calliandra gardneri",1,"184323","Calliandra gardneri",1,"species","","",NA,"Benth.","Fabaceae","Calliandra","Calliandra",1,"gardneri","gardneri",1,"","",NA,"","",NA,"","",NA,"","","https://powo.science.kew.org/taxon/urn:lsid:ipni.org:names:42165-2","","Y","Accepted","Calliandra gardneri","Calliandra gardneri","Benth.","184323","species","https://powo.science.kew.org/taxon/urn:lsid:ipni.org:names:42165-2","","Fabaceae","1","1","wcvp","0",""
"43","Calliandra macrocalyx",1,"163065","Calliandra macrocalyx",1,"species","","",NA,"Harms","Fabaceae","Calliandra","Calliandra",1,"macrocalyx","macrocalyx",1,"","",NA,"","",NA,"","",NA,"","","https://powo.science.kew.org/taxon/urn:lsid:ipni.org:names:42213-2","","Y","Accepted","Calliandra macrocalyx","Calliandra macrocalyx","Harms","163065","species","https://powo.science.kew.org/taxon/urn:lsid:ipni.org:names:42213-2","","Fabaceae","1","1","wcvp","0",""
"44","Calliandra macrocalyx var. macrocalyx",1,"192365","Calliandra macrocalyx var. macrocalyx",1,"variety","","",NA,"","Fabaceae","Calliandra","Calliandra",1,"macrocalyx","macrocalyx",1,"","",NA,"var.","macrocalyx",1,"","",NA,"","","https://powo.science.kew.org/taxon/urn:lsid:ipni.org:names:77223332-1","","Y","Accepted","Calliandra macrocalyx var. macrocalyx","Calliandra macrocalyx","","192365","variety","https://powo.science.kew.org/taxon/urn:lsid:ipni.org:names:77223332-1","","Fabaceae","1","1","wcvp","0",""
"45","Calliandra macrocalyx var. aucta",0.97740698358165,"1346190","Calliandra macrocalyx var. acuta",0.97740698358165,"variety","","",NA,"Barneby","Fabaceae","Calliandra","Calliandra",1,"macrocalyx","macrocalyx",1,"","",NA,"var.","acuta",0.8,"","",NA,"","","https://powo.science.kew.org/taxon/urn:lsid:ipni.org:names:316277-2","","","Accepted","Calliandra macrocalyx var. acuta","Calliandra macrocalyx","Barneby","1346190","variety","https://powo.science.kew.org/taxon/urn:lsid:ipni.org:names:316277-2","","Fabaceae","1","1","wcvp","0",""
"46","Calliandra fernandesii",1,"192368","Calliandra fernandesii",1,"species","","",NA,"Barneby","Fabaceae","Calliandra","Calliandra",1,"fernandesii","fernandesii",1,"","",NA,"","",NA,"","",NA,"","","https://powo.science.kew.org/taxon/urn:lsid:ipni.org:names:316278-2","","Y","Accepted","Calliandra fernandesii","Calliandra fernandesii","Barneby","192368","species","https://powo.science.kew.org/taxon/urn:lsid:ipni.org:names:316278-2","","Fabaceae","1","1","wcvp","0",""
"47","Calliandra ulei",1,"163126","Calliandra ulei",1,"species","","",NA,"Harms","Fabaceae","Calliandra","Calliandra",1,"ulei","ulei",1,"","",NA,"","",NA,"","",NA,"","","https://powo.science.kew.org/taxon/urn:lsid:ipni.org:names:42337-2","","Y","Accepted","Calliandra ulei","Calliandra ulei","Harms","163126","species","https://powo.science.kew.org/taxon/urn:lsid:ipni.org:names:42337-2","","Fabaceae","1","1","wcvp","0",""
"48","Calliandra pilgerana",0.98428510306992,"163090","Calliandra pilgeriana",0.98428510306992,"species","","",NA,"Harms","Fabaceae","Calliandra","Calliandra",1,"pilgerana","pilgeriana",0.9,"","",NA,"","",NA,"","",NA,"","","https://powo.science.kew.org/taxon/urn:lsid:ipni.org:names:42256-2","","Y","Accepted","Calliandra pilgeriana","Calliandra pilgeriana","Harms","163090","species","https://powo.science.kew.org/taxon/urn:lsid:ipni.org:names:42256-2","","Fabaceae","1","1","wcvp","0",""
"49","Calliandra umbellifera",1,"163127","Calliandra umbellifera",1,"species","","",NA,"Benth.","Fabaceae","Calliandra","Calliandra",1,"umbellifera","umbellifera",1,"","",NA,"","",NA,"","",NA,"","","https://powo.science.kew.org/taxon/urn:lsid:ipni.org:names:42338-2","","Y","Accepted","Calliandra umbellifera","Calliandra umbellifera","Benth.","163127","species","https://powo.science.kew.org/taxon/urn:lsid:ipni.org:names:42338-2","","Fabaceae","1","1","wcvp","0",""
"50","Calliandra imperialis",1,"192370","Calliandra imperialis",1,"species","","",NA,"Barneby","Fabaceae","Calliandra","Calliandra",1,"imperialis","imperialis",1,"","",NA,"","",NA,"","",NA,"","","https://powo.science.kew.org/taxon/urn:lsid:ipni.org:names:316279-2","","Y","Accepted","Calliandra imperialis","Calliandra imperialis","Barneby","192370","species","https://powo.science.kew.org/taxon/urn:lsid:ipni.org:names:316279-2","","Fabaceae","1","1","wcvp","0",""
"51","Calliandra concinna",1,"192371","Calliandra concinna",1,"species","","",NA,"Barneby","Fabaceae","Calliandra","Calliandra",1,"concinna","concinna",1,"","",NA,"","",NA,"","",NA,"","","https://powo.science.kew.org/taxon/urn:lsid:ipni.org:names:316280-2","","Y","Accepted","Calliandra concinna","Calliandra concinna","Barneby","192371","species","https://powo.science.kew.org/taxon/urn:lsid:ipni.org:names:316280-2","","Fabaceae","1","1","wcvp","0",""
"52","Calliandra squarrosa",1,"171812","Calliandra squarrosa",1,"species","","",NA,"Benth.","Fabaceae","Calliandra","Calliandra",1,"squarrosa","squarrosa",1,"","",NA,"","",NA,"","",NA,"","","https://powo.science.kew.org/taxon/urn:lsid:ipni.org:names:671-2","","Y","Accepted","Calliandra squarrosa","Calliandra squarrosa","Benth.","171812","species","https://powo.science.kew.org/taxon/urn:lsid:ipni.org:names:671-2","","Fabaceae","1","1","wcvp","0",""
"53","Calliandra glaziovii",1,"184819","Calliandra glaziovii",1,"species","","",NA,"Taub.","Fabaceae","Calliandra","Calliandra",1,"glaziovii","glaziovii",1,"","",NA,"","",NA,"","",NA,"","","https://powo.science.kew.org/taxon/urn:lsid:ipni.org:names:42168-2","","Y","Accepted","Calliandra glaziovii","Calliandra glaziovii","Taub.","184819","species","https://powo.science.kew.org/taxon/urn:lsid:ipni.org:names:42168-2","","Fabaceae","1","1","wcvp","0",""
"54","Calliandra depauperata",1,"163031","Calliandra depauperata",1,"species","","",NA,"Benth.","Fabaceae","Calliandra","Calliandra",1,"depauperata","depauperata",1,"","",NA,"","",NA,"","",NA,"","","https://powo.science.kew.org/taxon/urn:lsid:ipni.org:names:42141-2","","Y","Accepted","Calliandra depauperata","Calliandra depauperata","Benth.","163031","species","https://powo.science.kew.org/taxon/urn:lsid:ipni.org:names:42141-2","","Fabaceae","1","1","wcvp","0",""
"55","Calliandra silvicola",1,"184832","Calliandra silvicola",1,"species","","",NA,"Taub.","Fabaceae","Calliandra","Calliandra",1,"silvicola","silvicola",1,"","",NA,"","",NA,"","",NA,"","","https://powo.science.kew.org/taxon/urn:lsid:ipni.org:names:42303-2","","Y","Accepted","Calliandra silvicola","Calliandra silvicola","Taub.","184832","species","https://powo.science.kew.org/taxon/urn:lsid:ipni.org:names:42303-2","","Fabaceae","1","1","wcvp","0",""
"56","Calliandra surinamensis",1,"171996","Calliandra surinamensis",1,"species","","",NA,"Benth.","Fabaceae","Calliandra","Calliandra",1,"surinamensis","surinamensis",1,"","",NA,"","",NA,"","",NA,"","","https://powo.science.kew.org/taxon/urn:lsid:ipni.org:names:316281-2","","Y","Accepted","Calliandra surinamensis","Calliandra surinamensis","Benth.","171996","species","https://powo.science.kew.org/taxon/urn:lsid:ipni.org:names:316281-2","","Fabaceae","1","1","wcvp","0",""
"57","Calliandra samik",1,"192375","Calliandra samik",1,"species","","",NA,"Barneby","Fabaceae","Calliandra","Calliandra",1,"samik","samik",1,"","",NA,"","",NA,"","",NA,"","","https://powo.science.kew.org/taxon/urn:lsid:ipni.org:names:1010242-1","","Y","Accepted","Calliandra samik","Calliandra samik","Barneby","192375","species","https://powo.science.kew.org/taxon/urn:lsid:ipni.org:names:1010242-1","","Fabaceae","1","1","wcvp","0",""
"58","Calliandra purpurea",1,"171811","Calliandra purpurea",1,"species","","",NA,"(L.) Benth.","Fabaceae","Calliandra","Calliandra",1,"purpurea","purpurea",1,"","",NA,"","",NA,"","",NA,"","","https://powo.science.kew.org/taxon/urn:lsid:ipni.org:names:1135490-2","","Y","Accepted","Calliandra purpurea","Calliandra purpurea","(L.) Benth.","171811","species","https://powo.science.kew.org/taxon/urn:lsid:ipni.org:names:1135490-2","","Fabaceae","1","1","wcvp","0",""
"59","Calliandra riparia",1,"181365","Calliandra riparia",1,"species","","",NA,"Pittier","Fabaceae","Calliandra","Calliandra",1,"riparia","riparia",1,"","",NA,"","",NA,"","",NA,"","","https://powo.science.kew.org/taxon/urn:lsid:ipni.org:names:483259-1","","Y","Accepted","Calliandra riparia","Calliandra riparia","Pittier","181365","species","https://powo.science.kew.org/taxon/urn:lsid:ipni.org:names:483259-1","","Fabaceae","1","1","wcvp","0",""
"60","Calliandra magdalenae",1,"180992","Calliandra magdalenae",1,"species","","",NA,"(Bertero ex DC.) Benth.","Fabaceae","Calliandra","Calliandra",1,"magdalenae","magdalenae",1,"","",NA,"","",NA,"","",NA,"","","https://powo.science.kew.org/taxon/urn:lsid:ipni.org:names:1051245-2","","Y","Accepted","Calliandra magdalenae","Calliandra magdalenae","(Bertero ex DC.) Benth.","180992","species","https://powo.science.kew.org/taxon/urn:lsid:ipni.org:names:1051245-2","","Fabaceae","1","1","wcvp","0",""
"61","Calliandra magdalenae var. colombiana",1,"192381","Calliandra magdalenae var. colombiana",1,"variety","","",NA,"(Britton & Rose) Barneby","Fabaceae","Calliandra","Calliandra",1,"magdalenae","magdalenae",1,"","",NA,"var.","colombiana",1,"","",NA,"","","https://powo.science.kew.org/taxon/urn:lsid:ipni.org:names:1104635-2","","Y","Accepted","Calliandra magdalenae var. colombiana","Calliandra magdalenae","(Britton & Rose) Barneby","192381","variety","https://powo.science.kew.org/taxon/urn:lsid:ipni.org:names:1104635-2","","Fabaceae","1","1","wcvp","0",""
"62","Calliandra magdalenae var. magdalenae",1,"192384","Calliandra magdalenae var. magdalenae",1,"variety","","",NA,"","Fabaceae","Calliandra","Calliandra",1,"magdalenae","magdalenae",1,"","",NA,"var.","magdalenae",1,"","",NA,"","","https://powo.science.kew.org/taxon/urn:lsid:ipni.org:names:77223137-1","","Y","Accepted","Calliandra magdalenae var. magdalenae","Calliandra magdalenae","","192384","variety","https://powo.science.kew.org/taxon/urn:lsid:ipni.org:names:77223137-1","","Fabaceae","1","1","wcvp","0",""
"63","Calliandra caeciliae",1,"179639","Calliandra caeciliae",1,"species","","",NA,"Harms","Fabaceae","Calliandra","Calliandra",1,"caeciliae","caeciliae",1,"","",NA,"","",NA,"","",NA,"","","https://powo.science.kew.org/taxon/urn:lsid:ipni.org:names:42099-2","","Y","Accepted","Calliandra caeciliae","Calliandra caeciliae","Harms","179639","species","https://powo.science.kew.org/taxon/urn:lsid:ipni.org:names:42099-2","","Fabaceae","1","1","wcvp","0",""
"64","Calliandra chulumania",1,"192391","Calliandra chulumania",1,"species","","",NA,"Barneby","Fabaceae","Calliandra","Calliandra",1,"chulumania","chulumania",1,"","",NA,"","",NA,"","",NA,"","","https://powo.science.kew.org/taxon/urn:lsid:ipni.org:names:316283-2","","Y","Accepted","Calliandra chulumania","Calliandra chulumania","Barneby","192391","species","https://powo.science.kew.org/taxon/urn:lsid:ipni.org:names:316283-2","","Fabaceae","1","1","wcvp","0",""
"65","Calliandra carcerea",1,"163021","Calliandra carcerea",1,"species","","",NA,"Standl. & Steyerm.","Fabaceae","Calliandra","Calliandra",1,"carcerea","carcerea",1,"","",NA,"","",NA,"","",NA,"","","https://powo.science.kew.org/taxon/urn:lsid:ipni.org:names:42106-2","","Y","Accepted","Calliandra carcerea","Calliandra carcerea","Standl. & Steyerm.","163021","species","https://powo.science.kew.org/taxon/urn:lsid:ipni.org:names:42106-2","","Fabaceae","1","1","wcvp","0",""
"66","Calliandra pityophila",1,"1783666","Calliandra pityophila",1,"species","","",NA,"Barneby","Fabaceae","Calliandra","Calliandra",1,"pityophila","pityophila",1,"","",NA,"","",NA,"","",NA,"","","https://powo.science.kew.org/taxon/urn:lsid:ipni.org:names:316284-2","","Y","Accepted","Calliandra pityophila","Calliandra pityophila","Barneby","1783666","species","https://powo.science.kew.org/taxon/urn:lsid:ipni.org:names:316284-2","","Fabaceae","1","1","wcvp","0",""
"67","Calliandra colimae",1,"192393","Calliandra colimae",1,"species","","",NA,"Barneby","Fabaceae","Calliandra","Calliandra",1,"colimae","colimae",1,"","",NA,"","",NA,"","",NA,"","","https://powo.science.kew.org/taxon/urn:lsid:ipni.org:names:316285-2","","Y","Accepted","Calliandra colimae","Calliandra colimae","Barneby","192393","species","https://powo.science.kew.org/taxon/urn:lsid:ipni.org:names:316285-2","","Fabaceae","1","1","wcvp","0",""
"68","Calliandra hintonii",1,"192394","Calliandra hintonii",1,"species","","",NA,"Barneby","Fabaceae","Calliandra","Calliandra",1,"hintonii","hintonii",1,"","",NA,"","",NA,"","",NA,"","","https://powo.science.kew.org/taxon/urn:lsid:ipni.org:names:316286-2","","Y","Accepted","Calliandra hintonii","Calliandra hintonii","Barneby","192394","species","https://powo.science.kew.org/taxon/urn:lsid:ipni.org:names:316286-2","","Fabaceae","1","1","wcvp","0",""
"69","Calliandra conferta",1,"184814","Calliandra conferta",1,"species","","",NA,"Benth.","Fabaceae","Calliandra","Calliandra",1,"conferta","conferta",1,"","",NA,"","",NA,"","",NA,"","","https://powo.science.kew.org/taxon/urn:lsid:ipni.org:names:42121-2","","Y","Accepted","Calliandra conferta","Calliandra conferta","Benth.","184814","species","https://powo.science.kew.org/taxon/urn:lsid:ipni.org:names:42121-2","","Fabaceae","1","1","wcvp","0",""
"70","Calliandra brevipes",1,"170949","Calliandra brevipes",1,"species","","",NA,"Benth.","Fabaceae","Calliandra","Calliandra",1,"brevipes","brevipes",1,"","",NA,"","",NA,"","",NA,"","","https://powo.science.kew.org/taxon/urn:lsid:ipni.org:names:42097-2","","Y","Synonym","Calliandra selloi","Calliandra selloi","(Spreng.) J.F.Macbr.","180954","species","https://powo.science.kew.org/taxon/urn:lsid:ipni.org:names:42298-2","","Fabaceae","1","1","wcvp","0",""
"71","Calliandra staminea",1,"192397","Calliandra staminea",1,"species","","",NA,"(Thunb.) Barneby","Fabaceae","Calliandra","Calliandra",1,"staminea","staminea",1,"","",NA,"","",NA,"","",NA,"","","https://powo.science.kew.org/taxon/urn:lsid:ipni.org:names:1010248-1","","Y","Accepted","Calliandra staminea","Calliandra staminea","(Thunb.) Barneby","192397","species","https://powo.science.kew.org/taxon/urn:lsid:ipni.org:names:1010248-1","","Fabaceae","1","1","wcvp","0",""
"72","Calliandra sessilis",1,"163107","Calliandra sessilis",1,"species","","",NA,"Benth.","Fabaceae","Calliandra","Calliandra",1,"sessilis","sessilis",1,"","",NA,"","",NA,"","",NA,"","","https://powo.science.kew.org/taxon/urn:lsid:ipni.org:names:42301-2","","Y","Accepted","Calliandra sessilis","Calliandra sessilis","Benth.","163107","species","https://powo.science.kew.org/taxon/urn:lsid:ipni.org:names:42301-2","","Fabaceae","1","1","wcvp","0",""
"73","Calliandra spinosa",1,"163112","Calliandra spinosa",1,"species","","",NA,"Ducke","Fabaceae","Calliandra","Calliandra",1,"spinosa","spinosa",1,"","",NA,"","",NA,"","",NA,"","","https://powo.science.kew.org/taxon/urn:lsid:ipni.org:names:42310-2","","Y","Accepted","Calliandra spinosa","Calliandra spinosa","Ducke","163112","species","https://powo.science.kew.org/taxon/urn:lsid:ipni.org:names:42310-2","","Fabaceae","1","1","wcvp","0",""
"74","Calliandra duckei",1,"192404","Calliandra duckei",1,"species","","",NA,"Barneby","Fabaceae","Calliandra","Calliandra",1,"duckei","duckei",1,"","",NA,"","",NA,"","",NA,"","","https://powo.science.kew.org/taxon/urn:lsid:ipni.org:names:316288-2","","Y","Accepted","Calliandra duckei","Calliandra duckei","Barneby","192404","species","https://powo.science.kew.org/taxon/urn:lsid:ipni.org:names:316288-2","","Fabaceae","1","1","wcvp","0",""
"75","Calliandra blanchetli",0.98428510306992,"163011","Calliandra blanchetii",0.98428510306992,"species","","",NA,"Benth.","Fabaceae","Calliandra","Calliandra",1,"blanchetli","blanchetii",0.9,"","",NA,"","",NA,"","",NA,"","","https://powo.science.kew.org/taxon/urn:lsid:ipni.org:names:42080-2","","","Accepted","Calliandra blanchetii","Calliandra blanchetii","Benth.","163011","species","https://powo.science.kew.org/taxon/urn:lsid:ipni.org:names:42080-2","","Fabaceae","1","1","wcvp","0",""
"76","Calliandra aeschynomenoides",1,"163001","Calliandra aeschynomenoides",1,"species","","",NA,"Benth.","Fabaceae","Calliandra","Calliandra",1,"aeschynomenoides","aeschynomenoides",1,"","",NA,"","",NA,"","",NA,"","","https://powo.science.kew.org/taxon/urn:lsid:ipni.org:names:483031-1","","Y","Accepted","Calliandra aeschynomenoides","Calliandra aeschynomenoides","Benth.","163001","species","https://powo.science.kew.org/taxon/urn:lsid:ipni.org:names:483031-1","","Fabaceae","1","1","wcvp","0",""
"77","Calliandra biflora",1,"163009","Calliandra biflora",1,"species","","",NA,"Tharp","Fabaceae","Calliandra","Calliandra",1,"biflora","biflora",1,"","",NA,"","",NA,"","",NA,"","","https://powo.science.kew.org/taxon/urn:lsid:ipni.org:names:42077-2","","Y","Accepted","Calliandra biflora","Calliandra biflora","Tharp","163009","species","https://powo.science.kew.org/taxon/urn:lsid:ipni.org:names:42077-2","","Fabaceae","1","1","wcvp","0",""
"78","Calliandra chilensis",1,"163023","Calliandra chilensis",1,"species","","",NA,"Benth.","Fabaceae","Calliandra","Calliandra",1,"chilensis","chilensis",1,"","",NA,"","",NA,"","",NA,"","","https://powo.science.kew.org/taxon/urn:lsid:ipni.org:names:42112-2","","Y","Accepted","Calliandra chilensis","Calliandra chilensis","Benth.","163023","species","https://powo.science.kew.org/taxon/urn:lsid:ipni.org:names:42112-2","","Fabaceae","1","1","wcvp","0",""
"79","Calliandra pauciflora",1,"171810","Calliandra pauciflora",1,"species","","",NA,"(A.Rich.) Griseb.","Fabaceae","Calliandra","Calliandra",1,"pauciflora","pauciflora",1,"","",NA,"","",NA,"","",NA,"","","https://powo.science.kew.org/taxon/urn:lsid:ipni.org:names:1002913-1","","Y","Accepted","Calliandra pauciflora","Calliandra pauciflora","(A.Rich.) Griseb.","171810","species","https://powo.science.kew.org/taxon/urn:lsid:ipni.org:names:1002913-1","","Fabaceae","1","1","wcvp","0",""
"80","Calliandra enervis",1,"163034","Calliandra enervis",1,"species","","",NA,"(Britton) Urb.","Fabaceae","Calliandra","Calliandra",1,"enervis","enervis",1,"","",NA,"","",NA,"","",NA,"","","https://powo.science.kew.org/taxon/urn:lsid:ipni.org:names:42148-2","","Y","Accepted","Calliandra enervis","Calliandra enervis","(Britton) Urb.","163034","species","https://powo.science.kew.org/taxon/urn:lsid:ipni.org:names:42148-2","","Fabaceae","1","1","wcvp","0",""
"81","Calliandra medellinensis",1,"163068","Calliandra medellinensis",1,"species","","",NA,"Britton & Rose ex Britton & Killip","Fabaceae","Calliandra","Calliandra",1,"medellinensis","medellinensis",1,"","",NA,"","",NA,"","",NA,"","","https://powo.science.kew.org/taxon/urn:lsid:ipni.org:names:42219-2","","Y","Accepted","Calliandra medellinensis","Calliandra medellinensis","Britton & Rose ex Britton & Killip","163068","species","https://powo.science.kew.org/taxon/urn:lsid:ipni.org:names:42219-2","","Fabaceae","1","1","wcvp","0",""
"82","Calliandra mollissima",1,"171807","Calliandra mollissima",1,"species","","",NA,"(Humb. & Bonpl. ex Willd.) Benth.","Fabaceae","Calliandra","Calliandra",1,"mollissima","mollissima",1,"","",NA,"","",NA,"","",NA,"","","https://powo.science.kew.org/taxon/urn:lsid:ipni.org:names:483206-1","","Y","Accepted","Calliandra mollissima","Calliandra mollissima","(Humb. & Bonpl. ex Willd.) Benth.","171807","species","https://powo.science.kew.org/taxon/urn:lsid:ipni.org:names:483206-1","","Fabaceae","1","1","wcvp","0",""
"83","Calliandra guildingii",1,"179564","Calliandra guildingii",1,"species","","",NA,"Benth.","Fabaceae","Calliandra","Calliandra",1,"guildingii","guildingii",1,"","",NA,"","",NA,"","",NA,"","","https://powo.science.kew.org/taxon/urn:lsid:ipni.org:names:42179-2","","Y","Accepted","Calliandra guildingii","Calliandra guildingii","Benth.","179564","species","https://powo.science.kew.org/taxon/urn:lsid:ipni.org:names:42179-2","","Fabaceae","1","1","wcvp","0",""
"84","Calliandra falcata",1,"184322","Calliandra falcata",1,"species","","",NA,"Benth.","Fabaceae","Calliandra","Calliandra",1,"falcata","falcata",1,"","",NA,"","",NA,"","",NA,"","","https://powo.science.kew.org/taxon/urn:lsid:ipni.org:names:42154-2","","Y","Accepted","Calliandra falcata","Calliandra falcata","Benth.","184322","species","https://powo.science.kew.org/taxon/urn:lsid:ipni.org:names:42154-2","","Fabaceae","1","1","wcvp","0",""
"85","Calliandra haematocephala",1,"171361","Calliandra haematocephala",1,"species","","",NA,"Hassk.","Fabaceae","Calliandra","Calliandra",1,"haematocephala","haematocephala",1,"","",NA,"","",NA,"","",NA,"","","https://powo.science.kew.org/taxon/urn:lsid:ipni.org:names:42180-2","","Y","Accepted","Calliandra haematocephala","Calliandra haematocephala","Hassk.","171361","species","https://powo.science.kew.org/taxon/urn:lsid:ipni.org:names:42180-2","","Fabaceae","1","1","wcvp","0",""
"86","Calliandra haematocephala var. haematocephala",1,"189491","Calliandra haematocephala var. haematocephala",1,"variety","","",NA,"","Fabaceae","Calliandra","Calliandra",1,"haematocephala","haematocephala",1,"","",NA,"var.","haematocephala",1,"","",NA,"","","https://powo.science.kew.org/taxon/urn:lsid:ipni.org:names:77223621-1","","Y","Accepted","Calliandra haematocephala var. haematocephala","Calliandra haematocephala","","189491","variety","https://powo.science.kew.org/taxon/urn:lsid:ipni.org:names:77223621-1","","Fabaceae","1","1","wcvp","0",""
"87","Calliandra haematocephala var. botiyiana",0.97401503856648,"189492","Calliandra haematocephala var. boliviana",0.97401503856648,"variety","","",NA,"(Britton) Barneby","Fabaceae","Calliandra","Calliandra",1,"haematocephala","haematocephala",1,"","",NA,"var.","boliviana",0.77777777777778,"","",NA,"","","https://powo.science.kew.org/taxon/urn:lsid:ipni.org:names:1010254-1","","","Accepted","Calliandra haematocephala var. boliviana","Calliandra haematocephala","(Britton) Barneby","189492","variety","https://powo.science.kew.org/taxon/urn:lsid:ipni.org:names:1010254-1","","Fabaceae","1","1","wcvp","0",""
"88","Calliandra erythrocephala",1,"181977","Calliandra erythrocephala",1,"species","","",NA,"H.M.Hern. & M.Sousa","Fabaceae","Calliandra","Calliandra",1,"erythrocephala","erythrocephala",1,"","",NA,"","",NA,"","",NA,"","","https://powo.science.kew.org/taxon/urn:lsid:ipni.org:names:273870-2","","Y","Accepted","Calliandra erythrocephala","Calliandra erythrocephala","H.M.Hern. & M.Sousa","181977","species","https://powo.science.kew.org/taxon/urn:lsid:ipni.org:names:273870-2","","Fabaceae","1","1","wcvp","0",""
"89","Calliandra rhodocephala",1,"163099","Calliandra rhodocephala",1,"species","","",NA,"Donn.Sm.","Fabaceae","Calliandra","Calliandra",1,"rhodocephala","rhodocephala",1,"","",NA,"","",NA,"","",NA,"","","https://powo.science.kew.org/taxon/urn:lsid:ipni.org:names:42275-2","","Y","Accepted","Calliandra rhodocephala","Calliandra rhodocephala","Donn.Sm.","163099","species","https://powo.science.kew.org/taxon/urn:lsid:ipni.org:names:42275-2","","Fabaceae","1","1","wcvp","0",""
"90","Calliandra trinervia",1,"163124","Calliandra trinervia",1,"species","","",NA,"Benth.","Fabaceae","Calliandra","Calliandra",1,"trinervia","trinervia",1,"","",NA,"","",NA,"","",NA,"","","https://powo.science.kew.org/taxon/urn:lsid:ipni.org:names:42330-2","","Y","Accepted","Calliandra trinervia","Calliandra trinervia","Benth.","163124","species","https://powo.science.kew.org/taxon/urn:lsid:ipni.org:names:42330-2","","Fabaceae","1","1","wcvp","0",""
"91","Calliandra trinervia var. trinervia",1,"192433","Calliandra trinervia var. trinervia",1,"variety","","",NA,"","Fabaceae","Calliandra","Calliandra",1,"trinervia","trinervia",1,"","",NA,"var.","trinervia",1,"","",NA,"","","https://powo.science.kew.org/taxon/urn:lsid:ipni.org:names:77223088-1","","Y","Accepted","Calliandra trinervia var. trinervia","Calliandra trinervia","","192433","variety","https://powo.science.kew.org/taxon/urn:lsid:ipni.org:names:77223088-1","","Fabaceae","1","1","wcvp","0",""
"92","Calliandra trinervia var. carbonaria",1,"192432","Calliandra trinervia var. carbonaria",1,"variety","","",NA,"(Benth.) Barneby","Fabaceae","Calliandra","Calliandra",1,"trinervia","trinervia",1,"","",NA,"var.","carbonaria",1,"","",NA,"","","https://powo.science.kew.org/taxon/urn:lsid:ipni.org:names:1010255-1","","Y","Accepted","Calliandra trinervia var. carbonaria","Calliandra trinervia","(Benth.) Barneby","192432","variety","https://powo.science.kew.org/taxon/urn:lsid:ipni.org:names:1010255-1","","Fabaceae","1","1","wcvp","0",""
"93","Calliandra trinervia var. peruicola",1,"1369424","Calliandra trinervia var. peruicola",1,"variety","","",NA,"Barneby","Fabaceae","Calliandra","Calliandra",1,"trinervia","trinervia",1,"","",NA,"var.","peruicola",1,"","",NA,"","","https://powo.science.kew.org/taxon/urn:lsid:ipni.org:names:316293-2","","Y","Accepted","Calliandra trinervia var. peruicola","Calliandra trinervia","Barneby","1369424","variety","https://powo.science.kew.org/taxon/urn:lsid:ipni.org:names:316293-2","","Fabaceae","1","1","wcvp","0",""
"94","Calliandra trinervia var. pilosifolia",1,"192431","Calliandra trinervia var. pilosifolia",1,"variety","","",NA,"(R.S.Cowan) Barneby","Fabaceae","Calliandra","Calliandra",1,"trinervia","trinervia",1,"","",NA,"var.","pilosifolia",1,"","",NA,"","","https://powo.science.kew.org/taxon/urn:lsid:ipni.org:names:1010257-1","","Y","Accepted","Calliandra trinervia var. pilosifolia","Calliandra trinervia","(R.S.Cowan) Barneby","192431","variety","https://powo.science.kew.org/taxon/urn:lsid:ipni.org:names:1010257-1","","Fabaceae","1","1","wcvp","0",""
"95","Calliandra trinervia var. paniculans",1,"1336957","Calliandra trinervia var. paniculans",1,"variety","","",NA,"Barneby","Fabaceae","Calliandra","Calliandra",1,"trinervia","trinervia",1,"","",NA,"var.","paniculans",1,"","",NA,"","","https://powo.science.kew.org/taxon/urn:lsid:ipni.org:names:1010258-1","","Y","Accepted","Calliandra trinervia var. paniculans","Calliandra trinervia","Barneby","1336957","variety","https://powo.science.kew.org/taxon/urn:lsid:ipni.org:names:1010258-1","","Fabaceae","1","1","wcvp","0",""
"96","Calliandra trinervia var. stenocylix",1,"1288697","Calliandra trinervia var. stenocylix",1,"variety","","",NA,"Barneby","Fabaceae","Calliandra","Calliandra",1,"trinervia","trinervia",1,"","",NA,"var.","stenocylix",1,"","",NA,"","","https://powo.science.kew.org/taxon/urn:lsid:ipni.org:names:316295-2","","Y","Accepted","Calliandra trinervia var. stenocylix","Calliandra trinervia","Barneby","1288697","variety","https://powo.science.kew.org/taxon/urn:lsid:ipni.org:names:316295-2","","Fabaceae","1","1","wcvp","0",""
"97","Calliandra trinervia var. arborea",1,"192437","Calliandra trinervia var. arborea",1,"variety","","",NA,"(Standl.) Barneby","Fabaceae","Calliandra","Calliandra",1,"trinervia","trinervia",1,"","",NA,"var.","arborea",1,"","",NA,"","","https://powo.science.kew.org/taxon/urn:lsid:ipni.org:names:1010260-1","","Y","Accepted","Calliandra trinervia var. arborea","Calliandra trinervia","(Standl.) Barneby","192437","variety","https://powo.science.kew.org/taxon/urn:lsid:ipni.org:names:1010260-1","","Fabaceae","1","1","wcvp","0",""
"98","Calliandra bombycina",1,"163013","Calliandra bombycina",1,"species","","",NA,"Spruce ex Benth.","Fabaceae","Calliandra","Calliandra",1,"bombycina","bombycina",1,"","",NA,"","",NA,"","",NA,"","","https://powo.science.kew.org/taxon/urn:lsid:ipni.org:names:42082-2","","Y","Accepted","Calliandra bombycina","Calliandra bombycina","Spruce ex Benth.","163013","species","https://powo.science.kew.org/taxon/urn:lsid:ipni.org:names:42082-2","","Fabaceae","1","1","wcvp","0",""
"99","Calliandra glyphoxylon",1,"184820","Calliandra glyphoxylon",1,"species","","",NA,"Spruce ex Benth.","Fabaceae","Calliandra","Calliandra",1,"glyphoxylon","glyphoxylon",1,"","",NA,"","",NA,"","",NA,"","","https://powo.science.kew.org/taxon/urn:lsid:ipni.org:names:42170-2","","Y","Accepted","Calliandra glyphoxylon","Calliandra glyphoxylon","Spruce ex Benth.","184820","species","https://powo.science.kew.org/taxon/urn:lsid:ipni.org:names:42170-2","","Fabaceae","1","1","wcvp","0",""
"100","Calliandra jariensis",1,"192460","Calliandra jariensis",1,"species","","",NA,"Barneby","Fabaceae","Calliandra","Calliandra",1,"jariensis","jariensis",1,"","",NA,"","",NA,"","",NA,"","","https://powo.science.kew.org/taxon/urn:lsid:ipni.org:names:316297-2","","Y","Accepted","Calliandra jariensis","Calliandra jariensis","Barneby","192460","species","https://powo.science.kew.org/taxon/urn:lsid:ipni.org:names:316297-2","","Fabaceae","1","1","wcvp","0",""
"101","Calliandra coriacea",1,"184808","Calliandra coriacea",1,"species","","",NA,"(Humb. & Bonpl. ex Willd.) Benth.","Fabaceae","Calliandra","Calliandra",1,"coriacea","coriacea",1,"","",NA,"","",NA,"","",NA,"","","https://powo.science.kew.org/taxon/urn:lsid:ipni.org:names:483094-1","","Y","Accepted","Calliandra coriacea","Calliandra coriacea","(Humb. & Bonpl. ex Willd.) Benth.","184808","species","https://powo.science.kew.org/taxon/urn:lsid:ipni.org:names:483094-1","","Fabaceae","1","1","wcvp","0",""
"102","Calliandra antioquiae",1,"192461","Calliandra antioquiae",1,"species","","",NA,"Barneby","Fabaceae","Calliandra","Calliandra",1,"antioquiae","antioquiae",1,"","",NA,"","",NA,"","",NA,"","","https://powo.science.kew.org/taxon/urn:lsid:ipni.org:names:316298-2","","Y","Accepted","Calliandra antioquiae","Calliandra antioquiae","Barneby","192461","species","https://powo.science.kew.org/taxon/urn:lsid:ipni.org:names:316298-2","","Fabaceae","1","1","wcvp","0",""
"103","Calliandra angustifolia",1,"163005","Calliandra angustifolia",1,"species","","",NA,"Spruce ex Benth.","Fabaceae","Calliandra","Calliandra",1,"angustifolia","angustifolia",1,"","",NA,"","",NA,"","",NA,"","","https://powo.science.kew.org/taxon/urn:lsid:ipni.org:names:42066-2","","Y","Accepted","Calliandra angustifolia","Calliandra angustifolia","Spruce ex Benth.","163005","species","https://powo.science.kew.org/taxon/urn:lsid:ipni.org:names:42066-2","","Fabaceae","1","1","wcvp","0",""
"104","Calliandra harrisii",1,"171803","Calliandra harrisii",1,"species","","",NA,"(Lindl.) Benth.","Fabaceae","Calliandra","Calliandra",1,"harrisii","harrisii",1,"","",NA,"","",NA,"","",NA,"","","https://powo.science.kew.org/taxon/urn:lsid:ipni.org:names:1024283-2","","Y","Accepted","Calliandra harrisii","Calliandra harrisii","(Lindl.) Benth.","171803","species","https://powo.science.kew.org/taxon/urn:lsid:ipni.org:names:1024283-2","","Fabaceae","1","1","wcvp","0",""
"105","Calliandra tergemina",1,"171814","Calliandra tergemina",1,"species","","",NA,"(L.) Benth.","Fabaceae","Calliandra","Calliandra",1,"tergemina","tergemina",1,"","",NA,"","",NA,"","",NA,"","","https://powo.science.kew.org/taxon/urn:lsid:ipni.org:names:1075112-2","","Y","Accepted","Calliandra tergemina","Calliandra tergemina","(L.) Benth.","171814","species","https://powo.science.kew.org/taxon/urn:lsid:ipni.org:names:1075112-2","","Fabaceae","1","1","wcvp","0",""
"106","Calliandra tergemina var. emarginata",1,"192444","Calliandra tergemina var. emarginata",1,"variety","","",NA,"(Humb. & Bonpl. ex Willd.) Barneby","Fabaceae","Calliandra","Calliandra",1,"tergemina","tergemina",1,"","",NA,"var.","emarginata",1,"","",NA,"","","https://powo.science.kew.org/taxon/urn:lsid:ipni.org:names:1119494-2","","Y","Accepted","Calliandra tergemina var. emarginata","Calliandra tergemina","(Humb. & Bonpl. ex Willd.) Barneby","192444","variety","https://powo.science.kew.org/taxon/urn:lsid:ipni.org:names:1119494-2","","Fabaceae","1","1","wcvp","0",""
"107","Calliandra tergemina var. tergemina",1,"192439","Calliandra tergemina var. tergemina",1,"variety","","",NA,"","Fabaceae","Calliandra","Calliandra",1,"tergemina","tergemina",1,"","",NA,"var.","tergemina",1,"","",NA,"","","https://powo.science.kew.org/taxon/urn:lsid:ipni.org:names:77223652-1","","Y","Accepted","Calliandra tergemina var. tergemina","Calliandra tergemina","","192439","variety","https://powo.science.kew.org/taxon/urn:lsid:ipni.org:names:77223652-1","","Fabaceae","1","1","wcvp","0",""
"108","Calliandra macqueenii",1,"192468","Calliandra macqueenii",1,"species","","",NA,"Barneby","Fabaceae","Calliandra","Calliandra",1,"macqueenii","macqueenii",1,"","",NA,"","",NA,"","",NA,"","","https://powo.science.kew.org/taxon/urn:lsid:ipni.org:names:1010264-1","","Y","Accepted","Calliandra macqueenii","Calliandra macqueenii","Barneby","192468","species","https://powo.science.kew.org/taxon/urn:lsid:ipni.org:names:1010264-1","","Fabaceae","1","1","wcvp","0",""
"109","Calliandra brenesii",1,"163016","Calliandra brenesii",1,"species","","",NA,"Standl.","Fabaceae","Calliandra","Calliandra",1,"brenesii","brenesii",1,"","",NA,"","",NA,"","",NA,"","","https://powo.science.kew.org/taxon/urn:lsid:ipni.org:names:42086-2","","Y","Accepted","Calliandra brenesii","Calliandra brenesii","Standl.","163016","species","https://powo.science.kew.org/taxon/urn:lsid:ipni.org:names:42086-2","","Fabaceae","1","1","wcvp","0",""
"110","Calliandra laevis",1,"163059","Calliandra laevis",1,"species","","",NA,"Rose","Fabaceae","Calliandra","Calliandra",1,"laevis","laevis",1,"","",NA,"","",NA,"","",NA,"","","https://powo.science.kew.org/taxon/urn:lsid:ipni.org:names:42199-2","","Y","Accepted","Calliandra laevis","Calliandra laevis","Rose","163059","species","https://powo.science.kew.org/taxon/urn:lsid:ipni.org:names:42199-2","","Fabaceae","1","1","wcvp","0",""
"111","Calliandra hymenaeodes",1,"1615599","Calliandra hymenaeodes",1,"species","","",NA,"(Rich.) Benth.","Fabaceae","Calliandra","Calliandra",1,"hymenaeodes","hymenaeodes",1,"","",NA,"","",NA,"","",NA,"","","https://powo.science.kew.org/taxon/urn:lsid:ipni.org:names:483158-1","","Y","Accepted","Calliandra hymenaeodes","Calliandra hymenaeodes","(Rich.) Benth.","1615599","species","https://powo.science.kew.org/taxon/urn:lsid:ipni.org:names:483158-1","","Fabaceae","1","1","wcvp","0",""
"112","Calliandra longipes",1,"184328","Calliandra longipes",1,"species","","",NA,"Benth.","Fabaceae","Calliandra","Calliandra",1,"longipes","longipes",1,"","",NA,"","",NA,"","",NA,"","","https://powo.science.kew.org/taxon/urn:lsid:ipni.org:names:42207-2","","Y","Accepted","Calliandra longipes","Calliandra longipes","Benth.","184328","species","https://powo.science.kew.org/taxon/urn:lsid:ipni.org:names:42207-2","","Fabaceae","1","1","wcvp","0",""
"113","Calliandra haematomma",1,"1631263","Calliandra haematomma",1,"species","","",NA,"(Bertero ex DC.) Benth.","Fabaceae","Calliandra","Calliandra",1,"haematomma","haematomma",1,"","",NA,"","",NA,"","",NA,"","","https://powo.science.kew.org/taxon/urn:lsid:ipni.org:names:42181-2","","Y","Accepted","Calliandra haematomma","Calliandra haematomma","(Bertero ex DC.) Benth.","1631263","species","https://powo.science.kew.org/taxon/urn:lsid:ipni.org:names:42181-2","","Fabaceae","1","1","wcvp","0",""
"114","Calliandra haematomma var. colletioides",1,"195719","Calliandra haematomma var. colletioides",1,"variety","","",NA,"(Griseb.) Barneby","Fabaceae","Calliandra","Calliandra",1,"haematomma","haematomma",1,"","",NA,"var.","colletioides",1,"","",NA,"","","https://powo.science.kew.org/taxon/urn:lsid:ipni.org:names:1010268-1","","Y","Accepted","Calliandra haematomma var. colletioides","Calliandra haematomma","(Griseb.) Barneby","195719","variety","https://powo.science.kew.org/taxon/urn:lsid:ipni.org:names:1010268-1","","Fabaceae","1","1","wcvp","0",""
"115","Calliandra haematomma var. haematomma",1,"195735","Calliandra haematomma var. haematomma",1,"variety","","",NA,"","Fabaceae","Calliandra","Calliandra",1,"haematomma","haematomma",1,"","",NA,"var.","haematomma",1,"","",NA,"","","https://powo.science.kew.org/taxon/urn:lsid:ipni.org:names:77223730-1","","Y","Accepted","Calliandra haematomma var. haematomma","Calliandra haematomma","","195735","variety","https://powo.science.kew.org/taxon/urn:lsid:ipni.org:names:77223730-1","","Fabaceae","1","1","wcvp","0",""
"116","Calliandra haematomma var. correllii",1,"1369421","Calliandra haematomma var. correllii",1,"variety","","",NA,"Barneby","Fabaceae","Calliandra","Calliandra",1,"haematomma","haematomma",1,"","",NA,"var.","correllii",1,"","",NA,"","","https://powo.science.kew.org/taxon/urn:lsid:ipni.org:names:316305-2","","Y","Accepted","Calliandra haematomma var. correllii","Calliandra haematomma","Barneby","1369421","variety","https://powo.science.kew.org/taxon/urn:lsid:ipni.org:names:316305-2","","Fabaceae","1","1","wcvp","0",""
"117","Calliandra haematomma var. rivularis",1,"195722","Calliandra haematomma var. rivularis",1,"variety","","",NA,"(Urb. & Ekman) Barneby","Fabaceae","Calliandra","Calliandra",1,"haematomma","haematomma",1,"","",NA,"var.","rivularis",1,"","",NA,"","","https://powo.science.kew.org/taxon/urn:lsid:ipni.org:names:1010270-1","","Y","Accepted","Calliandra haematomma var. rivularis","Calliandra haematomma","(Urb. & Ekman) Barneby","195722","variety","https://powo.science.kew.org/taxon/urn:lsid:ipni.org:names:1010270-1","","Fabaceae","1","1","wcvp","0",""
"118","Calliandra haematomma var. tortuensis",1,"195723","Calliandra haematomma var. tortuensis",1,"variety","","",NA,"(Alain) Barneby","Fabaceae","Calliandra","Calliandra",1,"haematomma","haematomma",1,"","",NA,"var.","tortuensis",1,"","",NA,"","","https://powo.science.kew.org/taxon/urn:lsid:ipni.org:names:1010271-1","","Y","Accepted","Calliandra haematomma var. tortuensis","Calliandra haematomma","(Alain) Barneby","195723","variety","https://powo.science.kew.org/taxon/urn:lsid:ipni.org:names:1010271-1","","Fabaceae","1","1","wcvp","0",""
"119","Calliandra haematomma var. glabrata",1,"195724","Calliandra haematomma var. glabrata",1,"variety","","",NA,"Griseb.","Fabaceae","Calliandra","Calliandra",1,"haematomma","haematomma",1,"","",NA,"var.","glabrata",1,"","",NA,"","","https://powo.science.kew.org/taxon/urn:lsid:ipni.org:names:42182-2","","Y","Accepted","Calliandra haematomma var. glabrata","Calliandra haematomma","Griseb.","195724","variety","https://powo.science.kew.org/taxon/urn:lsid:ipni.org:names:42182-2","","Fabaceae","1","1","wcvp","0",""
"120","Calliandra haematomma var. locoensis",1,"195726","Calliandra haematomma var. locoensis",1,"variety","","",NA,"(R.G.García & Kolterman) Barneby","Fabaceae","Calliandra","Calliandra",1,"haematomma","haematomma",1,"","",NA,"var.","locoensis",1,"","",NA,"","","https://powo.science.kew.org/taxon/urn:lsid:ipni.org:names:1010272-1","","Y","Accepted","Calliandra haematomma var. locoensis","Calliandra haematomma","(R.G.García & Kolterman) Barneby","195726","variety","https://powo.science.kew.org/taxon/urn:lsid:ipni.org:names:1010272-1","","Fabaceae","1","1","wcvp","0",""
"121","Calliandra pedicellata",1,"184334","Calliandra pedicellata",1,"species","","",NA,"Benth.","Fabaceae","Calliandra","Calliandra",1,"pedicellata","pedicellata",1,"","",NA,"","",NA,"","",NA,"","","https://powo.science.kew.org/taxon/urn:lsid:ipni.org:names:42252-2","","Y","Accepted","Calliandra pedicellata","Calliandra pedicellata","Benth.","184334","species","https://powo.science.kew.org/taxon/urn:lsid:ipni.org:names:42252-2","","Fabaceae","1","1","wcvp","0",""
"122","Callandra brevicaulis",0.98428510306992,"163017","Calliandra brevicaulis",0.98428510306992,"species","","",NA,"Micheli","Fabaceae","Callandra","Calliandra",0.9,"brevicaulis","brevicaulis",1,"","",NA,"","",NA,"","",NA,"","","https://powo.science.kew.org/taxon/urn:lsid:ipni.org:names:42087-2","","Y","Accepted","Calliandra brevicaulis","Calliandra brevicaulis","Micheli","163017","species","https://powo.science.kew.org/taxon/urn:lsid:ipni.org:names:42087-2","","Fabaceae","1","1","wcvp","0",""
"123","Calliandra brevicaulis var. brevieaulis",0.99125249213133,"195736","Calliandra brevicaulis var. brevicaulis",0.99125249213133,"variety","","",NA,"","Fabaceae","Calliandra","Calliandra",1,"brevicaulis","brevicaulis",1,"","",NA,"var.","brevicaulis",0.90909090909091,"","",NA,"","","https://powo.science.kew.org/taxon/urn:lsid:ipni.org:names:77223502-1","","","Accepted","Calliandra brevicaulis var. brevicaulis","Calliandra brevicaulis","","195736","variety","https://powo.science.kew.org/taxon/urn:lsid:ipni.org:names:77223502-1","","Fabaceae","1","1","wcvp","0",""
"124","Calliandra brevicaulis var. glabra",1,"195737","Calliandra brevicaulis var. glabra",1,"variety","","",NA,"Chodat & Hassl.","Fabaceae","Calliandra","Calliandra",1,"brevicaulis","brevicaulis",1,"","",NA,"var.","glabra",1,"","",NA,"","","https://powo.science.kew.org/taxon/urn:lsid:ipni.org:names:42091-2","","Y","Accepted","Calliandra brevicaulis var. glabra","Calliandra brevicaulis","Chodat & Hassl.","195737","variety","https://powo.science.kew.org/taxon/urn:lsid:ipni.org:names:42091-2","","Fabaceae","1","1","wcvp","0",""
"125","Calliandra lintea",1,"195739","Calliandra lintea",1,"species","","",NA,"Barneby","Fabaceae","Calliandra","Calliandra",1,"lintea","lintea",1,"","",NA,"","",NA,"","",NA,"","","https://powo.science.kew.org/taxon/urn:lsid:ipni.org:names:316309-2","","Y","Accepted","Calliandra lintea","Calliandra lintea","Barneby","195739","species","https://powo.science.kew.org/taxon/urn:lsid:ipni.org:names:316309-2","","Fabaceae","1","1","wcvp","0",""
"126","Calliandra nebulosa",1,"195741","Calliandra nebulosa",1,"species","","",NA,"Barneby","Fabaceae","Calliandra","Calliandra",1,"nebulosa","nebulosa",1,"","",NA,"","",NA,"","",NA,"","","https://powo.science.kew.org/taxon/urn:lsid:ipni.org:names:316310-2","","Y","Accepted","Calliandra nebulosa","Calliandra nebulosa","Barneby","195741","species","https://powo.science.kew.org/taxon/urn:lsid:ipni.org:names:316310-2","","Fabaceae","1","1","wcvp","0",""
"127","Calliandra bahiana",1,"176795","Calliandra bahiana",1,"species","","",NA,"Renvoize","Fabaceae","Calliandra","Calliandra",1,"bahiana","bahiana",1,"","",NA,"","",NA,"","",NA,"","","https://powo.science.kew.org/taxon/urn:lsid:ipni.org:names:42074-2","","Y","Accepted","Calliandra bahiana","Calliandra bahiana","Renvoize","176795","species","https://powo.science.kew.org/taxon/urn:lsid:ipni.org:names:42074-2","","Fabaceae","1","1","wcvp","0",""
"128","Calliandra bahiana var. bahiana",1,"195743","Calliandra bahiana var. bahiana",1,"variety","","",NA,"","Fabaceae","Calliandra","Calliandra",1,"bahiana","bahiana",1,"","",NA,"var.","bahiana",1,"","",NA,"","","https://powo.science.kew.org/taxon/urn:lsid:ipni.org:names:77223697-1","","Y","Accepted","Calliandra bahiana var. bahiana","Calliandra bahiana","","195743","variety","https://powo.science.kew.org/taxon/urn:lsid:ipni.org:names:77223697-1","","Fabaceae","1","1","wcvp","0",""
"129","Calliandra bahiana var. erythematosa",1,"1288703","Calliandra bahiana var. erythematosa",1,"variety","","",NA,"Barneby","Fabaceae","Calliandra","Calliandra",1,"bahiana","bahiana",1,"","",NA,"var.","erythematosa",1,"","",NA,"","","https://powo.science.kew.org/taxon/urn:lsid:ipni.org:names:316311-2","","Y","Accepted","Calliandra bahiana var. erythematosa","Calliandra bahiana","Barneby","1288703","variety","https://powo.science.kew.org/taxon/urn:lsid:ipni.org:names:316311-2","","Fabaceae","1","1","wcvp","0",""
"130","Calliandra lanata",1,"184325","Calliandra lanata",1,"species","","",NA,"Benth.","Fabaceae","Calliandra","Calliandra",1,"lanata","lanata",1,"","",NA,"","",NA,"","",NA,"","","https://powo.science.kew.org/taxon/urn:lsid:ipni.org:names:42200-2","","Y","Accepted","Calliandra lanata","Calliandra lanata","Benth.","184325","species","https://powo.science.kew.org/taxon/urn:lsid:ipni.org:names:42200-2","","Fabaceae","1","1","wcvp","0",""
"131","Calliandra fuscipila",1,"163045","Calliandra fuscipila",1,"species","","",NA,"Harms","Fabaceae","Calliandra","Calliandra",1,"fuscipila","fuscipila",1,"","",NA,"","",NA,"","",NA,"","","https://powo.science.kew.org/taxon/urn:lsid:ipni.org:names:42164-2","","Y","Accepted","Calliandra fuscipila","Calliandra fuscipila","Harms","163045","species","https://powo.science.kew.org/taxon/urn:lsid:ipni.org:names:42164-2","","Fabaceae","1","1","wcvp","0",""
"132","Calliandra feioana",1,"195745","Calliandra feioana",1,"species","","",NA,"Renvoize","Fabaceae","Calliandra","Calliandra",1,"feioana","feioana",1,"","",NA,"","",NA,"","",NA,"","","https://powo.science.kew.org/taxon/urn:lsid:ipni.org:names:897181-1","","Y","Accepted","Calliandra feioana","Calliandra feioana","Renvoize","195745","species","https://powo.science.kew.org/taxon/urn:lsid:ipni.org:names:897181-1","","Fabaceae","1","1","wcvp","0",""
"133","Calliandra asplenioides",1,"172652","Calliandra asplenioides",1,"species","","",NA,"(Nees) Benth.","Fabaceae","Calliandra","Calliandra",1,"asplenioides","asplenioides",1,"","",NA,"","",NA,"","",NA,"","","https://powo.science.kew.org/taxon/urn:lsid:ipni.org:names:483044-1","","Y","Accepted","Calliandra asplenioides","Calliandra asplenioides","(Nees) Benth.","172652","species","https://powo.science.kew.org/taxon/urn:lsid:ipni.org:names:483044-1","","Fabaceae","1","1","wcvp","0",""
"134","Calliandra viscidula",1,"163131","Calliandra viscidula",1,"species","","",NA,"Benth.","Fabaceae","Calliandra","Calliandra",1,"viscidula","viscidula",1,"","",NA,"","",NA,"","",NA,"","","https://powo.science.kew.org/taxon/urn:lsid:ipni.org:names:42348-2","","Y","Accepted","Calliandra viscidula","Calliandra viscidula","Benth.","163131","species","https://powo.science.kew.org/taxon/urn:lsid:ipni.org:names:42348-2","","Fabaceae","1","1","wcvp","0",""
"135","Calliandra fasciculata",1,"163038","Calliandra fasciculata",1,"species","","",NA,"Benth.","Fabaceae","Calliandra","Calliandra",1,"fasciculata","fasciculata",1,"","",NA,"","",NA,"","",NA,"","","https://powo.science.kew.org/taxon/urn:lsid:ipni.org:names:42156-2","","Y","Accepted","Calliandra fasciculata","Calliandra fasciculata","Benth.","163038","species","https://powo.science.kew.org/taxon/urn:lsid:ipni.org:names:42156-2","","Fabaceae","1","1","wcvp","0",""
"136","Calliandra fasciculata var. fasciculata",1,"195749","Calliandra fasciculata var. fasciculata",1,"variety","","",NA,"","Fabaceae","Calliandra","Calliandra",1,"fasciculata","fasciculata",1,"","",NA,"var.","fasciculata",1,"","",NA,"","","https://powo.science.kew.org/taxon/urn:lsid:ipni.org:names:77223487-1","","Y","Accepted","Calliandra fasciculata var. fasciculata","Calliandra fasciculata","","195749","variety","https://powo.science.kew.org/taxon/urn:lsid:ipni.org:names:77223487-1","","Fabaceae","1","1","wcvp","0",""
"137","Calliandra fasciculata var. bracteosa",1,"195751","Calliandra fasciculata var. bracteosa",1,"variety","","",NA,"(Benth.) Barneby","Fabaceae","Calliandra","Calliandra",1,"fasciculata","fasciculata",1,"","",NA,"var.","bracteosa",1,"","",NA,"","","https://powo.science.kew.org/taxon/urn:lsid:ipni.org:names:1010277-1","","Y","Accepted","Calliandra fasciculata var. bracteosa","Calliandra fasciculata","(Benth.) Barneby","195751","variety","https://powo.science.kew.org/taxon/urn:lsid:ipni.org:names:1010277-1","","Fabaceae","1","1","wcvp","0",""
"138","Calliandra linearis",1,"184327","Calliandra linearis",1,"species","","",NA,"Benth.","Fabaceae","Calliandra","Calliandra",1,"linearis","linearis",1,"","",NA,"","",NA,"","",NA,"","","https://powo.science.kew.org/taxon/urn:lsid:ipni.org:names:42206-2","","Y","Accepted","Calliandra linearis","Calliandra linearis","Benth.","184327","species","https://powo.science.kew.org/taxon/urn:lsid:ipni.org:names:42206-2","","Fabaceae","1","1","wcvp","0",""
"139","Calliandra elegans",1,"172658","Calliandra elegans",1,"species","","",NA,"Renvoize","Fabaceae","Calliandra","Calliandra",1,"elegans","elegans",1,"","",NA,"","",NA,"","",NA,"","","https://powo.science.kew.org/taxon/urn:lsid:ipni.org:names:42146-2","","Y","Accepted","Calliandra elegans","Calliandra elegans","Renvoize","172658","species","https://powo.science.kew.org/taxon/urn:lsid:ipni.org:names:42146-2","","Fabaceae","1","1","wcvp","0",""
"140","Calliandra mucugeana",1,"172662","Calliandra mucugeana",1,"species","","",NA,"Renvoize","Fabaceae","Calliandra","Calliandra",1,"mucugeana","mucugeana",1,"","",NA,"","",NA,"","",NA,"","","https://powo.science.kew.org/taxon/urn:lsid:ipni.org:names:42232-2","","Y","Accepted","Calliandra mucugeana","Calliandra mucugeana","Renvoize","172662","species","https://powo.science.kew.org/taxon/urn:lsid:ipni.org:names:42232-2","","Fabaceae","1","1","wcvp","0",""
"141","Calliandra calycina",1,"163019","Calliandra calycina",1,"species","","",NA,"Benth.","Fabaceae","Calliandra","Calliandra",1,"calycina","calycina",1,"","",NA,"","",NA,"","",NA,"","","https://powo.science.kew.org/taxon/urn:lsid:ipni.org:names:483068-1","","Y","Accepted","Calliandra calycina","Calliandra calycina","Benth.","163019","species","https://powo.science.kew.org/taxon/urn:lsid:ipni.org:names:483068-1","","Fabaceae","1","1","wcvp","0",""
"142","Calliandra hirsuticaulis",1,"163053","Calliandra hirsuticaulis",1,"species","","",NA,"Harms","Fabaceae","Calliandra","Calliandra",1,"hirsuticaulis","hirsuticaulis",1,"","",NA,"","",NA,"","",NA,"","","https://powo.science.kew.org/taxon/urn:lsid:ipni.org:names:42189-2","","Y","Accepted","Calliandra hirsuticaulis","Calliandra hirsuticaulis","Harms","163053","species","https://powo.science.kew.org/taxon/urn:lsid:ipni.org:names:42189-2","","Fabaceae","1","1","wcvp","0",""
"143","Calliandra crassipes",1,"163028","Calliandra crassipes",1,"species","","",NA,"Benth.","Fabaceae","Calliandra","Calliandra",1,"crassipes","crassipes",1,"","",NA,"","",NA,"","",NA,"","","https://powo.science.kew.org/taxon/urn:lsid:ipni.org:names:42129-2","","Y","Accepted","Calliandra crassipes","Calliandra crassipes","Benth.","163028","species","https://powo.science.kew.org/taxon/urn:lsid:ipni.org:names:42129-2","","Fabaceae","1","1","wcvp","0",""
"144","Calliandra hirtiflora",1,"163054","Calliandra hirtiflora",1,"species","","",NA,"Benth.","Fabaceae","Calliandra","Calliandra",1,"hirtiflora","hirtiflora",1,"","",NA,"","",NA,"","",NA,"","","https://powo.science.kew.org/taxon/urn:lsid:ipni.org:names:42190-2","","Y","Accepted","Calliandra hirtiflora","Calliandra hirtiflora","Benth.","163054","species","https://powo.science.kew.org/taxon/urn:lsid:ipni.org:names:42190-2","","Fabaceae","1","1","wcvp","0",""
"145","Calliandra hirtiflora var. hirtiflora",1,"195757","Calliandra hirtiflora var. hirtiflora",1,"variety","","",NA,"","Fabaceae","Calliandra","Calliandra",1,"hirtiflora","hirtiflora",1,"","",NA,"var.","hirtiflora",1,"","",NA,"","","https://powo.science.kew.org/taxon/urn:lsid:ipni.org:names:77223429-1","","Y","Accepted","Calliandra hirtiflora var. hirtiflora","Calliandra hirtiflora","","195757","variety","https://powo.science.kew.org/taxon/urn:lsid:ipni.org:names:77223429-1","","Fabaceae","1","1","wcvp","0",""
"146","Calliandra hirtiflora var. ripicola",1,"1288698","Calliandra hirtiflora var. ripicola",1,"variety","","",NA,"Barneby","Fabaceae","Calliandra","Calliandra",1,"hirtiflora","hirtiflora",1,"","",NA,"var.","ripicola",1,"","",NA,"","","https://powo.science.kew.org/taxon/urn:lsid:ipni.org:names:316312-2","","Y","Accepted","Calliandra hirtiflora var. ripicola","Calliandra hirtiflora","Barneby","1288698","variety","https://powo.science.kew.org/taxon/urn:lsid:ipni.org:names:316312-2","","Fabaceae","1","1","wcvp","0",""
"147","Calliandra sincorana",1,"163109","Calliandra sincorana",1,"species","","",NA,"Harms","Fabaceae","Calliandra","Calliandra",1,"sincorana","sincorana",1,"","",NA,"","",NA,"","",NA,"","","https://powo.science.kew.org/taxon/urn:lsid:ipni.org:names:42306-2","","Y","Accepted","Calliandra sincorana","Calliandra sincorana","Harms","163109","species","https://powo.science.kew.org/taxon/urn:lsid:ipni.org:names:42306-2","","Fabaceae","1","1","wcvp","0",""
"148","Calliandra stelligera",1,"195758","Calliandra stelligera",1,"species","","",NA,"Barneby","Fabaceae","Calliandra","Calliandra",1,"stelligera","stelligera",1,"","",NA,"","",NA,"","",NA,"","","https://powo.science.kew.org/taxon/urn:lsid:ipni.org:names:316333-2","","Y","Accepted","Calliandra stelligera","Calliandra stelligera","Barneby","195758","species","https://powo.science.kew.org/taxon/urn:lsid:ipni.org:names:316333-2","","Fabaceae","1","1","wcvp","0",""
"149","Calliandra coccinea",1,"172653","Calliandra coccinea",1,"species","","",NA,"Renvoize","Fabaceae","Calliandra","Calliandra",1,"coccinea","coccinea",1,"","",NA,"","",NA,"","",NA,"","","https://powo.science.kew.org/taxon/urn:lsid:ipni.org:names:42115-2","","Y","Accepted","Calliandra coccinea","Calliandra coccinea","Renvoize","172653","species","https://powo.science.kew.org/taxon/urn:lsid:ipni.org:names:42115-2","","Fabaceae","1","1","wcvp","0",""
"150","Calliandra coccinea var. trimera",1,"1288704","Calliandra coccinea var. trimera",1,"variety","","",NA,"Barneby","Fabaceae","Calliandra","Calliandra",1,"coccinea","coccinea",1,"","",NA,"var.","trimera",1,"","",NA,"","","https://powo.science.kew.org/taxon/urn:lsid:ipni.org:names:316313-2","","Y","Accepted","Calliandra coccinea var. trimera","Calliandra coccinea","Barneby","1288704","variety","https://powo.science.kew.org/taxon/urn:lsid:ipni.org:names:316313-2","","Fabaceae","1","1","wcvp","0",""
"151","Calliandra coccinea var. coccinea",1,"195760","Calliandra coccinea var. coccinea",1,"variety","","",NA,"","Fabaceae","Calliandra","Calliandra",1,"coccinea","coccinea",1,"","",NA,"var.","coccinea",1,"","",NA,"","","https://powo.science.kew.org/taxon/urn:lsid:ipni.org:names:77223302-1","","Y","Accepted","Calliandra coccinea var. coccinea","Calliandra coccinea","","195760","variety","https://powo.science.kew.org/taxon/urn:lsid:ipni.org:names:77223302-1","","Fabaceae","1","1","wcvp","0",""
"152","Calliandra involuta",1,"195761","Calliandra involuta",1,"species","","",NA,"Mackinder & G.P.Lewis","Fabaceae","Calliandra","Calliandra",1,"involuta","involuta",1,"","",NA,"","",NA,"","",NA,"","","https://powo.science.kew.org/taxon/urn:lsid:ipni.org:names:273873-2","","Y","Accepted","Calliandra involuta","Calliandra involuta","Mackinder & G.P.Lewis","195761","species","https://powo.science.kew.org/taxon/urn:lsid:ipni.org:names:273873-2","","Fabaceae","1","1","wcvp","0",""
"153","Calliandra santosiana",1,"195762","Calliandra santosiana",1,"species","","",NA,"Glaz. ex Barneby","Fabaceae","Calliandra","Calliandra",1,"santosiana","santosiana",1,"","",NA,"","",NA,"","",NA,"","","https://powo.science.kew.org/taxon/urn:lsid:ipni.org:names:316314-2","","Y","Accepted","Calliandra santosiana","Calliandra santosiana","Glaz. ex Barneby","195762","species","https://powo.science.kew.org/taxon/urn:lsid:ipni.org:names:316314-2","","Fabaceae","1","1","wcvp","0",""
"154","Calliandra renvoizeana",1,"195763","Calliandra renvoizeana",1,"species","","",NA,"Barneby","Fabaceae","Calliandra","Calliandra",1,"renvoizeana","renvoizeana",1,"","",NA,"","",NA,"","",NA,"","","https://powo.science.kew.org/taxon/urn:lsid:ipni.org:names:316315-2","","Y","Accepted","Calliandra renvoizeana","Calliandra renvoizeana","Barneby","195763","species","https://powo.science.kew.org/taxon/urn:lsid:ipni.org:names:316315-2","","Fabaceae","1","1","wcvp","0",""
"155","Calliandra longipinna",1,"163063","Calliandra longipinna",1,"species","","",NA,"Benth.","Fabaceae","Calliandra","Calliandra",1,"longipinna","longipinna",1,"","",NA,"","",NA,"","",NA,"","","https://powo.science.kew.org/taxon/urn:lsid:ipni.org:names:42210-2","","Y","Accepted","Calliandra longipinna","Calliandra longipinna","Benth.","163063","species","https://powo.science.kew.org/taxon/urn:lsid:ipni.org:names:42210-2","","Fabaceae","1","1","wcvp","0",""
"156","Calliandra debilis",1,"172656","Calliandra debilis",1,"species","","",NA,"Renvoize","Fabaceae","Calliandra","Calliandra",1,"debilis","debilis",1,"","",NA,"","",NA,"","",NA,"","","https://powo.science.kew.org/taxon/urn:lsid:ipni.org:names:42137-2","","Y","Accepted","Calliandra debilis","Calliandra debilis","Renvoize","172656","species","https://powo.science.kew.org/taxon/urn:lsid:ipni.org:names:42137-2","","Fabaceae","1","1","wcvp","0",""
"157","Calliandra iligna",1,"195765","Calliandra iligna",1,"species","","",NA,"Barneby","Fabaceae","Calliandra","Calliandra",1,"iligna","iligna",1,"","",NA,"","",NA,"","",NA,"","","https://powo.science.kew.org/taxon/urn:lsid:ipni.org:names:316317-2","","Y","Accepted","Calliandra iligna","Calliandra iligna","Barneby","195765","species","https://powo.science.kew.org/taxon/urn:lsid:ipni.org:names:316317-2","","Fabaceae","1","1","wcvp","0",""
"158","Calliandra paterna",1,"195766","Calliandra paterna",1,"species","","",NA,"Barneby","Fabaceae","Calliandra","Calliandra",1,"paterna","paterna",1,"","",NA,"","",NA,"","",NA,"","","https://powo.science.kew.org/taxon/urn:lsid:ipni.org:names:316318-2","","Y","Accepted","Calliandra paterna","Calliandra paterna","Barneby","195766","species","https://powo.science.kew.org/taxon/urn:lsid:ipni.org:names:316318-2","","Fabaceae","1","1","wcvp","0",""
"159","Calliandra ganevii",1,"195767","Calliandra ganevii",1,"species","","",NA,"Barneby","Fabaceae","Calliandra","Calliandra",1,"ganevii","ganevii",1,"","",NA,"","",NA,"","",NA,"","","https://powo.science.kew.org/taxon/urn:lsid:ipni.org:names:316319-2","","Y","Accepted","Calliandra ganevii","Calliandra ganevii","Barneby","195767","species","https://powo.science.kew.org/taxon/urn:lsid:ipni.org:names:316319-2","","Fabaceae","1","1","wcvp","0",""
"160","Calliandra erubescens",1,"172659","Calliandra erubescens",1,"species","","",NA,"Renvoize","Fabaceae","Calliandra","Calliandra",1,"erubescens","erubescens",1,"","",NA,"","",NA,"","",NA,"","","https://powo.science.kew.org/taxon/urn:lsid:ipni.org:names:42151-2","","Y","Accepted","Calliandra erubescens","Calliandra erubescens","Renvoize","172659","species","https://powo.science.kew.org/taxon/urn:lsid:ipni.org:names:42151-2","","Fabaceae","1","1","wcvp","0",""
"161","Calliandra semisepulta",1,"195769","Calliandra semisepulta",1,"species","","",NA,"Barneby","Fabaceae","Calliandra","Calliandra",1,"semisepulta","semisepulta",1,"","",NA,"","",NA,"","",NA,"","","https://powo.science.kew.org/taxon/urn:lsid:ipni.org:names:316320-2","","Y","Accepted","Calliandra semisepulta","Calliandra semisepulta","Barneby","195769","species","https://powo.science.kew.org/taxon/urn:lsid:ipni.org:names:316320-2","","Fabaceae","1","1","wcvp","0",""
"162","Calliandra germana",1,"195770","Calliandra germana",1,"species","","",NA,"Barneby","Fabaceae","Calliandra","Calliandra",1,"germana","germana",1,"","",NA,"","",NA,"","",NA,"","","https://powo.science.kew.org/taxon/urn:lsid:ipni.org:names:316321-2","","Y","Accepted","Calliandra germana","Calliandra germana","Barneby","195770","species","https://powo.science.kew.org/taxon/urn:lsid:ipni.org:names:316321-2","","Fabaceae","1","1","wcvp","0",""
"163","Calliandra luetzelburgii",1,"163064","Calliandra luetzelburgii",1,"species","","",NA,"Harms","Fabaceae","Calliandra","Calliandra",1,"luetzelburgii","luetzelburgii",1,"","",NA,"","",NA,"","",NA,"","","https://powo.science.kew.org/taxon/urn:lsid:ipni.org:names:42212-2","","Y","Accepted","Calliandra luetzelburgii","Calliandra luetzelburgii","Harms","163064","species","https://powo.science.kew.org/taxon/urn:lsid:ipni.org:names:42212-2","","Fabaceae","1","1","wcvp","0",""
"164","Calliandra hygrophila",1,"184823","Calliandra hygrophila",1,"species","","",NA,"Mackinder & G.P.Lewis","Fabaceae","Calliandra","Calliandra",1,"hygrophila","hygrophila",1,"","",NA,"","",NA,"","",NA,"","","https://powo.science.kew.org/taxon/urn:lsid:ipni.org:names:273872-2","","Y","Accepted","Calliandra hygrophila","Calliandra hygrophila","Mackinder & G.P.Lewis","184823","species","https://powo.science.kew.org/taxon/urn:lsid:ipni.org:names:273872-2","","Fabaceae","1","1","wcvp","0",""
"165","Calliandra houstoniana",1,"171566","Calliandra houstoniana",1,"species","","",NA,"(Mill.) Standl.","Fabaceae","Calliandra","Calliandra",1,"houstoniana","houstoniana",1,"","",NA,"","",NA,"","",NA,"","","https://powo.science.kew.org/taxon/urn:lsid:ipni.org:names:42191-2","","Y","Accepted","Calliandra houstoniana","Calliandra houstoniana","(Mill.) Standl.","171566","species","https://powo.science.kew.org/taxon/urn:lsid:ipni.org:names:42191-2","","Fabaceae","1","1","wcvp","0",""
"166","Calliandra houstoniana var. anomala",1,"195781","Calliandra houstoniana var. anomala",1,"variety","","",NA,"(Kunth) Barneby","Fabaceae","Calliandra","Calliandra",1,"houstoniana","houstoniana",1,"","",NA,"var.","anomala",1,"","",NA,"","","https://powo.science.kew.org/taxon/urn:lsid:ipni.org:names:1010288-1","","Y","Accepted","Calliandra houstoniana var. anomala","Calliandra houstoniana","(Kunth) Barneby","195781","variety","https://powo.science.kew.org/taxon/urn:lsid:ipni.org:names:1010288-1","","Fabaceae","1","1","wcvp","0",""
"167","Calliandra houstoniana var. colomasensis",1,"195794","Calliandra houstoniana var. colomasensis",1,"variety","","",NA,"(Britton & Rose) Barneby","Fabaceae","Calliandra","Calliandra",1,"houstoniana","houstoniana",1,"","",NA,"var.","colomasensis",1,"","",NA,"","","https://powo.science.kew.org/taxon/urn:lsid:ipni.org:names:1010289-1","","Y","Accepted","Calliandra houstoniana var. colomasensis","Calliandra houstoniana","(Britton & Rose) Barneby","195794","variety","https://powo.science.kew.org/taxon/urn:lsid:ipni.org:names:1010289-1","","Fabaceae","1","1","wcvp","0",""
"168","Calliandra houstoniana var. acapulcensis",1,"195795","Calliandra houstoniana var. acapulcensis",1,"variety","","",NA,"(Britton & Rose) Barneby","Fabaceae","Calliandra","Calliandra",1,"houstoniana","houstoniana",1,"","",NA,"var.","acapulcensis",1,"","",NA,"","","https://powo.science.kew.org/taxon/urn:lsid:ipni.org:names:1010290-1","","Y","Accepted","Calliandra houstoniana var. acapulcensis","Calliandra houstoniana","(Britton & Rose) Barneby","195795","variety","https://powo.science.kew.org/taxon/urn:lsid:ipni.org:names:1010290-1","","Fabaceae","1","1","wcvp","0",""
"169","Calliandra houstoniana var. calothyrsus",1,"195798","Calliandra houstoniana var. calothyrsus",1,"variety","","",NA,"(Meisn.) Barneby","Fabaceae","Calliandra","Calliandra",1,"houstoniana","houstoniana",1,"","",NA,"var.","calothyrsus",1,"","",NA,"","","https://powo.science.kew.org/taxon/urn:lsid:ipni.org:names:1010291-1","","Y","Accepted","Calliandra houstoniana var. calothyrsus","Calliandra houstoniana","(Meisn.) Barneby","195798","variety","https://powo.science.kew.org/taxon/urn:lsid:ipni.org:names:1010291-1","","Fabaceae","1","1","wcvp","0",""
"170","Calliandra houstoniana var. houstoniana",1,"195780","Calliandra houstoniana var. houstoniana",1,"variety","","",NA,"","Fabaceae","Calliandra","Calliandra",1,"houstoniana","houstoniana",1,"","",NA,"var.","houstoniana",1,"","",NA,"","","https://powo.science.kew.org/taxon/urn:lsid:ipni.org:names:77223090-1","","Y","Accepted","Calliandra houstoniana var. houstoniana","Calliandra houstoniana","","195780","variety","https://powo.science.kew.org/taxon/urn:lsid:ipni.org:names:77223090-1","","Fabaceae","1","1","wcvp","0",""
"171","Calliandra juzepczukii",1,"163057","Calliandra juzepczukii",1,"species","","",NA,"Standl.","Fabaceae","Calliandra","Calliandra",1,"juzepczukii","juzepczukii",1,"","",NA,"","",NA,"","",NA,"","","https://powo.science.kew.org/taxon/urn:lsid:ipni.org:names:42197-2","","Y","Accepted","Calliandra juzepczukii","Calliandra juzepczukii","Standl.","163057","species","https://powo.science.kew.org/taxon/urn:lsid:ipni.org:names:42197-2","","Fabaceae","1","1","wcvp","0",""
"172","Calliandra palmeri",1,"163084","Calliandra palmeri",1,"species","","",NA,"S.Watson","Fabaceae","Calliandra","Calliandra",1,"palmeri","palmeri",1,"","",NA,"","",NA,"","",NA,"","","https://powo.science.kew.org/taxon/urn:lsid:ipni.org:names:42246-2","","Y","Accepted","Calliandra palmeri","Calliandra palmeri","S.Watson","163084","species","https://powo.science.kew.org/taxon/urn:lsid:ipni.org:names:42246-2","","Fabaceae","1","1","wcvp","0",""
"173","Calliandra physocalyx",1,"181978","Calliandra physocalyx",1,"species","","",NA,"H.M.Hern. & M.Sousa","Fabaceae","Calliandra","Calliandra",1,"physocalyx","physocalyx",1,"","",NA,"","",NA,"","",NA,"","","https://powo.science.kew.org/taxon/urn:lsid:ipni.org:names:273881-2","","Y","Accepted","Calliandra physocalyx","Calliandra physocalyx","H.M.Hern. & M.Sousa","181978","species","https://powo.science.kew.org/taxon/urn:lsid:ipni.org:names:273881-2","","Fabaceae","1","1","wcvp","0",""
"174","Calliandra wendlandii",1,"163133","Calliandra wendlandii",1,"species","","",NA,"Benth.","Fabaceae","Calliandra","Calliandra",1,"wendlandii","wendlandii",1,"","",NA,"","",NA,"","",NA,"","","https://powo.science.kew.org/taxon/urn:lsid:ipni.org:names:42351-2","","Y","Synonym","Calliandra houstoniana var. anomala","Calliandra houstoniana","(Kunth) Barneby","195781","variety","https://powo.science.kew.org/taxon/urn:lsid:ipni.org:names:1010288-1","","Fabaceae","1","1","wcvp","0",""
"175","Calliandra quetzal",1,"163096","Calliandra quetzal",1,"species","","",NA,"(Donn.Sm.) Donn.Sm.","Fabaceae","Calliandra","Calliandra",1,"quetzal","quetzal",1,"","",NA,"","",NA,"","",NA,"","","https://powo.science.kew.org/taxon/urn:lsid:ipni.org:names:42271-2","","Y","Accepted","Calliandra quetzal","Calliandra quetzal","(Donn.Sm.) Donn.Sm.","163096","species","https://powo.science.kew.org/taxon/urn:lsid:ipni.org:names:42271-2","","Fabaceae","1","1","wcvp","0",""
"176","Calliandra virgata",1,"163130","Calliandra virgata",1,"species","","",NA,"Benth.","Fabaceae","Calliandra","Calliandra",1,"virgata","virgata",1,"","",NA,"","",NA,"","",NA,"","","https://powo.science.kew.org/taxon/urn:lsid:ipni.org:names:42347-2","","Y","Accepted","Calliandra virgata","Calliandra virgata","Benth.","163130","species","https://powo.science.kew.org/taxon/urn:lsid:ipni.org:names:42347-2","","Fabaceae","1","1","wcvp","0",""
"177","Calliandra tsugoides",1,"1037579","Calliandra tsugoides",1,"species","","",NA,"R.S.Cowan","Fabaceae","Calliandra","Calliandra",1,"tsugoides","tsugoides",1,"","",NA,"","",NA,"","",NA,"","","https://powo.science.kew.org/taxon/urn:lsid:ipni.org:names:42332-2","","Y","Accepted","Calliandra tsugoides","Calliandra tsugoides","R.S.Cowan","1037579","species","https://powo.science.kew.org/taxon/urn:lsid:ipni.org:names:42332-2","","Fabaceae","1","1","wcvp","0",""
"178","Calliandra vaupesiana",1,"1037581","Calliandra vaupesiana",1,"species","","",NA,"R.S.Cowan","Fabaceae","Calliandra","Calliandra",1,"vaupesiana","vaupesiana",1,"","",NA,"","",NA,"","",NA,"","","https://powo.science.kew.org/taxon/urn:lsid:ipni.org:names:42344-2","","Y","Accepted","Calliandra vaupesiana","Calliandra vaupesiana","R.S.Cowan","1037581","species","https://powo.science.kew.org/taxon/urn:lsid:ipni.org:names:42344-2","","Fabaceae","1","1","wcvp","0",""
"179","Calliandra vaupesiana var. vaupesiana",1,"1386809","Calliandra vaupesiana var. vaupesiana",1,"variety","","",NA,"","Fabaceae","Calliandra","Calliandra",1,"vaupesiana","vaupesiana",1,"","",NA,"var.","vaupesiana",1,"","",NA,"","","https://powo.science.kew.org/taxon/urn:lsid:ipni.org:names:77222923-1","","Y","Accepted","Calliandra vaupesiana var. vaupesiana","Calliandra vaupesiana","","1386809","variety","https://powo.science.kew.org/taxon/urn:lsid:ipni.org:names:77222923-1","","Fabaceae","1","1","wcvp","0",""
"180","Calliandra pakaraimensis",1,"1037560","Calliandra pakaraimensis",1,"species","","",NA,"R.S.Cowan","Fabaceae","Calliandra","Calliandra",1,"pakaraimensis","pakaraimensis",1,"","",NA,"","",NA,"","",NA,"","","https://powo.science.kew.org/taxon/urn:lsid:ipni.org:names:42242-2","","Y","Accepted","Calliandra pakaraimensis","Calliandra pakaraimensis","R.S.Cowan","1037560","species","https://powo.science.kew.org/taxon/urn:lsid:ipni.org:names:42242-2","","Fabaceae","1","1","wcvp","0",""
"181","Calliandra rigida",1,"163100","Calliandra rigida",1,"species","","",NA,"Benth.","Fabaceae","Calliandra","Calliandra",1,"rigida","rigida",1,"","",NA,"","",NA,"","",NA,"","","https://powo.science.kew.org/taxon/urn:lsid:ipni.org:names:42276-2","","Y","Accepted","Calliandra rigida","Calliandra rigida","Benth.","163100","species","https://powo.science.kew.org/taxon/urn:lsid:ipni.org:names:42276-2","","Fabaceae","1","1","wcvp","0",""
"182","Calliandra comosa",1,"171800","Calliandra comosa",1,"species","","",NA,"(Sw.) Benth.","Fabaceae","Calliandra","Calliandra",1,"comosa","comosa",1,"","",NA,"","",NA,"","",NA,"","","https://powo.science.kew.org/taxon/urn:lsid:ipni.org:names:1037417-2","","Y","Accepted","Calliandra comosa","Calliandra comosa","(Sw.) Benth.","171800","species","https://powo.science.kew.org/taxon/urn:lsid:ipni.org:names:1037417-2","","Fabaceae","1","1","wcvp","0",""
"183","Calliandra paniculata",1,"162372","Calliandra paniculata",1,"species","","",NA,"C.D.Adams","Fabaceae","Calliandra","Calliandra",1,"paniculata","paniculata",1,"","",NA,"","",NA,"","",NA,"","","https://powo.science.kew.org/taxon/urn:lsid:ipni.org:names:42247-2","","Y","Accepted","Calliandra paniculata","Calliandra paniculata","C.D.Adams","162372","species","https://powo.science.kew.org/taxon/urn:lsid:ipni.org:names:42247-2","","Fabaceae","1","1","wcvp","0",""
"184","Calliandra parviflora",1,"171808","Calliandra parviflora",1,"species","","",NA,"Benth.","Fabaceae","Calliandra","Calliandra",1,"parviflora","parviflora",1,"","",NA,"","",NA,"","",NA,"","","https://powo.science.kew.org/taxon/urn:lsid:ipni.org:names:316330-2","","Y","Accepted","Calliandra parviflora","Calliandra parviflora","Benth.","171808","species","https://powo.science.kew.org/taxon/urn:lsid:ipni.org:names:316330-2","","Fabaceae","1","1","wcvp","0",""
"185","Calliandra leptopoda",1,"163061","Calliandra leptopoda",1,"species","","",NA,"Benth.","Fabaceae","Calliandra","Calliandra",1,"leptopoda","leptopoda",1,"","",NA,"","",NA,"","",NA,"","","https://powo.science.kew.org/taxon/urn:lsid:ipni.org:names:42204-2","","Y","Accepted","Calliandra leptopoda","Calliandra leptopoda","Benth.","163061","species","https://powo.science.kew.org/taxon/urn:lsid:ipni.org:names:42204-2","","Fabaceae","1","1","wcvp","0",""
"186","Hydrochorea gonggrijpii",1,"190057","Hydrochorea gonggrijpii",1,"species","","",NA,"(Kleinhoonte) Barneby & J.W.Grimes","Fabaceae","Hydrochorea","Hydrochorea",1,"gonggrijpii","gonggrijpii",1,"","",NA,"","",NA,"","",NA,"","","https://powo.science.kew.org/taxon/urn:lsid:ipni.org:names:1153549-2","","Y","Accepted","Hydrochorea gonggrijpii","Hydrochorea gonggrijpii","(Kleinhoonte) Barneby & J.W.Grimes","190057","species","https://powo.science.kew.org/taxon/urn:lsid:ipni.org:names:1153549-2","","Fabaceae","1","1","wcvp","0",""
"187","Hydrochorea corymbosa",1,"190058","Hydrochorea corymbosa",1,"species","","",NA,"(Rich.) Barneby & J.W.Grimes","Fabaceae","Hydrochorea","Hydrochorea",1,"corymbosa","corymbosa",1,"","",NA,"","",NA,"","",NA,"","","https://powo.science.kew.org/taxon/urn:lsid:ipni.org:names:989341-1","","Y","Accepted","Hydrochorea corymbosa","Hydrochorea corymbosa","(Rich.) Barneby & J.W.Grimes","190058","species","https://powo.science.kew.org/taxon/urn:lsid:ipni.org:names:989341-1","","Fabaceae","1","1","wcvp","0",""
"188","Hydrochorea marginata",1,"190060","Hydrochorea marginata",1,"species","","",NA,"(Spruce ex Benth.) Barneby & J.W.Grimes","Fabaceae","Hydrochorea","Hydrochorea",1,"marginata","marginata",1,"","",NA,"","",NA,"","",NA,"","","https://powo.science.kew.org/taxon/urn:lsid:ipni.org:names:989342-1","","Y","Accepted","Hydrochorea marginata","Hydrochorea marginata","(Spruce ex Benth.) Barneby & J.W.Grimes","190060","species","https://powo.science.kew.org/taxon/urn:lsid:ipni.org:names:989342-1","","Fabaceae","1","1","wcvp","0",""
"189","Hydrochorea marginata var. marginata",0.59957384396743,"190060","Hydrochorea marginata",0.59957384396743,"species","","",NA,"(Spruce ex Benth.) Barneby & J.W.Grimes","Fabaceae","Hydrochorea","Hydrochorea",1,"marginata","marginata",1,"","",NA,"","",NA,"","",NA,"","var. marginata","https://powo.science.kew.org/taxon/urn:lsid:ipni.org:names:989342-1","","Y","Accepted","Hydrochorea marginata","Hydrochorea marginata","(Spruce ex Benth.) Barneby & J.W.Grimes","190060","species","https://powo.science.kew.org/taxon/urn:lsid:ipni.org:names:989342-1","","Fabaceae","1","1","wcvp","1","[Partial]"
"190","Hydrochorea marginata var. panurensis",1,"190800","Hydrochorea marginata var. panurensis",1,"variety","","",NA,"(Spruce ex Benth.) Barneby & J.W.Grimes","Fabaceae","Hydrochorea","Hydrochorea",1,"marginata","marginata",1,"","",NA,"var.","panurensis",1,"","",NA,"","","https://powo.science.kew.org/taxon/urn:lsid:ipni.org:names:989343-1","","Y","Synonym","Hydrochorea panurensis","Hydrochorea panurensis","(Spruce ex Benth.) M.V.B.Soares, M.P.Morim & Iganci","1491335","species","https://powo.science.kew.org/taxon/urn:lsid:ipni.org:names:77303830-1","","Fabaceae","1","1","wcvp","0",""
"191","Hydrochorea marginata var. scheryi",1,"190804","Hydrochorea marginata var. scheryi",1,"variety","","",NA,"Barneby & J.W.Grimes","Fabaceae","Hydrochorea","Hydrochorea",1,"marginata","marginata",1,"","",NA,"var.","scheryi",1,"","",NA,"","","https://powo.science.kew.org/taxon/urn:lsid:ipni.org:names:989344-1","","Y","Synonym","Hydrochorea panurensis","Hydrochorea panurensis","(Spruce ex Benth.) M.V.B.Soares, M.P.Morim & Iganci","1491335","species","https://powo.science.kew.org/taxon/urn:lsid:ipni.org:names:77303830-1","","Fabaceae","1","1","wcvp","0",""
"192","Hydrochorea acreana",1,"190061","Hydrochorea acreana",1,"species","","",NA,"(J.F.Macbr.) Barneby & J.W.Grimes","Fabaceae","Hydrochorea","Hydrochorea",1,"acreana","acreana",1,"","",NA,"","",NA,"","",NA,"","","https://powo.science.kew.org/taxon/urn:lsid:ipni.org:names:989345-1","","Y","Accepted","Hydrochorea acreana","Hydrochorea acreana","(J.F.Macbr.) Barneby & J.W.Grimes","190061","species","https://powo.science.kew.org/taxon/urn:lsid:ipni.org:names:989345-1","","Fabaceae","1","1","wcvp","0",""
"193","Balizia leucocalyx",1,"1215732","Balizia leucocalyx",1,"species","","",NA,"(Britton & Rose) Barneby & J.W.Grimes","Fabaceae","Balizia","Balizia",1,"leucocalyx","leucocalyx",1,"","",NA,"","",NA,"","",NA,"","","https://powo.science.kew.org/taxon/urn:lsid:ipni.org:names:989348-1","","Y","Synonym","Hydrochorea leucocalyx","Hydrochorea leucocalyx","(Britton & Rose) Iganci, M.V.B.Soares & M.P.Morim","1491333","species","https://powo.science.kew.org/taxon/urn:lsid:ipni.org:names:77303828-1","","Fabaceae","1","1","wcvp","0",""
"194","Balizia pedicellaris",1,"190053","Balizia pedicellaris",1,"species","","",NA,"(DC.) Barneby & J.W.Grimes","Fabaceae","Balizia","Balizia",1,"pedicellaris","pedicellaris",1,"","",NA,"","",NA,"","",NA,"","","https://powo.science.kew.org/taxon/urn:lsid:ipni.org:names:989349-1","","Y","Synonym","Hydrochorea pedicellaris","Hydrochorea pedicellaris","(DC.) M.V.B.Soares, Iganci & M.P.Morim","1491336","species","https://powo.science.kew.org/taxon/urn:lsid:ipni.org:names:77303831-1","","Fabaceae","1","1","wcvp","0",""
"195","Balizia elegans",1,"190805","Balizia elegans",1,"species","","",NA,"(Ducke) Barneby & J.W.Grimes","Fabaceae","Balizia","Balizia",1,"elegans","elegans",1,"","",NA,"","",NA,"","",NA,"","","https://powo.science.kew.org/taxon/urn:lsid:ipni.org:names:989350-1","","Y","Synonym","Hydrochorea elegans","Hydrochorea elegans","(Ducke) M.V.B.Soares, Iganci & M.P.Morim","1491332","species","https://powo.science.kew.org/taxon/urn:lsid:ipni.org:names:77303827-1","","Fabaceae","1","1","wcvp","0",""
"196","Abarema floribunda",1,"190849","Abarema floribunda",1,"species","","",NA,"(Spruce ex Benth.) Barneby & J.W.Grimes","Fabaceae","Abarema","Abarema",1,"floribunda","floribunda",1,"","",NA,"","",NA,"","",NA,"","","https://powo.science.kew.org/taxon/urn:lsid:ipni.org:names:989351-1","","Y","Synonym","Jupunba floribunda","Jupunba floribunda","(Spruce ex Benth.) M.V.B.Soares, M.P.Morim & Iganci","1431287","species","https://powo.science.kew.org/taxon/urn:lsid:ipni.org:names:77218786-1","","Fabaceae","1","1","wcvp","0",""
"197","Abarema ferruginea",1,"184349","Abarema ferruginea",1,"species","","",NA,"(Benth.) Pittier","Fabaceae","Abarema","Abarema",1,"ferruginea","ferruginea",1,"","",NA,"","",NA,"","",NA,"","","https://powo.science.kew.org/taxon/urn:lsid:ipni.org:names:469528-1","","Y","Synonym","Jupunba ferruginea","Jupunba ferruginea","(Benth.) M.V.B.Soares, M.P.Morim & Iganci","1431281","species","https://powo.science.kew.org/taxon/urn:lsid:ipni.org:names:77218554-1","","Fabaceae","1","1","wcvp","0",""
"198","Abarema gallorum",1,"190854","Abarema gallorum",1,"species","","",NA,"Barneby & J.W.Grimes","Fabaceae","Abarema","Abarema",1,"gallorum","gallorum",1,"","",NA,"","",NA,"","",NA,"","","https://powo.science.kew.org/taxon/urn:lsid:ipni.org:names:319416-2","","Y","Synonym","Jupunba gallorum","Jupunba gallorum","(Barneby & J.W.Grimes) M.V.B.Soares, M.P.Morim & Iganci","1431286","species","https://powo.science.kew.org/taxon/urn:lsid:ipni.org:names:77218787-1","","Fabaceae","1","1","wcvp","0",""
"199","Abarema longipedunculata",1,"190856","Abarema longipedunculata",1,"species","","",NA,"(H.S.Irwin) Barneby & J.W.Grimes","Fabaceae","Abarema","Abarema",1,"longipedunculata","longipedunculata",1,"","",NA,"","",NA,"","",NA,"","","https://powo.science.kew.org/taxon/urn:lsid:ipni.org:names:989353-1","","Y","Synonym","Jupunba longipedunculata","Jupunba longipedunculata","(H.S.Irwin) M.V.B.Soares, M.P.Morim & Iganci","1431269","species","https://powo.science.kew.org/taxon/urn:lsid:ipni.org:names:77218794-1","","Fabaceae","1","1","wcvp","0",""
"200","Abarema idiopoda",1,"205954","Abarema idiopoda",1,"species","","",NA,"(S.F.Blake) Barneby & J.W.Grimes","Fabaceae","Abarema","Abarema",1,"idiopoda","idiopoda",1,"","",NA,"","",NA,"","",NA,"","","https://powo.science.kew.org/taxon/urn:lsid:ipni.org:names:989354-1","","Y","Synonym","Jupunba idiopoda","Jupunba idiopoda","(S.F.Blake) M.V.B.Soares, M.P.Morim & Iganci","1431284","species","https://powo.science.kew.org/taxon/urn:lsid:ipni.org:names:77218789-1","","Fabaceae","1","1","wcvp","0",""
"201","Abarema curvicarpa",1,"184345","Abarema curvicarpa",1,"species","","",NA,"(H.S.Irwin) Barneby & J.W.Grimes","Fabaceae","Abarema","Abarema",1,"curvicarpa","curvicarpa",1,"","",NA,"","",NA,"","",NA,"","","https://powo.science.kew.org/taxon/urn:lsid:ipni.org:names:271441-2","","Y","Synonym","Jupunba curvicarpa","Jupunba curvicarpa","(H.S.Irwin) M.V.B.Soares, M.P.Morim & Iganci","1431291","species","https://powo.science.kew.org/taxon/urn:lsid:ipni.org:names:77218552-1","","Fabaceae","1","1","wcvp","0",""
"202","Abarema curvicarpa var. curvicarpa",0.59957384396743,"184345","Abarema curvicarpa",0.59957384396743,"species","","",NA,"(H.S.Irwin) Barneby & J.W.Grimes","Fabaceae","Abarema","Abarema",1,"curvicarpa","curvicarpa",1,"","",NA,"","",NA,"","",NA,"","var. curvicarpa","https://powo.science.kew.org/taxon/urn:lsid:ipni.org:names:271441-2","","Y","Synonym","Jupunba curvicarpa","Jupunba curvicarpa","(H.S.Irwin) M.V.B.Soares, M.P.Morim & Iganci","1431291","species","https://powo.science.kew.org/taxon/urn:lsid:ipni.org:names:77218552-1","","Fabaceae","1","1","wcvp","1","[Partial]"
"203","Abarema curvicarpa var. rodriguesii",1,"1288740","Abarema curvicarpa var. rodriguesii",1,"variety","","",NA,"Barneby & J.W.Grimes","Fabaceae","Abarema","Abarema",1,"curvicarpa","curvicarpa",1,"","",NA,"var.","rodriguesii",1,"","",NA,"","","https://powo.science.kew.org/taxon/urn:lsid:ipni.org:names:319417-2","","Y","Synonym","Jupunba curvicarpa var. rodriguesii","Jupunba curvicarpa","(Barneby & J.W.Grimes) M.V.B.Soares, M.P.Morim & Iganci","1431275","variety","https://powo.science.kew.org/taxon/urn:lsid:ipni.org:names:77218553-1","","Fabaceae","1","1","wcvp","0",""
"204","Abarema macradenia",1,"190860","Abarema macradenia",1,"species","","",NA,"(Pittier) Barneby & J.W.Grimes","Fabaceae","Abarema","Abarema",1,"macradenia","macradenia",1,"","",NA,"","",NA,"","",NA,"","","https://powo.science.kew.org/taxon/urn:lsid:ipni.org:names:989356-1","","Y","Synonym","Jupunba macradenia","Jupunba macradenia","(Pittier) M.V.B.Soares, M.P.Morim & Iganci","1431268","species","https://powo.science.kew.org/taxon/urn:lsid:ipni.org:names:77218795-1","","Fabaceae","1","1","wcvp","0",""
"205","Abarema ganymedea",1,"190862","Abarema ganymedea",1,"species","","",NA,"Barneby & J.W.Grimes","Fabaceae","Abarema","Abarema",1,"ganymedea","ganymedea",1,"","",NA,"","",NA,"","",NA,"","","https://powo.science.kew.org/taxon/urn:lsid:ipni.org:names:319418-2","","Y","Synonym","Jupunba ganymedea","Jupunba ganymedea","(Barneby & J.W.Grimes) M.V.B.Soares, M.P.Morim & Iganci","1431285","species","https://powo.science.kew.org/taxon/urn:lsid:ipni.org:names:77218788-1","","Fabaceae","1","1","wcvp","0",""
"206","Abarema piresii",1,"190863","Abarema piresii",1,"species","","",NA,"Barneby & J.W.Grimes","Fabaceae","Abarema","Abarema",1,"piresii","piresii",1,"","",NA,"","",NA,"","",NA,"","","https://powo.science.kew.org/taxon/urn:lsid:ipni.org:names:271443-2","","Y","Synonym","Jupunba piresii","Jupunba piresii","(Barneby & J.W.Grimes) M.V.B.Soares, M.P.Morim & Iganci","1431258","species","https://powo.science.kew.org/taxon/urn:lsid:ipni.org:names:77218801-1","","Fabaceae","1","1","wcvp","0",""
"207","Abarema auriculata",1,"190864","Abarema auriculata",1,"species","","",NA,"(Benth.) Barneby & J.W.Grimes","Fabaceae","Abarema","Abarema",1,"auriculata","auriculata",1,"","",NA,"","",NA,"","",NA,"","","https://powo.science.kew.org/taxon/urn:lsid:ipni.org:names:989358-1","","Y","Synonym","Jupunba auriculata","Jupunba auriculata","(Benth.) M.V.B.Soares, M.P.Morim & Iganci","1431289","species","https://powo.science.kew.org/taxon/urn:lsid:ipni.org:names:77218543-1","","Fabaceae","1","1","wcvp","0",""
"208","Abarema microcalyx",1,"1428690","Abarema microcalyx",1,"species","","",NA,"(Spruce ex Benth.) Barneby & J.W.Grimes","Fabaceae","Abarema","Abarema",1,"microcalyx","microcalyx",1,"","",NA,"","",NA,"","",NA,"","","https://powo.science.kew.org/taxon/urn:lsid:ipni.org:names:989359-1","","Y","Synonym","Jupunba microcalyx","Jupunba microcalyx","(Spruce ex Benth.) M.V.B.Soares, M.P.Morim & Iganci","1431298","species","https://powo.science.kew.org/taxon/urn:lsid:ipni.org:names:77218797-1","","Fabaceae","1","1","wcvp","0",""
"209","Abarema microcalyx var. microcalyx",0.59957384396743,"1428690","Abarema microcalyx",0.59957384396743,"species","","",NA,"(Spruce ex Benth.) Barneby & J.W.Grimes","Fabaceae","Abarema","Abarema",1,"microcalyx","microcalyx",1,"","",NA,"","",NA,"","",NA,"","var. microcalyx","https://powo.science.kew.org/taxon/urn:lsid:ipni.org:names:989359-1","","Y","Synonym","Jupunba microcalyx","Jupunba microcalyx","(Spruce ex Benth.) M.V.B.Soares, M.P.Morim & Iganci","1431298","species","https://powo.science.kew.org/taxon/urn:lsid:ipni.org:names:77218797-1","","Fabaceae","1","1","wcvp","1","[Partial]"
"210","Abarema microcalyx var. enterolobioides",1,"1288744","Abarema microcalyx var. enterolobioides",1,"variety","","",NA,"Barneby & J.W.Grimes","Fabaceae","Abarema","Abarema",1,"microcalyx","microcalyx",1,"","",NA,"var.","enterolobioides",1,"","",NA,"","","https://powo.science.kew.org/taxon/urn:lsid:ipni.org:names:319419-2","","Y","Synonym","Jupunba microcalyx var. enterolobioides","Jupunba microcalyx","(Barneby & J.W.Grimes) M.V.B.Soares, M.P.Morim & Iganci","1431259","variety","https://powo.science.kew.org/taxon/urn:lsid:ipni.org:names:77218798-1","","Fabaceae","1","1","wcvp","0",""
"211","Abarema microcalyx var. parauaquarae",1,"1667073","Abarema microcalyx var. parauaquarae",1,"variety","","",NA,"(Ducke) Barneby & J.W.Grimes","Fabaceae","Abarema","Abarema",1,"microcalyx","microcalyx",1,"","",NA,"var.","parauaquarae",1,"","",NA,"","","https://powo.science.kew.org/taxon/urn:lsid:ipni.org:names:989361-1","","Y","Synonym","Jupunba microcalyx var. parauaquarae","Jupunba microcalyx","(Ducke) M.V.B.Soares, M.P.Morim & Iganci","1431292","variety","https://powo.science.kew.org/taxon/urn:lsid:ipni.org:names:77218799-1","","Fabaceae","1","1","wcvp","0",""
"212","Abarema commutata",1,"190870","Abarema commutata",1,"species","","",NA,"Barneby & J.W.Grimes","Fabaceae","Abarema","Abarema",1,"commutata","commutata",1,"","",NA,"","",NA,"","",NA,"","","https://powo.science.kew.org/taxon/urn:lsid:ipni.org:names:319420-2","","Y","Synonym","Jupunba commutata","Jupunba commutata","(Barneby & J.W.Grimes) M.V.B.Soares, M.P.Morim & Iganci","1431271","species","https://powo.science.kew.org/taxon/urn:lsid:ipni.org:names:77218551-1","","Fabaceae","1","1","wcvp","0",""
"213","Abarema jupunba",1,"169148","Abarema jupunba",1,"species","","",NA,"(Willd.) Britton & Killip","Fabaceae","Abarema","Abarema",1,"jupunba","jupunba",1,"","",NA,"","",NA,"","",NA,"","","https://powo.science.kew.org/taxon/urn:lsid:ipni.org:names:469538-1","","Y","Synonym","Jupunba trapezifolia var. micradenia","Jupunba trapezifolia","(Benth.) M.V.B.Soares, M.P.Morim & Iganci","1431255","variety","https://powo.science.kew.org/taxon/urn:lsid:ipni.org:names:77218803-1","","Fabaceae","1","1","wcvp","0",""
"214","Abarema barbouriana",1,"190873","Abarema barbouriana",1,"species","","",NA,"(Standl.) Barneby & J.W.Grimes","Fabaceae","Abarema","Abarema",1,"barbouriana","barbouriana",1,"","",NA,"","",NA,"","",NA,"","","https://powo.science.kew.org/taxon/urn:lsid:ipni.org:names:989364-1","","Y","Synonym","Jupunba barbouriana","Jupunba barbouriana","(Standl.) M.V.B.Soares, M.P.Morim & Iganci","1431278","species","https://powo.science.kew.org/taxon/urn:lsid:ipni.org:names:77218544-1","","Fabaceae","1","1","wcvp","0",""
"215","Abarema barbouriana var. barbourtana",0.59957384396743,"190873","Abarema barbouriana",0.59957384396743,"species","","",NA,"(Standl.) Barneby & J.W.Grimes","Fabaceae","Abarema","Abarema",1,"barbouriana","barbouriana",1,"","",NA,"","",NA,"","",NA,"","var. barbourtana","https://powo.science.kew.org/taxon/urn:lsid:ipni.org:names:989364-1","","Y","Synonym","Jupunba barbouriana","Jupunba barbouriana","(Standl.) M.V.B.Soares, M.P.Morim & Iganci","1431278","species","https://powo.science.kew.org/taxon/urn:lsid:ipni.org:names:77218544-1","","Fabaceae","1","1","wcvp","1","[Partial]"
"216","Abarema barbouriana var. arenaria",1,"190876","Abarema barbouriana var. arenaria",1,"variety","","",NA,"(Ducke) Barneby & J.W.Grimes","Fabaceae","Abarema","Abarema",1,"barbouriana","barbouriana",1,"","",NA,"var.","arenaria",1,"","",NA,"","","https://powo.science.kew.org/taxon/urn:lsid:ipni.org:names:989365-1","","Y","Synonym","Jupunba barbouriana var. arenaria","Jupunba barbouriana","(Ducke) M.V.B.Soares, M.P.Morim & Iganci","1431279","variety","https://powo.science.kew.org/taxon/urn:lsid:ipni.org:names:77218545-1","","Fabaceae","1","1","wcvp","0",""
"217","Abarema adenophora",1,"1049037","Abarema adenophora",1,"species","","",NA,"(Ducke) Barneby & J.W.Grimes","Fabaceae","Abarema","Abarema",1,"adenophora","adenophora",1,"","",NA,"","",NA,"","",NA,"","","https://powo.science.kew.org/taxon/urn:lsid:ipni.org:names:989366-1","","Y","Synonym","Jupunba adenophora","Jupunba adenophora","(Ducke) M.V.B.Soares, M.P.Morim & Iganci","1431277","species","https://powo.science.kew.org/taxon/urn:lsid:ipni.org:names:77218541-1","","Fabaceae","1","1","wcvp","0",""
"218","Abarema zollerana",0.98428510306992,"1221625","Abarema zolleriana",0.98428510306992,"species","","",NA,"(Standl. & Steyerm.) Barneby & J.W.Grimes","Fabaceae","Abarema","Abarema",1,"zollerana","zolleriana",0.9,"","",NA,"","",NA,"","",NA,"","","https://powo.science.kew.org/taxon/urn:lsid:ipni.org:names:989367-1","","Y","Synonym","Jupunba zolleriana","Jupunba zolleriana","(Standl. & Steyerm.) M.V.B.Soares, M.P.Morim & Iganci","1431273","species","https://powo.science.kew.org/taxon/urn:lsid:ipni.org:names:77218807-1","","Fabaceae","1","1","wcvp","0",""
"219","Abarema leucophylla",1,"190878","Abarema leucophylla",1,"species","","",NA,"(Spruce ex Benth.) Barneby & J.W.Grimes","Fabaceae","Abarema","Abarema",1,"leucophylla","leucophylla",1,"","",NA,"","",NA,"","",NA,"","","https://powo.science.kew.org/taxon/urn:lsid:ipni.org:names:989368-1","","Y","Synonym","Jupunba leucophylla","Jupunba leucophylla","(Spruce ex Benth.) M.V.B.Soares, M.P.Morim & Iganci","1431290","species","https://powo.science.kew.org/taxon/urn:lsid:ipni.org:names:77218792-1","","Fabaceae","1","1","wcvp","0",""
"220","Abarema leucophylla var. leucophylla",0.59957384396743,"190878","Abarema leucophylla",0.59957384396743,"species","","",NA,"(Spruce ex Benth.) Barneby & J.W.Grimes","Fabaceae","Abarema","Abarema",1,"leucophylla","leucophylla",1,"","",NA,"","",NA,"","",NA,"","var. leucophylla","https://powo.science.kew.org/taxon/urn:lsid:ipni.org:names:989368-1","","Y","Synonym","Jupunba leucophylla","Jupunba leucophylla","(Spruce ex Benth.) M.V.B.Soares, M.P.Morim & Iganci","1431290","species","https://powo.science.kew.org/taxon/urn:lsid:ipni.org:names:77218792-1","","Fabaceae","1","1","wcvp","1","[Partial]"
"221","Abarema leucophylla var. vanpesensis",0.99125249213133,"1753131","Abarema leucophylla var. vaupesensis",0.99125249213133,"variety","","",NA,"Barneby & J.W.Grimes","Fabaceae","Abarema","Abarema",1,"leucophylla","leucophylla",1,"","",NA,"var.","vaupesensis",0.90909090909091,"","",NA,"","","https://powo.science.kew.org/taxon/urn:lsid:ipni.org:names:319425-2","","","Synonym","Jupunba leucophylla var. vaupesensis","Jupunba leucophylla","(Barneby & J.W.Grimes) M.V.B.Soares, M.P.Morim & Iganci","1431274","variety","https://powo.science.kew.org/taxon/urn:lsid:ipni.org:names:77218793-1","","Fabaceae","1","1","wcvp","0",""
"222","Abarema mataybifolia",1,"1221628","Abarema mataybifolia",1,"species","","",NA,"(Sandwith) Barneby & J.W.Grimes","Fabaceae","Abarema","Abarema",1,"mataybifolia","mataybifolia",1,"","",NA,"","",NA,"","",NA,"","","https://powo.science.kew.org/taxon/urn:lsid:ipni.org:names:989370-1","","Y","Synonym","Jupunba mataybifolia","Jupunba mataybifolia","(Sandwith) M.V.B.Soares, M.P.Morim & Iganci","1431267","species","https://powo.science.kew.org/taxon/urn:lsid:ipni.org:names:77218796-1","","Fabaceae","1","1","wcvp","0",""
"223","Abarema laeta",1,"1049096","Abarema laeta",1,"species","","",NA,"(Benth.) Barneby & J.W.Grimes","Fabaceae","Abarema","Abarema",1,"laeta","laeta",1,"","",NA,"","",NA,"","",NA,"","","https://powo.science.kew.org/taxon/urn:lsid:ipni.org:names:989371-1","","Y","Synonym","Jupunba laeta","Jupunba laeta","(Benth.) M.V.B.Soares, M.P.Morim & Iganci","1431283","species","https://powo.science.kew.org/taxon/urn:lsid:ipni.org:names:77218790-1","","Fabaceae","1","1","wcvp","0",""
"224","Abarema campestris",1,"191014","Abarema campestris",1,"species","","",NA,"(Spruce ex Benth.) Barneby & J.W.Grimes","Fabaceae","Abarema","Abarema",1,"campestris","campestris",1,"","",NA,"","",NA,"","",NA,"","","https://powo.science.kew.org/taxon/urn:lsid:ipni.org:names:989372-1","","Y","Synonym","Jupunba campestris","Jupunba campestris","(Spruce ex Benth.) M.V.B.Soares, M.P.Morim & Iganci","1431295","species","https://powo.science.kew.org/taxon/urn:lsid:ipni.org:names:77218548-1","","Fabaceae","1","1","wcvp","0",""
"225","Abarema cochleata",1,"191017","Abarema cochleata",1,"species","","",NA,"(Willd.) Barneby & J.W.Grimes","Fabaceae","Abarema","Abarema",1,"cochleata","cochleata",1,"","",NA,"","",NA,"","",NA,"","","https://powo.science.kew.org/taxon/urn:lsid:ipni.org:names:989373-1","","Y","Synonym","Jupunba cochleata","Jupunba cochleata","(Willd.) M.V.B.Soares, M.P.Morim & Iganci","1431294","species","https://powo.science.kew.org/taxon/urn:lsid:ipni.org:names:77218549-1","","Fabaceae","1","1","wcvp","0",""
"226","Abarema cochleata var. cochleata",0.59957384396743,"191017","Abarema cochleata",0.59957384396743,"species","","",NA,"(Willd.) Barneby & J.W.Grimes","Fabaceae","Abarema","Abarema",1,"cochleata","cochleata",1,"","",NA,"","",NA,"","",NA,"","var. cochleata","https://powo.science.kew.org/taxon/urn:lsid:ipni.org:names:989373-1","","Y","Synonym","Jupunba cochleata","Jupunba cochleata","(Willd.) M.V.B.Soares, M.P.Morim & Iganci","1431294","species","https://powo.science.kew.org/taxon/urn:lsid:ipni.org:names:77218549-1","","Fabaceae","1","1","wcvp","1","[Partial]"
"227","Abarema cochleata var. moniliformis",1,"191023","Abarema cochleata var. moniliformis",1,"variety","","",NA,"(Barneby & J.W.Grimes) Barneby & J.W.Grimes","Fabaceae","Abarema","Abarema",1,"cochleata","cochleata",1,"","",NA,"var.","moniliformis",1,"","",NA,"","","https://powo.science.kew.org/taxon/urn:lsid:ipni.org:names:989374-1","","Y","Synonym","Jupunba cochleata var. moniliformis","Jupunba cochleata","(Barneby & J.W.Grimes) M.V.B.Soares, M.P.Morim & Iganci","1627019","variety","https://powo.science.kew.org/taxon/urn:lsid:ipni.org:names:77218550-1","","Fabaceae","1","1","wcvp","0",""
"228","Abarema callejasii",1,"191024","Abarema callejasii",1,"species","","",NA,"Barneby & J.W.Grimes","Fabaceae","Abarema","Abarema",1,"callejasii","callejasii",1,"","",NA,"","",NA,"","",NA,"","","https://powo.science.kew.org/taxon/urn:lsid:ipni.org:names:319428-2","","Y","Synonym","Punjuba callejasii","Punjuba callejasii","(Barneby & J.W.Grimes) M.V.B.Soares, M.P.Morim & Iganci","1431351","species","https://powo.science.kew.org/taxon/urn:lsid:ipni.org:names:77218538-1","","Fabaceae","1","1","wcvp","0",""
"229","Abarema lehmannii",1,"191025","Abarema lehmannii",1,"species","","",NA,"(Britton & Rose) Barneby & J.W.Grimes","Fabaceae","Abarema","Abarema",1,"lehmannii","lehmannii",1,"","",NA,"","",NA,"","",NA,"","","https://powo.science.kew.org/taxon/urn:lsid:ipni.org:names:989376-1","","Y","Synonym","Punjuba lehmannii","Punjuba lehmannii","Britton & Rose","1040001","species","https://powo.science.kew.org/taxon/urn:lsid:ipni.org:names:214476-2","","Fabaceae","1","1","wcvp","0",""
"230","Abarema killipii",1,"191028","Abarema killipii",1,"species","","",NA,"(Britton & Rose) Barneby & J.W.Grimes","Fabaceae","Abarema","Abarema",1,"killipii","killipii",1,"","",NA,"","",NA,"","",NA,"","","https://powo.science.kew.org/taxon/urn:lsid:ipni.org:names:1096490-2","","Y","Synonym","Punjuba killipii","Punjuba killipii","Britton & Rose","1040000","species","https://powo.science.kew.org/taxon/urn:lsid:ipni.org:names:214475-2","","Fabaceae","1","1","wcvp","0",""
"231","Abarema racemiflora",1,"191552","Abarema racemiflora",1,"species","","",NA,"(Donn.Sm.) Barneby & J.W.Grimes","Fabaceae","Abarema","Abarema",1,"racemiflora","racemiflora",1,"","",NA,"","",NA,"","",NA,"","","https://powo.science.kew.org/taxon/urn:lsid:ipni.org:names:1163100-2","","Y","Synonym","Punjuba racemiflora","Punjuba racemiflora","(Donn.Sm.) Britton & Rose","169203","species","https://powo.science.kew.org/taxon/urn:lsid:ipni.org:names:214477-2","","Fabaceae","1","1","wcvp","0",""
"232","Abarema obovata",1,"191551","Abarema obovata",1,"species","","",NA,"(Benth.) Barneby & J.W.Grimes","Fabaceae","Abarema","Abarema",1,"obovata","obovata",1,"","",NA,"","",NA,"","",NA,"","","https://powo.science.kew.org/taxon/urn:lsid:ipni.org:names:989379-1","","Y","Synonym","Jupunba brachystachya","Jupunba brachystachya","(DC.) M.V.B.Soares, M.P.Morim & Iganci","1431296","species","https://powo.science.kew.org/taxon/urn:lsid:ipni.org:names:77218547-1","","Fabaceae","1","1","wcvp","0",""
"233","Abarema brachystachya",1,"191031","Abarema brachystachya",1,"species","","",NA,"(DC.) Barneby & J.W.Grimes","Fabaceae","Abarema","Abarema",1,"brachystachya","brachystachya",1,"","",NA,"","",NA,"","",NA,"","","https://powo.science.kew.org/taxon/urn:lsid:ipni.org:names:989380-1","","Y","Synonym","Jupunba brachystachya","Jupunba brachystachya","(DC.) M.V.B.Soares, M.P.Morim & Iganci","1431296","species","https://powo.science.kew.org/taxon/urn:lsid:ipni.org:names:77218547-1","","Fabaceae","1","1","wcvp","0",""
"234","Abarema filamentosa",1,"184385","Abarema filamentosa",1,"species","","",NA,"(Benth.) Pittier","Fabaceae","Abarema","Abarema",1,"filamentosa","filamentosa",1,"","",NA,"","",NA,"","",NA,"","","https://powo.science.kew.org/taxon/urn:lsid:ipni.org:names:469529-1","","Y","Synonym","Jupunba filamentosa","Jupunba filamentosa","(Benth.) M.V.B.Soares, M.P.Morim & Iganci","1431288","species","https://powo.science.kew.org/taxon/urn:lsid:ipni.org:names:77218785-1","","Fabaceae","1","1","wcvp","0",""
"235","Abarema turbinata",1,"191041","Abarema turbinata",1,"species","","",NA,"(Benth.) Barneby & J.W.Grimes","Fabaceae","Abarema","Abarema",1,"turbinata","turbinata",1,"","",NA,"","",NA,"","",NA,"","","https://powo.science.kew.org/taxon/urn:lsid:ipni.org:names:989381-1","","Y","Synonym","Jupunba turbinata","Jupunba turbinata","(Benth.) M.V.B.Soares, M.P.Morim & Iganci","1431256","species","https://powo.science.kew.org/taxon/urn:lsid:ipni.org:names:77218804-1","","Fabaceae","1","1","wcvp","0",""
"236","Abarema cochliacarpos",1,"1725079","Abarema cochliacarpos",1,"species","","",NA,"(Gomes) Barneby & J.W.Grimes","Fabaceae","Abarema","Abarema",1,"cochliacarpos","cochliacarpos",1,"","",NA,"","",NA,"","",NA,"","","https://powo.science.kew.org/taxon/urn:lsid:ipni.org:names:1020872-2","","Y","Accepted","Abarema cochliacarpos","Abarema cochliacarpos","(Gomes) Barneby & J.W.Grimes","1725079","species","https://powo.science.kew.org/taxon/urn:lsid:ipni.org:names:1020872-2","","Fabaceae","1","1","wcvp","0",""
"237","Abarema langsdorfii",0.98737368185461,"1221631","Abarema langsdorffii",0.98737368185461,"species","","",NA,"(Benth.) Barneby & J.W.Grimes","Fabaceae","Abarema","Abarema",1,"langsdorfii","langsdorffii",0.91666666666667,"","",NA,"","",NA,"","",NA,"","","https://powo.science.kew.org/taxon/urn:lsid:ipni.org:names:989383-1","","Y","Synonym","Jupunba langsdorffii","Jupunba langsdorffii","(Benth.) M.V.B.Soares, M.P.Morim & Iganci","1431282","species","https://powo.science.kew.org/taxon/urn:lsid:ipni.org:names:77218791-1","","Fabaceae","1","1","wcvp","0",""
"238","Abarema asplenifolia",1,"191049","Abarema asplenifolia",1,"species","","",NA,"(Griseb.) Barneby & J.W.Grimes","Fabaceae","Abarema","Abarema",1,"asplenifolia","asplenifolia",1,"","",NA,"","",NA,"","",NA,"","","https://powo.science.kew.org/taxon/urn:lsid:ipni.org:names:989384-1","","Y","Synonym","Jupunba asplenifolia","Jupunba asplenifolia","(Griseb.) Britton & Rose","169117","species","https://powo.science.kew.org/taxon/urn:lsid:ipni.org:names:132563-2","","Fabaceae","1","1","wcvp","0",""
"239","Abarema glauca",1,"191048","Abarema glauca",1,"species","","",NA,"(Urb.) Barneby & J.W.Grimes","Fabaceae","Abarema","Abarema",1,"glauca","glauca",1,"","",NA,"","",NA,"","",NA,"","","https://powo.science.kew.org/taxon/urn:lsid:ipni.org:names:989385-1","","Y","Synonym","Jupunba glauca","Jupunba glauca","(Urb.) Britton & Rose","169141","species","https://powo.science.kew.org/taxon/urn:lsid:ipni.org:names:132565-2","","Fabaceae","1","1","wcvp","0",""
"240","Abarema obovalis",1,"191054","Abarema obovalis",1,"species","","",NA,"(A.Rich.) Barneby & J.W.Grimes","Fabaceae","Abarema","Abarema",1,"obovalis","obovalis",1,"","",NA,"","",NA,"","",NA,"","","https://powo.science.kew.org/taxon/urn:lsid:ipni.org:names:989386-1","","Y","Synonym","Jupunba obovalis","Jupunba obovalis","(A.Rich.) Britton & Rose","174414","species","https://powo.science.kew.org/taxon/urn:lsid:ipni.org:names:132569-2","","Fabaceae","1","1","wcvp","0",""
"241","Abarema alexandri",1,"191057","Abarema alexandri",1,"species","","",NA,"(Urb.) Barneby & J.W.Grimes","Fabaceae","Abarema","Abarema",1,"alexandri","alexandri",1,"","",NA,"","",NA,"","",NA,"","","https://powo.science.kew.org/taxon/urn:lsid:ipni.org:names:989387-1","","Y","Synonym","Jupunba alexandri","Jupunba alexandri","(Urb.) Britton & Rose","169107","species","https://powo.science.kew.org/taxon/urn:lsid:ipni.org:names:132562-2","","Fabaceae","1","1","wcvp","0",""
"242","Abarema alexandri var. alexandri",0.59957384396743,"191057","Abarema alexandri",0.59957384396743,"species","","",NA,"(Urb.) Barneby & J.W.Grimes","Fabaceae","Abarema","Abarema",1,"alexandri","alexandri",1,"","",NA,"","",NA,"","",NA,"","var. alexandri","https://powo.science.kew.org/taxon/urn:lsid:ipni.org:names:989387-1","","Y","Synonym","Jupunba alexandri","Jupunba alexandri","(Urb.) Britton & Rose","169107","species","https://powo.science.kew.org/taxon/urn:lsid:ipni.org:names:132562-2","","Fabaceae","1","1","wcvp","1","[Partial]"
"243","Abarema alexandri var. troyana",1,"191056","Abarema alexandri var. troyana",1,"variety","","",NA,"(Urb.) Barneby & J.W.Grimes","Fabaceae","Abarema","Abarema",1,"alexandri","alexandri",1,"","",NA,"var.","troyana",1,"","",NA,"","","https://powo.science.kew.org/taxon/urn:lsid:ipni.org:names:989388-1","","Y","Synonym","Jupunba alexandri var. troyana","Jupunba alexandri","(Urb.) M.V.B.Soares, M.P.Morim & Iganci","1431276","variety","https://powo.science.kew.org/taxon/urn:lsid:ipni.org:names:77218542-1","","Fabaceae","1","1","wcvp","0",""
"244","Abarema oppositifolia",1,"191058","Abarema oppositifolia",1,"species","","",NA,"(Urb.) Barneby & J.W.Grimes","Fabaceae","Abarema","Abarema",1,"oppositifolia","oppositifolia",1,"","",NA,"","",NA,"","",NA,"","","https://powo.science.kew.org/taxon/urn:lsid:ipni.org:names:989389-1","","Y","Synonym","Jupunba oppositifolia","Jupunba oppositifolia","(Urb.) Britton & Rose","169191","species","https://powo.science.kew.org/taxon/urn:lsid:ipni.org:names:132570-2","","Fabaceae","1","1","wcvp","0",""
"245","Abarema nipensis",1,"191059","Abarema nipensis",1,"species","","",NA,"(Britton) Barneby & J.W.Grimes","Fabaceae","Abarema","Abarema",1,"nipensis","nipensis",1,"","",NA,"","",NA,"","",NA,"","","https://powo.science.kew.org/taxon/urn:lsid:ipni.org:names:1057662-2","","Y","Synonym","Jupunba nipensis","Jupunba nipensis","(Britton) Britton & Rose","169190","species","https://powo.science.kew.org/taxon/urn:lsid:ipni.org:names:132568-2","","Fabaceae","1","1","wcvp","0",""
"246","Abarema abbottii",1,"1221650","Abarema abbottii",1,"species","","",NA,"(Rose & Leonard) Barneby & J.W.Grimes","Fabaceae","Abarema","Abarema",1,"abbottii","abbottii",1,"","",NA,"","",NA,"","",NA,"","","https://powo.science.kew.org/taxon/urn:lsid:ipni.org:names:1077629-2","","Y","Synonym","Jupunba abbottii","Jupunba abbottii","(Rose & Leonard) Britton & Rose","184367","species","https://powo.science.kew.org/taxon/urn:lsid:ipni.org:names:132561-2","","Fabaceae","1","1","wcvp","0",""
"247","Abarema levelii",1,"191061","Abarema levelii",1,"species","","",NA,"(R.S.Cowan) Barneby & J.W.Grimes","Fabaceae","Abarema","Abarema",1,"levelii","levelii",1,"","",NA,"","",NA,"","",NA,"","","https://powo.science.kew.org/taxon/urn:lsid:ipni.org:names:989392-1","","Y","Accepted","Abarema levelii","Abarema levelii","(R.S.Cowan) Barneby & J.W.Grimes","191061","species","https://powo.science.kew.org/taxon/urn:lsid:ipni.org:names:989392-1","","Fabaceae","1","1","wcvp","0",""
"248","Abarema oxyphyllidia",1,"191064","Abarema oxyphyllidia",1,"species","","",NA,"Barneby & J.W.Grimes","Fabaceae","Abarema","Abarema",1,"oxyphyllidia","oxyphyllidia",1,"","",NA,"","",NA,"","",NA,"","","https://powo.science.kew.org/taxon/urn:lsid:ipni.org:names:989393-1","","Y","Synonym","Jupunba oxyphyllidia","Jupunba oxyphyllidia","(Barneby & J.W.Grimes) M.V.B.Soares, M.P.Morim & Iganci","1431270","species","https://powo.science.kew.org/taxon/urn:lsid:ipni.org:names:77218800-1","","Fabaceae","1","1","wcvp","0",""
"249","Abarema villifera",1,"191065","Abarema villifera",1,"species","","",NA,"(Ducke) Barneby & J.W.Grimes","Fabaceae","Abarema","Abarema",1,"villifera","villifera",1,"","",NA,"","",NA,"","",NA,"","","https://powo.science.kew.org/taxon/urn:lsid:ipni.org:names:989394-1","","Y","Synonym","Jupunba villifera","Jupunba villifera","(Ducke) M.V.B.Soares, M.P.Morim & Iganci","1431257","species","https://powo.science.kew.org/taxon/urn:lsid:ipni.org:names:77218805-1","","Fabaceae","1","1","wcvp","0",""
"250","Abarema josephi",1,"191067","Abarema josephi",1,"species","","",NA,"Barneby & J.W.Grimes","Fabaceae","Abarema","Abarema",1,"josephi","josephi",1,"","",NA,"","",NA,"","",NA,"","","https://powo.science.kew.org/taxon/urn:lsid:ipni.org:names:989395-1","","Y","Synonym","Punjuba josephi","Punjuba josephi","(Barneby & J.W.Grimes) M.V.B.Soares, M.P.Morim & Iganci","1431353","species","https://powo.science.kew.org/taxon/urn:lsid:ipni.org:names:77218540-1","","Fabaceae","1","1","wcvp","0",""
"251","Abarema centiflora",1,"191068","Abarema centiflora",1,"species","","",NA,"Barneby & J.W.Grimes","Fabaceae","Abarema","Abarema",1,"centiflora","centiflora",1,"","",NA,"","",NA,"","",NA,"","","https://powo.science.kew.org/taxon/urn:lsid:ipni.org:names:319587-2","","Y","Synonym","Punjuba centiflora","Punjuba centiflora","(Barneby & J.W.Grimes) M.V.B.Soares, M.P.Morim & Iganci","1431352","species","https://powo.science.kew.org/taxon/urn:lsid:ipni.org:names:77218539-1","","Fabaceae","1","1","wcvp","0",""
"252","Abarema ricoae",0.5,"1392344","Abarema",0.5,"genus","","",NA,"Pittier","Fabaceae","Abarema","Abarema",1,"ricoae","",NA,"","",NA,"","",NA,"","",NA,"","ricoae","https://powo.science.kew.org/taxon/urn:lsid:ipni.org:names:30032383-2","","Y","Accepted","Abarema","","Pittier","1392344","genus","https://powo.science.kew.org/taxon/urn:lsid:ipni.org:names:30032383-2","","Fabaceae","1","1","wcvp","1","[Partial]"
"253","Abarema agropecuaria",0.5,"1392344","Abarema",0.5,"genus","","",NA,"Pittier","Fabaceae","Abarema","Abarema",1,"agropecuaria","",NA,"","",NA,"","",NA,"","",NA,"","agropecuaria","https://powo.science.kew.org/taxon/urn:lsid:ipni.org:names:30032383-2","","Y","Accepted","Abarema","","Pittier","1392344","genus","https://powo.science.kew.org/taxon/urn:lsid:ipni.org:names:30032383-2","","Fabaceae","1","1","wcvp","1","[Partial]"
"254","Hesperalbizia occidentalis",1,"190056","Hesperalbizia occidentalis",1,"species","","",NA,"(Brandegee) Barneby & J.W.Grimes","Fabaceae","Hesperalbizia","Hesperalbizia",1,"occidentalis","occidentalis",1,"","",NA,"","",NA,"","",NA,"","","https://powo.science.kew.org/taxon/urn:lsid:ipni.org:names:989398-1","","Y","Accepted","Hesperalbizia occidentalis","Hesperalbizia occidentalis","(Brandegee) Barneby & J.W.Grimes","190056","species","https://powo.science.kew.org/taxon/urn:lsid:ipni.org:names:989398-1","","Fabaceae","1","1","wcvp","0",""
"255","Pseudosamanea guachapele",1,"183350","Pseudosamanea guachapele",1,"species","","",NA,"(Kunth) Harms","Fabaceae","Pseudosamanea","Pseudosamanea",1,"guachapele","guachapele",1,"","",NA,"","",NA,"","",NA,"","","https://powo.science.kew.org/taxon/urn:lsid:ipni.org:names:211561-2","","Y","Accepted","Pseudosamanea guachapele","Pseudosamanea guachapele","(Kunth) Harms","183350","species","https://powo.science.kew.org/taxon/urn:lsid:ipni.org:names:211561-2","","Fabaceae","1","1","wcvp","0",""
"256","Pseudosamanea cubana",1,"191072","Pseudosamanea cubana",1,"species","","",NA,"(Britton & P.Wilson) Barneby & J.W.Grimes","Fabaceae","Pseudosamanea","Pseudosamanea",1,"cubana","cubana",1,"","",NA,"","",NA,"","",NA,"","","https://powo.science.kew.org/taxon/urn:lsid:ipni.org:names:1157070-2","","Y","Accepted","Pseudosamanea cubana","Pseudosamanea cubana","(Britton & P.Wilson) Barneby & J.W.Grimes","191072","species","https://powo.science.kew.org/taxon/urn:lsid:ipni.org:names:1157070-2","","Fabaceae","1","1","wcvp","0",""
"257","Samanea saman",1,"191671","Samanea saman",1,"species","","",NA,"(Jacq.) Merr.","Fabaceae","Samanea","Samanea",1,"saman","saman",1,"","",NA,"","",NA,"","",NA,"","","https://powo.science.kew.org/taxon/urn:lsid:ipni.org:names:227126-2","","Y","Accepted","Samanea saman","Samanea saman","(Jacq.) Merr.","191671","species","https://powo.science.kew.org/taxon/urn:lsid:ipni.org:names:227126-2","","Fabaceae","1","1","wcvp","0",""
"258","Samanea tubulosa",1,"191673","Samanea tubulosa",1,"species","","",NA,"(Benth.) Barneby & J.W.Grimes","Fabaceae","Samanea","Samanea",1,"tubulosa","tubulosa",1,"","",NA,"","",NA,"","",NA,"","","https://powo.science.kew.org/taxon/urn:lsid:ipni.org:names:989400-1","","Y","Accepted","Samanea tubulosa","Samanea tubulosa","(Benth.) Barneby & J.W.Grimes","191673","species","https://powo.science.kew.org/taxon/urn:lsid:ipni.org:names:989400-1","","Fabaceae","1","1","wcvp","0",""
"259","Samanea inopinata",1,"191672","Samanea inopinata",1,"species","","",NA,"(Harms) Barneby & J.W.Grimes","Fabaceae","Samanea","Samanea",1,"inopinata","inopinata",1,"","",NA,"","",NA,"","",NA,"","","https://powo.science.kew.org/taxon/urn:lsid:ipni.org:names:989401-1","","Y","Accepted","Samanea inopinata","Samanea inopinata","(Harms) Barneby & J.W.Grimes","191672","species","https://powo.science.kew.org/taxon/urn:lsid:ipni.org:names:989401-1","","Fabaceae","1","1","wcvp","0",""
"260","Blanchetiodendron blanchetii",1,"190055","Blanchetiodendron blanchetii",1,"species","","",NA,"(Benth.) Barneby & J.W.Grimes","Fabaceae","Blanchetiodendron","Blanchetiodendron",1,"blanchetii","blanchetii",1,"","",NA,"","",NA,"","",NA,"","","https://powo.science.kew.org/taxon/urn:lsid:ipni.org:names:989403-1","","Y","Accepted","Blanchetiodendron blanchetii","Blanchetiodendron blanchetii","(Benth.) Barneby & J.W.Grimes","190055","species","https://powo.science.kew.org/taxon/urn:lsid:ipni.org:names:989403-1","","Fabaceae","1","1","wcvp","0",""
"261","Leucochloron limae",1,"191085","Leucochloron limae",1,"species","","",NA,"Barneby & J.W.Grimes","Fabaceae","Leucochloron","Leucochloron",1,"limae","limae",1,"","",NA,"","",NA,"","",NA,"","","https://powo.science.kew.org/taxon/urn:lsid:ipni.org:names:319592-2","","Y","Accepted","Leucochloron limae","Leucochloron limae","Barneby & J.W.Grimes","191085","species","https://powo.science.kew.org/taxon/urn:lsid:ipni.org:names:319592-2","","Fabaceae","1","1","wcvp","0",""
"262","Leucochloron incuriale",1,"190199","Leucochloron incuriale",1,"species","","",NA,"(Vell.) Barneby & J.W.Grimes","Fabaceae","Leucochloron","Leucochloron",1,"incuriale","incuriale",1,"","",NA,"","",NA,"","",NA,"","","https://powo.science.kew.org/taxon/urn:lsid:ipni.org:names:989406-1","","Y","Accepted","Leucochloron incuriale","Leucochloron incuriale","(Vell.) Barneby & J.W.Grimes","190199","species","https://powo.science.kew.org/taxon/urn:lsid:ipni.org:names:989406-1","","Fabaceae","1","1","wcvp","0",""
"263","Leucochloron minarum",1,"191081","Leucochloron minarum",1,"species","","",NA,"(Glaz. & Harms) Barneby & J.W.Grimes","Fabaceae","Leucochloron","Leucochloron",1,"minarum","minarum",1,"","",NA,"","",NA,"","",NA,"","","https://powo.science.kew.org/taxon/urn:lsid:ipni.org:names:989407-1","","Y","Accepted","Leucochloron minarum","Leucochloron minarum","(Glaz. & Harms) Barneby & J.W.Grimes","191081","species","https://powo.science.kew.org/taxon/urn:lsid:ipni.org:names:989407-1","","Fabaceae","1","1","wcvp","0",""
"264","Leucochloren foederale",0.98737368185461,"1221653","Leucochloron foederale",0.98737368185461,"species","","",NA,"(Barneby & J.W.Grimes) Barneby & J.W.Grimes","Fabaceae","Leucochloren","Leucochloron",0.91666666666667,"foederale","foederale",1,"","",NA,"","",NA,"","",NA,"","","https://powo.science.kew.org/taxon/urn:lsid:ipni.org:names:989408-1","","Y","Accepted","Leucochloron foederale","Leucochloron foederale","(Barneby & J.W.Grimes) Barneby & J.W.Grimes","1221653","species","https://powo.science.kew.org/taxon/urn:lsid:ipni.org:names:989408-1","","Fabaceae","1","1","wcvp","0",""
"265","Chloroleucon guantanamense",1,"169146","Chloroleucon guantanamense",1,"species","","",NA,"(Britton) Britton & Rose","Fabaceae","Chloroleucon","Chloroleucon",1,"guantanamense","guantanamense",1,"","",NA,"","",NA,"","",NA,"","","https://powo.science.kew.org/taxon/urn:lsid:ipni.org:names:299173-2","","Y","Accepted","Chloroleucon guantanamense","Chloroleucon guantanamense","(Britton) Britton & Rose","169146","species","https://powo.science.kew.org/taxon/urn:lsid:ipni.org:names:299173-2","","Fabaceae","1","1","wcvp","0",""
"266","Chloroleucon chacoense",1,"191091","Chloroleucon chacoense",1,"species","","",NA,"(Burkart) Barneby & J.W.Grimes","Fabaceae","Chloroleucon","Chloroleucon",1,"chacoense","chacoense",1,"","",NA,"","",NA,"","",NA,"","","https://powo.science.kew.org/taxon/urn:lsid:ipni.org:names:989409-1","","Y","Accepted","Chloroleucon chacoense","Chloroleucon chacoense","(Burkart) Barneby & J.W.Grimes","191091","species","https://powo.science.kew.org/taxon/urn:lsid:ipni.org:names:989409-1","","Fabaceae","1","1","wcvp","0",""
"267","Chloroleucon eurycyclum",1,"191092","Chloroleucon eurycyclum",1,"species","","",NA,"Barneby & J.W.Grimes","Fabaceae","Chloroleucon","Chloroleucon",1,"eurycyclum","eurycyclum",1,"","",NA,"","",NA,"","",NA,"","","https://powo.science.kew.org/taxon/urn:lsid:ipni.org:names:319595-2","","Y","Accepted","Chloroleucon eurycyclum","Chloroleucon eurycyclum","Barneby & J.W.Grimes","191092","species","https://powo.science.kew.org/taxon/urn:lsid:ipni.org:names:319595-2","","Fabaceae","1","1","wcvp","0",""
"268","Chloroleucon acacioides",1,"191093","Chloroleucon acacioides",1,"species","","",NA,"(Ducke) Barneby & J.W.Grimes","Fabaceae","Chloroleucon","Chloroleucon",1,"acacioides","acacioides",1,"","",NA,"","",NA,"","",NA,"","","https://powo.science.kew.org/taxon/urn:lsid:ipni.org:names:989411-1","","Y","Accepted","Chloroleucon acacioides","Chloroleucon acacioides","(Ducke) Barneby & J.W.Grimes","191093","species","https://powo.science.kew.org/taxon/urn:lsid:ipni.org:names:989411-1","","Fabaceae","1","1","wcvp","0",""
"269","Chloroleucon extortum",1,"191094","Chloroleucon extortum",1,"species","","",NA,"Barneby & J.W.Grimes","Fabaceae","Chloroleucon","Chloroleucon",1,"extortum","extortum",1,"","",NA,"","",NA,"","",NA,"","","https://powo.science.kew.org/taxon/urn:lsid:ipni.org:names:319596-2","","Y","Accepted","Chloroleucon extortum","Chloroleucon extortum","Barneby & J.W.Grimes","191094","species","https://powo.science.kew.org/taxon/urn:lsid:ipni.org:names:319596-2","","Fabaceae","1","1","wcvp","0",""
"270","Chloroleucon dumosum",1,"184354","Chloroleucon dumosum",1,"species","","",NA,"(Benth.) G.P.Lewis","Fabaceae","Chloroleucon","Chloroleucon",1,"dumosum","dumosum",1,"","",NA,"","",NA,"","",NA,"","","https://powo.science.kew.org/taxon/urn:lsid:ipni.org:names:1212802-2","","Y","Accepted","Chloroleucon dumosum","Chloroleucon dumosum","(Benth.) G.P.Lewis","184354","species","https://powo.science.kew.org/taxon/urn:lsid:ipni.org:names:1212802-2","","Fabaceae","1","1","wcvp","0",""
"271","Chloroleucon tenuiflorum",1,"191099","Chloroleucon tenuiflorum",1,"species","","",NA,"(Benth.) Barneby & J.W.Grimes","Fabaceae","Chloroleucon","Chloroleucon",1,"tenuiflorum","tenuiflorum",1,"","",NA,"","",NA,"","",NA,"","","https://powo.science.kew.org/taxon/urn:lsid:ipni.org:names:989413-1","","Y","Accepted","Chloroleucon tenuiflorum","Chloroleucon tenuiflorum","(Benth.) Barneby & J.W.Grimes","191099","species","https://powo.science.kew.org/taxon/urn:lsid:ipni.org:names:989413-1","","Fabaceae","1","1","wcvp","0",""
"272","Chloroleucon tortum",1,"191095","Chloroleucon tortum",1,"species","","",NA,"(Mart.) Pittier","Fabaceae","Chloroleucon","Chloroleucon",1,"tortum","tortum",1,"","",NA,"","",NA,"","",NA,"","","https://powo.science.kew.org/taxon/urn:lsid:ipni.org:names:56986-2","","Y","Accepted","Chloroleucon tortum","Chloroleucon tortum","(Mart.) Pittier","191095","species","https://powo.science.kew.org/taxon/urn:lsid:ipni.org:names:56986-2","","Fabaceae","1","1","wcvp","0",""
"273","Chloroleucon foliolosum",1,"184357","Chloroleucon foliolosum",1,"species","","",NA,"(Benth.) G.P.Lewis","Fabaceae","Chloroleucon","Chloroleucon",1,"foliolosum","foliolosum",1,"","",NA,"","",NA,"","",NA,"","","https://powo.science.kew.org/taxon/urn:lsid:ipni.org:names:1124278-2","","Y","Accepted","Chloroleucon foliolosum","Chloroleucon foliolosum","(Benth.) G.P.Lewis","184357","species","https://powo.science.kew.org/taxon/urn:lsid:ipni.org:names:1124278-2","","Fabaceae","1","1","wcvp","0",""
"274","Chloroleucon mangense",1,"169183","Chloroleucon mangense",1,"species","","",NA,"(Jacq.) Britton & Rose","Fabaceae","Chloroleucon","Chloroleucon",1,"mangense","mangense",1,"","",NA,"","",NA,"","",NA,"","","https://powo.science.kew.org/taxon/urn:lsid:ipni.org:names:56985-2","","Y","Accepted","Chloroleucon mangense","Chloroleucon mangense","(Jacq.) Britton & Rose","169183","species","https://powo.science.kew.org/taxon/urn:lsid:ipni.org:names:56985-2","","Fabaceae","1","1","wcvp","0",""
"275","Chloroleucon mangense var. mangense",1,"191110","Chloroleucon mangense var. mangense",1,"variety","","",NA,"","Fabaceae","Chloroleucon","Chloroleucon",1,"mangense","mangense",1,"","",NA,"var.","mangense",1,"","",NA,"","","https://powo.science.kew.org/taxon/urn:lsid:ipni.org:names:77222929-1","","Y","Accepted","Chloroleucon mangense var. mangense","Chloroleucon mangense","","191110","variety","https://powo.science.kew.org/taxon/urn:lsid:ipni.org:names:77222929-1","","Fabaceae","1","1","wcvp","0",""
"276","Chloroleucon mangense var. mathewsii",1,"191111","Chloroleucon mangense var. mathewsii",1,"variety","","",NA,"(Benth.) Barneby & J.W.Grimes","Fabaceae","Chloroleucon","Chloroleucon",1,"mangense","mangense",1,"","",NA,"var.","mathewsii",1,"","",NA,"","","https://powo.science.kew.org/taxon/urn:lsid:ipni.org:names:989415-1","","Y","Accepted","Chloroleucon mangense var. mathewsii","Chloroleucon mangense","(Benth.) Barneby & J.W.Grimes","191111","variety","https://powo.science.kew.org/taxon/urn:lsid:ipni.org:names:989415-1","","Fabaceae","1","1","wcvp","0",""
"277","Chloroleucon mangense var. vincentis",1,"191115","Chloroleucon mangense var. vincentis",1,"variety","","",NA,"(Benth.) Barneby & J.W.Grimes","Fabaceae","Chloroleucon","Chloroleucon",1,"mangense","mangense",1,"","",NA,"var.","vincentis",1,"","",NA,"","","https://powo.science.kew.org/taxon/urn:lsid:ipni.org:names:989416-1","","Y","Accepted","Chloroleucon mangense var. vincentis","Chloroleucon mangense","(Benth.) Barneby & J.W.Grimes","191115","variety","https://powo.science.kew.org/taxon/urn:lsid:ipni.org:names:989416-1","","Fabaceae","1","1","wcvp","0",""
"278","Chloroleucon mangense var. leucospermum",1,"191118","Chloroleucon mangense var. leucospermum",1,"variety","","",NA,"(Brandegee) Barneby & J.W.Grimes","Fabaceae","Chloroleucon","Chloroleucon",1,"mangense","mangense",1,"","",NA,"var.","leucospermum",1,"","",NA,"","","https://powo.science.kew.org/taxon/urn:lsid:ipni.org:names:1044102-2","","Y","Accepted","Chloroleucon mangense var. leucospermum","Chloroleucon mangense","(Brandegee) Barneby & J.W.Grimes","191118","variety","https://powo.science.kew.org/taxon/urn:lsid:ipni.org:names:1044102-2","","Fabaceae","1","1","wcvp","0",""
"279","Chloroleucon mangense var. lentiscifolium",1,"191121","Chloroleucon mangense var. lentiscifolium",1,"variety","","",NA,"(C.Wright) Barneby & J.W.Grimes","Fabaceae","Chloroleucon","Chloroleucon",1,"mangense","mangense",1,"","",NA,"var.","lentiscifolium",1,"","",NA,"","","https://powo.science.kew.org/taxon/urn:lsid:ipni.org:names:989418-1","","Y","Accepted","Chloroleucon mangense var. lentiscifolium","Chloroleucon mangense","(C.Wright) Barneby & J.W.Grimes","191121","variety","https://powo.science.kew.org/taxon/urn:lsid:ipni.org:names:989418-1","","Fabaceae","1","1","wcvp","0",""
"280","Chloroleuson mangense var. tetrazyx",0.9920660349145,"1369472","Chloroleucon mangense var. tetrazyx",0.9920660349145,"variety","","",NA,"Barneby & J.W.Grimes","Fabaceae","Chloroleuson","Chloroleucon",0.91666666666667,"mangense","mangense",1,"","",NA,"var.","tetrazyx",1,"","",NA,"","","https://powo.science.kew.org/taxon/urn:lsid:ipni.org:names:319598-2","","Y","Accepted","Chloroleucon mangense var. tetrazyx","Chloroleucon mangense","Barneby & J.W.Grimes","1369472","variety","https://powo.science.kew.org/taxon/urn:lsid:ipni.org:names:319598-2","","Fabaceae","1","1","wcvp","0",""
"281","Sphinga prehensilis",1,"190066","Sphinga prehensilis",1,"species","","",NA,"(C.Wright) Barneby & J.W.Grimes","Fabaceae","Sphinga","Sphinga",1,"prehensilis","prehensilis",1,"","",NA,"","",NA,"","",NA,"","","https://powo.science.kew.org/taxon/urn:lsid:ipni.org:names:1105538-2","","Y","Accepted","Sphinga prehensilis","Sphinga prehensilis","(C.Wright) Barneby & J.W.Grimes","190066","species","https://powo.science.kew.org/taxon/urn:lsid:ipni.org:names:1105538-2","","Fabaceae","1","1","wcvp","0",""
"282","Sphinga acatlensis",1,"190067","Sphinga acatlensis",1,"species","","",NA,"(Benth.) Barneby & J.W.Grimes","Fabaceae","Sphinga","Sphinga",1,"acatlensis","acatlensis",1,"","",NA,"","",NA,"","",NA,"","","https://powo.science.kew.org/taxon/urn:lsid:ipni.org:names:989422-1","","Y","Synonym","Havardia acatlensis","Havardia acatlensis","(Benth.) Britton & Rose","169106","species","https://powo.science.kew.org/taxon/urn:lsid:ipni.org:names:118104-2","","Fabaceae","1","1","wcvp","0",""
"283","Sphinga platyloba",1,"190068","Sphinga platyloba",1,"species","","",NA,"(Bertero ex DC.) Barneby & J.W.Grimes","Fabaceae","Sphinga","Sphinga",1,"platyloba","platyloba",1,"","",NA,"","",NA,"","",NA,"","","https://powo.science.kew.org/taxon/urn:lsid:ipni.org:names:989423-1","","Y","Synonym","Havardia platyloba","Havardia platyloba","(Bertero ex DC.) Britton & Rose","184365","species","https://powo.science.kew.org/taxon/urn:lsid:ipni.org:names:118111-2","","Fabaceae","1","1","wcvp","0",""
"284","Havardia sonorae",1,"184434","Havardia sonorae",1,"species","","",NA,"(S.Watson) Britton & Rose","Fabaceae","Havardia","Havardia",1,"sonorae","sonorae",1,"","",NA,"","",NA,"","",NA,"","","https://powo.science.kew.org/taxon/urn:lsid:ipni.org:names:118113-2","","Y","Synonym","Gretheria sonorae","Gretheria sonorae","(S.Watson) Duno & Torke","1491299","species","https://powo.science.kew.org/taxon/urn:lsid:ipni.org:names:77303794-1","","Fabaceae","1","1","wcvp","0",""
"285","Havardia campylacanthus",0.9752518865735,"1218858","Havardia campylacantha",0.9752518865735,"species","","",NA,"(L.Rico & M.Sousa) Barneby & J.W.Grimes","Fabaceae","Havardia","Havardia",1,"campylacanthus","campylacantha",0.85714285714286,"","",NA,"","",NA,"","",NA,"","","https://powo.science.kew.org/taxon/urn:lsid:ipni.org:names:989424-1","","","Synonym","Gretheria campylacantha","Gretheria campylacantha","(L.Rico & M.Sousa) Duno & Torke","1491298","species","https://powo.science.kew.org/taxon/urn:lsid:ipni.org:names:77303793-1","","Fabaceae","1","1","wcvp","0",""
"286","Havardia pallens",1,"180121","Havardia pallens",1,"species","","",NA,"(Benth.) Britton & Rose","Fabaceae","Havardia","Havardia",1,"pallens","pallens",1,"","",NA,"","",NA,"","",NA,"","","https://powo.science.kew.org/taxon/urn:lsid:ipni.org:names:118110-2","","Y","Accepted","Havardia pallens","Havardia pallens","(Benth.) Britton & Rose","180121","species","https://powo.science.kew.org/taxon/urn:lsid:ipni.org:names:118110-2","","Fabaceae","1","1","wcvp","0",""
"287","Havardia albicans",1,"174381","Havardia albicans",1,"species","","",NA,"(Kunth) Britton & Rose","Fabaceae","Havardia","Havardia",1,"albicans","albicans",1,"","",NA,"","",NA,"","",NA,"","","https://powo.science.kew.org/taxon/urn:lsid:ipni.org:names:118105-2","","Y","Accepted","Havardia albicans","Havardia albicans","(Kunth) Britton & Rose","174381","species","https://powo.science.kew.org/taxon/urn:lsid:ipni.org:names:118105-2","","Fabaceae","1","1","wcvp","0",""
"288","Havardia mexicana",1,"184364","Havardia mexicana",1,"species","","",NA,"(Rose) Britton & Rose","Fabaceae","Havardia","Havardia",1,"mexicana","mexicana",1,"","",NA,"","",NA,"","",NA,"","","https://powo.science.kew.org/taxon/urn:lsid:ipni.org:names:118108-2","","Y","Accepted","Havardia mexicana","Havardia mexicana","(Rose) Britton & Rose","184364","species","https://powo.science.kew.org/taxon/urn:lsid:ipni.org:names:118108-2","","Fabaceae","1","1","wcvp","0",""
"289","Ebenopsis caesalpinioides",1,"184362","Ebenopsis caesalpinioides",1,"species","","",NA,"(Standl.) Britton & Rose","Fabaceae","Ebenopsis","Ebenopsis",1,"caesalpinioides","caesalpinioides",1,"","",NA,"","",NA,"","",NA,"","","https://powo.science.kew.org/taxon/urn:lsid:ipni.org:names:86534-2","","Y","Accepted","Ebenopsis caesalpinioides","Ebenopsis caesalpinioides","(Standl.) Britton & Rose","184362","species","https://powo.science.kew.org/taxon/urn:lsid:ipni.org:names:86534-2","","Fabaceae","1","1","wcvp","0",""
"290","Ebenopsis ebano",1,"191136","Ebenopsis ebano",1,"species","","",NA,"(Berland.) Barneby & J.W.Grimes","Fabaceae","Ebenopsis","Ebenopsis",1,"ebano","ebano",1,"","",NA,"","",NA,"","",NA,"","","https://powo.science.kew.org/taxon/urn:lsid:ipni.org:names:989425-1","","Y","Accepted","Ebenopsis ebano","Ebenopsis ebano","(Berland.) Barneby & J.W.Grimes","191136","species","https://powo.science.kew.org/taxon/urn:lsid:ipni.org:names:989425-1","","Fabaceae","1","1","wcvp","0",""
"291","Ebenopsis confinis",1,"1036638","Ebenopsis confinis",1,"species","","",NA,"(Standl.) Britton & Rose","Fabaceae","Ebenopsis","Ebenopsis",1,"confinis","confinis",1,"","",NA,"","",NA,"","",NA,"","","https://powo.science.kew.org/taxon/urn:lsid:ipni.org:names:86535-2","","Y","Accepted","Ebenopsis confinis","Ebenopsis confinis","(Standl.) Britton & Rose","1036638","species","https://powo.science.kew.org/taxon/urn:lsid:ipni.org:names:86535-2","","Fabaceae","1","1","wcvp","0",""
"292","Painteria leptophylla",1,"191146","Painteria leptophylla",1,"species","","",NA,"(DC.) Britton & Rose","Fabaceae","Painteria","Painteria",1,"leptophylla","leptophylla",1,"","",NA,"","",NA,"","",NA,"","","https://powo.science.kew.org/taxon/urn:lsid:ipni.org:names:180791-2","","Y","Synonym","Ricoa leptophylla","Ricoa leptophylla","(DC.) Duno & Torke","1491301","species","https://powo.science.kew.org/taxon/urn:lsid:ipni.org:names:77303796-1","","Fabaceae","1","1","wcvp","0",""
"293","Painteria elachistophylla",1,"184382","Painteria elachistophylla",1,"species","","",NA,"(A.Gray ex S.Watson) Britton & Rose","Fabaceae","Painteria","Painteria",1,"elachistophylla","elachistophylla",1,"","",NA,"","",NA,"","",NA,"","","https://powo.science.kew.org/taxon/urn:lsid:ipni.org:names:512061-1","","Y","Accepted","Painteria elachistophylla","Painteria elachistophylla","(A.Gray ex S.Watson) Britton & Rose","184382","species","https://powo.science.kew.org/taxon/urn:lsid:ipni.org:names:512061-1","","Fabaceae","1","1","wcvp","0",""
"294","Painteria revoluta",1,"184369","Painteria revoluta",1,"species","","",NA,"(Rose) Britton & Rose","Fabaceae","Painteria","Painteria",1,"revoluta","revoluta",1,"","",NA,"","",NA,"","",NA,"","","https://powo.science.kew.org/taxon/urn:lsid:ipni.org:names:180792-2","","Y","Accepted","Painteria revoluta","Painteria revoluta","(Rose) Britton & Rose","184369","species","https://powo.science.kew.org/taxon/urn:lsid:ipni.org:names:180792-2","","Fabaceae","1","1","wcvp","0",""
"295","Macrosamanea macrocalyx",1,"191159","Macrosamanea macrocalyx",1,"species","","",NA,"(Ducke) Barneby & J.W.Grimes","Fabaceae","Macrosamanea","Macrosamanea",1,"macrocalyx","macrocalyx",1,"","",NA,"","",NA,"","",NA,"","","https://powo.science.kew.org/taxon/urn:lsid:ipni.org:names:989427-1","","Y","Accepted","Macrosamanea macrocalyx","Macrosamanea macrocalyx","(Ducke) Barneby & J.W.Grimes","191159","species","https://powo.science.kew.org/taxon/urn:lsid:ipni.org:names:989427-1","","Fabaceae","1","1","wcvp","0",""
"296","Macrosamanea spruceana",1,"169220","Macrosamanea spruceana",1,"species","","",NA,"(Benth.) Killip ex Record","Fabaceae","Macrosamanea","Macrosamanea",1,"spruceana","spruceana",1,"","",NA,"","",NA,"","",NA,"","","https://powo.science.kew.org/taxon/urn:lsid:ipni.org:names:149094-2","","Y","Accepted","Macrosamanea spruceana","Macrosamanea spruceana","(Benth.) Killip ex Record","169220","species","https://powo.science.kew.org/taxon/urn:lsid:ipni.org:names:149094-2","","Fabaceae","1","1","wcvp","0",""
"297","Macrosamanea consanguinea",1,"191163","Macrosamanea consanguinea",1,"species","","",NA,"(R.S.Cowan) Barneby & J.W.Grimes","Fabaceae","Macrosamanea","Macrosamanea",1,"consanguinea","consanguinea",1,"","",NA,"","",NA,"","",NA,"","","https://powo.science.kew.org/taxon/urn:lsid:ipni.org:names:989428-1","","Y","Accepted","Macrosamanea consanguinea","Macrosamanea consanguinea","(R.S.Cowan) Barneby & J.W.Grimes","191163","species","https://powo.science.kew.org/taxon/urn:lsid:ipni.org:names:989428-1","","Fabaceae","1","1","wcvp","0",""
"298","Macrosamanea froesii",1,"191164","Macrosamanea froesii",1,"species","","",NA,"Barneby & J.W.Grimes","Fabaceae","Macrosamanea","Macrosamanea",1,"froesii","froesii",1,"","",NA,"","",NA,"","",NA,"","","https://powo.science.kew.org/taxon/urn:lsid:ipni.org:names:319600-2","","Y","Accepted","Macrosamanea froesii","Macrosamanea froesii","Barneby & J.W.Grimes","191164","species","https://powo.science.kew.org/taxon/urn:lsid:ipni.org:names:319600-2","","Fabaceae","1","1","wcvp","0",""
"299","Macrosamanea discolor",1,"174380","Macrosamanea discolor",1,"species","","",NA,"(Humb. & Bonpl. ex Willd.) Britton & Rose","Fabaceae","Macrosamanea","Macrosamanea",1,"discolor","discolor",1,"","",NA,"","",NA,"","",NA,"","","https://powo.science.kew.org/taxon/urn:lsid:ipni.org:names:149089-2","","Y","Accepted","Macrosamanea discolor","Macrosamanea discolor","(Humb. & Bonpl. ex Willd.) Britton & Rose","174380","species","https://powo.science.kew.org/taxon/urn:lsid:ipni.org:names:149089-2","","Fabaceae","1","1","wcvp","0",""
"300","Macrosamanea discolor var. discolor",1,"191154","Macrosamanea discolor var. discolor",1,"variety","","",NA,"","Fabaceae","Macrosamanea","Macrosamanea",1,"discolor","discolor",1,"","",NA,"var.","discolor",1,"","",NA,"","","https://powo.science.kew.org/taxon/urn:lsid:ipni.org:names:77190446-1","","Y","Accepted","Macrosamanea discolor var. discolor","Macrosamanea discolor","","191154","variety","https://powo.science.kew.org/taxon/urn:lsid:ipni.org:names:77190446-1","","Fabaceae","1","1","wcvp","0",""
"301","Macrosamanea discolor var. arenicola",1,"191156","Macrosamanea discolor var. arenicola",1,"variety","","",NA,"(R.S.Cowan) Barneby & J.W.Grimes","Fabaceae","Macrosamanea","Macrosamanea",1,"discolor","discolor",1,"","",NA,"var.","arenicola",1,"","",NA,"","","https://powo.science.kew.org/taxon/urn:lsid:ipni.org:names:989430-1","","Y","Accepted","Macrosamanea discolor var. arenicola","Macrosamanea discolor","(R.S.Cowan) Barneby & J.W.Grimes","191156","variety","https://powo.science.kew.org/taxon/urn:lsid:ipni.org:names:989430-1","","Fabaceae","1","1","wcvp","0",""
"302","Macrosamanea duckei",1,"191157","Macrosamanea duckei",1,"species","","",NA,"(Huber) Barneby & J.W.Grimes","Fabaceae","Macrosamanea","Macrosamanea",1,"duckei","duckei",1,"","",NA,"","",NA,"","",NA,"","","https://powo.science.kew.org/taxon/urn:lsid:ipni.org:names:1016491-2","","Y","Accepted","Macrosamanea duckei","Macrosamanea duckei","(Huber) Barneby & J.W.Grimes","191157","species","https://powo.science.kew.org/taxon/urn:lsid:ipni.org:names:1016491-2","","Fabaceae","1","1","wcvp","0",""
"303","Macrosamanea publramea",0.98210117101673,"191170","Macrosamanea pubiramea",0.98210117101673,"species","","",NA,"(Steud.) Barneby & J.W.Grimes","Fabaceae","Macrosamanea","Macrosamanea",1,"publramea","pubiramea",0.88888888888889,"","",NA,"","",NA,"","",NA,"","","https://powo.science.kew.org/taxon/urn:lsid:ipni.org:names:989432-1","","","Accepted","Macrosamanea pubiramea","Macrosamanea pubiramea","(Steud.) Barneby & J.W.Grimes","191170","species","https://powo.science.kew.org/taxon/urn:lsid:ipni.org:names:989432-1","","Fabaceae","1","1","wcvp","0",""
"304","Macrosamanea pubiramea var. pubiramea",1,"191171","Macrosamanea pubiramea var. pubiramea",1,"variety","","",NA,"","Fabaceae","Macrosamanea","Macrosamanea",1,"pubiramea","pubiramea",1,"","",NA,"var.","pubiramea",1,"","",NA,"","","https://powo.science.kew.org/taxon/urn:lsid:ipni.org:names:77190463-1","","Y","Accepted","Macrosamanea pubiramea var. pubiramea","Macrosamanea pubiramea","","191171","variety","https://powo.science.kew.org/taxon/urn:lsid:ipni.org:names:77190463-1","","Fabaceae","1","1","wcvp","0",""
"305","Macrosamanea pubiramea var. lindsaeifolia",1,"191165","Macrosamanea pubiramea var. lindsaeifolia",1,"variety","","",NA,"(Spruce ex Benth.) Barneby & J.W.Grimes","Fabaceae","Macrosamanea","Macrosamanea",1,"pubiramea","pubiramea",1,"","",NA,"var.","lindsaeifolia",1,"","",NA,"","","https://powo.science.kew.org/taxon/urn:lsid:ipni.org:names:989433-1","","Y","Accepted","Macrosamanea pubiramea var. lindsaeifolia","Macrosamanea pubiramea","(Spruce ex Benth.) Barneby & J.W.Grimes","191165","variety","https://powo.science.kew.org/taxon/urn:lsid:ipni.org:names:989433-1","","Fabaceae","1","1","wcvp","0",""
"306","Macrosamanea amplissima",1,"191180","Macrosamanea amplissima",1,"species","","",NA,"(Ducke) Barneby & J.W.Grimes","Fabaceae","Macrosamanea","Macrosamanea",1,"amplissima","amplissima",1,"","",NA,"","",NA,"","",NA,"","","https://powo.science.kew.org/taxon/urn:lsid:ipni.org:names:989434-1","","Y","Accepted","Macrosamanea amplissima","Macrosamanea amplissima","(Ducke) Barneby & J.W.Grimes","191180","species","https://powo.science.kew.org/taxon/urn:lsid:ipni.org:names:989434-1","","Fabaceae","1","1","wcvp","0",""
"307","Macrosamanea simabifolia",1,"191181","Macrosamanea simabifolia",1,"species","","",NA,"(Spruce ex Benth.) Pittier","Fabaceae","Macrosamanea","Macrosamanea",1,"simabifolia","simabifolia",1,"","",NA,"","",NA,"","",NA,"","","https://powo.science.kew.org/taxon/urn:lsid:ipni.org:names:149093-2","","Y","Accepted","Macrosamanea simabifolia","Macrosamanea simabifolia","(Spruce ex Benth.) Pittier","191181","species","https://powo.science.kew.org/taxon/urn:lsid:ipni.org:names:149093-2","","Fabaceae","1","1","wcvp","0",""
"308","Macrosamanea prancel",0.9752518865735,"191185","Macrosamanea prancei",0.9752518865735,"species","","",NA,"(Barneby) Barneby & J.W.Grimes","Fabaceae","Macrosamanea","Macrosamanea",1,"prancel","prancei",0.85714285714286,"","",NA,"","",NA,"","",NA,"","","https://powo.science.kew.org/taxon/urn:lsid:ipni.org:names:989435-1","","","Accepted","Macrosamanea prancei","Macrosamanea prancei","(Barneby) Barneby & J.W.Grimes","191185","species","https://powo.science.kew.org/taxon/urn:lsid:ipni.org:names:989435-1","","Fabaceae","1","1","wcvp","0",""
"309","Macrosamanea kegelii",1,"169154","Macrosamanea kegelii",1,"species","","",NA,"(Meisn.) Kleinhoonte","Fabaceae","Macrosamanea","Macrosamanea",1,"kegelii","kegelii",1,"","",NA,"","",NA,"","",NA,"","","https://powo.science.kew.org/taxon/urn:lsid:ipni.org:names:149090-2","","Y","Accepted","Macrosamanea kegelii","Macrosamanea kegelii","(Meisn.) Kleinhoonte","169154","species","https://powo.science.kew.org/taxon/urn:lsid:ipni.org:names:149090-2","","Fabaceae","1","1","wcvp","0",""
"310","Albizia polycephala",1,"183320","Albizia polycephala",1,"species","","",NA,"(Benth.) Killip","Fabaceae","Albizia","Albizia",1,"polycephala","polycephala",1,"","",NA,"","",NA,"","",NA,"","","https://powo.science.kew.org/taxon/urn:lsid:ipni.org:names:8039-2","","Y","Synonym","Pseudalbizzia polycephala","Pseudalbizzia polycephala","(Benth.) E.J.M.Koenen & Duno","1491311","species","https://powo.science.kew.org/taxon/urn:lsid:ipni.org:names:77303806-1","","Fabaceae","1","1","wcvp","0",""
"311","Albizia edwallii",1,"191200","Albizia edwallii",1,"species","","",NA,"(Hoehne) Barneby & J.W.Grimes","Fabaceae","Albizia","Albizia",1,"edwallii","edwallii",1,"","",NA,"","",NA,"","",NA,"","","https://powo.science.kew.org/taxon/urn:lsid:ipni.org:names:989438-1","","Y","Synonym","Pseudalbizzia edwallii","Pseudalbizzia edwallii","(Hoehne) E.J.M.Koenen & Duno","1491310","species","https://powo.science.kew.org/taxon/urn:lsid:ipni.org:names:77303805-1","","Fabaceae","1","1","wcvp","0",""
"312","Albizia burkartiana",1,"191198","Albizia burkartiana",1,"species","","",NA,"Barneby & J.W.Grimes","Fabaceae","Albizia","Albizia",1,"burkartiana","burkartiana",1,"","",NA,"","",NA,"","",NA,"","","https://powo.science.kew.org/taxon/urn:lsid:ipni.org:names:319604-2","","Y","Synonym","Pseudalbizzia burkartiana","Pseudalbizzia burkartiana","(Barneby & J.W.Grimes) E.J.M.Koenen & Duno","1491313","species","https://powo.science.kew.org/taxon/urn:lsid:ipni.org:names:77303808-1","","Fabaceae","1","1","wcvp","0",""
"313","Albizia coripatensis",1,"184302","Albizia coripatensis",1,"species","","",NA,"(Rusby) Schery","Fabaceae","Albizia","Albizia",1,"coripatensis","coripatensis",1,"","",NA,"","",NA,"","",NA,"","","https://powo.science.kew.org/taxon/urn:lsid:ipni.org:names:8019-2","","Y","Synonym","Pseudalbizzia coripatensis","Pseudalbizzia coripatensis","(Rusby) E.J.M.Koenen & Duno","1491309","species","https://powo.science.kew.org/taxon/urn:lsid:ipni.org:names:77303804-1","","Fabaceae","1","1","wcvp","0",""
"314","Albizia tomentosa",1,"176107","Albizia tomentosa",1,"species","","",NA,"(Micheli) Standl.","Fabaceae","Albizia","Albizia",1,"tomentosa","tomentosa",1,"","",NA,"","",NA,"","",NA,"","","https://powo.science.kew.org/taxon/urn:lsid:ipni.org:names:8042-2","","Y","Synonym","Pseudalbizzia tomentosa","Pseudalbizzia tomentosa","(Micheli) E.J.M.Koenen & Duno","1491316","species","https://powo.science.kew.org/taxon/urn:lsid:ipni.org:names:77303811-1","","Fabaceae","1","1","wcvp","0",""
"315","Albizia sinaloensis",1,"184319","Albizia sinaloensis",1,"species","","",NA,"Britton & Rose","Fabaceae","Albizia","Albizia",1,"sinaloensis","sinaloensis",1,"","",NA,"","",NA,"","",NA,"","","https://powo.science.kew.org/taxon/urn:lsid:ipni.org:names:8041-2","","Y","Synonym","Pseudalbizzia sinaloensis","Pseudalbizzia sinaloensis","(Britton & Rose) E.J.M.Koenen & Duno","1491315","species","https://powo.science.kew.org/taxon/urn:lsid:ipni.org:names:77303810-1","","Fabaceae","1","1","wcvp","0",""
"316","Albizia leonardii",1,"191194","Albizia leonardii",1,"species","","",NA,"Britton & Rose ex Barneby & J.W.Grimes","Fabaceae","Albizia","Albizia",1,"leonardii","leonardii",1,"","",NA,"","",NA,"","",NA,"","","https://powo.science.kew.org/taxon/urn:lsid:ipni.org:names:319605-2","","Y","Synonym","Parasenegalia vogeliana","Parasenegalia vogeliana","(Steud.) Seigler & Ebinger","1373529","species","https://powo.science.kew.org/taxon/urn:lsid:ipni.org:names:77175805-1","","Fabaceae","1","1","wcvp","0",""
"317","Albizia barinensis",1,"1047845","Albizia barinensis",1,"species","","",NA,"L.Cárdenas","Fabaceae","Albizia","Albizia",1,"barinensis","barinensis",1,"","",NA,"","",NA,"","",NA,"","","https://powo.science.kew.org/taxon/urn:lsid:ipni.org:names:271912-2","","Y","Synonym","Pseudalbizzia barinensis","Pseudalbizzia barinensis","(L.Cárdenas) E.J.M.Koenen & Duno","1491308","species","https://powo.science.kew.org/taxon/urn:lsid:ipni.org:names:77303803-1","","Fabaceae","1","1","wcvp","0",""
"318","Albizia adinocephala",1,"163573","Albizia adinocephala",1,"species","","",NA,"(Donn.Sm.) Britton & Rose ex Record","Fabaceae","Albizia","Albizia",1,"adinocephala","adinocephala",1,"","",NA,"","",NA,"","",NA,"","","https://powo.science.kew.org/taxon/urn:lsid:ipni.org:names:8013-2","","Y","Synonym","Pseudalbizzia adinocephala","Pseudalbizzia adinocephala","(Donn.Sm.) E.J.M.Koenen & Duno","1491314","species","https://powo.science.kew.org/taxon/urn:lsid:ipni.org:names:77303809-1","","Fabaceae","1","1","wcvp","0",""
"319","Albizia niopoides",1,"163575","Albizia niopoides",1,"species","","",NA,"(Spruce ex Benth.) Burkart","Fabaceae","Albizia","Albizia",1,"niopoides","niopoides",1,"","",NA,"","",NA,"","",NA,"","","https://powo.science.kew.org/taxon/urn:lsid:ipni.org:names:8032-2","","Y","Synonym","Pseudalbizzia niopoides","Pseudalbizzia niopoides","(Spruce ex Benth.) E.J.M.Koenen & Duno","1491320","species","https://powo.science.kew.org/taxon/urn:lsid:ipni.org:names:77303815-1","","Fabaceae","1","1","wcvp","0",""
"320","Albizia niopoides var. niopoldes",0.59957384396743,"163575","Albizia niopoides",0.59957384396743,"species","","",NA,"(Spruce ex Benth.) Burkart","Fabaceae","Albizia","Albizia",1,"niopoides","niopoides",1,"","",NA,"","",NA,"","",NA,"","var. niopoldes","https://powo.science.kew.org/taxon/urn:lsid:ipni.org:names:8032-2","","Y","Synonym","Pseudalbizzia niopoides","Pseudalbizzia niopoides","(Spruce ex Benth.) E.J.M.Koenen & Duno","1491320","species","https://powo.science.kew.org/taxon/urn:lsid:ipni.org:names:77303815-1","","Fabaceae","1","1","wcvp","1","[Partial]"
"321","Albizia niopoides var. colombiana",1,"1628150","Albizia niopoides var. colombiana",1,"variety","","",NA,"(Britton) Barneby & J.W.Grimes","Fabaceae","Albizia","Albizia",1,"niopoides","niopoides",1,"","",NA,"var.","colombiana",1,"","",NA,"","","https://powo.science.kew.org/taxon/urn:lsid:ipni.org:names:1205325-2","","Y","Synonym","Pseudalbizzia niopoides var. colombiana","Pseudalbizzia niopoides","(Britton) E.J.M.Koenen & Duno","1491321","variety","https://powo.science.kew.org/taxon/urn:lsid:ipni.org:names:77303816-1","","Fabaceae","1","1","wcvp","0",""
"322","Albizia buntingii",1,"191220","Albizia buntingii",1,"species","","",NA,"Barneby & J.W.Grimes","Fabaceae","Albizia","Albizia",1,"buntingii","buntingii",1,"","",NA,"","",NA,"","",NA,"","","https://powo.science.kew.org/taxon/urn:lsid:ipni.org:names:319606-2","","Y","Synonym","Pseudalbizzia buntingii","Pseudalbizzia buntingii","(Barneby & J.W.Grimes) E.J.M.Koenen & Duno","1491331","species","https://powo.science.kew.org/taxon/urn:lsid:ipni.org:names:77303826-1","","Fabaceae","1","1","wcvp","0",""
"323","Albizia carbonaria",1,"179219","Albizia carbonaria",1,"species","","",NA,"Britton","Fabaceae","Albizia","Albizia",1,"carbonaria","carbonaria",1,"","",NA,"","",NA,"","",NA,"","","https://powo.science.kew.org/taxon/urn:lsid:ipni.org:names:8016-2","","Y","Synonym","Pseudosamanea carbonaria","Pseudosamanea carbonaria","(Britton) E.J.M.Koenen","1491306","species","https://powo.science.kew.org/taxon/urn:lsid:ipni.org:names:77303801-1","","Fabaceae","1","1","wcvp","0",""
"324","Albizia berteriana",0.98428510306992,"1430925","Albizia berteroana",0.98428510306992,"species","","",NA,"(Balb. ex DC.) Fawc. & Rendle","Fabaceae","Albizia","Albizia",1,"berteriana","berteroana",0.9,"","",NA,"","",NA,"","",NA,"","","https://powo.science.kew.org/taxon/urn:lsid:ipni.org:names:473182-1","","Y","Synonym","Pseudalbizzia berteroana","Pseudalbizzia berteroana","(Balb. ex DC.) Britton & Rose","1428629","species","https://powo.science.kew.org/taxon/urn:lsid:ipni.org:names:211118-2","","Fabaceae","1","1","wcvp","0",""
"325","Albizia glabripetala",1,"181948","Albizia glabripetala",1,"species","","",NA,"(H.S.Irwin) G.J.Lewis & P.E.Owen","Fabaceae","Albizia","Albizia",1,"glabripetala","glabripetala",1,"","",NA,"","",NA,"","",NA,"","","https://powo.science.kew.org/taxon/urn:lsid:ipni.org:names:946428-1","","Y","Synonym","Pseudalbizzia glabripetala","Pseudalbizzia glabripetala","(H.S.Irwin) E.J.M.Koenen & Duno","1491324","species","https://powo.science.kew.org/taxon/urn:lsid:ipni.org:names:77303819-1","","Fabaceae","1","1","wcvp","0",""
"326","Albizia plistaciifolia",0.98945108257249,"191227","Albizia pistaciifolia",0.98945108257249,"species","","",NA,"(Willd.) Barneby & J.W.Grimes","Fabaceae","Albizia","Albizia",1,"plistaciifolia","pistaciifolia",0.92857142857143,"","",NA,"","",NA,"","",NA,"","","https://powo.science.kew.org/taxon/urn:lsid:ipni.org:names:989444-1","","","Synonym","Pseudalbizzia pistaciifolia","Pseudalbizzia pistaciifolia","(Willd.) E.J.M.Koenen & Duno","1491328","species","https://powo.science.kew.org/taxon/urn:lsid:ipni.org:names:77303823-1","","Fabaceae","1","1","wcvp","0",""
"327","Albizia subdimidiata",1,"191234","Albizia subdimidiata",1,"species","","",NA,"(Splitg.) Barneby & J.W.Grimes","Fabaceae","Albizia","Albizia",1,"subdimidiata","subdimidiata",1,"","",NA,"","",NA,"","",NA,"","","https://powo.science.kew.org/taxon/urn:lsid:ipni.org:names:989445-1","","Y","Synonym","Pseudalbizzia subdimidiata","Pseudalbizzia subdimidiata","(Splitg.) E.J.M.Koenen & Duno","1491329","species","https://powo.science.kew.org/taxon/urn:lsid:ipni.org:names:77303824-1","","Fabaceae","1","1","wcvp","0",""
"328","Albizia subdimidiata var. subdimidiata",0.59957384396743,"191234","Albizia subdimidiata",0.59957384396743,"species","","",NA,"(Splitg.) Barneby & J.W.Grimes","Fabaceae","Albizia","Albizia",1,"subdimidiata","subdimidiata",1,"","",NA,"","",NA,"","",NA,"","var. subdimidiata","https://powo.science.kew.org/taxon/urn:lsid:ipni.org:names:989445-1","","Y","Synonym","Pseudalbizzia subdimidiata","Pseudalbizzia subdimidiata","(Splitg.) E.J.M.Koenen & Duno","1491329","species","https://powo.science.kew.org/taxon/urn:lsid:ipni.org:names:77303824-1","","Fabaceae","1","1","wcvp","1","[Partial]"
"329","Albizia subdimidiata var. minor",1,"1369340","Albizia subdimidiata var. minor",1,"variety","","",NA,"Barneby & J.W.Grimes","Fabaceae","Albizia","Albizia",1,"subdimidiata","subdimidiata",1,"","",NA,"var.","minor",1,"","",NA,"","","https://powo.science.kew.org/taxon/urn:lsid:ipni.org:names:319608-2","","Y","Synonym","Pseudalbizzia subdimidiata var. minor","Pseudalbizzia subdimidiata","(Barneby & J.W.Grimes) E.J.M.Koenen & Duno","1491330","variety","https://powo.science.kew.org/taxon/urn:lsid:ipni.org:names:77303825-1","","Fabaceae","1","1","wcvp","0",""
"330","Albizia multiflora",1,"191219","Albizia multiflora",1,"species","","",NA,"(Kunth) Barneby & J.W.Grimes","Fabaceae","Albizia","Albizia",1,"multiflora","multiflora",1,"","",NA,"","",NA,"","",NA,"","","https://powo.science.kew.org/taxon/urn:lsid:ipni.org:names:989448-1","","Y","Synonym","Pseudalbizzia multiflora","Pseudalbizzia multiflora","(Kunth) E.J.M.Koenen & Duno","1491326","species","https://powo.science.kew.org/taxon/urn:lsid:ipni.org:names:77303821-1","","Fabaceae","1","1","wcvp","0",""
"331","Albizia multiflora var. multiflora",0.59957384396743,"191219","Albizia multiflora",0.59957384396743,"species","","",NA,"(Kunth) Barneby & J.W.Grimes","Fabaceae","Albizia","Albizia",1,"multiflora","multiflora",1,"","",NA,"","",NA,"","",NA,"","var. multiflora","https://powo.science.kew.org/taxon/urn:lsid:ipni.org:names:989448-1","","Y","Synonym","Pseudalbizzia multiflora","Pseudalbizzia multiflora","(Kunth) E.J.M.Koenen & Duno","1491326","species","https://powo.science.kew.org/taxon/urn:lsid:ipni.org:names:77303821-1","","Fabaceae","1","1","wcvp","1","[Partial]"
"332","Albizia multiflora var. sagasteguii",1,"1369339","Albizia multiflora var. sagasteguii",1,"variety","","",NA,"Barneby & J.W.Grimes","Fabaceae","Albizia","Albizia",1,"multiflora","multiflora",1,"","",NA,"var.","sagasteguii",1,"","",NA,"","","https://powo.science.kew.org/taxon/urn:lsid:ipni.org:names:319610-2","","Y","Synonym","Pseudalbizzia multiflora var. sagasteguii","Pseudalbizzia multiflora","(Barneby & J.W.Grimes) E.J.M.Koenen & Duno","1491327","variety","https://powo.science.kew.org/taxon/urn:lsid:ipni.org:names:77303822-1","","Fabaceae","1","1","wcvp","0",""
"333","Albizia decandra",1,"1221658","Albizia decandra",1,"species","","",NA,"(Ducke) Barneby & J.W.Grimes","Fabaceae","Albizia","Albizia",1,"decandra","decandra",1,"","",NA,"","",NA,"","",NA,"","","https://powo.science.kew.org/taxon/urn:lsid:ipni.org:names:989450-1","","Y","Synonym","Pseudalbizzia decandra","Pseudalbizzia decandra","(Ducke) E.J.M.Koenen & Duno","1491323","species","https://powo.science.kew.org/taxon/urn:lsid:ipni.org:names:77303818-1","","Fabaceae","1","1","wcvp","0",""
"334","Albizia inundata",1,"191203","Albizia inundata",1,"species","","",NA,"(Mart.) Barneby & J.W.Grimes","Fabaceae","Albizia","Albizia",1,"inundata","inundata",1,"","",NA,"","",NA,"","",NA,"","","https://powo.science.kew.org/taxon/urn:lsid:ipni.org:names:1208750-2","","Y","Synonym","Pseudalbizzia inundata","Pseudalbizzia inundata","(Mart.) E.J.M.Koenen & Duno","1491325","species","https://powo.science.kew.org/taxon/urn:lsid:ipni.org:names:77303820-1","","Fabaceae","1","1","wcvp","0",""
"335","Albizia chinensis",1,"179634","Albizia chinensis",1,"species","","",NA,"(Osbeck) Merr.","Fabaceae","Albizia","Albizia",1,"chinensis","chinensis",1,"","",NA,"","",NA,"","",NA,"","","https://powo.science.kew.org/taxon/urn:lsid:ipni.org:names:473204-1","","Y","Accepted","Albizia chinensis","Albizia chinensis","(Osbeck) Merr.","179634","species","https://powo.science.kew.org/taxon/urn:lsid:ipni.org:names:473204-1","","Fabaceae","1","1","wcvp","0",""
"336","Albizia lebbeck",1,"181693","Albizia lebbeck",1,"species","","",NA,"(L.) Benth.","Fabaceae","Albizia","Albizia",1,"lebbeck","lebbeck",1,"","",NA,"","",NA,"","",NA,"","","https://powo.science.kew.org/taxon/urn:lsid:ipni.org:names:99109-3","","Y","Accepted","Albizia lebbeck","Albizia lebbeck","(L.) Benth.","181693","species","https://powo.science.kew.org/taxon/urn:lsid:ipni.org:names:99109-3","","Fabaceae","1","1","wcvp","0",""
"337","Albizia julibrissin",1,"171640","Albizia julibrissin",1,"species","","",NA,"Durazz.","Fabaceae","Albizia","Albizia",1,"julibrissin","julibrissin",1,"","",NA,"","",NA,"","",NA,"","","https://powo.science.kew.org/taxon/urn:lsid:ipni.org:names:473275-1","","Y","Accepted","Albizia julibrissin","Albizia julibrissin","Durazz.","171640","species","https://powo.science.kew.org/taxon/urn:lsid:ipni.org:names:473275-1","","Fabaceae","1","1","wcvp","0",""
"338","Albizia procera",1,"183452","Albizia procera",1,"species","","",NA,"(Roxb.) Benth.","Fabaceae","Albizia","Albizia",1,"procera","procera",1,"","",NA,"","",NA,"","",NA,"","","https://powo.science.kew.org/taxon/urn:lsid:ipni.org:names:473360-1","","Y","Accepted","Albizia procera","Albizia procera","(Roxb.) Benth.","183452","species","https://powo.science.kew.org/taxon/urn:lsid:ipni.org:names:473360-1","","Fabaceae","1","1","wcvp","0",""
"339","Enterolobium oldemanii",1,"191244","Enterolobium oldemanii",1,"species","","",NA,"Barneby & J.W.Grimes","Fabaceae","Enterolobium","Enterolobium",1,"oldemanii","oldemanii",1,"","",NA,"","",NA,"","",NA,"","","https://powo.science.kew.org/taxon/urn:lsid:ipni.org:names:989454-1","","Y","Synonym","Robrichia oldemanii","Robrichia oldemanii","(Barneby & J.W.Grimes) A.R.M.Luz & E.R.Souza","1466710","species","https://powo.science.kew.org/taxon/urn:lsid:ipni.org:names:77301635-1","","Fabaceae","1","1","wcvp","0",""
"340","Cedrelinga cateniformis",1,"183881","Cedrelinga cateniformis",1,"species","","",NA,"(Ducke) Ducke","Fabaceae","Cedrelinga","Cedrelinga",1,"cateniformis","cateniformis",1,"","",NA,"","",NA,"","",NA,"","","https://powo.science.kew.org/taxon/urn:lsid:ipni.org:names:51040-2","","Y","Accepted","Cedrelinga cateniformis","Cedrelinga cateniformis","(Ducke) Ducke","183881","species","https://powo.science.kew.org/taxon/urn:lsid:ipni.org:names:51040-2","","Fabaceae","1","1","wcvp","0",""
"341","Paraserianthes lophantha",1,"181638","Paraserianthes lophantha",1,"species","","",NA,"(Vent.) I.C.Nielsen","Fabaceae","Paraserianthes","Paraserianthes",1,"lophantha","lophantha",1,"","",NA,"","",NA,"","",NA,"","","https://powo.science.kew.org/taxon/urn:lsid:ipni.org:names:912944-1","","Y","Accepted","Paraserianthes lophantha","Paraserianthes lophantha","(Vent.) I.C.Nielsen","181638","species","https://powo.science.kew.org/taxon/urn:lsid:ipni.org:names:912944-1","","Fabaceae","1","1","wcvp","0",""
"342","Lysiloma latisiliquum",1,"180982","Lysiloma latisiliquum",1,"species","","",NA,"(L.) Benth.","Fabaceae","Lysiloma","Lysiloma",1,"latisiliquum","latisiliquum",1,"","",NA,"","",NA,"","",NA,"","","https://powo.science.kew.org/taxon/urn:lsid:ipni.org:names:1065371-2","","Y","Accepted","Lysiloma latisiliquum","Lysiloma latisiliquum","(L.) Benth.","180982","species","https://powo.science.kew.org/taxon/urn:lsid:ipni.org:names:1065371-2","","Fabaceae","1","1","wcvp","0",""
"343","Lysiloma sabicu",1,"179753","Lysiloma sabicu",1,"species","","",NA,"Benth.","Fabaceae","Lysiloma","Lysiloma",1,"sabicu","sabicu",1,"","",NA,"","",NA,"","",NA,"","","https://powo.science.kew.org/taxon/urn:lsid:ipni.org:names:317730-2","","Y","Accepted","Lysiloma sabicu","Lysiloma sabicu","Benth.","179753","species","https://powo.science.kew.org/taxon/urn:lsid:ipni.org:names:317730-2","","Fabaceae","1","1","wcvp","0",""
"344","Pithecellobium diversifolium",1,"166434","Pithecellobium diversifolium",1,"species","","",NA,"Benth.","Fabaceae","Pithecellobium","Pithecellobium",1,"diversifolium","diversifolium",1,"","",NA,"","",NA,"","",NA,"","","https://powo.science.kew.org/taxon/urn:lsid:ipni.org:names:200672-2","","Y","Accepted","Pithecellobium diversifolium","Pithecellobium diversifolium","Benth.","166434","species","https://powo.science.kew.org/taxon/urn:lsid:ipni.org:names:200672-2","","Fabaceae","1","1","wcvp","0",""
"345","Pithecellobium excelsum",1,"172005","Pithecellobium excelsum",1,"species","","",NA,"(Kunth) Mart.","Fabaceae","Pithecellobium","Pithecellobium",1,"excelsum","excelsum",1,"","",NA,"","",NA,"","",NA,"","","https://powo.science.kew.org/taxon/urn:lsid:ipni.org:names:514923-1","","Y","Accepted","Pithecellobium excelsum","Pithecellobium excelsum","(Kunth) Mart.","172005","species","https://powo.science.kew.org/taxon/urn:lsid:ipni.org:names:514923-1","","Fabaceae","1","1","wcvp","0",""
"346","Pithecellobium circinale",1,"166416","Pithecellobium circinale",1,"species","","",NA,"(L.) Benth.","Fabaceae","Pithecellobium","Pithecellobium",1,"circinale","circinale",1,"","",NA,"","",NA,"","",NA,"","","https://powo.science.kew.org/taxon/urn:lsid:ipni.org:names:200653-2","","Y","Accepted","Pithecellobium circinale","Pithecellobium circinale","(L.) Benth.","166416","species","https://powo.science.kew.org/taxon/urn:lsid:ipni.org:names:200653-2","","Fabaceae","1","1","wcvp","0",""
"347","Pithecellobium cynodonticum",1,"190796","Pithecellobium cynodonticum",1,"species","","",NA,"Barneby & J.W.Grimes","Fabaceae","Pithecellobium","Pithecellobium",1,"cynodonticum","cynodonticum",1,"","",NA,"","",NA,"","",NA,"","","https://powo.science.kew.org/taxon/urn:lsid:ipni.org:names:313877-2","","Y","Accepted","Pithecellobium cynodonticum","Pithecellobium cynodonticum","Barneby & J.W.Grimes","190796","species","https://powo.science.kew.org/taxon/urn:lsid:ipni.org:names:313877-2","","Fabaceae","1","1","wcvp","0",""
"348","Pithecellobium histrix",1,"190798","Pithecellobium histrix",1,"species","","",NA,"(A.Rich.) Benth.","Fabaceae","Pithecellobium","Pithecellobium",1,"histrix","histrix",1,"","",NA,"","",NA,"","",NA,"","","https://powo.science.kew.org/taxon/urn:lsid:ipni.org:names:514963-1","","Y","Accepted","Pithecellobium histrix","Pithecellobium histrix","(A.Rich.) Benth.","190798","species","https://powo.science.kew.org/taxon/urn:lsid:ipni.org:names:514963-1","","Fabaceae","1","1","wcvp","0",""
"349","Pithecellobium keyense",1,"1047311","Pithecellobium keyense",1,"species","","",NA,"Britton","Fabaceae","Pithecellobium","Pithecellobium",1,"keyense","keyense",1,"","",NA,"","",NA,"","",NA,"","","https://powo.science.kew.org/taxon/urn:lsid:ipni.org:names:313878-2","","Y","Accepted","Pithecellobium keyense","Pithecellobium keyense","Britton","1047311","species","https://powo.science.kew.org/taxon/urn:lsid:ipni.org:names:313878-2","","Fabaceae","1","1","wcvp","0",""
"350","Pithecellobium unguis-cati",1,"176055","Pithecellobium unguis-cati",1,"species","","",NA,"(L.) Benth.","Fabaceae","Pithecellobium","Pithecellobium",1,"unguis-cati","unguis-cati",1,"","",NA,"","",NA,"","",NA,"","","https://powo.science.kew.org/taxon/urn:lsid:ipni.org:names:515137-1","","Y","Accepted","Pithecellobium unguis-cati","Pithecellobium unguis-cati","(L.) Benth.","176055","species","https://powo.science.kew.org/taxon/urn:lsid:ipni.org:names:515137-1","","Fabaceae","1","1","wcvp","0",""
"351","Pithecelloblum roseum",0.98945108257249,"1049022","Pithecellobium roseum",0.98945108257249,"species","","",NA,"(Vahl) Barneby & J.W.Grimes","Fabaceae","Pithecelloblum","Pithecellobium",0.92857142857143,"roseum","roseum",1,"","",NA,"","",NA,"","",NA,"","","https://powo.science.kew.org/taxon/urn:lsid:ipni.org:names:996931-1","","Y","Accepted","Pithecellobium roseum","Pithecellobium roseum","(Vahl) Barneby & J.W.Grimes","1049022","species","https://powo.science.kew.org/taxon/urn:lsid:ipni.org:names:996931-1","","Fabaceae","1","1","wcvp","0",""
"352","Pithecellobium roseum var. roseum",0.59957384396743,"1049022","Pithecellobium roseum",0.59957384396743,"species","","",NA,"(Vahl) Barneby & J.W.Grimes","Fabaceae","Pithecellobium","Pithecellobium",1,"roseum","roseum",1,"","",NA,"","",NA,"","",NA,"","var. roseum","https://powo.science.kew.org/taxon/urn:lsid:ipni.org:names:996931-1","","Y","Accepted","Pithecellobium roseum","Pithecellobium roseum","(Vahl) Barneby & J.W.Grimes","1049022","species","https://powo.science.kew.org/taxon/urn:lsid:ipni.org:names:996931-1","","Fabaceae","1","1","wcvp","1","[Partial]"
"353","Pithecellobium roseum var. glaucescens",1,"190813","Pithecellobium roseum var. glaucescens",1,"variety","","",NA,"(Pittier) Barneby & J.W.Grimes","Fabaceae","Pithecellobium","Pithecellobium",1,"roseum","roseum",1,"","",NA,"var.","glaucescens",1,"","",NA,"","","https://powo.science.kew.org/taxon/urn:lsid:ipni.org:names:996932-1","","Y","Synonym","Pithecellobium roseum","Pithecellobium roseum","(Vahl) Barneby & J.W.Grimes","1049022","species","https://powo.science.kew.org/taxon/urn:lsid:ipni.org:names:996931-1","","Fabaceae","1","1","wcvp","0",""
"354","Pithecellobium dulce",1,"175888","Pithecellobium dulce",1,"species","","",NA,"(Roxb.) Benth.","Fabaceae","Pithecellobium","Pithecellobium",1,"dulce","dulce",1,"","",NA,"","",NA,"","",NA,"","","https://powo.science.kew.org/taxon/urn:lsid:ipni.org:names:1003508-2","","Y","Accepted","Pithecellobium dulce","Pithecellobium dulce","(Roxb.) Benth.","175888","species","https://powo.science.kew.org/taxon/urn:lsid:ipni.org:names:1003508-2","","Fabaceae","1","1","wcvp","0",""
"355","Pithecellobium peckii",1,"166514","Pithecellobium peckii",1,"species","","",NA,"S.F.Blake","Fabaceae","Pithecellobium","Pithecellobium",1,"peckii","peckii",1,"","",NA,"","",NA,"","",NA,"","","https://powo.science.kew.org/taxon/urn:lsid:ipni.org:names:200773-2","","Y","Accepted","Pithecellobium peckii","Pithecellobium peckii","S.F.Blake","166514","species","https://powo.science.kew.org/taxon/urn:lsid:ipni.org:names:200773-2","","Fabaceae","1","1","wcvp","0",""
"356","Pithecellobium bipinnatum",1,"184453","Pithecellobium bipinnatum",1,"species","","",NA,"L.Rico","Fabaceae","Pithecellobium","Pithecellobium",1,"bipinnatum","bipinnatum",1,"","",NA,"","",NA,"","",NA,"","","https://powo.science.kew.org/taxon/urn:lsid:ipni.org:names:302866-2","","Y","Accepted","Pithecellobium bipinnatum","Pithecellobium bipinnatum","L.Rico","184453","species","https://powo.science.kew.org/taxon/urn:lsid:ipni.org:names:302866-2","","Fabaceae","1","1","wcvp","0",""
"357","Pithecellobium lanceolatum",1,"179730","Pithecellobium lanceolatum",1,"species","","",NA,"(Humb. & Bonpl. ex Willd.) Benth.","Fabaceae","Pithecellobium","Pithecellobium",1,"lanceolatum","lanceolatum",1,"","",NA,"","",NA,"","",NA,"","","https://powo.science.kew.org/taxon/urn:lsid:ipni.org:names:514978-1","","Y","Accepted","Pithecellobium lanceolatum","Pithecellobium lanceolatum","(Humb. & Bonpl. ex Willd.) Benth.","179730","species","https://powo.science.kew.org/taxon/urn:lsid:ipni.org:names:514978-1","","Fabaceae","1","1","wcvp","0",""
"358","Pithecellobium johansenii",1,"182232","Pithecellobium johansenii",1,"species","","",NA,"Standl.","Fabaceae","Pithecellobium","Pithecellobium",1,"johansenii","johansenii",1,"","",NA,"","",NA,"","",NA,"","","https://powo.science.kew.org/taxon/urn:lsid:ipni.org:names:200714-2","","Y","Accepted","Pithecellobium johansenii","Pithecellobium johansenii","Standl.","182232","species","https://powo.science.kew.org/taxon/urn:lsid:ipni.org:names:200714-2","","Fabaceae","1","1","wcvp","0",""
"359","Pithecellobium winzerlingii",1,"180249","Pithecellobium winzerlingii",1,"species","","",NA,"Britton & Rose","Fabaceae","Pithecellobium","Pithecellobium",1,"winzerlingii","winzerlingii",1,"","",NA,"","",NA,"","",NA,"","","https://powo.science.kew.org/taxon/urn:lsid:ipni.org:names:200836-2","","Y","Accepted","Pithecellobium winzerlingii","Pithecellobium winzerlingii","Britton & Rose","180249","species","https://powo.science.kew.org/taxon/urn:lsid:ipni.org:names:200836-2","","Fabaceae","1","1","wcvp","0",""
"360","Pithecellobium hymenaeifolium",1,"1296285","Pithecellobium hymenaeifolium",1,"species","","",NA,"(Humb. & Bonpl. ex Willd.) Benth.","Fabaceae","Pithecellobium","Pithecellobium",1,"hymenaeifolium","hymenaeifolium",1,"","",NA,"","",NA,"","",NA,"","","https://powo.science.kew.org/taxon/urn:lsid:ipni.org:names:1183336-2","","Y","Accepted","Pithecellobium hymenaeifolium","Pithecellobium hymenaeifolium","(Humb. & Bonpl. ex Willd.) Benth.","1296285","species","https://powo.science.kew.org/taxon/urn:lsid:ipni.org:names:1183336-2","","Fabaceae","1","1","wcvp","0",""
"361","Pithecellobium furcatum",1,"166452","Pithecellobium furcatum",1,"species","","",NA,"Benth.","Fabaceae","Pithecellobium","Pithecellobium",1,"furcatum","furcatum",1,"","",NA,"","",NA,"","",NA,"","","https://powo.science.kew.org/taxon/urn:lsid:ipni.org:names:514939-1","","Y","Accepted","Pithecellobium furcatum","Pithecellobium furcatum","Benth.","166452","species","https://powo.science.kew.org/taxon/urn:lsid:ipni.org:names:514939-1","","Fabaceae","1","1","wcvp","0",""
"362","Pithecellobium macrandrium",1,"166488","Pithecellobium macrandrium",1,"species","","",NA,"Donn.Sm.","Fabaceae","Pithecellobium","Pithecellobium",1,"macrandrium","macrandrium",1,"","",NA,"","",NA,"","",NA,"","","https://powo.science.kew.org/taxon/urn:lsid:ipni.org:names:200738-2","","Y","Accepted","Pithecellobium macrandrium","Pithecellobium macrandrium","Donn.Sm.","166488","species","https://powo.science.kew.org/taxon/urn:lsid:ipni.org:names:200738-2","","Fabaceae","1","1","wcvp","0",""
"363","Cojoba catenata",1,"169122","Cojoba catenata",1,"species","","",NA,"(Donn.Sm.) Britton & Rose","Fabaceae","Cojoba","Cojoba",1,"catenata","catenata",1,"","",NA,"","",NA,"","",NA,"","","https://powo.science.kew.org/taxon/urn:lsid:ipni.org:names:62883-2","","Y","Accepted","Cojoba catenata","Cojoba catenata","(Donn.Sm.) Britton & Rose","169122","species","https://powo.science.kew.org/taxon/urn:lsid:ipni.org:names:62883-2","","Fabaceae","1","1","wcvp","0",""
"364","Cojoba arborea",1,"169111","Cojoba arborea",1,"species","","",NA,"(L.) Britton & Rose","Fabaceae","Cojoba","Cojoba",1,"arborea","arborea",1,"","",NA,"","",NA,"","",NA,"","","https://powo.science.kew.org/taxon/urn:lsid:ipni.org:names:62882-2","","Y","Accepted","Cojoba arborea","Cojoba arborea","(L.) Britton & Rose","169111","species","https://powo.science.kew.org/taxon/urn:lsid:ipni.org:names:62882-2","","Fabaceae","1","1","wcvp","0",""
"365","Cojoba arborea var. arborea",1,"190846","Cojoba arborea var. arborea",1,"variety","","",NA,"","Fabaceae","Cojoba","Cojoba",1,"arborea","arborea",1,"","",NA,"var.","arborea",1,"","",NA,"","","https://powo.science.kew.org/taxon/urn:lsid:ipni.org:names:77223675-1","","Y","Accepted","Cojoba arborea var. arborea","Cojoba arborea","","190846","variety","https://powo.science.kew.org/taxon/urn:lsid:ipni.org:names:77223675-1","","Fabaceae","1","1","wcvp","0",""
"366","Cojoba arborea var. cubensis",1,"190847","Cojoba arborea var. cubensis",1,"variety","","",NA,"(Bisse) Barneby & J.W.Grimes","Fabaceae","Cojoba","Cojoba",1,"arborea","arborea",1,"","",NA,"var.","cubensis",1,"","",NA,"","","https://powo.science.kew.org/taxon/urn:lsid:ipni.org:names:996933-1","","Y","Synonym","Cojoba arborea var. arborea","Cojoba arborea","","190846","variety","https://powo.science.kew.org/taxon/urn:lsid:ipni.org:names:77223675-1","","Fabaceae","1","1","wcvp","0",""
"367","Cojoba arborea var. angustifolia",1,"190848","Cojoba arborea var. angustifolia",1,"variety","","",NA,"(Rusby) Barneby & J.W.Grimes","Fabaceae","Cojoba","Cojoba",1,"arborea","arborea",1,"","",NA,"var.","angustifolia",1,"","",NA,"","","https://powo.science.kew.org/taxon/urn:lsid:ipni.org:names:996934-1","","Y","Accepted","Cojoba arborea var. angustifolia","Cojoba arborea","(Rusby) Barneby & J.W.Grimes","190848","variety","https://powo.science.kew.org/taxon/urn:lsid:ipni.org:names:996934-1","","Fabaceae","1","1","wcvp","0",""
"368","Cojoba escuintlensis",1,"184413","Cojoba escuintlensis",1,"species","","",NA,"(Lundell) L.Rico","Fabaceae","Cojoba","Cojoba",1,"escuintlensis","escuintlensis",1,"","",NA,"","",NA,"","",NA,"","","https://powo.science.kew.org/taxon/urn:lsid:ipni.org:names:962849-1","","Y","Accepted","Cojoba escuintlensis","Cojoba escuintlensis","(Lundell) L.Rico","184413","species","https://powo.science.kew.org/taxon/urn:lsid:ipni.org:names:962849-1","","Fabaceae","1","1","wcvp","0",""
"369","Cojoba beckii",1,"190825","Cojoba beckii",1,"species","","",NA,"Barneby & J.W.Grimes","Fabaceae","Cojoba","Cojoba",1,"beckii","beckii",1,"","",NA,"","",NA,"","",NA,"","","https://powo.science.kew.org/taxon/urn:lsid:ipni.org:names:313972-2","","Y","Accepted","Cojoba beckii","Cojoba beckii","Barneby & J.W.Grimes","190825","species","https://powo.science.kew.org/taxon/urn:lsid:ipni.org:names:313972-2","","Fabaceae","1","1","wcvp","0",""
"370","Cojoba chazutensis",1,"184404","Cojoba chazutensis",1,"species","","",NA,"(Standl.) L.Rico","Fabaceae","Cojoba","Cojoba",1,"chazutensis","chazutensis",1,"","",NA,"","",NA,"","",NA,"","","https://powo.science.kew.org/taxon/urn:lsid:ipni.org:names:962848-1","","Y","Accepted","Cojoba chazutensis","Cojoba chazutensis","(Standl.) L.Rico","184404","species","https://powo.science.kew.org/taxon/urn:lsid:ipni.org:names:962848-1","","Fabaceae","1","1","wcvp","0",""
"371","Cojoba costaricensis",1,"169131","Cojoba costaricensis",1,"species","","",NA,"Britton & Rose","Fabaceae","Cojoba","Cojoba",1,"costaricensis","costaricensis",1,"","",NA,"","",NA,"","",NA,"","","https://powo.science.kew.org/taxon/urn:lsid:ipni.org:names:62885-2","","Y","Accepted","Cojoba costaricensis","Cojoba costaricensis","Britton & Rose","169131","species","https://powo.science.kew.org/taxon/urn:lsid:ipni.org:names:62885-2","","Fabaceae","1","1","wcvp","0",""
"372","Cojoba sophorocarpa",1,"169219","Cojoba sophorocarpa",1,"species","","",NA,"(Benth.) Britton & Rose","Fabaceae","Cojoba","Cojoba",1,"sophorocarpa","sophorocarpa",1,"","",NA,"","",NA,"","",NA,"","","https://powo.science.kew.org/taxon/urn:lsid:ipni.org:names:62893-2","","Y","Accepted","Cojoba sophorocarpa","Cojoba sophorocarpa","(Benth.) Britton & Rose","169219","species","https://powo.science.kew.org/taxon/urn:lsid:ipni.org:names:62893-2","","Fabaceae","1","1","wcvp","0",""
"373","Cojoba rufescens",1,"169209","Cojoba rufescens",1,"species","","",NA,"(Benth.) Britton & Rose","Fabaceae","Cojoba","Cojoba",1,"rufescens","rufescens",1,"","",NA,"","",NA,"","",NA,"","","https://powo.science.kew.org/taxon/urn:lsid:ipni.org:names:62892-2","","Y","Accepted","Cojoba rufescens","Cojoba rufescens","(Benth.) Britton & Rose","169209","species","https://powo.science.kew.org/taxon/urn:lsid:ipni.org:names:62892-2","","Fabaceae","1","1","wcvp","0",""
"374","Cojoba graciliflora",1,"169144","Cojoba graciliflora",1,"species","","",NA,"(S.F.Blake) Britton & Rose","Fabaceae","Cojoba","Cojoba",1,"graciliflora","graciliflora",1,"","",NA,"","",NA,"","",NA,"","","https://powo.science.kew.org/taxon/urn:lsid:ipni.org:names:62888-2","","Y","Accepted","Cojoba graciliflora","Cojoba graciliflora","(S.F.Blake) Britton & Rose","169144","species","https://powo.science.kew.org/taxon/urn:lsid:ipni.org:names:62888-2","","Fabaceae","1","1","wcvp","0",""
"375","Cojoba filipes",1,"190840","Cojoba filipes",1,"species","","",NA,"(Vent.) Barneby & J.W.Grimes","Fabaceae","Cojoba","Cojoba",1,"filipes","filipes",1,"","",NA,"","",NA,"","",NA,"","","https://powo.science.kew.org/taxon/urn:lsid:ipni.org:names:996936-1","","Y","Accepted","Cojoba filipes","Cojoba filipes","(Vent.) Barneby & J.W.Grimes","190840","species","https://powo.science.kew.org/taxon/urn:lsid:ipni.org:names:996936-1","","Fabaceae","1","1","wcvp","0",""
"376","Cojoba zanonii",1,"190842","Cojoba zanonii",1,"species","","",NA,"(Barneby) Barneby & J.W.Grimes","Fabaceae","Cojoba","Cojoba",1,"zanonii","zanonii",1,"","",NA,"","",NA,"","",NA,"","","https://powo.science.kew.org/taxon/urn:lsid:ipni.org:names:996937-1","","Y","Accepted","Cojoba zanonii","Cojoba zanonii","(Barneby) Barneby & J.W.Grimes","190842","species","https://powo.science.kew.org/taxon/urn:lsid:ipni.org:names:996937-1","","Fabaceae","1","1","wcvp","0",""
"377","Cojoba bahorucensis",1,"190844","Cojoba bahorucensis",1,"species","","",NA,"J.W.Grimes & R.García","Fabaceae","Cojoba","Cojoba",1,"bahorucensis","bahorucensis",1,"","",NA,"","",NA,"","",NA,"","","https://powo.science.kew.org/taxon/urn:lsid:ipni.org:names:996938-1","","Y","Accepted","Cojoba bahorucensis","Cojoba bahorucensis","J.W.Grimes & R.García","190844","species","https://powo.science.kew.org/taxon/urn:lsid:ipni.org:names:996938-1","","Fabaceae","1","1","wcvp","0",""
"378","Zygia claviflora",1,"1049024","Zygia claviflora",1,"species","","",NA,"(Spruce ex Benth.) Barneby & J.W.Grimes","Fabaceae","Zygia","Zygia",1,"claviflora","claviflora",1,"","",NA,"","",NA,"","",NA,"","","https://powo.science.kew.org/taxon/urn:lsid:ipni.org:names:996940-1","","Y","Accepted","Zygia claviflora","Zygia claviflora","(Spruce ex Benth.) Barneby & J.W.Grimes","1049024","species","https://powo.science.kew.org/taxon/urn:lsid:ipni.org:names:996940-1","","Fabaceae","1","1","wcvp","0",""
"379","Zygia palustris",1,"1223449","Zygia palustris",1,"species","","",NA,"Barneby & J.W.Grimes","Fabaceae","Zygia","Zygia",1,"palustris","palustris",1,"","",NA,"","",NA,"","",NA,"","","https://powo.science.kew.org/taxon/urn:lsid:ipni.org:names:313986-2","","Y","Accepted","Zygia palustris","Zygia palustris","Barneby & J.W.Grimes","1223449","species","https://powo.science.kew.org/taxon/urn:lsid:ipni.org:names:313986-2","","Fabaceae","1","1","wcvp","0",""
"380","Zygia potaroensis",1,"1234347","Zygia potaroensis",1,"species","","",NA,"Barneby & J.W.Grimes","Fabaceae","Zygia","Zygia",1,"potaroensis","potaroensis",1,"","",NA,"","",NA,"","",NA,"","","https://powo.science.kew.org/taxon/urn:lsid:ipni.org:names:313987-2","","Y","Accepted","Zygia potaroensis","Zygia potaroensis","Barneby & J.W.Grimes","1234347","species","https://powo.science.kew.org/taxon/urn:lsid:ipni.org:names:313987-2","","Fabaceae","1","1","wcvp","0",""
"381","Zygia basijuga",1,"1048967","Zygia basijuga",1,"species","","",NA,"(Ducke) Barneby & J.W.Grimes","Fabaceae","Zygia","Zygia",1,"basijuga","basijuga",1,"","",NA,"","",NA,"","",NA,"","","https://powo.science.kew.org/taxon/urn:lsid:ipni.org:names:996943-1","","Y","Accepted","Zygia basijuga","Zygia basijuga","(Ducke) Barneby & J.W.Grimes","1048967","species","https://powo.science.kew.org/taxon/urn:lsid:ipni.org:names:996943-1","","Fabaceae","1","1","wcvp","0",""
"382","Zygia lathetica",1,"1049042","Zygia lathetica",1,"species","","",NA,"Barneby & J.W.Grimes","Fabaceae","Zygia","Zygia",1,"lathetica","lathetica",1,"","",NA,"","",NA,"","",NA,"","","https://powo.science.kew.org/taxon/urn:lsid:ipni.org:names:313988-2","","Y","Accepted","Zygia lathetica","Zygia lathetica","Barneby & J.W.Grimes","1049042","species","https://powo.science.kew.org/taxon/urn:lsid:ipni.org:names:313988-2","","Fabaceae","1","1","wcvp","0",""
"383","Zygia racemosa",1,"1234348","Zygia racemosa",1,"species","","",NA,"(Ducke) Barneby & J.W.Grimes","Fabaceae","Zygia","Zygia",1,"racemosa","racemosa",1,"","",NA,"","",NA,"","",NA,"","","https://powo.science.kew.org/taxon/urn:lsid:ipni.org:names:996977-1","","Y","Accepted","Zygia racemosa","Zygia racemosa","(Ducke) Barneby & J.W.Grimes","1234348","species","https://powo.science.kew.org/taxon/urn:lsid:ipni.org:names:996977-1","","Fabaceae","1","1","wcvp","0",""
"384","Zygia ocumarensis",1,"1234350","Zygia ocumarensis",1,"species","","",NA,"(Pittier) Barneby & J.W.Grimes","Fabaceae","Zygia","Zygia",1,"ocumarensis","ocumarensis",1,"","",NA,"","",NA,"","",NA,"","","https://powo.science.kew.org/taxon/urn:lsid:ipni.org:names:996947-1","","Y","Accepted","Zygia ocumarensis","Zygia ocumarensis","(Pittier) Barneby & J.W.Grimes","1234350","species","https://powo.science.kew.org/taxon/urn:lsid:ipni.org:names:996947-1","","Fabaceae","1","1","wcvp","0",""
"385","Zygia ramiflora",1,"1487808","Zygia ramiflora",1,"species","","",NA,"(Benth.) Barneby & J.W.Grimes","Fabaceae","Zygia","Zygia",1,"ramiflora","ramiflora",1,"","",NA,"","",NA,"","",NA,"","","https://powo.science.kew.org/taxon/urn:lsid:ipni.org:names:2470980-4","","Y","Illegitimate","Zygia dinizii","Zygia dinizii","(Ducke) D.A.Neill, G.P.Lewis & Klitg.","1225444","species","https://powo.science.kew.org/taxon/urn:lsid:ipni.org:names:1014847-1","","Fabaceae","1","2","wcvp","4","[HigherTaxa]"
"386","Zygia transamazonica",1,"1223472","Zygia transamazonica",1,"species","","",NA,"Barneby & J.W.Grimes","Fabaceae","Zygia","Zygia",1,"transamazonica","transamazonica",1,"","",NA,"","",NA,"","",NA,"","","https://powo.science.kew.org/taxon/urn:lsid:ipni.org:names:313993-2","","Y","Accepted","Zygia transamazonica","Zygia transamazonica","Barneby & J.W.Grimes","1223472","species","https://powo.science.kew.org/taxon/urn:lsid:ipni.org:names:313993-2","","Fabaceae","1","1","wcvp","0",""
"387","Zygia steyermarkii",1,"1220268","Zygia steyermarkii",1,"species","","",NA,"(Schery) Barneby & J.W.Grimes","Fabaceae","Zygia","Zygia",1,"steyermarkii","steyermarkii",1,"","",NA,"","",NA,"","",NA,"","","https://powo.science.kew.org/taxon/urn:lsid:ipni.org:names:996951-1","","Y","Accepted","Zygia steyermarkii","Zygia steyermarkii","(Schery) Barneby & J.W.Grimes","1220268","species","https://powo.science.kew.org/taxon/urn:lsid:ipni.org:names:996951-1","","Fabaceae","1","1","wcvp","0",""
"388","Zygia collina",1,"1049025","Zygia collina",1,"species","","",NA,"(Sandwith) Barneby & J.W.Grimes","Fabaceae","Zygia","Zygia",1,"collina","collina",1,"","",NA,"","",NA,"","",NA,"","","https://powo.science.kew.org/taxon/urn:lsid:ipni.org:names:996952-1","","Y","Accepted","Zygia collina","Zygia collina","(Sandwith) Barneby & J.W.Grimes","1049025","species","https://powo.science.kew.org/taxon/urn:lsid:ipni.org:names:996952-1","","Fabaceae","1","1","wcvp","0",""
"389","Zygia tetragona",1,"1234351","Zygia tetragona",1,"species","","",NA,"Barneby & J.W.Grimes","Fabaceae","Zygia","Zygia",1,"tetragona","tetragona",1,"","",NA,"","",NA,"","",NA,"","","https://powo.science.kew.org/taxon/urn:lsid:ipni.org:names:313995-2","","Y","Accepted","Zygia tetragona","Zygia tetragona","Barneby & J.W.Grimes","1234351","species","https://powo.science.kew.org/taxon/urn:lsid:ipni.org:names:313995-2","","Fabaceae","1","1","wcvp","0",""
"390","Zygia eperuetorum",1,"1234352","Zygia eperuetorum",1,"species","","",NA,"(Sandwith) Barneby & J.W.Grimes","Fabaceae","Zygia","Zygia",1,"eperuetorum","eperuetorum",1,"","",NA,"","",NA,"","",NA,"","","https://powo.science.kew.org/taxon/urn:lsid:ipni.org:names:996955-1","","Y","Accepted","Zygia eperuetorum","Zygia eperuetorum","(Sandwith) Barneby & J.W.Grimes","1234352","species","https://powo.science.kew.org/taxon/urn:lsid:ipni.org:names:996955-1","","Fabaceae","1","1","wcvp","0",""
"391","Zygia sabatieri",1,"1234353","Zygia sabatieri",1,"species","","",NA,"Barneby & J.W.Grimes","Fabaceae","Zygia","Zygia",1,"sabatieri","sabatieri",1,"","",NA,"","",NA,"","",NA,"","","https://powo.science.kew.org/taxon/urn:lsid:ipni.org:names:313998-2","","Y","Accepted","Zygia sabatieri","Zygia sabatieri","Barneby & J.W.Grimes","1234353","species","https://powo.science.kew.org/taxon/urn:lsid:ipni.org:names:313998-2","","Fabaceae","1","1","wcvp","0",""
"392","Zygia coccinea",1,"184405","Zygia coccinea",1,"species","","",NA,"(G.Don) L.Rico","Fabaceae","Zygia","Zygia",1,"coccinea","coccinea",1,"","",NA,"","",NA,"","",NA,"","","https://powo.science.kew.org/taxon/urn:lsid:ipni.org:names:962823-1","","Y","Accepted","Zygia coccinea","Zygia coccinea","(G.Don) L.Rico","184405","species","https://powo.science.kew.org/taxon/urn:lsid:ipni.org:names:962823-1","","Fabaceae","1","1","wcvp","0",""
"393","Zygia coccinea var. oriunda",1,"190894","Zygia coccinea var. oriunda",1,"variety","","",NA,"(J.F.Macbr.) Barneby & J.W.Grimes","Fabaceae","Zygia","Zygia",1,"coccinea","coccinea",1,"","",NA,"var.","oriunda",1,"","",NA,"","","https://powo.science.kew.org/taxon/urn:lsid:ipni.org:names:996958-1","","Y","Accepted","Zygia coccinea var. oriunda","Zygia coccinea","(J.F.Macbr.) Barneby & J.W.Grimes","190894","variety","https://powo.science.kew.org/taxon/urn:lsid:ipni.org:names:996958-1","","Fabaceae","1","1","wcvp","0",""
"394","Zygia coccinea var. coccinea",1,"190889","Zygia coccinea var. coccinea",1,"variety","","",NA,"","Fabaceae","Zygia","Zygia",1,"coccinea","coccinea",1,"","",NA,"var.","coccinea",1,"","",NA,"","","https://powo.science.kew.org/taxon/urn:lsid:ipni.org:names:77208486-1","","Y","Accepted","Zygia coccinea var. coccinea","Zygia coccinea","","190889","variety","https://powo.science.kew.org/taxon/urn:lsid:ipni.org:names:77208486-1","","Fabaceae","1","1","wcvp","0",""
"395","Zygia coccinea var. macrophylla",1,"190895","Zygia coccinea var. macrophylla",1,"variety","","",NA,"(Spruce ex Benth.) Barneby & J.W.Grimes","Fabaceae","Zygia","Zygia",1,"coccinea","coccinea",1,"","",NA,"var.","macrophylla",1,"","",NA,"","","https://powo.science.kew.org/taxon/urn:lsid:ipni.org:names:996959-1","","Y","Accepted","Zygia coccinea var. macrophylla","Zygia coccinea","(Spruce ex Benth.) Barneby & J.W.Grimes","190895","variety","https://powo.science.kew.org/taxon/urn:lsid:ipni.org:names:996959-1","","Fabaceae","1","1","wcvp","0",""
"396","Zygia heteroneura",1,"190899","Zygia heteroneura",1,"species","","",NA,"Barneby & J.W.Grimes","Fabaceae","Zygia","Zygia",1,"heteroneura","heteroneura",1,"","",NA,"","",NA,"","",NA,"","","https://powo.science.kew.org/taxon/urn:lsid:ipni.org:names:314002-2","","Y","Accepted","Zygia heteroneura","Zygia heteroneura","Barneby & J.W.Grimes","190899","species","https://powo.science.kew.org/taxon/urn:lsid:ipni.org:names:314002-2","","Fabaceae","1","1","wcvp","0",""
"397","Zygia dissitiflora",1,"190898","Zygia dissitiflora",1,"species","","",NA,"Barneby & J.W.Grimes","Fabaceae","Zygia","Zygia",1,"dissitiflora","dissitiflora",1,"","",NA,"","",NA,"","",NA,"","","https://powo.science.kew.org/taxon/urn:lsid:ipni.org:names:314001-2","","Y","Accepted","Zygia dissitiflora","Zygia dissitiflora","Barneby & J.W.Grimes","190898","species","https://powo.science.kew.org/taxon/urn:lsid:ipni.org:names:314001-2","","Fabaceae","1","1","wcvp","0",""
"398","Zygia picramnioides",1,"184425","Zygia picramnioides",1,"species","","",NA,"(Standl. ex Killip) Killip ex L.Rico","Fabaceae","Zygia","Zygia",1,"picramnioides","picramnioides",1,"","",NA,"","",NA,"","",NA,"","","https://powo.science.kew.org/taxon/urn:lsid:ipni.org:names:962839-1","","Y","Accepted","Zygia picramnioides","Zygia picramnioides","(Standl. ex Killip) Killip ex L.Rico","184425","species","https://powo.science.kew.org/taxon/urn:lsid:ipni.org:names:962839-1","","Fabaceae","1","1","wcvp","0",""
"399","Zygia multipunctata",1,"190900","Zygia multipunctata",1,"species","","",NA,"Barneby & J.W.Grimes","Fabaceae","Zygia","Zygia",1,"multipunctata","multipunctata",1,"","",NA,"","",NA,"","",NA,"","","https://powo.science.kew.org/taxon/urn:lsid:ipni.org:names:314003-2","","Y","Accepted","Zygia multipunctata","Zygia multipunctata","Barneby & J.W.Grimes","190900","species","https://powo.science.kew.org/taxon/urn:lsid:ipni.org:names:314003-2","","Fabaceae","1","1","wcvp","0",""
"400","Zygia bifoliola",1,"184401","Zygia bifoliola",1,"species","","",NA,"(Rusby) L.Rico","Fabaceae","Zygia","Zygia",1,"bifoliola","bifoliola",1,"","",NA,"","",NA,"","",NA,"","","https://powo.science.kew.org/taxon/urn:lsid:ipni.org:names:962820-1","","Y","Accepted","Zygia bifoliola","Zygia bifoliola","(Rusby) L.Rico","184401","species","https://powo.science.kew.org/taxon/urn:lsid:ipni.org:names:962820-1","","Fabaceae","1","1","wcvp","0",""
"401","Zygia confusa",1,"184438","Zygia confusa",1,"species","","",NA,"L.Rico","Fabaceae","Zygia","Zygia",1,"confusa","confusa",1,"","",NA,"","",NA,"","",NA,"","","https://powo.science.kew.org/taxon/urn:lsid:ipni.org:names:303806-2","","Y","Accepted","Zygia confusa","Zygia confusa","L.Rico","184438","species","https://powo.science.kew.org/taxon/urn:lsid:ipni.org:names:303806-2","","Fabaceae","1","1","wcvp","0",""
"402","Zygia bangii",1,"190903","Zygia bangii",1,"species","","",NA,"Barneby & J.W.Grimes","Fabaceae","Zygia","Zygia",1,"bangii","bangii",1,"","",NA,"","",NA,"","",NA,"","","https://powo.science.kew.org/taxon/urn:lsid:ipni.org:names:314004-2","","Y","Accepted","Zygia bangii","Zygia bangii","Barneby & J.W.Grimes","190903","species","https://powo.science.kew.org/taxon/urn:lsid:ipni.org:names:314004-2","","Fabaceae","1","1","wcvp","0",""
"403","Zygia odoratissima",1,"184441","Zygia odoratissima",1,"species","","",NA,"(Ducke) L.Rico","Fabaceae","Zygia","Zygia",1,"odoratissima","odoratissima",1,"","",NA,"","",NA,"","",NA,"","","https://powo.science.kew.org/taxon/urn:lsid:ipni.org:names:962835-1","","Y","Accepted","Zygia odoratissima","Zygia odoratissima","(Ducke) L.Rico","184441","species","https://powo.science.kew.org/taxon/urn:lsid:ipni.org:names:962835-1","","Fabaceae","1","1","wcvp","0",""
"404","Zygia rubiginosa",1,"190906","Zygia rubiginosa",1,"species","","",NA,"L.Rico & Q.Jiménez","Fabaceae","Zygia","Zygia",1,"rubiginosa","rubiginosa",1,"","",NA,"","",NA,"","",NA,"","","https://powo.science.kew.org/taxon/urn:lsid:ipni.org:names:2979051-1","","Y","Accepted","Zygia rubiginosa","Zygia rubiginosa","L.Rico & Q.Jiménez","190906","species","https://powo.science.kew.org/taxon/urn:lsid:ipni.org:names:2979051-1","","Fabaceae","1","1","wcvp","0",""
"405","Zygia lehmannii",1,"1039528","Zygia lehmannii",1,"species","","",NA,"(Harms) Britton & Rose","Fabaceae","Zygia","Zygia",1,"lehmannii","lehmannii",1,"","",NA,"","",NA,"","",NA,"","","https://powo.science.kew.org/taxon/urn:lsid:ipni.org:names:271433-2","","Y","Accepted","Zygia lehmannii","Zygia lehmannii","(Harms) Britton & Rose","1039528","species","https://powo.science.kew.org/taxon/urn:lsid:ipni.org:names:271433-2","","Fabaceae","1","1","wcvp","0",""
"406","Zygia hernandezii",1,"184414","Zygia hernandezii",1,"species","","",NA,"(C.Barbosa) L.Rico","Fabaceae","Zygia","Zygia",1,"hernandezii","hernandezii",1,"","",NA,"","",NA,"","",NA,"","","https://powo.science.kew.org/taxon/urn:lsid:ipni.org:names:962828-1","","Y","Accepted","Zygia hernandezii","Zygia hernandezii","(C.Barbosa) L.Rico","184414","species","https://powo.science.kew.org/taxon/urn:lsid:ipni.org:names:962828-1","","Fabaceae","1","1","wcvp","0",""
"407","Zygia andaquiensis",1,"184398","Zygia andaquiensis",1,"species","","",NA,"(C.Barbosa) L.Rico","Fabaceae","Zygia","Zygia",1,"andaquiensis","andaquiensis",1,"","",NA,"","",NA,"","",NA,"","","https://powo.science.kew.org/taxon/urn:lsid:ipni.org:names:962818-1","","Y","Accepted","Zygia andaquiensis","Zygia andaquiensis","(C.Barbosa) L.Rico","184398","species","https://powo.science.kew.org/taxon/urn:lsid:ipni.org:names:962818-1","","Fabaceae","1","1","wcvp","0",""
"408","Zygia vasquezii",1,"184443","Zygia vasquezii",1,"species","","",NA,"L.Rico","Fabaceae","Zygia","Zygia",1,"vasquezii","vasquezii",1,"","",NA,"","",NA,"","",NA,"","","https://powo.science.kew.org/taxon/urn:lsid:ipni.org:names:300894-2","","Y","Accepted","Zygia vasquezii","Zygia vasquezii","L.Rico","184443","species","https://powo.science.kew.org/taxon/urn:lsid:ipni.org:names:300894-2","","Fabaceae","1","1","wcvp","0",""
"409","Zygia juruana",1,"184415","Zygia juruana",1,"species","","",NA,"(Harms) L.Rico","Fabaceae","Zygia","Zygia",1,"juruana","juruana",1,"","",NA,"","",NA,"","",NA,"","","https://powo.science.kew.org/taxon/urn:lsid:ipni.org:names:962830-1","","Y","Accepted","Zygia juruana","Zygia juruana","(Harms) L.Rico","184415","species","https://powo.science.kew.org/taxon/urn:lsid:ipni.org:names:962830-1","","Fabaceae","1","1","wcvp","0",""
"410","Zygia macbridii",0.98210117101673,"184418","Zygia macbridei",0.98210117101673,"species","","",NA,"(C.Barbosa) L.Rico","Fabaceae","Zygia","Zygia",1,"macbridii","macbridei",0.88888888888889,"","",NA,"","",NA,"","",NA,"","","https://powo.science.kew.org/taxon/urn:lsid:ipni.org:names:962832-1","","Y","Accepted","Zygia macbridei","Zygia macbridei","(C.Barbosa) L.Rico","184418","species","https://powo.science.kew.org/taxon/urn:lsid:ipni.org:names:962832-1","","Fabaceae","1","1","wcvp","0",""
"411","Zygia trunciflora",1,"184437","Zygia trunciflora",1,"species","","",NA,"(Ducke) L.Rico","Fabaceae","Zygia","Zygia",1,"trunciflora","trunciflora",1,"","",NA,"","",NA,"","",NA,"","","https://powo.science.kew.org/taxon/urn:lsid:ipni.org:names:962846-1","","Y","Accepted","Zygia trunciflora","Zygia trunciflora","(Ducke) L.Rico","184437","species","https://powo.science.kew.org/taxon/urn:lsid:ipni.org:names:962846-1","","Fabaceae","1","1","wcvp","0",""
"412","Zygia megistocarpa",1,"184421","Zygia megistocarpa",1,"species","","",NA,"(C.Barbosa) L.Rico","Fabaceae","Zygia","Zygia",1,"megistocarpa","megistocarpa",1,"","",NA,"","",NA,"","",NA,"","","https://powo.science.kew.org/taxon/urn:lsid:ipni.org:names:962834-1","","Y","Accepted","Zygia megistocarpa","Zygia megistocarpa","(C.Barbosa) L.Rico","184421","species","https://powo.science.kew.org/taxon/urn:lsid:ipni.org:names:962834-1","","Fabaceae","1","1","wcvp","0",""
"413","Zygia inaequalis",1,"1602291","Zygia inaequalis",1,"species","","",NA,"(Humb. & Bonpl. ex Willd.) Pittier","Fabaceae","Zygia","Zygia",1,"inaequalis","inaequalis",1,"","",NA,"","",NA,"","",NA,"","","https://powo.science.kew.org/taxon/urn:lsid:ipni.org:names:271431-2","","Y","Accepted","Zygia inaequalis","Zygia inaequalis","(Humb. & Bonpl. ex Willd.) Pittier","1602291","species","https://powo.science.kew.org/taxon/urn:lsid:ipni.org:names:271431-2","","Fabaceae","1","1","wcvp","0",""
"414","Zygia guinetii",1,"184439","Zygia guinetii",1,"species","","",NA,"L.Rico","Fabaceae","Zygia","Zygia",1,"guinetii","guinetii",1,"","",NA,"","",NA,"","",NA,"","","https://powo.science.kew.org/taxon/urn:lsid:ipni.org:names:306543-2","","Y","Accepted","Zygia guinetii","Zygia guinetii","L.Rico","184439","species","https://powo.science.kew.org/taxon/urn:lsid:ipni.org:names:306543-2","","Fabaceae","1","1","wcvp","0",""
"415","Zygia peckii",1,"169119","Zygia peckii",1,"species","","",NA,"(B.L.Rob.) Britton & Rose","Fabaceae","Zygia","Zygia",1,"peckii","peckii",1,"","",NA,"","",NA,"","",NA,"","","https://powo.science.kew.org/taxon/urn:lsid:ipni.org:names:271435-2","","Y","Accepted","Zygia peckii","Zygia peckii","(B.L.Rob.) Britton & Rose","169119","species","https://powo.science.kew.org/taxon/urn:lsid:ipni.org:names:271435-2","","Fabaceae","1","1","wcvp","0",""
"416","Zygia cognata",1,"184375","Zygia cognata",1,"species","","",NA,"(Schltdl.) Britton & Rose","Fabaceae","Zygia","Zygia",1,"cognata","cognata",1,"","",NA,"","",NA,"","",NA,"","","https://powo.science.kew.org/taxon/urn:lsid:ipni.org:names:271423-2","","Y","Accepted","Zygia cognata","Zygia cognata","(Schltdl.) Britton & Rose","184375","species","https://powo.science.kew.org/taxon/urn:lsid:ipni.org:names:271423-2","","Fabaceae","1","1","wcvp","0",""
"417","Zygia englesingii",0.98599670627294,"424603","Zygia engelsingii",0.98599670627294,"species","","",NA,"(Standl.) Record","Fabaceae","Zygia","Zygia",1,"englesingii","engelsingii",0.90909090909091,"","",NA,"","",NA,"","",NA,"","","https://powo.science.kew.org/taxon/urn:lsid:ipni.org:names:526122-1","","","Accepted","Zygia engelsingii","Zygia engelsingii","(Standl.) Record","424603","species","https://powo.science.kew.org/taxon/urn:lsid:ipni.org:names:526122-1","","Fabaceae","1","1","wcvp","0",""
"418","Zygla rhytidecarpa",0.92982141636831,"190926","Zygia rhytidocarpa",0.92982141636831,"species","","",NA,"L.Rico","Fabaceae","Zygla","Zygia",0.8,"rhytidecarpa","rhytidocarpa",0.91666666666667,"","",NA,"","",NA,"","",NA,"","","https://powo.science.kew.org/taxon/urn:lsid:ipni.org:names:314005-2","","","Accepted","Zygia rhytidocarpa","Zygia rhytidocarpa","L.Rico","190926","species","https://powo.science.kew.org/taxon/urn:lsid:ipni.org:names:314005-2","","Fabaceae","1","1","wcvp","0",""
"419","Zygia brenesii",1,"184402","Zygia brenesii",1,"species","","",NA,"(Standl.) L.Rico","Fabaceae","Zygia","Zygia",1,"brenesii","brenesii",1,"","",NA,"","",NA,"","",NA,"","","https://powo.science.kew.org/taxon/urn:lsid:ipni.org:names:962819-1","","Y","Accepted","Zygia brenesii","Zygia brenesii","(Standl.) L.Rico","184402","species","https://powo.science.kew.org/taxon/urn:lsid:ipni.org:names:962819-1","","Fabaceae","1","1","wcvp","0",""
"420","Zygia morongii",1,"190927","Zygia morongii",1,"species","","",NA,"Barneby & J.W.Grimes","Fabaceae","Zygia","Zygia",1,"morongii","morongii",1,"","",NA,"","",NA,"","",NA,"","","https://powo.science.kew.org/taxon/urn:lsid:ipni.org:names:314006-2","","Y","Accepted","Zygia morongii","Zygia morongii","Barneby & J.W.Grimes","190927","species","https://powo.science.kew.org/taxon/urn:lsid:ipni.org:names:314006-2","","Fabaceae","1","1","wcvp","0",""
"421","Zygia ampla",1,"190928","Zygia ampla",1,"species","","",NA,"(Spruce ex Benth.) Pittier","Fabaceae","Zygia","Zygia",1,"ampla","ampla",1,"","",NA,"","",NA,"","",NA,"","","https://powo.science.kew.org/taxon/urn:lsid:ipni.org:names:271420-2","","Y","Accepted","Zygia ampla","Zygia ampla","(Spruce ex Benth.) Pittier","190928","species","https://powo.science.kew.org/taxon/urn:lsid:ipni.org:names:271420-2","","Fabaceae","1","1","wcvp","0",""
"422","Zygla cupirensis",0.96021221090168,"184407","Zygia cupirensis",0.96021221090168,"species","","",NA,"(C.Barbosa) L.Rico","Fabaceae","Zygla","Zygia",0.8,"cupirensis","cupirensis",1,"","",NA,"","",NA,"","",NA,"","","https://powo.science.kew.org/taxon/urn:lsid:ipni.org:names:962824-1","","Y","Accepted","Zygia cupirensis","Zygia cupirensis","(C.Barbosa) L.Rico","184407","species","https://powo.science.kew.org/taxon/urn:lsid:ipni.org:names:962824-1","","Fabaceae","1","1","wcvp","0",""
"423","Zygia cataractae",1,"184403","Zygia cataractae",1,"species","","",NA,"(Kunth) L.Rico","Fabaceae","Zygia","Zygia",1,"cataractae","cataractae",1,"","",NA,"","",NA,"","",NA,"","","https://powo.science.kew.org/taxon/urn:lsid:ipni.org:names:962821-1","","Y","Accepted","Zygia cataractae","Zygia cataractae","(Kunth) L.Rico","184403","species","https://powo.science.kew.org/taxon/urn:lsid:ipni.org:names:962821-1","","Fabaceae","1","1","wcvp","0",""
"424","Zygia longifolia",1,"169172","Zygia longifolia",1,"species","","",NA,"(Humb. & Bonpl. ex Willd.) Britton & Rose","Fabaceae","Zygia","Zygia",1,"longifolia","longifolia",1,"","",NA,"","",NA,"","",NA,"","","https://powo.science.kew.org/taxon/urn:lsid:ipni.org:names:271434-2","","Y","Accepted","Zygia longifolia","Zygia longifolia","(Humb. & Bonpl. ex Willd.) Britton & Rose","169172","species","https://powo.science.kew.org/taxon/urn:lsid:ipni.org:names:271434-2","","Fabaceae","1","1","wcvp","0",""
"425","Zygia paucijugata",1,"184424","Zygia paucijugata",1,"species","","",NA,"(Lundell) L.Rico","Fabaceae","Zygia","Zygia",1,"paucijugata","paucijugata",1,"","",NA,"","",NA,"","",NA,"","","https://powo.science.kew.org/taxon/urn:lsid:ipni.org:names:962838-1","","Y","Accepted","Zygia paucijugata","Zygia paucijugata","(Lundell) L.Rico","184424","species","https://powo.science.kew.org/taxon/urn:lsid:ipni.org:names:962838-1","","Fabaceae","1","1","wcvp","0",""
"426","Zygia conzattii",1,"184376","Zygia conzattii",1,"species","","",NA,"(Standl.) Britton & Rose","Fabaceae","Zygia","Zygia",1,"conzattii","conzattii",1,"","",NA,"","",NA,"","",NA,"","","https://powo.science.kew.org/taxon/urn:lsid:ipni.org:names:271424-2","","Y","Accepted","Zygia conzattii","Zygia conzattii","(Standl.) Britton & Rose","184376","species","https://powo.science.kew.org/taxon/urn:lsid:ipni.org:names:271424-2","","Fabaceae","1","1","wcvp","0",""
"427","Zygia turneri",1,"190955","Zygia turneri",1,"species","","",NA,"(McVaugh) Barneby & J.W.Grimes","Fabaceae","Zygia","Zygia",1,"turneri","turneri",1,"","",NA,"","",NA,"","",NA,"","","https://powo.science.kew.org/taxon/urn:lsid:ipni.org:names:996965-1","","Y","Accepted","Zygia turneri","Zygia turneri","(McVaugh) Barneby & J.W.Grimes","190955","species","https://powo.science.kew.org/taxon/urn:lsid:ipni.org:names:996965-1","","Fabaceae","1","1","wcvp","0",""
"428","Zygia latifolia",1,"174403","Zygia latifolia",1,"species","","",NA,"(L.) Fawc. & Rendle","Fabaceae","Zygia","Zygia",1,"latifolia","latifolia",1,"","",NA,"","",NA,"","",NA,"","","https://powo.science.kew.org/taxon/urn:lsid:ipni.org:names:271432-2","","Y","Accepted","Zygia latifolia","Zygia latifolia","(L.) Fawc. & Rendle","174403","species","https://powo.science.kew.org/taxon/urn:lsid:ipni.org:names:271432-2","","Fabaceae","1","1","wcvp","0",""
"429","Zygia latifolia var. communis",1,"190939","Zygia latifolia var. communis",1,"variety","","",NA,"Barneby & J.W.Grimes","Fabaceae","Zygia","Zygia",1,"latifolia","latifolia",1,"","",NA,"var.","communis",1,"","",NA,"","","https://powo.science.kew.org/taxon/urn:lsid:ipni.org:names:314008-2","","Y","Synonym","Zygia cauliflora","Zygia cauliflora","(Willd.) Killip ex Record","184304","species","https://powo.science.kew.org/taxon/urn:lsid:ipni.org:names:271422-2","","Fabaceae","1","1","wcvp","0",""
"430","Zygia latifolia var. latifolia",1,"190932","Zygia latifolia var. latifolia",1,"variety","","",NA,"","Fabaceae","Zygia","Zygia",1,"latifolia","latifolia",1,"","",NA,"var.","latifolia",1,"","",NA,"","","https://powo.science.kew.org/taxon/urn:lsid:ipni.org:names:77208464-1","","Y","Accepted","Zygia latifolia var. latifolia","Zygia latifolia","","190932","variety","https://powo.science.kew.org/taxon/urn:lsid:ipni.org:names:77208464-1","","Fabaceae","1","1","wcvp","0",""
"431","Zygia latifolia var. lasiopus",1,"190940","Zygia latifolia var. lasiopus",1,"variety","","",NA,"(Benth.) Barneby & J.W.Grimes","Fabaceae","Zygia","Zygia",1,"latifolia","latifolia",1,"","",NA,"var.","lasiopus",1,"","",NA,"","","https://powo.science.kew.org/taxon/urn:lsid:ipni.org:names:996967-1","","Y","Accepted","Zygia latifolia var. lasiopus","Zygia latifolia","(Benth.) Barneby & J.W.Grimes","190940","variety","https://powo.science.kew.org/taxon/urn:lsid:ipni.org:names:996967-1","","Fabaceae","1","1","wcvp","0",""
"432","Zygia latifolia var. controversa",1,"1370137","Zygia latifolia var. controversa",1,"variety","","",NA,"Barneby & J.W.Grimes","Fabaceae","Zygia","Zygia",1,"latifolia","latifolia",1,"","",NA,"var.","controversa",1,"","",NA,"","","https://powo.science.kew.org/taxon/urn:lsid:ipni.org:names:314010-2","","Y","Accepted","Zygia latifolia var. controversa","Zygia latifolia","Barneby & J.W.Grimes","1370137","variety","https://powo.science.kew.org/taxon/urn:lsid:ipni.org:names:314010-2","","Fabaceae","1","1","wcvp","0",""
"433","Zygia latifolia var. glabrata",1,"190943","Zygia latifolia var. glabrata",1,"variety","","",NA,"(Mart.) Barneby & J.W.Grimes","Fabaceae","Zygia","Zygia",1,"latifolia","latifolia",1,"","",NA,"var.","glabrata",1,"","",NA,"","","https://powo.science.kew.org/taxon/urn:lsid:ipni.org:names:1048813-2","","Y","Accepted","Zygia latifolia var. glabrata","Zygia latifolia","(Mart.) Barneby & J.W.Grimes","190943","variety","https://powo.science.kew.org/taxon/urn:lsid:ipni.org:names:1048813-2","","Fabaceae","1","1","wcvp","0",""
"434","Zygia garcia-barrigae",1,"190956","Zygia garcia-barrigae",1,"species","","",NA,"(C.Barbosa) Barneby & J.W.Grimes","Fabaceae","Zygia","Zygia",1,"garcia-barrigae","garcia-barrigae",1,"","",NA,"","",NA,"","",NA,"","","https://powo.science.kew.org/taxon/urn:lsid:ipni.org:names:996970-1","","Y","Accepted","Zygia garcia-barrigae","Zygia garcia-barrigae","(C.Barbosa) Barneby & J.W.Grimes","190956","species","https://powo.science.kew.org/taxon/urn:lsid:ipni.org:names:996970-1","","Fabaceae","1","1","wcvp","0",""
"435","Zygia selloi",1,"184432","Zygia selloi",1,"species","","",NA,"(Benth.) L.Rico","Fabaceae","Zygia","Zygia",1,"selloi","selloi",1,"","",NA,"","",NA,"","",NA,"","","https://powo.science.kew.org/taxon/urn:lsid:ipni.org:names:962843-1","","Y","Accepted","Zygia selloi","Zygia selloi","(Benth.) L.Rico","184432","species","https://powo.science.kew.org/taxon/urn:lsid:ipni.org:names:962843-1","","Fabaceae","1","1","wcvp","0",""
"436","Zygia biflora",1,"424236","Zygia biflora",1,"species","","",NA,"L.Rico","Fabaceae","Zygia","Zygia",1,"biflora","biflora",1,"","",NA,"","",NA,"","",NA,"","","https://powo.science.kew.org/taxon/urn:lsid:ipni.org:names:304361-2","","Y","Accepted","Zygia biflora","Zygia biflora","L.Rico","424236","species","https://powo.science.kew.org/taxon/urn:lsid:ipni.org:names:304361-2","","Fabaceae","1","1","wcvp","0",""
"437","Zygia bisingula",1,"1212016","Zygia bisingula",1,"species","","",NA,"L.Rico","Fabaceae","Zygia","Zygia",1,"bisingula","bisingula",1,"","",NA,"","",NA,"","",NA,"","","https://powo.science.kew.org/taxon/urn:lsid:ipni.org:names:304360-2","","Y","Accepted","Zygia bisingula","Zygia bisingula","L.Rico","1212016","species","https://powo.science.kew.org/taxon/urn:lsid:ipni.org:names:304360-2","","Fabaceae","1","1","wcvp","0",""
"438","Zygia unifoliolata",1,"190965","Zygia unifoliolata",1,"species","","",NA,"(Benth.) Pittier","Fabaceae","Zygia","Zygia",1,"unifoliolata","unifoliolata",1,"","",NA,"","",NA,"","",NA,"","","https://powo.science.kew.org/taxon/urn:lsid:ipni.org:names:1037880-2","","Y","Accepted","Zygia unifoliolata","Zygia unifoliolata","(Benth.) Pittier","190965","species","https://powo.science.kew.org/taxon/urn:lsid:ipni.org:names:1037880-2","","Fabaceae","1","1","wcvp","0",""
"439","Zygia pithecolobloides",0.99094303083965,"190968","Zygia pithecolobioides",0.99094303083965,"species","","",NA,"(Kuntze) Barneby & J.W.Grimes","Fabaceae","Zygia","Zygia",1,"pithecolobloides","pithecolobioides",0.9375,"","",NA,"","",NA,"","",NA,"","","https://powo.science.kew.org/taxon/urn:lsid:ipni.org:names:996971-1","","","Accepted","Zygia pithecolobioides","Zygia pithecolobioides","(Kuntze) Barneby & J.W.Grimes","190968","species","https://powo.science.kew.org/taxon/urn:lsid:ipni.org:names:996971-1","","Fabaceae","1","1","wcvp","0",""
"440","Zygia codonocalyx",1,"190969","Zygia codonocalyx",1,"species","","",NA,"Barneby & J.W.Grimes","Fabaceae","Zygia","Zygia",1,"codonocalyx","codonocalyx",1,"","",NA,"","",NA,"","",NA,"","","https://powo.science.kew.org/taxon/urn:lsid:ipni.org:names:314012-2","","Y","Accepted","Zygia codonocalyx","Zygia codonocalyx","Barneby & J.W.Grimes","190969","species","https://powo.science.kew.org/taxon/urn:lsid:ipni.org:names:314012-2","","Fabaceae","1","1","wcvp","0",""
"441","Zygia obolingoides",1,"184440","Zygia obolingoides",1,"species","","",NA,"L.Rico","Fabaceae","Zygia","Zygia",1,"obolingoides","obolingoides",1,"","",NA,"","",NA,"","",NA,"","","https://powo.science.kew.org/taxon/urn:lsid:ipni.org:names:306271-2","","Y","Accepted","Zygia obolingoides","Zygia obolingoides","L.Rico","184440","species","https://powo.science.kew.org/taxon/urn:lsid:ipni.org:names:306271-2","","Fabaceae","1","1","wcvp","0",""
"442","Zygia inundata",1,"190970","Zygia inundata",1,"species","","",NA,"(Ducke) H.C.Lima ex Barneby & J.W.Grimes","Fabaceae","Zygia","Zygia",1,"inundata","inundata",1,"","",NA,"","",NA,"","",NA,"","","https://powo.science.kew.org/taxon/urn:lsid:ipni.org:names:996975-1","","Y","Synonym","Inga inundata","Inga inundata","Ducke","163346","species","https://powo.science.kew.org/taxon/urn:lsid:ipni.org:names:128552-2","","Fabaceae","1","1","wcvp","0",""
"443","Acacia collinsii",1,"179608","Acacia collinsii",1,"species","","",NA,"Saff.","Fabaceae","Acacia","Acacia",1,"collinsii","collinsii",1,"","",NA,"","",NA,"","",NA,"","","https://powo.science.kew.org/taxon/urn:lsid:ipni.org:names:446-2","","Y","Synonym","Vachellia collinsii","Vachellia collinsii","(Saff.) Seigler & Ebinger","1260375","species","https://powo.science.kew.org/taxon/urn:lsid:ipni.org:names:60441206-2","","Fabaceae","1","1","wcvp","0",""
"444","Acacia rorudiana",1,"162815","Acacia rorudiana",1,"species","","",NA,"Christoph.","Fabaceae","Acacia","Acacia",1,"rorudiana","rorudiana",1,"","",NA,"","",NA,"","",NA,"","","https://powo.science.kew.org/taxon/urn:lsid:ipni.org:names:647-2","","Y","Synonym","Vachellia rorudiana","Vachellia rorudiana","(Christoph.) Seigler & Ebinger","1260408","species","https://powo.science.kew.org/taxon/urn:lsid:ipni.org:names:60441234-2","","Fabaceae","1","1","wcvp","0",""
"445","ACACIA AROMA",1,"161894","Acacia aroma",1,"species","","",NA,"Gillies ex Hook. & Arn.","Fabaceae","Acacia","Acacia",1,"aroma","aroma",1,"","",NA,"","",NA,"","",NA,"","","https://powo.science.kew.org/taxon/urn:lsid:ipni.org:names:413-2","","Y","Synonym","Vachellia aroma","Vachellia aroma","(Gillies ex Hook. & Arn.) Seigler & Ebinger","1260358","species","https://powo.science.kew.org/taxon/urn:lsid:ipni.org:names:60441189-2","","Fabaceae","1","1","wcvp","0",""
"446","Acacia aroma var. aroma",0.73597222385822,"199268","Acacia adoxa var. adoxa",0.73597222385822,"variety","","",NA,"","Fabaceae","Acacia","Acacia",1,"aroma","adoxa",0.6,"","",NA,"var.","adoxa",0.6,"","",NA,"","","https://powo.science.kew.org/taxon/urn:lsid:ipni.org:names:56645-3","","","Accepted","Acacia adoxa var. adoxa","Acacia adoxa","","199268","variety","https://powo.science.kew.org/taxon/urn:lsid:ipni.org:names:56645-3","","Fabaceae","1","1","wcvp","0",""
"447","Acacia AROMA var. HUARANGO",0.9,"161894","Acacia aroma",1,"species","","",NA,"Gillies ex Hook. & Arn.","Fabaceae","Acacia","Acacia",1,"aroma","aroma",1,"","",NA,"","",NA,"","",NA,"","var. HUARANGO","https://powo.science.kew.org/taxon/urn:lsid:ipni.org:names:413-2","","Y","Synonym","Vachellia aroma","Vachellia aroma","(Gillies ex Hook. & Arn.) Seigler & Ebinger","1260358","species","https://powo.science.kew.org/taxon/urn:lsid:ipni.org:names:60441189-2","","Fabaceae","1","1","wcvp","0",""
"448","Acacia pennatula",1,"171576","Acacia pennatula",1,"species","","",NA,"(Schltdl. & Cham.) Benth.","Fabaceae","Acacia","Acacia",1,"pennatula","pennatula",1,"","",NA,"","",NA,"","",NA,"","","https://powo.science.kew.org/taxon/urn:lsid:ipni.org:names:1075023-2","","Y","Synonym","Vachellia pennatula","Vachellia pennatula","(Schltdl. & Cham.) Seigler & Ebinger","1260400","species","https://powo.science.kew.org/taxon/urn:lsid:ipni.org:names:60441228-2","","Fabaceae","1","1","wcvp","0",""
"449","Acacia karroo",1,"196874","Acacia karroo",1,"species","","",NA,"Hayne","Fabaceae","Acacia","Acacia",1,"karroo","karroo",1,"","",NA,"","",NA,"","",NA,"","","https://powo.science.kew.org/taxon/urn:lsid:ipni.org:names:470646-1","","Y","Synonym","Vachellia karroo","Vachellia karroo","(Hayne) Banfi & Galasso","504196","species","https://powo.science.kew.org/taxon/urn:lsid:ipni.org:names:77087189-1","","Fabaceae","1","1","wcvp","0",""
"450","Acacia nilotica",1,"201445","Acacia nilotica",1,"species","","",NA,"(L.) Willd. ex Delile","Fabaceae","Acacia","Acacia",1,"nilotica","nilotica",1,"","",NA,"","",NA,"","",NA,"","","https://powo.science.kew.org/taxon/urn:lsid:ipni.org:names:470992-1","","Y","Synonym","Vachellia nilotica","Vachellia nilotica","(L.) P.J.H.Hurter & Mabb.","1267569","species","https://powo.science.kew.org/taxon/urn:lsid:ipni.org:names:77089275-1","","Fabaceae","1","1","wcvp","0",""
"451","Acacia insulae-iacobi",1,"1036528","Acacia insulae-iacobi",1,"species","","",NA,"L.Riley","Fabaceae","Acacia","Acacia",1,"insulae-iacobi","insulae-iacobi",1,"","",NA,"","",NA,"","",NA,"","","https://powo.science.kew.org/taxon/urn:lsid:ipni.org:names:534-2","","Y","Synonym","Vachellia insulae-iacobi","Vachellia insulae-iacobi","(L.Riley) Seigler & Ebinger","1260392","species","https://powo.science.kew.org/taxon/urn:lsid:ipni.org:names:60441221-2","","Fabaceae","1","1","wcvp","0",""
"452","Acacia albicorticata",1,"161887","Acacia albicorticata",1,"species","","",NA,"Burkart","Fabaceae","Acacia","Acacia",1,"albicorticata","albicorticata",1,"","",NA,"","",NA,"","",NA,"","","https://powo.science.kew.org/taxon/urn:lsid:ipni.org:names:389-2","","Y","Synonym","Vachellia albicorticata","Vachellia albicorticata","(Burkart) Seigler & Ebinger","1260355","species","https://powo.science.kew.org/taxon/urn:lsid:ipni.org:names:60441186-2","","Fabaceae","1","1","wcvp","0",""
"468,453","Acacia farnesiana",1,"192463","Acacia farnesiana",1,"species","","",NA,"(L.) Willd.","Fabaceae","Acacia","Acacia",1,"farnesiana","farnesiana",1,"","",NA,"","",NA,"","",NA,"","","https://powo.science.kew.org/taxon/urn:lsid:ipni.org:names:470307-1","","Y","Synonym","Vachellia farnesiana","Vachellia farnesiana","(L.) Wight & Arn.","179802","species","https://powo.science.kew.org/taxon/urn:lsid:ipni.org:names:1099713-2","","Fabaceae","1","1","wcvp","0",""
"454","Acacia atramentaria",1,"161896","Acacia atramentaria",1,"species","","",NA,"Benth.","Fabaceae","Acacia","Acacia",1,"atramentaria","atramentaria",1,"","",NA,"","",NA,"","",NA,"","","https://powo.science.kew.org/taxon/urn:lsid:ipni.org:names:469776-1","","Y","Synonym","Vachellia astringens","Vachellia astringens","(Gillies ex Hook. & Arn.) Speg.","1037970","species","https://powo.science.kew.org/taxon/urn:lsid:ipni.org:names:299269-2","","Fabaceae","1","1","wcvp","0",""
"455","Acacia guanacastensis",1,"1225094","Acacia guanacastensis",1,"species","","",NA,"(H.D.Clarke, Seigler & Ebinger) Ebinger, Seigler & H.D.Clarke","Fabaceae","Acacia","Acacia",1,"guanacastensis","guanacastensis",1,"","",NA,"","",NA,"","",NA,"","","https://powo.science.kew.org/taxon/urn:lsid:ipni.org:names:1087113-2","","Y","Synonym","Vachellia guanacastensis","Vachellia guanacastensis","(H.D.Clarke, Seigler & Ebinger) Seigler & Ebinger","1260390","species","https://powo.science.kew.org/taxon/urn:lsid:ipni.org:names:60441219-2","","Fabaceae","1","1","wcvp","0",""
"456","Acacia caven",1,"176436","Acacia caven",1,"species","","",NA,"(Molina) Molina","Fabaceae","Acacia","Acacia",1,"caven","caven",1,"","",NA,"","",NA,"","",NA,"","","https://powo.science.kew.org/taxon/urn:lsid:ipni.org:names:978731-1","","Y","Synonym","Vachellia caven","Vachellia caven","(Molina) Seigler & Ebinger","1260371","species","https://powo.science.kew.org/taxon/urn:lsid:ipni.org:names:60441202-2","","Fabaceae","1","1","wcvp","0",""
"457","Acacia curvifructa",1,"161910","Acacia curvifructa",1,"species","","",NA,"Burkart","Fabaceae","Acacia","Acacia",1,"curvifructa","curvifructa",1,"","",NA,"","",NA,"","",NA,"","","https://powo.science.kew.org/taxon/urn:lsid:ipni.org:names:466-2","","Y","Synonym","Vachellia curvifructa","Vachellia curvifructa","(Burkart) Seigler & Ebinger","1260380","species","https://powo.science.kew.org/taxon/urn:lsid:ipni.org:names:60441211-2","","Fabaceae","1","1","wcvp","0",""
"458","Acacia sutherlandii",1,"182710","Acacia sutherlandii",1,"species","","",NA,"(F.Muell.) F.Muell.","Fabaceae","Acacia","Acacia",1,"sutherlandii","sutherlandii",1,"","",NA,"","",NA,"","",NA,"","","https://powo.science.kew.org/taxon/urn:lsid:ipni.org:names:81484-3","","Y","Synonym","Vachellia sutherlandii","Vachellia sutherlandii","(F.Muell.) Kodela","1261312","species","https://powo.science.kew.org/taxon/urn:lsid:ipni.org:names:77079809-1","","Fabaceae","1","1","wcvp","0",""
"459","Acacia pachyphloia",1,"1042547","Acacia pachyphloia",1,"species","","",NA,"W.Fitzg","Fabaceae","Acacia","Acacia",1,"pachyphloia","pachyphloia",1,"","",NA,"","",NA,"","",NA,"","","https://powo.science.kew.org/taxon/urn:lsid:ipni.org:names:471061-1","","Y","Synonym","Vachellia pachyphloia","Vachellia pachyphloia","(W.Fitzg) Kodela","1261309","species","https://powo.science.kew.org/taxon/urn:lsid:ipni.org:names:77079805-1","","Fabaceae","1","1","wcvp","0",""
"460","Acacia pachyphloia subsp. pachyphloia",0.59957384396743,"1042547","Acacia pachyphloia",0.59957384396743,"species","","",NA,"W.Fitzg","Fabaceae","Acacia","Acacia",1,"pachyphloia","pachyphloia",1,"","",NA,"","",NA,"","",NA,"","subsp. pachyphloia","https://powo.science.kew.org/taxon/urn:lsid:ipni.org:names:471061-1","","Y","Synonym","Vachellia pachyphloia","Vachellia pachyphloia","(W.Fitzg) Kodela","1261309","species","https://powo.science.kew.org/taxon/urn:lsid:ipni.org:names:77079805-1","","Fabaceae","1","1","wcvp","1","[Partial]"
"461","Acacia pachyphloia subsp. brevipinnula",1,"1333842","Acacia pachyphloia subsp. brevipinnula",1,"subspecies","","",NA,"Tindale & Kosela","Fabaceae","Acacia","Acacia",1,"pachyphloia","pachyphloia",1,"","",NA,"subsp.","brevipinnula",1,"","",NA,"","","https://powo.science.kew.org/taxon/urn:lsid:ipni.org:names:990278-1","","Y","Synonym","Vachellia pachyphloia subsp. brevipinnula","Vachellia pachyphloia","(Tindale & Kosela) Kodela","1328133","subspecies","https://powo.science.kew.org/taxon/urn:lsid:ipni.org:names:77079806-1","","Fabaceae","1","1","wcvp","0",""
"462","Acacia pallidifolia",1,"197258","Acacia pallidifolia",1,"species","","",NA,"Tindale","Fabaceae","Acacia","Acacia",1,"pallidifolia","pallidifolia",1,"","",NA,"","",NA,"","",NA,"","","https://powo.science.kew.org/taxon/urn:lsid:ipni.org:names:471066-1","","Y","Synonym","Vachellia pallidifolia","Vachellia pallidifolia","(Tindale) Kodela","1261310","species","https://powo.science.kew.org/taxon/urn:lsid:ipni.org:names:77079807-1","","Fabaceae","1","1","wcvp","0",""
"463","Acacia valida",1,"197259","Acacia valida",1,"species","","",NA,"Tindale & Kodela","Fabaceae","Acacia","Acacia",1,"valida","valida",1,"","",NA,"","",NA,"","",NA,"","","https://powo.science.kew.org/taxon/urn:lsid:ipni.org:names:990277-1","","Y","Synonym","Vachellia valida","Vachellia valida","(Tindale & Kodela) Kodela","1261313","species","https://powo.science.kew.org/taxon/urn:lsid:ipni.org:names:77079810-1","","Fabaceae","1","1","wcvp","0",""
"464","Acacia bidwillii",1,"197263","Acacia bidwillii",1,"species","","",NA,"Benth.","Fabaceae","Acacia","Acacia",1,"bidwillii","bidwillii",1,"","",NA,"","",NA,"","",NA,"","","https://powo.science.kew.org/taxon/urn:lsid:ipni.org:names:469836-1","","Y","Synonym","Vachellia bidwillii","Vachellia bidwillii","(Benth.) Kodela","1261303","species","https://powo.science.kew.org/taxon/urn:lsid:ipni.org:names:77079801-1","","Fabaceae","1","1","wcvp","0",""
"465","Acacia ditricha",1,"197266","Acacia ditricha",1,"species","","",NA,"Pedley","Fabaceae","Acacia","Acacia",1,"ditricha","ditricha",1,"","",NA,"","",NA,"","",NA,"","","https://powo.science.kew.org/taxon/urn:lsid:ipni.org:names:470189-1","","Y","Synonym","Vachellia ditricha","Vachellia ditricha","(Pedley) Kodela","1261306","species","https://powo.science.kew.org/taxon/urn:lsid:ipni.org:names:77079803-1","","Fabaceae","1","1","wcvp","0",""
"466","Acacia suberosa",1,"182914","Acacia suberosa",1,"species","","",NA,"A.Cunn. ex Benth.","Fabaceae","Acacia","Acacia",1,"suberosa","suberosa",1,"","",NA,"","",NA,"","",NA,"","","https://powo.science.kew.org/taxon/urn:lsid:ipni.org:names:471579-1","","Y","Synonym","Vachellia suberosa","Vachellia suberosa","(A.Cunn. ex Benth.) Kodela","1261311","species","https://powo.science.kew.org/taxon/urn:lsid:ipni.org:names:77079808-1","","Fabaceae","1","1","wcvp","0",""
"467","Acacia nilotica subsp. indica",1,"202024","Acacia nilotica subsp. indica",1,"subspecies","","",NA,"(Benth.) Brenan","Fabaceae","Acacia","Acacia",1,"nilotica","nilotica",1,"","",NA,"subsp.","indica",1,"","",NA,"","","https://powo.science.kew.org/taxon/urn:lsid:ipni.org:names:73753-3","","Y","Synonym","Vachellia nilotica subsp. indica","Vachellia nilotica","(Benth.) Kyal. & Boatwr.","1329810","subspecies","https://powo.science.kew.org/taxon/urn:lsid:ipni.org:names:77131753-1","","Fabaceae","1","1","wcvp","0",""
"469","Acacia albizioides",1,"197274","Acacia albizioides",1,"species","","",NA,"Pedley","Fabaceae","Acacia","Acacia",1,"albizioides","albizioides",1,"","",NA,"","",NA,"","",NA,"","","https://powo.science.kew.org/taxon/urn:lsid:ipni.org:names:469677-1","","Y","Synonym","Senegalia albizioides","Senegalia albizioides","(Pedley) Pedley","197275","species","https://powo.science.kew.org/taxon/urn:lsid:ipni.org:names:942624-1","","Fabaceae","1","1","wcvp","0",""
"470","Acacia catechu var. sundra",1,"197276","Acacia catechu var. sundra",1,"variety","","",NA,"(Roxb.) Kurz","Fabaceae","Acacia","Acacia",1,"catechu","catechu",1,"","",NA,"var.","sundra",1,"","",NA,"","","https://powo.science.kew.org/taxon/urn:lsid:ipni.org:names:2926985-4","","Y","Synonym","Senegalia chundra","Senegalia chundra","(Roxb. ex Rottler) Maslin","1303345","species","https://powo.science.kew.org/taxon/urn:lsid:ipni.org:names:77125574-1","","Fabaceae","1","1","wcvp","0",""
"471","Acacia pennata subsp. kerrii",1,"196127","Acacia pennata subsp. kerrii",1,"subspecies","","",NA,"I.C.Nielsen","Fabaceae","Acacia","Acacia",1,"pennata","pennata",1,"","",NA,"subsp.","kerrii",1,"","",NA,"","","https://powo.science.kew.org/taxon/urn:lsid:ipni.org:names:884552-1","","Y","Synonym","Senegalia kerrii","Senegalia kerrii","(I.C.Nielsen) Maslin, B.C.Ho, H.Sun & L.Bai","1385889","species","https://powo.science.kew.org/taxon/urn:lsid:ipni.org:names:77203958-1","","Fabaceae","1","1","wcvp","0",""
"472","Acacia boliviana",1,"179914","Acacia boliviana",1,"species","","",NA,"Rusby","Fabaceae","Acacia","Acacia",1,"boliviana","boliviana",1,"","",NA,"","",NA,"","",NA,"","","https://powo.science.kew.org/taxon/urn:lsid:ipni.org:names:427-2","","Y","Synonym","Acaciella angustissima var. angustissima","Acaciella angustissima","","1386010","variety","https://powo.science.kew.org/taxon/urn:lsid:ipni.org:names:77214158-1","","Fabaceae","1","1","wcvp","0",""
"473","Acacia latisepala",1,"197278","Acacia latisepala",1,"species","","",NA,"Pedley","Fabaceae","Acacia","Acacia",1,"latisepala","latisepala",1,"","",NA,"","",NA,"","",NA,"","","https://powo.science.kew.org/taxon/urn:lsid:ipni.org:names:470703-1","","Y","Accepted","Acacia latisepala","Acacia latisepala","Pedley","197278","species","https://powo.science.kew.org/taxon/urn:lsid:ipni.org:names:470703-1","","Fabaceae","1","1","wcvp","0",""
"474","Acacia pruinosa",1,"197280","Acacia pruinosa",1,"species","","",NA,"A.Cunn. ex Benth.","Fabaceae","Acacia","Acacia",1,"pruinosa","pruinosa",1,"","",NA,"","",NA,"","",NA,"","","https://powo.science.kew.org/taxon/urn:lsid:ipni.org:names:471225-1","","Y","Accepted","Acacia pruinosa","Acacia pruinosa","A.Cunn. ex Benth.","197280","species","https://powo.science.kew.org/taxon/urn:lsid:ipni.org:names:471225-1","","Fabaceae","1","1","wcvp","0",""
"475","Acacia debilis",1,"197285","Acacia debilis",1,"species","","",NA,"Tindale","Fabaceae","Acacia","Acacia",1,"debilis","debilis",1,"","",NA,"","",NA,"","",NA,"","","https://powo.science.kew.org/taxon/urn:lsid:ipni.org:names:470134-1","","Y","Accepted","Acacia debilis","Acacia debilis","Tindale","197285","species","https://powo.science.kew.org/taxon/urn:lsid:ipni.org:names:470134-1","","Fabaceae","1","1","wcvp","0",""
"476","Acacia blayana",1,"197287","Acacia blayana",1,"species","","",NA,"Tindale & Court","Fabaceae","Acacia","Acacia",1,"blayana","blayana",1,"","",NA,"","",NA,"","",NA,"","","https://powo.science.kew.org/taxon/urn:lsid:ipni.org:names:940261-1","","Y","Accepted","Acacia blayana","Acacia blayana","Tindale & Court","197287","species","https://powo.science.kew.org/taxon/urn:lsid:ipni.org:names:940261-1","","Fabaceae","1","1","wcvp","0",""
"477","Acacia schinoides",1,"206284","Acacia schinoides",1,"species","","",NA,"Benth.","Fabaceae","Acacia","Acacia",1,"schinoides","schinoides",1,"","",NA,"","",NA,"","",NA,"","","https://powo.science.kew.org/taxon/urn:lsid:ipni.org:names:471409-1","","Y","Accepted","Acacia schinoides","Acacia schinoides","Benth.","206284","species","https://powo.science.kew.org/taxon/urn:lsid:ipni.org:names:471409-1","","Fabaceae","1","1","wcvp","0",""
"478","Acacia polybotrya",1,"182703","Acacia polybotrya",1,"species","","",NA,"Benth.","Fabaceae","Acacia","Acacia",1,"polybotrya","polybotrya",1,"","",NA,"","",NA,"","",NA,"","","https://powo.science.kew.org/taxon/urn:lsid:ipni.org:names:471184-1","","Y","Accepted","Acacia polybotrya","Acacia polybotrya","Benth.","182703","species","https://powo.science.kew.org/taxon/urn:lsid:ipni.org:names:471184-1","","Fabaceae","1","1","wcvp","0",""
"479","Acacia chinchillensis",1,"197291","Acacia chinchillensis",1,"species","","",NA,"Tindale","Fabaceae","Acacia","Acacia",1,"chinchillensis","chinchillensis",1,"","",NA,"","",NA,"","",NA,"","","https://powo.science.kew.org/taxon/urn:lsid:ipni.org:names:469973-1","","Y","Accepted","Acacia chinchillensis","Acacia chinchillensis","Tindale","197291","species","https://powo.science.kew.org/taxon/urn:lsid:ipni.org:names:469973-1","","Fabaceae","1","1","wcvp","0",""
"480","Acacia cangaiensis",1,"197293","Acacia cangaiensis",1,"species","","",NA,"Tindale & Kodela","Fabaceae","Acacia","Acacia",1,"cangaiensis","cangaiensis",1,"","",NA,"","",NA,"","",NA,"","","https://powo.science.kew.org/taxon/urn:lsid:ipni.org:names:960236-1","","Y","Accepted","Acacia cangaiensis","Acacia cangaiensis","Tindale & Kodela","197293","species","https://powo.science.kew.org/taxon/urn:lsid:ipni.org:names:960236-1","","Fabaceae","1","1","wcvp","0",""
"481","Acacia spectabilis",1,"197294","Acacia spectabilis",1,"species","","",NA,"A.Cunn. ex Benth.","Fabaceae","Acacia","Acacia",1,"spectabilis","spectabilis",1,"","",NA,"","",NA,"","",NA,"","","https://powo.science.kew.org/taxon/urn:lsid:ipni.org:names:471513-1","","Y","Accepted","Acacia spectabilis","Acacia spectabilis","A.Cunn. ex Benth.","197294","species","https://powo.science.kew.org/taxon/urn:lsid:ipni.org:names:471513-1","","Fabaceae","1","1","wcvp","0",""
"482","Acacia glaucocarpa",1,"197297","Acacia glaucocarpa",1,"species","","",NA,"Maiden & Blakely","Fabaceae","Acacia","Acacia",1,"glaucocarpa","glaucocarpa",1,"","",NA,"","",NA,"","",NA,"","","https://powo.science.kew.org/taxon/urn:lsid:ipni.org:names:470418-1","","Y","Accepted","Acacia glaucocarpa","Acacia glaucocarpa","Maiden & Blakely","197297","species","https://powo.science.kew.org/taxon/urn:lsid:ipni.org:names:470418-1","","Fabaceae","1","1","wcvp","0",""
"483","Acacia elata",1,"190678","Acacia elata",1,"species","","",NA,"A.Cunn. ex Benth.","Fabaceae","Acacia","Acacia",1,"elata","elata",1,"","",NA,"","",NA,"","",NA,"","","https://powo.science.kew.org/taxon/urn:lsid:ipni.org:names:470237-1","","Y","Accepted","Acacia elata","Acacia elata","A.Cunn. ex Benth.","190678","species","https://powo.science.kew.org/taxon/urn:lsid:ipni.org:names:470237-1","","Fabaceae","1","1","wcvp","0",""
"484","Acacia terminalis",1,"184163","Acacia terminalis",1,"species","","",NA,"(Salisb.) J.F.Macbr.","Fabaceae","Acacia","Acacia",1,"terminalis","terminalis",1,"","",NA,"","",NA,"","",NA,"","","https://powo.science.kew.org/taxon/urn:lsid:ipni.org:names:471643-1","","Y","Accepted","Acacia terminalis","Acacia terminalis","(Salisb.) J.F.Macbr.","184163","species","https://powo.science.kew.org/taxon/urn:lsid:ipni.org:names:471643-1","","Fabaceae","1","1","wcvp","0",""
"485","Acacia leptoclada",1,"197309","Acacia leptoclada",1,"species","","",NA,"A.Cunn. ex Benth.","Fabaceae","Acacia","Acacia",1,"leptoclada","leptoclada",1,"","",NA,"","",NA,"","",NA,"","","https://powo.science.kew.org/taxon/urn:lsid:ipni.org:names:470735-1","","Y","Accepted","Acacia leptoclada","Acacia leptoclada","A.Cunn. ex Benth.","197309","species","https://powo.science.kew.org/taxon/urn:lsid:ipni.org:names:470735-1","","Fabaceae","1","1","wcvp","0",""
"486","Acacia pubescens",1,"197310","Acacia pubescens",1,"species","","",NA,"(Vent.) R.Br.","Fabaceae","Acacia","Acacia",1,"pubescens","pubescens",1,"","",NA,"","",NA,"","",NA,"","","https://powo.science.kew.org/taxon/urn:lsid:ipni.org:names:77356-3","","Y","Accepted","Acacia pubescens","Acacia pubescens","(Vent.) R.Br.","197310","species","https://powo.science.kew.org/taxon/urn:lsid:ipni.org:names:77356-3","","Fabaceae","1","1","wcvp","0",""
"487","Acacia baileyana",1,"187049","Acacia baileyana",1,"species","","",NA,"F.Muell.","Fabaceae","Acacia","Acacia",1,"baileyana","baileyana",1,"","",NA,"","",NA,"","",NA,"","","https://powo.science.kew.org/taxon/urn:lsid:ipni.org:names:469798-1","","Y","Accepted","Acacia baileyana","Acacia baileyana","F.Muell.","187049","species","https://powo.science.kew.org/taxon/urn:lsid:ipni.org:names:469798-1","","Fabaceae","1","1","wcvp","0",""
"488","Acacia jonesii",1,"197316","Acacia jonesii",1,"species","","",NA,"F.Muell. & Maiden","Fabaceae","Acacia","Acacia",1,"jonesii","jonesii",1,"","",NA,"","",NA,"","",NA,"","","https://powo.science.kew.org/taxon/urn:lsid:ipni.org:names:470628-1","","Y","Accepted","Acacia jonesii","Acacia jonesii","F.Muell. & Maiden","197316","species","https://powo.science.kew.org/taxon/urn:lsid:ipni.org:names:470628-1","","Fabaceae","1","1","wcvp","0",""
"489","Acacia muelleriana",1,"197317","Acacia muelleriana",1,"species","","",NA,"Maiden & R.T.Baker","Fabaceae","Acacia","Acacia",1,"muelleriana","muelleriana",1,"","",NA,"","",NA,"","",NA,"","","https://powo.science.kew.org/taxon/urn:lsid:ipni.org:names:470940-1","","Y","Accepted","Acacia muelleriana","Acacia muelleriana","Maiden & R.T.Baker","197317","species","https://powo.science.kew.org/taxon/urn:lsid:ipni.org:names:470940-1","","Fabaceae","1","1","wcvp","0",""
"490","Acacia cardiophylla",1,"182680","Acacia cardiophylla",1,"species","","",NA,"A.Cunn. ex Benth.","Fabaceae","Acacia","Acacia",1,"cardiophylla","cardiophylla",1,"","",NA,"","",NA,"","",NA,"","","https://powo.science.kew.org/taxon/urn:lsid:ipni.org:names:469943-1","","Y","Accepted","Acacia cardiophylla","Acacia cardiophylla","A.Cunn. ex Benth.","182680","species","https://powo.science.kew.org/taxon/urn:lsid:ipni.org:names:469943-1","","Fabaceae","1","1","wcvp","0",""
"491","Acacia chrysotricha",1,"182681","Acacia chrysotricha",1,"species","","",NA,"Tindale","Fabaceae","Acacia","Acacia",1,"chrysotricha","chrysotricha",1,"","",NA,"","",NA,"","",NA,"","","https://powo.science.kew.org/taxon/urn:lsid:ipni.org:names:469986-1","","Y","Accepted","Acacia chrysotricha","Acacia chrysotricha","Tindale","182681","species","https://powo.science.kew.org/taxon/urn:lsid:ipni.org:names:469986-1","","Fabaceae","1","1","wcvp","0",""
"492","Acacia fulva",1,"197319","Acacia fulva",1,"species","","",NA,"Tindale","Fabaceae","Acacia","Acacia",1,"fulva","fulva",1,"","",NA,"","",NA,"","",NA,"","","https://powo.science.kew.org/taxon/urn:lsid:ipni.org:names:470372-1","","Y","Accepted","Acacia fulva","Acacia fulva","Tindale","197319","species","https://powo.science.kew.org/taxon/urn:lsid:ipni.org:names:470372-1","","Fabaceae","1","1","wcvp","0",""
"493","Acacia oshanesii",1,"183685","Acacia oshanesii",1,"species","","",NA,"F.Muell. & Maiden","Fabaceae","Acacia","Acacia",1,"oshanesii","oshanesii",1,"","",NA,"","",NA,"","",NA,"","","https://powo.science.kew.org/taxon/urn:lsid:ipni.org:names:471049-1","","Y","Accepted","Acacia oshanesii","Acacia oshanesii","F.Muell. & Maiden","183685","species","https://powo.science.kew.org/taxon/urn:lsid:ipni.org:names:471049-1","","Fabaceae","1","1","wcvp","0",""
"494","Acacia filicifolia",1,"183210","Acacia filicifolia",1,"species","","",NA,"Cheel & M.B.Welch","Fabaceae","Acacia","Acacia",1,"filicifolia","filicifolia",1,"","",NA,"","",NA,"","",NA,"","","https://powo.science.kew.org/taxon/urn:lsid:ipni.org:names:470321-1","","Y","Accepted","Acacia filicifolia","Acacia filicifolia","Cheel & M.B.Welch","183210","species","https://powo.science.kew.org/taxon/urn:lsid:ipni.org:names:470321-1","","Fabaceae","1","1","wcvp","0",""
"495","Acacia leucoclada",1,"197324","Acacia leucoclada",1,"species","","",NA,"Tindale","Fabaceae","Acacia","Acacia",1,"leucoclada","leucoclada",1,"","",NA,"","",NA,"","",NA,"","","https://powo.science.kew.org/taxon/urn:lsid:ipni.org:names:470750-1","","Y","Accepted","Acacia leucoclada","Acacia leucoclada","Tindale","197324","species","https://powo.science.kew.org/taxon/urn:lsid:ipni.org:names:470750-1","","Fabaceae","1","1","wcvp","0",""
"496","Acacia leucoclada subsp. leucoclada",1,"182744","Acacia leucoclada subsp. leucoclada",1,"subspecies","","",NA,"","Fabaceae","Acacia","Acacia",1,"leucoclada","leucoclada",1,"","",NA,"subsp.","leucoclada",1,"","",NA,"","","https://powo.science.kew.org/taxon/urn:lsid:ipni.org:names:70135-3","","Y","Accepted","Acacia leucoclada subsp. leucoclada","Acacia leucoclada","","182744","subspecies","https://powo.science.kew.org/taxon/urn:lsid:ipni.org:names:70135-3","","Fabaceae","1","1","wcvp","0",""
"497","Acacia leucoclada subsp. argentifolia",1,"182745","Acacia leucoclada subsp. argentifolia",1,"subspecies","","",NA,"Tindale","Fabaceae","Acacia","Acacia",1,"leucoclada","leucoclada",1,"","",NA,"subsp.","argentifolia",1,"","",NA,"","","https://powo.science.kew.org/taxon/urn:lsid:ipni.org:names:70113-3","","Y","Accepted","Acacia leucoclada subsp. argentifolia","Acacia leucoclada","Tindale","182745","subspecies","https://powo.science.kew.org/taxon/urn:lsid:ipni.org:names:70113-3","","Fabaceae","1","1","wcvp","0",""
"498","Acacia parvipinnula",1,"197329","Acacia parvipinnula",1,"species","","",NA,"Tindale","Fabaceae","Acacia","Acacia",1,"parvipinnula","parvipinnula",1,"","",NA,"","",NA,"","",NA,"","","https://powo.science.kew.org/taxon/urn:lsid:ipni.org:names:471088-1","","Y","Accepted","Acacia parvipinnula","Acacia parvipinnula","Tindale","197329","species","https://powo.science.kew.org/taxon/urn:lsid:ipni.org:names:471088-1","","Fabaceae","1","1","wcvp","0",""
"499","Acacia deanei",1,"197330","Acacia deanei",1,"species","","",NA,"(R.T.Baker) Welch , Coombs & McGlynn","Fabaceae","Acacia","Acacia",1,"deanei","deanei",1,"","",NA,"","",NA,"","",NA,"","","https://powo.science.kew.org/taxon/urn:lsid:ipni.org:names:470133-1","","Y","Accepted","Acacia deanei","Acacia deanei","(R.T.Baker) Welch , Coombs & McGlynn","197330","species","https://powo.science.kew.org/taxon/urn:lsid:ipni.org:names:470133-1","","Fabaceae","1","1","wcvp","0",""
"500","Acacia deanei subsp. deanei",1,"1335164","Acacia deanei subsp. deanei",1,"subspecies","","",NA,"","Fabaceae","Acacia","Acacia",1,"deanei","deanei",1,"","",NA,"subsp.","deanei",1,"","",NA,"","","https://powo.science.kew.org/taxon/urn:lsid:ipni.org:names:62542-3","","Y","Accepted","Acacia deanei subsp. deanei","Acacia deanei","","1335164","subspecies","https://powo.science.kew.org/taxon/urn:lsid:ipni.org:names:62542-3","","Fabaceae","1","1","wcvp","0",""
"501","Acacia deanei subsp. paucijuga",1,"183207","Acacia deanei subsp. paucijuga",1,"subspecies","","",NA,"(F.Muell. ex N.A.Wakef.) Tindale","Fabaceae","Acacia","Acacia",1,"deanei","deanei",1,"","",NA,"subsp.","paucijuga",1,"","",NA,"","","https://powo.science.kew.org/taxon/urn:lsid:ipni.org:names:62553-3","","Y","Accepted","Acacia deanei subsp. paucijuga","Acacia deanei","(F.Muell. ex N.A.Wakef.) Tindale","183207","subspecies","https://powo.science.kew.org/taxon/urn:lsid:ipni.org:names:62553-3","","Fabaceae","1","1","wcvp","0",""
"502","Acacia pedleyi",1,"197334","Acacia pedleyi",1,"species","","",NA,"Tindale & Kodela","Fabaceae","Acacia","Acacia",1,"pedleyi","pedleyi",1,"","",NA,"","",NA,"","",NA,"","","https://powo.science.kew.org/taxon/urn:lsid:ipni.org:names:961543-1","","Y","Accepted","Acacia pedleyi","Acacia pedleyi","Tindale & Kodela","197334","species","https://powo.science.kew.org/taxon/urn:lsid:ipni.org:names:961543-1","","Fabaceae","1","1","wcvp","0",""
"503","Acacia storyi",1,"197335","Acacia storyi",1,"species","","",NA,"Tindale","Fabaceae","Acacia","Acacia",1,"storyi","storyi",1,"","",NA,"","",NA,"","",NA,"","","https://powo.science.kew.org/taxon/urn:lsid:ipni.org:names:471555-1","","Y","Accepted","Acacia storyi","Acacia storyi","Tindale","197335","species","https://powo.science.kew.org/taxon/urn:lsid:ipni.org:names:471555-1","","Fabaceae","1","1","wcvp","0",""
"504","Acacia olsenii",1,"197338","Acacia olsenii",1,"species","","",NA,"Tindale","Fabaceae","Acacia","Acacia",1,"olsenii","olsenii",1,"","",NA,"","",NA,"","",NA,"","","https://powo.science.kew.org/taxon/urn:lsid:ipni.org:names:471035-1","","Y","Accepted","Acacia olsenii","Acacia olsenii","Tindale","197338","species","https://powo.science.kew.org/taxon/urn:lsid:ipni.org:names:471035-1","","Fabaceae","1","1","wcvp","0",""
"505","Acacia silvestris",1,"182718","Acacia silvestris",1,"species","","",NA,"Tindale","Fabaceae","Acacia","Acacia",1,"silvestris","silvestris",1,"","",NA,"","",NA,"","",NA,"","","https://powo.science.kew.org/taxon/urn:lsid:ipni.org:names:471478-1","","Y","Accepted","Acacia silvestris","Acacia silvestris","Tindale","182718","species","https://powo.science.kew.org/taxon/urn:lsid:ipni.org:names:471478-1","","Fabaceae","1","1","wcvp","0",""
"506","Acacia parramattensis",1,"182732","Acacia parramattensis",1,"species","","",NA,"Tindale","Fabaceae","Acacia","Acacia",1,"parramattensis","parramattensis",1,"","",NA,"","",NA,"","",NA,"","","https://powo.science.kew.org/taxon/urn:lsid:ipni.org:names:471083-1","","Y","Accepted","Acacia parramattensis","Acacia parramattensis","Tindale","182732","species","https://powo.science.kew.org/taxon/urn:lsid:ipni.org:names:471083-1","","Fabaceae","1","1","wcvp","0",""
"507","Acacia mearnsii",1,"199931","Acacia mearnsii",1,"species","","",NA,"De Wild.","Fabaceae","Acacia","Acacia",1,"mearnsii","mearnsii",1,"","",NA,"","",NA,"","",NA,"","","https://powo.science.kew.org/taxon/urn:lsid:ipni.org:names:470860-1","","Y","Accepted","Acacia mearnsii","Acacia mearnsii","De Wild.","199931","species","https://powo.science.kew.org/taxon/urn:lsid:ipni.org:names:470860-1","","Fabaceae","1","1","wcvp","0",""
"508","Acacia loroloba",1,"197340","Acacia loroloba",1,"species","","",NA,"Tindale","Fabaceae","Acacia","Acacia",1,"loroloba","loroloba",1,"","",NA,"","",NA,"","",NA,"","","https://powo.science.kew.org/taxon/urn:lsid:ipni.org:names:470791-1","","Y","Accepted","Acacia loroloba","Acacia loroloba","Tindale","197340","species","https://powo.science.kew.org/taxon/urn:lsid:ipni.org:names:470791-1","","Fabaceae","1","1","wcvp","0",""
"509","Acacia constablei",1,"182682","Acacia constablei",1,"species","","",NA,"Tindale","Fabaceae","Acacia","Acacia",1,"constablei","constablei",1,"","",NA,"","",NA,"","",NA,"","","https://powo.science.kew.org/taxon/urn:lsid:ipni.org:names:470044-1","","Y","Accepted","Acacia constablei","Acacia constablei","Tindale","182682","species","https://powo.science.kew.org/taxon/urn:lsid:ipni.org:names:470044-1","","Fabaceae","1","1","wcvp","0",""
"510","Acacia decurrens",1,"189415","Acacia decurrens",1,"species","","",NA,"(J.C.Wendl.) Willd.","Fabaceae","Acacia","Acacia",1,"decurrens","decurrens",1,"","",NA,"","",NA,"","",NA,"","","https://powo.science.kew.org/taxon/urn:lsid:ipni.org:names:470138-1","","Y","Accepted","Acacia decurrens","Acacia decurrens","(J.C.Wendl.) Willd.","189415","species","https://powo.science.kew.org/taxon/urn:lsid:ipni.org:names:470138-1","","Fabaceae","1","1","wcvp","0",""
"511","Acacia dangarensis",1,"197346","Acacia dangarensis",1,"species","","",NA,"Tindale & Kodela","Fabaceae","Acacia","Acacia",1,"dangarensis","dangarensis",1,"","",NA,"","",NA,"","",NA,"","","https://powo.science.kew.org/taxon/urn:lsid:ipni.org:names:960237-1","","Y","Accepted","Acacia dangarensis","Acacia dangarensis","Tindale & Kodela","197346","species","https://powo.science.kew.org/taxon/urn:lsid:ipni.org:names:960237-1","","Fabaceae","1","1","wcvp","0",""
"512","Acacia nanodealbata",1,"197347","Acacia nanodealbata",1,"species","","",NA,"J.H.Willis","Fabaceae","Acacia","Acacia",1,"nanodealbata","nanodealbata",1,"","",NA,"","",NA,"","",NA,"","","https://powo.science.kew.org/taxon/urn:lsid:ipni.org:names:470963-1","","Y","Accepted","Acacia nanodealbata","Acacia nanodealbata","J.H.Willis","197347","species","https://powo.science.kew.org/taxon/urn:lsid:ipni.org:names:470963-1","","Fabaceae","1","1","wcvp","0",""
"513","Acacia dealbata",1,"189323","Acacia dealbata",1,"species","","",NA,"Link","Fabaceae","Acacia","Acacia",1,"dealbata","dealbata",1,"","",NA,"","",NA,"","",NA,"","","https://powo.science.kew.org/taxon/urn:lsid:ipni.org:names:470130-1","","Y","Accepted","Acacia dealbata","Acacia dealbata","Link","189323","species","https://powo.science.kew.org/taxon/urn:lsid:ipni.org:names:470130-1","","Fabaceae","1","1","wcvp","0",""
"514","Acacia dealbata subsp. dealbata",1,"197350","Acacia dealbata subsp. dealbata",1,"subspecies","","",NA,"","Fabaceae","Acacia","Acacia",1,"dealbata","dealbata",1,"","",NA,"subsp.","dealbata",1,"","",NA,"","","https://powo.science.kew.org/taxon/urn:lsid:ipni.org:names:62512-3","","Y","Accepted","Acacia dealbata subsp. dealbata","Acacia dealbata","","197350","subspecies","https://powo.science.kew.org/taxon/urn:lsid:ipni.org:names:62512-3","","Fabaceae","1","1","wcvp","0",""
"515","Acacia dealbata subsp. subalpina",1,"1325914","Acacia dealbata subsp. subalpina",1,"subspecies","","",NA,"Tindale & Kodela","Fabaceae","Acacia","Acacia",1,"dealbata","dealbata",1,"","",NA,"subsp.","subalpina",1,"","",NA,"","","https://powo.science.kew.org/taxon/urn:lsid:ipni.org:names:1021343-1","","Y","Accepted","Acacia dealbata subsp. subalpina","Acacia dealbata","Tindale & Kodela","1325914","subspecies","https://powo.science.kew.org/taxon/urn:lsid:ipni.org:names:1021343-1","","Fabaceae","1","1","wcvp","0",""
"516","Acacia mollifolia",1,"182699","Acacia mollifolia",1,"species","","",NA,"Maiden & Blakely","Fabaceae","Acacia","Acacia",1,"mollifolia","mollifolia",1,"","",NA,"","",NA,"","",NA,"","","https://powo.science.kew.org/taxon/urn:lsid:ipni.org:names:470920-1","","Y","Accepted","Acacia mollifolia","Acacia mollifolia","Maiden & Blakely","182699","species","https://powo.science.kew.org/taxon/urn:lsid:ipni.org:names:470920-1","","Fabaceae","1","1","wcvp","0",""
"517","Acacia irrorata",1,"183470","Acacia irrorata",1,"species","","",NA,"Sieber ex Spreng.","Fabaceae","Acacia","Acacia",1,"irrorata","irrorata",1,"","",NA,"","",NA,"","",NA,"","","https://powo.science.kew.org/taxon/urn:lsid:ipni.org:names:470611-1","","Y","Accepted","Acacia irrorata","Acacia irrorata","Sieber ex Spreng.","183470","species","https://powo.science.kew.org/taxon/urn:lsid:ipni.org:names:470611-1","","Fabaceae","1","1","wcvp","0",""
"518","Acacia irrorata subsp. irrorata",1,"182743","Acacia irrorata subsp. irrorata",1,"subspecies","","",NA,"","Fabaceae","Acacia","Acacia",1,"irrorata","irrorata",1,"","",NA,"subsp.","irrorata",1,"","",NA,"","","https://powo.science.kew.org/taxon/urn:lsid:ipni.org:names:68609-3","","Y","Accepted","Acacia irrorata subsp. irrorata","Acacia irrorata","","182743","subspecies","https://powo.science.kew.org/taxon/urn:lsid:ipni.org:names:68609-3","","Fabaceae","1","1","wcvp","0",""
"519","Acacia irrorata subsp. velutinella",1,"1254002","Acacia irrorata subsp. velutinella",1,"subspecies","","",NA,"Tindale","Fabaceae","Acacia","Acacia",1,"irrorata","irrorata",1,"","",NA,"subsp.","velutinella",1,"","",NA,"","","https://powo.science.kew.org/taxon/urn:lsid:ipni.org:names:68625-3","","Y","Accepted","Acacia irrorata subsp. velutinella","Acacia irrorata","Tindale","1254002","subspecies","https://powo.science.kew.org/taxon/urn:lsid:ipni.org:names:68625-3","","Fabaceae","1","1","wcvp","0",""
"520","Acacia trachyphloia",1,"182717","Acacia trachyphloia",1,"species","","",NA,"Tindale","Fabaceae","Acacia","Acacia",1,"trachyphloia","trachyphloia",1,"","",NA,"","",NA,"","",NA,"","","https://powo.science.kew.org/taxon/urn:lsid:ipni.org:names:471667-1","","Y","Accepted","Acacia trachyphloia","Acacia trachyphloia","Tindale","182717","species","https://powo.science.kew.org/taxon/urn:lsid:ipni.org:names:471667-1","","Fabaceae","1","1","wcvp","0",""
"521","Acacia mitchellii",1,"197354","Acacia mitchellii",1,"species","","",NA,"Benth.","Fabaceae","Acacia","Acacia",1,"mitchellii","mitchellii",1,"","",NA,"","",NA,"","",NA,"","","https://powo.science.kew.org/taxon/urn:lsid:ipni.org:names:470914-1","","Y","Accepted","Acacia mitchellii","Acacia mitchellii","Benth.","197354","species","https://powo.science.kew.org/taxon/urn:lsid:ipni.org:names:470914-1","","Fabaceae","1","1","wcvp","0",""
"522","Acacia binervata",1,"182672","Acacia binervata",1,"species","","",NA,"DC.","Fabaceae","Acacia","Acacia",1,"binervata","binervata",1,"","",NA,"","",NA,"","",NA,"","","https://powo.science.kew.org/taxon/urn:lsid:ipni.org:names:469845-1","","Y","Accepted","Acacia binervata","Acacia binervata","DC.","182672","species","https://powo.science.kew.org/taxon/urn:lsid:ipni.org:names:469845-1","","Fabaceae","1","1","wcvp","0",""
"523","Acacia penninervis",1,"189713","Acacia penninervis",1,"species","","",NA,"Sieber ex DC.","Fabaceae","Acacia","Acacia",1,"penninervis","penninervis",1,"","",NA,"","",NA,"","",NA,"","","https://powo.science.kew.org/taxon/urn:lsid:ipni.org:names:471112-1","","Y","Accepted","Acacia penninervis","Acacia penninervis","Sieber ex DC.","189713","species","https://powo.science.kew.org/taxon/urn:lsid:ipni.org:names:471112-1","","Fabaceae","1","1","wcvp","0",""
"524","Acacia penninervis var. penninervis",1,"197361","Acacia penninervis var. penninervis",1,"variety","","",NA,"","Fabaceae","Acacia","Acacia",1,"penninervis","penninervis",1,"","",NA,"var.","penninervis",1,"","",NA,"","","https://powo.science.kew.org/taxon/urn:lsid:ipni.org:names:75768-3","","Y","Accepted","Acacia penninervis var. penninervis","Acacia penninervis","","197361","variety","https://powo.science.kew.org/taxon/urn:lsid:ipni.org:names:75768-3","","Fabaceae","1","1","wcvp","0",""
"525","Acacia penninervis var. longiracemosa",1,"197365","Acacia penninervis var. longiracemosa",1,"variety","","",NA,"Domin","Fabaceae","Acacia","Acacia",1,"penninervis","penninervis",1,"","",NA,"var.","longiracemosa",1,"","",NA,"","","https://powo.science.kew.org/taxon/urn:lsid:ipni.org:names:75713-3","","Y","Accepted","Acacia penninervis var. longiracemosa","Acacia penninervis","Domin","197365","variety","https://powo.science.kew.org/taxon/urn:lsid:ipni.org:names:75713-3","","Fabaceae","1","1","wcvp","0",""
"526","Acacia falciformis",1,"182686","Acacia falciformis",1,"species","","",NA,"DC.","Fabaceae","Acacia","Acacia",1,"falciformis","falciformis",1,"","",NA,"","",NA,"","",NA,"","","https://powo.science.kew.org/taxon/urn:lsid:ipni.org:names:470301-1","","Y","Accepted","Acacia falciformis","Acacia falciformis","DC.","182686","species","https://powo.science.kew.org/taxon/urn:lsid:ipni.org:names:470301-1","","Fabaceae","1","1","wcvp","0",""
"527","Acacia obliquinervia",1,"197372","Acacia obliquinervia",1,"species","","",NA,"Tindale","Fabaceae","Acacia","Acacia",1,"obliquinervia","obliquinervia",1,"","",NA,"","",NA,"","",NA,"","","https://powo.science.kew.org/taxon/urn:lsid:ipni.org:names:471013-1","","Y","Accepted","Acacia obliquinervia","Acacia obliquinervia","Tindale","197372","species","https://powo.science.kew.org/taxon/urn:lsid:ipni.org:names:471013-1","","Fabaceae","1","1","wcvp","0",""
"528","Acacia caerulescens",1,"197376","Acacia caerulescens",1,"species","","",NA,"Maslin & Court","Fabaceae","Acacia","Acacia",1,"caerulescens","caerulescens",1,"","",NA,"","",NA,"","",NA,"","","https://powo.science.kew.org/taxon/urn:lsid:ipni.org:names:937395-1","","Y","Accepted","Acacia caerulescens","Acacia caerulescens","Maslin & Court","197376","species","https://powo.science.kew.org/taxon/urn:lsid:ipni.org:names:937395-1","","Fabaceae","1","1","wcvp","0",""
"529","Acacia saliciformis",1,"197377","Acacia saliciformis",1,"species","","",NA,"Tindale","Fabaceae","Acacia","Acacia",1,"saliciformis","saliciformis",1,"","",NA,"","",NA,"","",NA,"","","https://powo.science.kew.org/taxon/urn:lsid:ipni.org:names:471380-1","","Y","Accepted","Acacia saliciformis","Acacia saliciformis","Tindale","197377","species","https://powo.science.kew.org/taxon/urn:lsid:ipni.org:names:471380-1","","Fabaceae","1","1","wcvp","0",""
"530","Acacia wardellii",1,"197378","Acacia wardellii",1,"species","","",NA,"Tindale","Fabaceae","Acacia","Acacia",1,"wardellii","wardellii",1,"","",NA,"","",NA,"","",NA,"","","https://powo.science.kew.org/taxon/urn:lsid:ipni.org:names:471792-1","","Y","Accepted","Acacia wardellii","Acacia wardellii","Tindale","197378","species","https://powo.science.kew.org/taxon/urn:lsid:ipni.org:names:471792-1","","Fabaceae","1","1","wcvp","0",""
"531","Acacia bancroftiorum",1,"197380","Acacia bancroftiorum",1,"species","","",NA,"Maiden","Fabaceae","Acacia","Acacia",1,"bancroftiorum","bancroftiorum",1,"","",NA,"","",NA,"","",NA,"","","https://powo.science.kew.org/taxon/urn:lsid:ipni.org:names:469803-1","","Y","Accepted","Acacia bancroftiorum","Acacia bancroftiorum","Maiden","197380","species","https://powo.science.kew.org/taxon/urn:lsid:ipni.org:names:469803-1","","Fabaceae","1","1","wcvp","0",""
"532","Acacia macradenia",1,"197382","Acacia macradenia",1,"species","","",NA,"Benth.","Fabaceae","Acacia","Acacia",1,"macradenia","macradenia",1,"","",NA,"","",NA,"","",NA,"","","https://powo.science.kew.org/taxon/urn:lsid:ipni.org:names:470822-1","","Y","Accepted","Acacia macradenia","Acacia macradenia","Benth.","197382","species","https://powo.science.kew.org/taxon/urn:lsid:ipni.org:names:470822-1","","Fabaceae","1","1","wcvp","0",""
"533","Acacia holotricha",1,"197386","Acacia holotricha",1,"species","","",NA,"Pedley","Fabaceae","Acacia","Acacia",1,"holotricha","holotricha",1,"","",NA,"","",NA,"","",NA,"","","https://powo.science.kew.org/taxon/urn:lsid:ipni.org:names:470539-1","","Y","Accepted","Acacia holotricha","Acacia holotricha","Pedley","197386","species","https://powo.science.kew.org/taxon/urn:lsid:ipni.org:names:470539-1","","Fabaceae","1","1","wcvp","0",""
"534","Acacia falcata",1,"189707","Acacia falcata",1,"species","","",NA,"Willd.","Fabaceae","Acacia","Acacia",1,"falcata","falcata",1,"","",NA,"","",NA,"","",NA,"","","https://powo.science.kew.org/taxon/urn:lsid:ipni.org:names:470299-1","","Y","Accepted","Acacia falcata","Acacia falcata","Willd.","189707","species","https://powo.science.kew.org/taxon/urn:lsid:ipni.org:names:470299-1","","Fabaceae","1","1","wcvp","0",""
"535","Acacia mabellae",1,"182698","Acacia mabellae",1,"species","","",NA,"Maiden","Fabaceae","Acacia","Acacia",1,"mabellae","mabellae",1,"","",NA,"","",NA,"","",NA,"","","https://powo.science.kew.org/taxon/urn:lsid:ipni.org:names:470812-1","","Y","Accepted","Acacia mabellae","Acacia mabellae","Maiden","182698","species","https://powo.science.kew.org/taxon/urn:lsid:ipni.org:names:470812-1","","Fabaceae","1","1","wcvp","0",""
"536","Acacia attenuata",1,"197397","Acacia attenuata",1,"species","","",NA,"Maiden","Fabaceae","Acacia","Acacia",1,"attenuata","attenuata",1,"","",NA,"","",NA,"","",NA,"","","https://powo.science.kew.org/taxon/urn:lsid:ipni.org:names:469777-1","","Y","Accepted","Acacia attenuata","Acacia attenuata","Maiden","197397","species","https://powo.science.kew.org/taxon/urn:lsid:ipni.org:names:469777-1","","Fabaceae","1","1","wcvp","0",""
"537","Acacia rubida",1,"182705","Acacia rubida",1,"species","","",NA,"A.Cunn.","Fabaceae","Acacia","Acacia",1,"rubida","rubida",1,"","",NA,"","",NA,"","",NA,"","","https://powo.science.kew.org/taxon/urn:lsid:ipni.org:names:471359-1","","Y","Accepted","Acacia rubida","Acacia rubida","A.Cunn.","182705","species","https://powo.science.kew.org/taxon/urn:lsid:ipni.org:names:471359-1","","Fabaceae","1","1","wcvp","0",""
"538","Acacia amoena",1,"1041033","Acacia amoena",1,"species","","",NA,"H.L.Wendl.","Fabaceae","Acacia","Acacia",1,"amoena","amoena",1,"","",NA,"","",NA,"","",NA,"","","https://powo.science.kew.org/taxon/urn:lsid:ipni.org:names:469699-1","","Y","Accepted","Acacia amoena","Acacia amoena","H.L.Wendl.","1041033","species","https://powo.science.kew.org/taxon/urn:lsid:ipni.org:names:469699-1","","Fabaceae","1","1","wcvp","0",""
"539","Acacia kydrensis",1,"197400","Acacia kydrensis",1,"species","","",NA,"Tindale","Fabaceae","Acacia","Acacia",1,"kydrensis","kydrensis",1,"","",NA,"","",NA,"","",NA,"","","https://powo.science.kew.org/taxon/urn:lsid:ipni.org:names:470668-1","","Y","Accepted","Acacia kydrensis","Acacia kydrensis","Tindale","197400","species","https://powo.science.kew.org/taxon/urn:lsid:ipni.org:names:470668-1","","Fabaceae","1","1","wcvp","0",""
"540","Acacia chalkeri",1,"197401","Acacia chalkeri",1,"species","","",NA,"Maiden","Fabaceae","Acacia","Acacia",1,"chalkeri","chalkeri",1,"","",NA,"","",NA,"","",NA,"","","https://powo.science.kew.org/taxon/urn:lsid:ipni.org:names:469967-1","","Y","Accepted","Acacia chalkeri","Acacia chalkeri","Maiden","197401","species","https://powo.science.kew.org/taxon/urn:lsid:ipni.org:names:469967-1","","Fabaceae","1","1","wcvp","0",""
"541","Acacia forsythii",1,"197402","Acacia forsythii",1,"species","","",NA,"Maiden & Blakely","Fabaceae","Acacia","Acacia",1,"forsythii","forsythii",1,"","",NA,"","",NA,"","",NA,"","","https://powo.science.kew.org/taxon/urn:lsid:ipni.org:names:470355-1","","Y","Accepted","Acacia forsythii","Acacia forsythii","Maiden & Blakely","197402","species","https://powo.science.kew.org/taxon/urn:lsid:ipni.org:names:470355-1","","Fabaceae","1","1","wcvp","0",""
"542","Acacia flocktoniae",1,"197404","Acacia flocktoniae",1,"species","","",NA,"Maiden","Fabaceae","Acacia","Acacia",1,"flocktoniae","flocktoniae",1,"","",NA,"","",NA,"","",NA,"","","https://powo.science.kew.org/taxon/urn:lsid:ipni.org:names:470345-1","","Y","Accepted","Acacia flocktoniae","Acacia flocktoniae","Maiden","197404","species","https://powo.science.kew.org/taxon/urn:lsid:ipni.org:names:470345-1","","Fabaceae","1","1","wcvp","0",""
"543","Acacia deuteroneura",1,"197406","Acacia deuteroneura",1,"species","","",NA,"Pedley","Fabaceae","Acacia","Acacia",1,"deuteroneura","deuteroneura",1,"","",NA,"","",NA,"","",NA,"","","https://powo.science.kew.org/taxon/urn:lsid:ipni.org:names:470165-1","","Y","Accepted","Acacia deuteroneura","Acacia deuteroneura","Pedley","197406","species","https://powo.science.kew.org/taxon/urn:lsid:ipni.org:names:470165-1","","Fabaceae","1","1","wcvp","0",""
"544","Acacia wattsiana",1,"182716","Acacia wattsiana",1,"species","","",NA,"F.Muell. ex Benth.","Fabaceae","Acacia","Acacia",1,"wattsiana","wattsiana",1,"","",NA,"","",NA,"","",NA,"","","https://powo.science.kew.org/taxon/urn:lsid:ipni.org:names:471793-1","","Y","Accepted","Acacia wattsiana","Acacia wattsiana","F.Muell. ex Benth.","182716","species","https://powo.science.kew.org/taxon/urn:lsid:ipni.org:names:471793-1","","Fabaceae","1","1","wcvp","0",""
"545","Acacia quornensis",1,"197408","Acacia quornensis",1,"species","","",NA,"J.M.Black","Fabaceae","Acacia","Acacia",1,"quornensis","quornensis",1,"","",NA,"","",NA,"","",NA,"","","https://powo.science.kew.org/taxon/urn:lsid:ipni.org:names:471289-1","","Y","Accepted","Acacia quornensis","Acacia quornensis","J.M.Black","197408","species","https://powo.science.kew.org/taxon/urn:lsid:ipni.org:names:471289-1","","Fabaceae","1","1","wcvp","0",""
"546","Acacia subulata",1,"197409","Acacia subulata",1,"species","","",NA,"Bonpl.","Fabaceae","Acacia","Acacia",1,"subulata","subulata",1,"","",NA,"","",NA,"","",NA,"","","https://powo.science.kew.org/taxon/urn:lsid:ipni.org:names:471598-1","","Y","Accepted","Acacia subulata","Acacia subulata","Bonpl.","197409","species","https://powo.science.kew.org/taxon/urn:lsid:ipni.org:names:471598-1","","Fabaceae","1","1","wcvp","0",""
"547","Acacia calamifolia",1,"182679","Acacia calamifolia",1,"species","","",NA,"Sweet ex Lindl.","Fabaceae","Acacia","Acacia",1,"calamifolia","calamifolia",1,"","",NA,"","",NA,"","",NA,"","","https://powo.science.kew.org/taxon/urn:lsid:ipni.org:names:469909-1","","Y","Accepted","Acacia calamifolia","Acacia calamifolia","Sweet ex Lindl.","182679","species","https://powo.science.kew.org/taxon/urn:lsid:ipni.org:names:469909-1","","Fabaceae","1","1","wcvp","0",""
"548","Acacia nematophylla",1,"197418","Acacia nematophylla",1,"species","","",NA,"F.Muell. ex Benth.","Fabaceae","Acacia","Acacia",1,"nematophylla","nematophylla",1,"","",NA,"","",NA,"","",NA,"","","https://powo.science.kew.org/taxon/urn:lsid:ipni.org:names:470975-1","","Y","Accepted","Acacia nematophylla","Acacia nematophylla","F.Muell. ex Benth.","197418","species","https://powo.science.kew.org/taxon/urn:lsid:ipni.org:names:470975-1","","Fabaceae","1","1","wcvp","0",""
"549","Acacia leiophylla",1,"197419","Acacia leiophylla",1,"species","","",NA,"Benth.","Fabaceae","Acacia","Acacia",1,"leiophylla","leiophylla",1,"","",NA,"","",NA,"","",NA,"","","https://powo.science.kew.org/taxon/urn:lsid:ipni.org:names:470724-1","","Y","Accepted","Acacia leiophylla","Acacia leiophylla","Benth.","197419","species","https://powo.science.kew.org/taxon/urn:lsid:ipni.org:names:470724-1","","Fabaceae","1","1","wcvp","0",""
"550","Acacia alcockii",1,"197421","Acacia alcockii",1,"species","","",NA,"Maslin & Whibley","Fabaceae","Acacia","Acacia",1,"alcockii","alcockii",1,"","",NA,"","",NA,"","",NA,"","","https://powo.science.kew.org/taxon/urn:lsid:ipni.org:names:933651-1","","Y","Accepted","Acacia alcockii","Acacia alcockii","Maslin & Whibley","197421","species","https://powo.science.kew.org/taxon/urn:lsid:ipni.org:names:933651-1","","Fabaceae","1","1","wcvp","0",""
"551","Acacia anceps",1,"197423","Acacia anceps",1,"species","","",NA,"DC.","Fabaceae","Acacia","Acacia",1,"anceps","anceps",1,"","",NA,"","",NA,"","",NA,"","","https://powo.science.kew.org/taxon/urn:lsid:ipni.org:names:469707-1","","Y","Accepted","Acacia anceps","Acacia anceps","DC.","197423","species","https://powo.science.kew.org/taxon/urn:lsid:ipni.org:names:469707-1","","Fabaceae","1","1","wcvp","0",""
"552","Acacia notabilis",1,"197430","Acacia notabilis",1,"species","","",NA,"F.Muell.","Fabaceae","Acacia","Acacia",1,"notabilis","notabilis",1,"","",NA,"","",NA,"","",NA,"","","https://powo.science.kew.org/taxon/urn:lsid:ipni.org:names:471001-1","","Y","Accepted","Acacia notabilis","Acacia notabilis","F.Muell.","197430","species","https://powo.science.kew.org/taxon/urn:lsid:ipni.org:names:471001-1","","Fabaceae","1","1","wcvp","0",""
"553","Acacia rivalis",1,"197431","Acacia rivalis",1,"species","","",NA,"J.M.Black","Fabaceae","Acacia","Acacia",1,"rivalis","rivalis",1,"","",NA,"","",NA,"","",NA,"","","https://powo.science.kew.org/taxon/urn:lsid:ipni.org:names:471332-1","","Y","Accepted","Acacia rivalis","Acacia rivalis","J.M.Black","197431","species","https://powo.science.kew.org/taxon/urn:lsid:ipni.org:names:471332-1","","Fabaceae","1","1","wcvp","0",""
"554","Acacia araneosa",1,"197433","Acacia araneosa",1,"species","","",NA,"Whibley","Fabaceae","Acacia","Acacia",1,"araneosa","araneosa",1,"","",NA,"","",NA,"","",NA,"","","https://powo.science.kew.org/taxon/urn:lsid:ipni.org:names:469736-1","","Y","Accepted","Acacia araneosa","Acacia araneosa","Whibley","197433","species","https://powo.science.kew.org/taxon/urn:lsid:ipni.org:names:469736-1","","Fabaceae","1","1","wcvp","0",""
"555","Acacia cretacea",1,"1428709","Acacia cretacea",1,"species","","",NA,"Maslin & Whibley","Fabaceae","Acacia","Acacia",1,"cretacea","cretacea",1,"","",NA,"","",NA,"","",NA,"","","https://powo.science.kew.org/taxon/urn:lsid:ipni.org:names:933652-1","","Y","Accepted","Acacia cretacea","Acacia cretacea","Maslin & Whibley","1428709","species","https://powo.science.kew.org/taxon/urn:lsid:ipni.org:names:933652-1","","Fabaceae","1","1","wcvp","0",""
"556","Acacia gillii",1,"1782009","Acacia gillii",1,"species","","",NA,"Maiden & Blakely","Fabaceae","Acacia","Acacia",1,"gillii","gillii",1,"","",NA,"","",NA,"","",NA,"","","https://powo.science.kew.org/taxon/urn:lsid:ipni.org:names:470399-1","","Y","Accepted","Acacia gillii","Acacia gillii","Maiden & Blakely","1782009","species","https://powo.science.kew.org/taxon/urn:lsid:ipni.org:names:470399-1","","Fabaceae","1","1","wcvp","0",""
"557","Acacia validinervia",1,"197439","Acacia validinervia",1,"species","","",NA,"Maiden & Blakely","Fabaceae","Acacia","Acacia",1,"validinervia","validinervia",1,"","",NA,"","",NA,"","",NA,"","","https://powo.science.kew.org/taxon/urn:lsid:ipni.org:names:471729-1","","Y","Accepted","Acacia validinervia","Acacia validinervia","Maiden & Blakely","197439","species","https://powo.science.kew.org/taxon/urn:lsid:ipni.org:names:471729-1","","Fabaceae","1","1","wcvp","0",""
"558","Acacia steedmanii",1,"197442","Acacia steedmanii",1,"species","","",NA,"Maiden & Blakely","Fabaceae","Acacia","Acacia",1,"steedmanii","steedmanii",1,"","",NA,"","",NA,"","",NA,"","","https://powo.science.kew.org/taxon/urn:lsid:ipni.org:names:471537-1","","Y","Accepted","Acacia steedmanii","Acacia steedmanii","Maiden & Blakely","197442","species","https://powo.science.kew.org/taxon/urn:lsid:ipni.org:names:471537-1","","Fabaceae","1","1","wcvp","0",""
"559","Acacia retinodes",1,"178665","Acacia retinodes",1,"species","","",NA,"Schltdl.","Fabaceae","Acacia","Acacia",1,"retinodes","retinodes",1,"","",NA,"","",NA,"","",NA,"","","https://powo.science.kew.org/taxon/urn:lsid:ipni.org:names:471313-1","","Y","Accepted","Acacia retinodes","Acacia retinodes","Schltdl.","178665","species","https://powo.science.kew.org/taxon/urn:lsid:ipni.org:names:471313-1","","Fabaceae","1","1","wcvp","0",""
"560","Acacia retinodes var. retinodes",0.59957384396743,"178665","Acacia retinodes",0.59957384396743,"species","","",NA,"Schltdl.","Fabaceae","Acacia","Acacia",1,"retinodes","retinodes",1,"","",NA,"","",NA,"","",NA,"","var. retinodes","https://powo.science.kew.org/taxon/urn:lsid:ipni.org:names:471313-1","","Y","Accepted","Acacia retinodes","Acacia retinodes","Schltdl.","178665","species","https://powo.science.kew.org/taxon/urn:lsid:ipni.org:names:471313-1","","Fabaceae","1","1","wcvp","1","[Partial]"
"561","Acacia retinodes var. uncifolia",1,"197446","Acacia retinodes var. uncifolia",1,"variety","","",NA,"J.M.Black","Fabaceae","Acacia","Acacia",1,"retinodes","retinodes",1,"","",NA,"var.","uncifolia",1,"","",NA,"","","https://powo.science.kew.org/taxon/urn:lsid:ipni.org:names:78613-3","","Y","Synonym","Acacia uncifolia","Acacia uncifolia","(J.M.Black) O'Leary","1021238","species","https://powo.science.kew.org/taxon/urn:lsid:ipni.org:names:77080449-1","","Fabaceae","1","1","wcvp","0",""
"562","Acacia confluens",1,"197448","Acacia confluens",1,"species","","",NA,"Maiden & Blakely","Fabaceae","Acacia","Acacia",1,"confluens","confluens",1,"","",NA,"","",NA,"","",NA,"","","https://powo.science.kew.org/taxon/urn:lsid:ipni.org:names:470038-1","","Y","Accepted","Acacia confluens","Acacia confluens","Maiden & Blakely","197448","species","https://powo.science.kew.org/taxon/urn:lsid:ipni.org:names:470038-1","","Fabaceae","1","1","wcvp","0",""
"563","Acacia jennerae",1,"197450","Acacia jennerae",1,"species","","",NA,"Maiden","Fabaceae","Acacia","Acacia",1,"jennerae","jennerae",1,"","",NA,"","",NA,"","",NA,"","","https://powo.science.kew.org/taxon/urn:lsid:ipni.org:names:470623-1","","Y","Accepted","Acacia jennerae","Acacia jennerae","Maiden","197450","species","https://powo.science.kew.org/taxon/urn:lsid:ipni.org:names:470623-1","","Fabaceae","1","1","wcvp","0",""
"564","Acacia microbotrya",1,"197452","Acacia microbotrya",1,"species","","",NA,"Benth.","Fabaceae","Acacia","Acacia",1,"microbotrya","microbotrya",1,"","",NA,"","",NA,"","",NA,"","","https://powo.science.kew.org/taxon/urn:lsid:ipni.org:names:470891-1","","Y","Accepted","Acacia microbotrya","Acacia microbotrya","Benth.","197452","species","https://powo.science.kew.org/taxon/urn:lsid:ipni.org:names:470891-1","","Fabaceae","1","1","wcvp","0",""
"565","Acacia amblyophylla",1,"197458","Acacia amblyophylla",1,"species","","",NA,"F.Muell.","Fabaceae","Acacia","Acacia",1,"amblyophylla","amblyophylla",1,"","",NA,"","",NA,"","",NA,"","","https://powo.science.kew.org/taxon/urn:lsid:ipni.org:names:469693-1","","Y","Accepted","Acacia amblyophylla","Acacia amblyophylla","F.Muell.","197458","species","https://powo.science.kew.org/taxon/urn:lsid:ipni.org:names:469693-1","","Fabaceae","1","1","wcvp","0",""
"566","Acacia brumalis",1,"197459","Acacia brumalis",1,"species","","",NA,"Maslin","Fabaceae","Acacia","Acacia",1,"brumalis","brumalis",1,"","",NA,"","",NA,"","",NA,"","","https://powo.science.kew.org/taxon/urn:lsid:ipni.org:names:991285-1","","Y","Accepted","Acacia brumalis","Acacia brumalis","Maslin","197459","species","https://powo.science.kew.org/taxon/urn:lsid:ipni.org:names:991285-1","","Fabaceae","1","1","wcvp","0",""
"567","Acacia chamaeleon",1,"197460","Acacia chamaeleon",1,"species","","",NA,"Maslin","Fabaceae","Acacia","Acacia",1,"chamaeleon","chamaeleon",1,"","",NA,"","",NA,"","",NA,"","","https://powo.science.kew.org/taxon/urn:lsid:ipni.org:names:991286-1","","Y","Accepted","Acacia chamaeleon","Acacia chamaeleon","Maslin","197460","species","https://powo.science.kew.org/taxon/urn:lsid:ipni.org:names:991286-1","","Fabaceae","1","1","wcvp","0",""
"568","Acacia harveyi",1,"197464","Acacia harveyi",1,"species","","",NA,"Benth.","Fabaceae","Acacia","Acacia",1,"harveyi","harveyi",1,"","",NA,"","",NA,"","",NA,"","","https://powo.science.kew.org/taxon/urn:lsid:ipni.org:names:470497-1","","Y","Accepted","Acacia harveyi","Acacia harveyi","Benth.","197464","species","https://powo.science.kew.org/taxon/urn:lsid:ipni.org:names:470497-1","","Fabaceae","1","1","wcvp","0",""
"569","Acacia chrysella",1,"197465","Acacia chrysella",1,"species","","",NA,"Maiden & Blakely","Fabaceae","Acacia","Acacia",1,"chrysella","chrysella",1,"","",NA,"","",NA,"","",NA,"","","https://powo.science.kew.org/taxon/urn:lsid:ipni.org:names:469980-1","","Y","Accepted","Acacia chrysella","Acacia chrysella","Maiden & Blakely","197465","species","https://powo.science.kew.org/taxon/urn:lsid:ipni.org:names:469980-1","","Fabaceae","1","1","wcvp","0",""
"570","Acacia aestivalis",1,"197466","Acacia aestivalis",1,"species","","",NA,"E.Pritz.","Fabaceae","Acacia","Acacia",1,"aestivalis","aestivalis",1,"","",NA,"","",NA,"","",NA,"","","https://powo.science.kew.org/taxon/urn:lsid:ipni.org:names:469665-1","","Y","Accepted","Acacia aestivalis","Acacia aestivalis","E.Pritz.","197466","species","https://powo.science.kew.org/taxon/urn:lsid:ipni.org:names:469665-1","","Fabaceae","1","1","wcvp","0",""
"571","Acacia leptopetala",1,"197467","Acacia leptopetala",1,"species","","",NA,"Benth.","Fabaceae","Acacia","Acacia",1,"leptopetala","leptopetala",1,"","",NA,"","",NA,"","",NA,"","","https://powo.science.kew.org/taxon/urn:lsid:ipni.org:names:470738-1","","Y","Accepted","Acacia leptopetala","Acacia leptopetala","Benth.","197467","species","https://powo.science.kew.org/taxon/urn:lsid:ipni.org:names:470738-1","","Fabaceae","1","1","wcvp","0",""
"572","Acacia meisneri",1,"1047634","Acacia meisneri",1,"species","","",NA,"Lehm.","Fabaceae","Acacia","Acacia",1,"meisneri","meisneri",1,"","",NA,"","",NA,"","",NA,"","","https://powo.science.kew.org/taxon/urn:lsid:ipni.org:names:470868-1","","Y","Accepted","Acacia meisneri","Acacia meisneri","Lehm.","1047634","species","https://powo.science.kew.org/taxon/urn:lsid:ipni.org:names:470868-1","","Fabaceae","1","1","wcvp","0",""
"573","Acacia merrickiae",1,"197472","Acacia merrickiae",1,"species","","",NA,"Maiden & Blakely","Fabaceae","Acacia","Acacia",1,"merrickiae","merrickiae",1,"","",NA,"","",NA,"","",NA,"","","https://powo.science.kew.org/taxon/urn:lsid:ipni.org:names:470882-1","","Y","Accepted","Acacia merrickiae","Acacia merrickiae","Maiden & Blakely","197472","species","https://powo.science.kew.org/taxon/urn:lsid:ipni.org:names:470882-1","","Fabaceae","1","1","wcvp","0",""
"574","Acacia leichhardtii",1,"197473","Acacia leichhardtii",1,"species","","",NA,"Benth.","Fabaceae","Acacia","Acacia",1,"leichhardtii","leichhardtii",1,"","",NA,"","",NA,"","",NA,"","","https://powo.science.kew.org/taxon/urn:lsid:ipni.org:names:470720-1","","Y","Accepted","Acacia leichhardtii","Acacia leichhardtii","Benth.","197473","species","https://powo.science.kew.org/taxon/urn:lsid:ipni.org:names:470720-1","","Fabaceae","1","1","wcvp","0",""
"575","Acacia gladiiformis",1,"182688","Acacia gladiiformis",1,"species","","",NA,"A.Cunn. ex Benth.","Fabaceae","Acacia","Acacia",1,"gladiiformis","gladiiformis",1,"","",NA,"","",NA,"","",NA,"","","https://powo.science.kew.org/taxon/urn:lsid:ipni.org:names:470409-1","","Y","Accepted","Acacia gladiiformis","Acacia gladiiformis","A.Cunn. ex Benth.","182688","species","https://powo.science.kew.org/taxon/urn:lsid:ipni.org:names:470409-1","","Fabaceae","1","1","wcvp","0",""
"576","Acacia difformis",1,"197475","Acacia difformis",1,"species","","",NA,"R.T.Baker","Fabaceae","Acacia","Acacia",1,"difformis","difformis",1,"","",NA,"","",NA,"","",NA,"","","https://powo.science.kew.org/taxon/urn:lsid:ipni.org:names:470175-1","","Y","Accepted","Acacia difformis","Acacia difformis","R.T.Baker","197475","species","https://powo.science.kew.org/taxon/urn:lsid:ipni.org:names:470175-1","","Fabaceae","1","1","wcvp","0",""
"577","Acacia pycnantha",1,"206032","Acacia pycnantha",1,"species","","",NA,"Benth.","Fabaceae","Acacia","Acacia",1,"pycnantha","pycnantha",1,"","",NA,"","",NA,"","",NA,"","","https://powo.science.kew.org/taxon/urn:lsid:ipni.org:names:471275-1","","Y","Accepted","Acacia pycnantha","Acacia pycnantha","Benth.","206032","species","https://powo.science.kew.org/taxon/urn:lsid:ipni.org:names:471275-1","","Fabaceae","1","1","wcvp","0",""
"578","Acacia hakeoides",1,"182690","Acacia hakeoides",1,"species","","",NA,"A.Cunn. ex Benth.","Fabaceae","Acacia","Acacia",1,"hakeoides","hakeoides",1,"","",NA,"","",NA,"","",NA,"","","https://powo.science.kew.org/taxon/urn:lsid:ipni.org:names:470487-1","","Y","Accepted","Acacia hakeoides","Acacia hakeoides","A.Cunn. ex Benth.","182690","species","https://powo.science.kew.org/taxon/urn:lsid:ipni.org:names:470487-1","","Fabaceae","1","1","wcvp","0",""
"579","Acacia williamsonii",1,"197484","Acacia williamsonii",1,"species","","",NA,"Court","Fabaceae","Acacia","Acacia",1,"williamsonii","williamsonii",1,"","",NA,"","",NA,"","",NA,"","","https://powo.science.kew.org/taxon/urn:lsid:ipni.org:names:471809-1","","Y","Accepted","Acacia williamsonii","Acacia williamsonii","Court","197484","species","https://powo.science.kew.org/taxon/urn:lsid:ipni.org:names:471809-1","","Fabaceae","1","1","wcvp","0",""
"580","Acacia hamiltoniana",1,"197487","Acacia hamiltoniana",1,"species","","",NA,"Maiden","Fabaceae","Acacia","Acacia",1,"hamiltoniana","hamiltoniana",1,"","",NA,"","",NA,"","",NA,"","","https://powo.science.kew.org/taxon/urn:lsid:ipni.org:names:470489-1","","Y","Accepted","Acacia hamiltoniana","Acacia hamiltoniana","Maiden","197487","species","https://powo.science.kew.org/taxon/urn:lsid:ipni.org:names:470489-1","","Fabaceae","1","1","wcvp","0",""
"581","Acacia obtusata",1,"197491","Acacia obtusata",1,"species","","",NA,"Sieber ex DC.","Fabaceae","Acacia","Acacia",1,"obtusata","obtusata",1,"","",NA,"","",NA,"","",NA,"","","https://powo.science.kew.org/taxon/urn:lsid:ipni.org:names:471019-1","","Y","Accepted","Acacia obtusata","Acacia obtusata","Sieber ex DC.","197491","species","https://powo.science.kew.org/taxon/urn:lsid:ipni.org:names:471019-1","","Fabaceae","1","1","wcvp","0",""
"582","Acacia decora",1,"182684","Acacia decora",1,"species","","",NA,"Rchb.","Fabaceae","Acacia","Acacia",1,"decora","decora",1,"","",NA,"","",NA,"","",NA,"","","https://powo.science.kew.org/taxon/urn:lsid:ipni.org:names:470137-1","","Y","Accepted","Acacia decora","Acacia decora","Rchb.","182684","species","https://powo.science.kew.org/taxon/urn:lsid:ipni.org:names:470137-1","","Fabaceae","1","1","wcvp","0",""
"583","Acacia caleyi",1,"197497","Acacia caleyi",1,"species","","",NA,"A.Cunn. ex Benth.","Fabaceae","Acacia","Acacia",1,"caleyi","caleyi",1,"","",NA,"","",NA,"","",NA,"","","https://powo.science.kew.org/taxon/urn:lsid:ipni.org:names:469915-1","","Y","Synonym","Acacia decora","Acacia decora","Rchb.","182684","species","https://powo.science.kew.org/taxon/urn:lsid:ipni.org:names:470137-1","","Fabaceae","1","1","wcvp","0",""
"584","Acacia macnuttiana",1,"197499","Acacia macnuttiana",1,"species","","",NA,"Maiden & Blakely","Fabaceae","Acacia","Acacia",1,"macnuttiana","macnuttiana",1,"","",NA,"","",NA,"","",NA,"","","https://powo.science.kew.org/taxon/urn:lsid:ipni.org:names:71967-3","","Y","Accepted","Acacia macnuttiana","Acacia macnuttiana","Maiden & Blakely","197499","species","https://powo.science.kew.org/taxon/urn:lsid:ipni.org:names:71967-3","","Fabaceae","1","1","wcvp","0",""
"585","Acacia betchei",1,"197502","Acacia betchei",1,"species","","",NA,"Maiden & Blakely","Fabaceae","Acacia","Acacia",1,"betchei","betchei",1,"","",NA,"","",NA,"","",NA,"","","https://powo.science.kew.org/taxon/urn:lsid:ipni.org:names:469831-1","","Y","Accepted","Acacia betchei","Acacia betchei","Maiden & Blakely","197502","species","https://powo.science.kew.org/taxon/urn:lsid:ipni.org:names:469831-1","","Fabaceae","1","1","wcvp","0",""
"586","Acacia adunca",1,"1041030","Acacia adunca",1,"species","","",NA,"A.Cunn. ex G.Don","Fabaceae","Acacia","Acacia",1,"adunca","adunca",1,"","",NA,"","",NA,"","",NA,"","","https://powo.science.kew.org/taxon/urn:lsid:ipni.org:names:469663-1","","Y","Accepted","Acacia adunca","Acacia adunca","A.Cunn. ex G.Don","1041030","species","https://powo.science.kew.org/taxon/urn:lsid:ipni.org:names:469663-1","","Fabaceae","1","1","wcvp","0",""
"587","Acacia acrionastes",1,"197506","Acacia acrionastes",1,"species","","",NA,"Pedley","Fabaceae","Acacia","Acacia",1,"acrionastes","acrionastes",1,"","",NA,"","",NA,"","",NA,"","","https://powo.science.kew.org/taxon/urn:lsid:ipni.org:names:940122-1","","Y","Accepted","Acacia acrionastes","Acacia acrionastes","Pedley","197506","species","https://powo.science.kew.org/taxon/urn:lsid:ipni.org:names:940122-1","","Fabaceae","1","1","wcvp","0",""
"588","Acacia floydii",1,"197507","Acacia floydii",1,"species","","",NA,"Tindale","Fabaceae","Acacia","Acacia",1,"floydii","floydii",1,"","",NA,"","",NA,"","",NA,"","","https://powo.science.kew.org/taxon/urn:lsid:ipni.org:names:470347-1","","Y","Accepted","Acacia floydii","Acacia floydii","Tindale","197507","species","https://powo.science.kew.org/taxon/urn:lsid:ipni.org:names:470347-1","","Fabaceae","1","1","wcvp","0",""
"589","Acacia perangusta",1,"197509","Acacia perangusta",1,"species","","",NA,"(C.T.White) Pedley","Fabaceae","Acacia","Acacia",1,"perangusta","perangusta",1,"","",NA,"","",NA,"","",NA,"","","https://powo.science.kew.org/taxon/urn:lsid:ipni.org:names:471119-1","","Y","Synonym","Acacia fimbriata","Acacia fimbriata","A.Cunn. ex G.Don","192548","species","https://powo.science.kew.org/taxon/urn:lsid:ipni.org:names:470327-1","","Fabaceae","1","1","wcvp","0",""
"590","Acacia fimbriata",1,"192548","Acacia fimbriata",1,"species","","",NA,"A.Cunn. ex G.Don","Fabaceae","Acacia","Acacia",1,"fimbriata","fimbriata",1,"","",NA,"","",NA,"","",NA,"","","https://powo.science.kew.org/taxon/urn:lsid:ipni.org:names:470327-1","","Y","Accepted","Acacia fimbriata","Acacia fimbriata","A.Cunn. ex G.Don","192548","species","https://powo.science.kew.org/taxon/urn:lsid:ipni.org:names:470327-1","","Fabaceae","1","1","wcvp","0",""
"591","Acacia ingramii",1,"197516","Acacia ingramii",1,"species","","",NA,"Tindale","Fabaceae","Acacia","Acacia",1,"ingramii","ingramii",1,"","",NA,"","",NA,"","",NA,"","","https://powo.science.kew.org/taxon/urn:lsid:ipni.org:names:470590-1","","Y","Accepted","Acacia ingramii","Acacia ingramii","Tindale","197516","species","https://powo.science.kew.org/taxon/urn:lsid:ipni.org:names:470590-1","","Fabaceae","1","1","wcvp","0",""
"592","Acacia neriifolia",1,"180442","Acacia neriifolia",1,"species","","",NA,"A.Cunn. ex Benth.","Fabaceae","Acacia","Acacia",1,"neriifolia","neriifolia",1,"","",NA,"","",NA,"","",NA,"","","https://powo.science.kew.org/taxon/urn:lsid:ipni.org:names:470978-1","","Y","Accepted","Acacia neriifolia","Acacia neriifolia","A.Cunn. ex Benth.","180442","species","https://powo.science.kew.org/taxon/urn:lsid:ipni.org:names:470978-1","","Fabaceae","1","1","wcvp","0",""
"593","Acacia pustula",1,"197519","Acacia pustula",1,"species","","",NA,"Maiden & Blakely","Fabaceae","Acacia","Acacia",1,"pustula","pustula",1,"","",NA,"","",NA,"","",NA,"","","https://powo.science.kew.org/taxon/urn:lsid:ipni.org:names:471274-1","","Y","Accepted","Acacia pustula","Acacia pustula","Maiden & Blakely","197519","species","https://powo.science.kew.org/taxon/urn:lsid:ipni.org:names:471274-1","","Fabaceae","1","1","wcvp","0",""
"594","Acacia linearifolia",1,"1430962","Acacia linearifolia",1,"species","","",NA,"J.Forbes","Fabaceae","Acacia","Acacia",1,"linearifolia","linearifolia",1,"","",NA,"","",NA,"","",NA,"","","https://powo.science.kew.org/taxon/urn:lsid:ipni.org:names:60476999-2","","Y","Accepted","Acacia linearifolia","Acacia linearifolia","J.Forbes","1430962","species","https://powo.science.kew.org/taxon/urn:lsid:ipni.org:names:60476999-2","","Fabaceae","1","1","wcvp","0",""
"595","Acacia angusta",1,"1042551","Acacia angusta",1,"species","","",NA,"Maiden & Blakely","Fabaceae","Acacia","Acacia",1,"angusta","angusta",1,"","",NA,"","",NA,"","",NA,"","","https://powo.science.kew.org/taxon/urn:lsid:ipni.org:names:469720-1","","Y","Accepted","Acacia angusta","Acacia angusta","Maiden & Blakely","1042551","species","https://powo.science.kew.org/taxon/urn:lsid:ipni.org:names:469720-1","","Fabaceae","1","1","wcvp","0",""
"596","Acacia polifolia",1,"197526","Acacia polifolia",1,"species","","",NA,"Pedley","Fabaceae","Acacia","Acacia",1,"polifolia","polifolia",1,"","",NA,"","",NA,"","",NA,"","","https://powo.science.kew.org/taxon/urn:lsid:ipni.org:names:471178-1","","Y","Accepted","Acacia polifolia","Acacia polifolia","Pedley","197526","species","https://powo.science.kew.org/taxon/urn:lsid:ipni.org:names:471178-1","","Fabaceae","1","1","wcvp","0",""
"597","Acacia pubicosta",1,"197528","Acacia pubicosta",1,"species","","",NA,"C.T.White","Fabaceae","Acacia","Acacia",1,"pubicosta","pubicosta",1,"","",NA,"","",NA,"","",NA,"","","https://powo.science.kew.org/taxon/urn:lsid:ipni.org:names:471252-1","","Y","Accepted","Acacia pubicosta","Acacia pubicosta","C.T.White","197528","species","https://powo.science.kew.org/taxon/urn:lsid:ipni.org:names:471252-1","","Fabaceae","1","1","wcvp","0",""
"598","Acacia caesiella",1,"182683","Acacia caesiella",1,"species","","",NA,"Maiden & Blakely","Fabaceae","Acacia","Acacia",1,"caesiella","caesiella",1,"","",NA,"","",NA,"","",NA,"","","https://powo.science.kew.org/taxon/urn:lsid:ipni.org:names:469906-1","","Y","Accepted","Acacia caesiella","Acacia caesiella","Maiden & Blakely","182683","species","https://powo.science.kew.org/taxon/urn:lsid:ipni.org:names:469906-1","","Fabaceae","1","1","wcvp","0",""
"599","Acacia clunies-rossiae",1,"183686","Acacia clunies-rossiae",1,"species","","",NA,"Maiden","Fabaceae","Acacia","Acacia",1,"clunies-rossiae","clunies-rossiae",1,"","",NA,"","",NA,"","",NA,"","","https://powo.science.kew.org/taxon/urn:lsid:ipni.org:names:470007-1","","Y","Accepted","Acacia clunies-rossiae","Acacia clunies-rossiae","Maiden","183686","species","https://powo.science.kew.org/taxon/urn:lsid:ipni.org:names:470007-1","","Fabaceae","1","1","wcvp","0",""
"600","Acacia barringtonensis",1,"197531","Acacia barringtonensis",1,"species","","",NA,"Tindale","Fabaceae","Acacia","Acacia",1,"barringtonensis","barringtonensis",1,"","",NA,"","",NA,"","",NA,"","","https://powo.science.kew.org/taxon/urn:lsid:ipni.org:names:469810-1","","Y","Accepted","Acacia barringtonensis","Acacia barringtonensis","Tindale","197531","species","https://powo.science.kew.org/taxon/urn:lsid:ipni.org:names:469810-1","","Fabaceae","1","1","wcvp","0",""
"601","Acacia dorothea",1,"197532","Acacia dorothea",1,"species","","",NA,"Maiden","Fabaceae","Acacia","Acacia",1,"dorothea","dorothea",1,"","",NA,"","",NA,"","",NA,"","","https://powo.science.kew.org/taxon/urn:lsid:ipni.org:names:470210-1","","Y","Accepted","Acacia dorothea","Acacia dorothea","Maiden","197532","species","https://powo.science.kew.org/taxon/urn:lsid:ipni.org:names:470210-1","","Fabaceae","1","1","wcvp","0",""
"602","Acacia costiniana",1,"197533","Acacia costiniana",1,"species","","",NA,"Tindale","Fabaceae","Acacia","Acacia",1,"costiniana","costiniana",1,"","",NA,"","",NA,"","",NA,"","","https://powo.science.kew.org/taxon/urn:lsid:ipni.org:names:470062-1","","Y","Accepted","Acacia costiniana","Acacia costiniana","Tindale","197533","species","https://powo.science.kew.org/taxon/urn:lsid:ipni.org:names:470062-1","","Fabaceae","1","1","wcvp","0",""
"603","Acacia lucasii",1,"1042554","Acacia lucasii",1,"species","","",NA,"Blakely","Fabaceae","Acacia","Acacia",1,"lucasii","lucasii",1,"","",NA,"","",NA,"","",NA,"","","https://powo.science.kew.org/taxon/urn:lsid:ipni.org:names:470794-1","","Y","Accepted","Acacia lucasii","Acacia lucasii","Blakely","1042554","species","https://powo.science.kew.org/taxon/urn:lsid:ipni.org:names:470794-1","","Fabaceae","1","1","wcvp","0",""
"604","Acacia covenyi",1,"197534","Acacia covenyi",1,"species","","",NA,"Tindale","Fabaceae","Acacia","Acacia",1,"covenyi","covenyi",1,"","",NA,"","",NA,"","",NA,"","","https://powo.science.kew.org/taxon/urn:lsid:ipni.org:names:470065-1","","Y","Accepted","Acacia covenyi","Acacia covenyi","Tindale","197534","species","https://powo.science.kew.org/taxon/urn:lsid:ipni.org:names:470065-1","","Fabaceae","1","1","wcvp","0",""
"605","Acacia jucunda",1,"197535","Acacia jucunda",1,"species","","",NA,"Maiden & Blakely","Fabaceae","Acacia","Acacia",1,"jucunda","jucunda",1,"","",NA,"","",NA,"","",NA,"","","https://powo.science.kew.org/taxon/urn:lsid:ipni.org:names:470629-1","","Y","Accepted","Acacia jucunda","Acacia jucunda","Maiden & Blakely","197535","species","https://powo.science.kew.org/taxon/urn:lsid:ipni.org:names:470629-1","","Fabaceae","1","1","wcvp","0",""
"606","Acacia kybeanensis",1,"197537","Acacia kybeanensis",1,"species","","",NA,"Maiden & Blakely","Fabaceae","Acacia","Acacia",1,"kybeanensis","kybeanensis",1,"","",NA,"","",NA,"","",NA,"","","https://powo.science.kew.org/taxon/urn:lsid:ipni.org:names:470667-1","","Y","Accepted","Acacia kybeanensis","Acacia kybeanensis","Maiden & Blakely","197537","species","https://powo.science.kew.org/taxon/urn:lsid:ipni.org:names:470667-1","","Fabaceae","1","1","wcvp","0",""
"607","Acacia everistii",1,"197541","Acacia everistii",1,"species","","",NA,"Pedley","Fabaceae","Acacia","Acacia",1,"everistii","everistii",1,"","",NA,"","",NA,"","",NA,"","","https://powo.science.kew.org/taxon/urn:lsid:ipni.org:names:470285-1","","Y","Accepted","Acacia everistii","Acacia everistii","Pedley","197541","species","https://powo.science.kew.org/taxon/urn:lsid:ipni.org:names:470285-1","","Fabaceae","1","1","wcvp","0",""
"608","Acacia prominens",1,"182671","Acacia prominens",1,"species","","",NA,"A.Cunn. ex G.Don","Fabaceae","Acacia","Acacia",1,"prominens","prominens",1,"","",NA,"","",NA,"","",NA,"","","https://powo.science.kew.org/taxon/urn:lsid:ipni.org:names:471213-1","","Y","Accepted","Acacia prominens","Acacia prominens","A.Cunn. ex G.Don","182671","species","https://powo.science.kew.org/taxon/urn:lsid:ipni.org:names:471213-1","","Fabaceae","1","1","wcvp","0",""
"609","Acacia kettlewelliae",1,"182668","Acacia kettlewelliae",1,"species","","",NA,"Maiden","Fabaceae","Acacia","Acacia",1,"kettlewelliae","kettlewelliae",1,"","",NA,"","",NA,"","",NA,"","","https://powo.science.kew.org/taxon/urn:lsid:ipni.org:names:470651-1","","Y","Accepted","Acacia kettlewelliae","Acacia kettlewelliae","Maiden","182668","species","https://powo.science.kew.org/taxon/urn:lsid:ipni.org:names:470651-1","","Fabaceae","1","1","wcvp","0",""
"610","Acacia semirigida",1,"197551","Acacia semirigida",1,"species","","",NA,"Maiden & Blakely","Fabaceae","Acacia","Acacia",1,"semirigida","semirigida",1,"","",NA,"","",NA,"","",NA,"","","https://powo.science.kew.org/taxon/urn:lsid:ipni.org:names:471433-1","","Y","Accepted","Acacia semirigida","Acacia semirigida","Maiden & Blakely","197551","species","https://powo.science.kew.org/taxon/urn:lsid:ipni.org:names:471433-1","","Fabaceae","1","1","wcvp","0",""
"611","Acacia pataczekii",1,"197553","Acacia pataczekii",1,"species","","",NA,"D.I.Morris","Fabaceae","Acacia","Acacia",1,"pataczekii","pataczekii",1,"","",NA,"","",NA,"","",NA,"","","https://powo.science.kew.org/taxon/urn:lsid:ipni.org:names:471091-1","","Y","Accepted","Acacia pataczekii","Acacia pataczekii","D.I.Morris","197553","species","https://powo.science.kew.org/taxon/urn:lsid:ipni.org:names:471091-1","","Fabaceae","1","1","wcvp","0",""
"612","Acacia uncifera",1,"197554","Acacia uncifera",1,"species","","",NA,"Benth.","Fabaceae","Acacia","Acacia",1,"uncifera","uncifera",1,"","",NA,"","",NA,"","",NA,"","","https://powo.science.kew.org/taxon/urn:lsid:ipni.org:names:471711-1","","Y","Accepted","Acacia uncifera","Acacia uncifera","Benth.","197554","species","https://powo.science.kew.org/taxon/urn:lsid:ipni.org:names:471711-1","","Fabaceae","1","1","wcvp","0",""
"613","Acacia podalyriifolia",1,"205091","Acacia podalyriifolia",1,"species","","",NA,"A.Cunn. ex G.Don","Fabaceae","Acacia","Acacia",1,"podalyriifolia","podalyriifolia",1,"","",NA,"","",NA,"","",NA,"","","https://powo.science.kew.org/taxon/urn:lsid:ipni.org:names:76522-3","","Y","Accepted","Acacia podalyriifolia","Acacia podalyriifolia","A.Cunn. ex G.Don","205091","species","https://powo.science.kew.org/taxon/urn:lsid:ipni.org:names:76522-3","","Fabaceae","1","1","wcvp","0",""
"614","Acacia pravissima",1,"1047980","Acacia pravissima",1,"species","","",NA,"F.Muell. ex Benth.","Fabaceae","Acacia","Acacia",1,"pravissima","pravissima",1,"","",NA,"","",NA,"","",NA,"","","https://powo.science.kew.org/taxon/urn:lsid:ipni.org:names:471201-1","","Y","Accepted","Acacia pravissima","Acacia pravissima","F.Muell. ex Benth.","1047980","species","https://powo.science.kew.org/taxon/urn:lsid:ipni.org:names:471201-1","","Fabaceae","1","1","wcvp","0",""
"615","Acacia vestita",1,"206787","Acacia vestita",1,"species","","",NA,"Ker Gawl.","Fabaceae","Acacia","Acacia",1,"vestita","vestita",1,"","",NA,"","",NA,"","",NA,"","","https://powo.science.kew.org/taxon/urn:lsid:ipni.org:names:471754-1","","Y","Accepted","Acacia vestita","Acacia vestita","Ker Gawl.","206787","species","https://powo.science.kew.org/taxon/urn:lsid:ipni.org:names:471754-1","","Fabaceae","1","1","wcvp","0",""
"616","Acacia boormanii",1,"189705","Acacia boormanii",1,"species","","",NA,"Maiden","Fabaceae","Acacia","Acacia",1,"boormanii","boormanii",1,"","",NA,"","",NA,"","",NA,"","","https://powo.science.kew.org/taxon/urn:lsid:ipni.org:names:469860-1","","Y","Accepted","Acacia boormanii","Acacia boormanii","Maiden","189705","species","https://powo.science.kew.org/taxon/urn:lsid:ipni.org:names:469860-1","","Fabaceae","1","1","wcvp","0",""
"617","Acacia linifolia",1,"197563","Acacia linifolia",1,"species","","",NA,"(Vent.) Willd.","Fabaceae","Acacia","Acacia",1,"linifolia","linifolia",1,"","",NA,"","",NA,"","",NA,"","","https://powo.science.kew.org/taxon/urn:lsid:ipni.org:names:470773-1","","Y","Accepted","Acacia linifolia","Acacia linifolia","(Vent.) Willd.","197563","species","https://powo.science.kew.org/taxon/urn:lsid:ipni.org:names:470773-1","","Fabaceae","1","1","wcvp","0",""
"618","Acacia meiantha",1,"1232937","Acacia meiantha",1,"species","","",NA,"Tindale & Hersc.","Fabaceae","Acacia","Acacia",1,"meiantha","meiantha",1,"","",NA,"","",NA,"","",NA,"","","https://powo.science.kew.org/taxon/urn:lsid:ipni.org:names:968617-1","","Y","Accepted","Acacia meiantha","Acacia meiantha","Tindale & Hersc.","1232937","species","https://powo.science.kew.org/taxon/urn:lsid:ipni.org:names:968617-1","","Fabaceae","1","1","wcvp","0",""
"619","Acacia cultriformis",1,"188951","Acacia cultriformis",1,"species","","",NA,"A.Cunn. ex G.Don","Fabaceae","Acacia","Acacia",1,"cultriformis","cultriformis",1,"","",NA,"","",NA,"","",NA,"","","https://powo.science.kew.org/taxon/urn:lsid:ipni.org:names:470087-1","","Y","Accepted","Acacia cultriformis","Acacia cultriformis","A.Cunn. ex G.Don","188951","species","https://powo.science.kew.org/taxon/urn:lsid:ipni.org:names:470087-1","","Fabaceae","1","1","wcvp","0",""
"620","Acacia semilunata",1,"197579","Acacia semilunata",1,"species","","",NA,"Maiden & Blakely","Fabaceae","Acacia","Acacia",1,"semilunata","semilunata",1,"","",NA,"","",NA,"","",NA,"","","https://powo.science.kew.org/taxon/urn:lsid:ipni.org:names:471432-1","","Y","Accepted","Acacia semilunata","Acacia semilunata","Maiden & Blakely","197579","species","https://powo.science.kew.org/taxon/urn:lsid:ipni.org:names:471432-1","","Fabaceae","1","1","wcvp","0",""
"621","Acacia lunata",1,"197581","Acacia lunata",1,"species","","",NA,"G.Lodd.","Fabaceae","Acacia","Acacia",1,"lunata","lunata",1,"","",NA,"","",NA,"","",NA,"","","https://powo.science.kew.org/taxon/urn:lsid:ipni.org:names:470805-1","","Y","Accepted","Acacia lunata","Acacia lunata","G.Lodd.","197581","species","https://powo.science.kew.org/taxon/urn:lsid:ipni.org:names:470805-1","","Fabaceae","1","1","wcvp","0",""
"622","Acacia leucolobia",1,"197585","Acacia leucolobia",1,"species","","",NA,"Sweet","Fabaceae","Acacia","Acacia",1,"leucolobia","leucolobia",1,"","",NA,"","",NA,"","",NA,"","","https://powo.science.kew.org/taxon/urn:lsid:ipni.org:names:470751-1","","Y","Accepted","Acacia leucolobia","Acacia leucolobia","Sweet","197585","species","https://powo.science.kew.org/taxon/urn:lsid:ipni.org:names:470751-1","","Fabaceae","1","1","wcvp","0",""
"623","Acacia buxifolia",1,"182674","Acacia buxifolia",1,"species","","",NA,"A.Cunn.","Fabaceae","Acacia","Acacia",1,"buxifolia","buxifolia",1,"","",NA,"","",NA,"","",NA,"","","https://powo.science.kew.org/taxon/urn:lsid:ipni.org:names:469900-1","","Y","Accepted","Acacia buxifolia","Acacia buxifolia","A.Cunn.","182674","species","https://powo.science.kew.org/taxon/urn:lsid:ipni.org:names:469900-1","","Fabaceae","1","1","wcvp","0",""
"624","Acacia buxifolia subsp. buxifolia",1,"197593","Acacia buxifolia subsp. buxifolia",1,"subspecies","","",NA,"","Fabaceae","Acacia","Acacia",1,"buxifolia","buxifolia",1,"","",NA,"subsp.","buxifolia",1,"","",NA,"","","https://powo.science.kew.org/taxon/urn:lsid:ipni.org:names:77213969-1","","Y","Accepted","Acacia buxifolia subsp. buxifolia","Acacia buxifolia","","197593","subspecies","https://powo.science.kew.org/taxon/urn:lsid:ipni.org:names:77213969-1","","Fabaceae","1","1","wcvp","0",""
"625","Acacia buxifolia subsp. pubiflora",1,"197595","Acacia buxifolia subsp. pubiflora",1,"subspecies","","",NA,"Pedley","Fabaceae","Acacia","Acacia",1,"buxifolia","buxifolia",1,"","",NA,"subsp.","pubiflora",1,"","",NA,"","","https://powo.science.kew.org/taxon/urn:lsid:ipni.org:names:884520-1","","Y","Accepted","Acacia buxifolia subsp. pubiflora","Acacia buxifolia","Pedley","197595","subspecies","https://powo.science.kew.org/taxon/urn:lsid:ipni.org:names:884520-1","","Fabaceae","1","1","wcvp","0",""
"626","Acacia baueri",1,"197598","Acacia baueri",1,"species","","",NA,"Benth.","Fabaceae","Acacia","Acacia",1,"baueri","baueri",1,"","",NA,"","",NA,"","",NA,"","","https://powo.science.kew.org/taxon/urn:lsid:ipni.org:names:469814-1","","Y","Accepted","Acacia baueri","Acacia baueri","Benth.","197598","species","https://powo.science.kew.org/taxon/urn:lsid:ipni.org:names:469814-1","","Fabaceae","1","1","wcvp","0",""
"627","Acacia baueri subsp. baueri",1,"197600","Acacia baueri subsp. baueri",1,"subspecies","","",NA,"","Fabaceae","Acacia","Acacia",1,"baueri","baueri",1,"","",NA,"subsp.","baueri",1,"","",NA,"","","https://powo.science.kew.org/taxon/urn:lsid:ipni.org:names:77213985-1","","Y","Accepted","Acacia baueri subsp. baueri","Acacia baueri","","197600","subspecies","https://powo.science.kew.org/taxon/urn:lsid:ipni.org:names:77213985-1","","Fabaceae","1","1","wcvp","0",""
"628","Acacia baueri subsp. aspera",1,"197601","Acacia baueri subsp. aspera",1,"subspecies","","",NA,"(Maiden & Betche) Pedley","Fabaceae","Acacia","Acacia",1,"baueri","baueri",1,"","",NA,"subsp.","aspera",1,"","",NA,"","","https://powo.science.kew.org/taxon/urn:lsid:ipni.org:names:884513-1","","Y","Accepted","Acacia baueri subsp. aspera","Acacia baueri","(Maiden & Betche) Pedley","197601","subspecies","https://powo.science.kew.org/taxon/urn:lsid:ipni.org:names:884513-1","","Fabaceae","1","1","wcvp","0",""
"629","Acacia ruppii",1,"197603","Acacia ruppii",1,"species","","",NA,"Maiden & Betche","Fabaceae","Acacia","Acacia",1,"ruppii","ruppii",1,"","",NA,"","",NA,"","",NA,"","","https://powo.science.kew.org/taxon/urn:lsid:ipni.org:names:471368-1","","Y","Accepted","Acacia ruppii","Acacia ruppii","Maiden & Betche","197603","species","https://powo.science.kew.org/taxon/urn:lsid:ipni.org:names:471368-1","","Fabaceae","1","1","wcvp","0",""
"630","Acacia gittinsii",1,"197606","Acacia gittinsii",1,"species","","",NA,"Pedley","Fabaceae","Acacia","Acacia",1,"gittinsii","gittinsii",1,"","",NA,"","",NA,"","",NA,"","","https://powo.science.kew.org/taxon/urn:lsid:ipni.org:names:470403-1","","Y","Accepted","Acacia gittinsii","Acacia gittinsii","Pedley","197606","species","https://powo.science.kew.org/taxon/urn:lsid:ipni.org:names:470403-1","","Fabaceae","1","1","wcvp","0",""
"631","Acacia brunioides",1,"197609","Acacia brunioides",1,"species","","",NA,"A.Cunn. ex G.Don","Fabaceae","Acacia","Acacia",1,"brunioides","brunioides",1,"","",NA,"","",NA,"","",NA,"","","https://powo.science.kew.org/taxon/urn:lsid:ipni.org:names:469885-1","","Y","Accepted","Acacia brunioides","Acacia brunioides","A.Cunn. ex G.Don","197609","species","https://powo.science.kew.org/taxon/urn:lsid:ipni.org:names:469885-1","","Fabaceae","1","1","wcvp","0",""
"632","Acacia brunioides subsp. brunioides",1,"197611","Acacia brunioides subsp. brunioides",1,"subspecies","","",NA,"","Fabaceae","Acacia","Acacia",1,"brunioides","brunioides",1,"","",NA,"subsp.","brunioides",1,"","",NA,"","","https://powo.science.kew.org/taxon/urn:lsid:ipni.org:names:59887-3","","Y","Accepted","Acacia brunioides subsp. brunioides","Acacia brunioides","","197611","subspecies","https://powo.science.kew.org/taxon/urn:lsid:ipni.org:names:59887-3","","Fabaceae","1","1","wcvp","0",""
"633","Acacia brunioides subsp. granitica",1,"197612","Acacia brunioides subsp. granitica",1,"subspecies","","",NA,"Pedley","Fabaceae","Acacia","Acacia",1,"brunioides","brunioides",1,"","",NA,"subsp.","granitica",1,"","",NA,"","","https://powo.science.kew.org/taxon/urn:lsid:ipni.org:names:884519-1","","Y","Accepted","Acacia brunioides subsp. granitica","Acacia brunioides","Pedley","197612","subspecies","https://powo.science.kew.org/taxon/urn:lsid:ipni.org:names:884519-1","","Fabaceae","1","1","wcvp","0",""
"634","Acacia gordonii",1,"197614","Acacia gordonii",1,"species","","",NA,"(Tindale) Pedley","Fabaceae","Acacia","Acacia",1,"gordonii","gordonii",1,"","",NA,"","",NA,"","",NA,"","","https://powo.science.kew.org/taxon/urn:lsid:ipni.org:names:470437-1","","Y","Accepted","Acacia gordonii","Acacia gordonii","(Tindale) Pedley","197614","species","https://powo.science.kew.org/taxon/urn:lsid:ipni.org:names:470437-1","","Fabaceae","1","1","wcvp","0",""
"635","Acacia arbiana",1,"197616","Acacia arbiana",1,"species","","",NA,"Pedley","Fabaceae","Acacia","Acacia",1,"arbiana","arbiana",1,"","",NA,"","",NA,"","",NA,"","","https://powo.science.kew.org/taxon/urn:lsid:ipni.org:names:1007204-1","","Y","Accepted","Acacia arbiana","Acacia arbiana","Pedley","197616","species","https://powo.science.kew.org/taxon/urn:lsid:ipni.org:names:1007204-1","","Fabaceae","1","1","wcvp","0",""
"636","Acacia conferta",1,"197617","Acacia conferta",1,"species","","",NA,"A.Cunn. ex Benth.","Fabaceae","Acacia","Acacia",1,"conferta","conferta",1,"","",NA,"","",NA,"","",NA,"","","https://powo.science.kew.org/taxon/urn:lsid:ipni.org:names:470037-1","","Y","Accepted","Acacia conferta","Acacia conferta","A.Cunn. ex Benth.","197617","species","https://powo.science.kew.org/taxon/urn:lsid:ipni.org:names:470037-1","","Fabaceae","1","1","wcvp","0",""
"637","Acacia tindaleae",1,"197620","Acacia tindaleae",1,"species","","",NA,"Pedley","Fabaceae","Acacia","Acacia",1,"tindaleae","tindaleae",1,"","",NA,"","",NA,"","",NA,"","","https://powo.science.kew.org/taxon/urn:lsid:ipni.org:names:471654-1","","Y","Accepted","Acacia tindaleae","Acacia tindaleae","Pedley","197620","species","https://powo.science.kew.org/taxon/urn:lsid:ipni.org:names:471654-1","","Fabaceae","1","1","wcvp","0",""
"638","Acacia hubbardiana",1,"197622","Acacia hubbardiana",1,"species","","",NA,"Pedley","Fabaceae","Acacia","Acacia",1,"hubbardiana","hubbardiana",1,"","",NA,"","",NA,"","",NA,"","","https://powo.science.kew.org/taxon/urn:lsid:ipni.org:names:470554-1","","Y","Accepted","Acacia hubbardiana","Acacia hubbardiana","Pedley","197622","species","https://powo.science.kew.org/taxon/urn:lsid:ipni.org:names:470554-1","","Fabaceae","1","1","wcvp","0",""
"639","Acacia sertiformis",1,"197626","Acacia sertiformis",1,"species","","",NA,"A.Cunn.","Fabaceae","Acacia","Acacia",1,"sertiformis","sertiformis",1,"","",NA,"","",NA,"","",NA,"","","https://powo.science.kew.org/taxon/urn:lsid:ipni.org:names:471452-1","","Y","Accepted","Acacia sertiformis","Acacia sertiformis","A.Cunn.","197626","species","https://powo.science.kew.org/taxon/urn:lsid:ipni.org:names:471452-1","","Fabaceae","1","1","wcvp","0",""
"640","Acacia piligera",1,"197628","Acacia piligera",1,"species","","",NA,"A.Cunn.","Fabaceae","Acacia","Acacia",1,"piligera","piligera",1,"","",NA,"","",NA,"","",NA,"","","https://powo.science.kew.org/taxon/urn:lsid:ipni.org:names:471147-1","","Y","Accepted","Acacia piligera","Acacia piligera","A.Cunn.","197628","species","https://powo.science.kew.org/taxon/urn:lsid:ipni.org:names:471147-1","","Fabaceae","1","1","wcvp","0",""
"641","Acacia uncinata",1,"197631","Acacia uncinata",1,"species","","",NA,"Lindl.","Fabaceae","Acacia","Acacia",1,"uncinata","uncinata",1,"","",NA,"","",NA,"","",NA,"","","https://powo.science.kew.org/taxon/urn:lsid:ipni.org:names:82326-3","","Y","Accepted","Acacia uncinata","Acacia uncinata","Lindl.","197631","species","https://powo.science.kew.org/taxon/urn:lsid:ipni.org:names:82326-3","","Fabaceae","1","1","wcvp","0",""
"642","Acacia undulifolia",1,"1254436","Acacia undulifolia",1,"species","","",NA,"A.Cunn. ex G.Don","Fabaceae","Acacia","Acacia",1,"undulifolia","undulifolia",1,"","",NA,"","",NA,"","",NA,"","","https://powo.science.kew.org/taxon/urn:lsid:ipni.org:names:471717-1","","Y","Accepted","Acacia undulifolia","Acacia undulifolia","A.Cunn. ex G.Don","1254436","species","https://powo.science.kew.org/taxon/urn:lsid:ipni.org:names:471717-1","","Fabaceae","1","1","wcvp","0",""
"643","Acacia clandullensis",1,"1233065","Acacia clandullensis",1,"species","","",NA,"B.J.Conn & Tame","Fabaceae","Acacia","Acacia",1,"clandullensis","clandullensis",1,"","",NA,"","",NA,"","",NA,"","","https://powo.science.kew.org/taxon/urn:lsid:ipni.org:names:992792-1","","Y","Accepted","Acacia clandullensis","Acacia clandullensis","B.J.Conn & Tame","1233065","species","https://powo.science.kew.org/taxon/urn:lsid:ipni.org:names:992792-1","","Fabaceae","1","1","wcvp","0",""
"644","Acacia aureocrinita",1,"1253647","Acacia aureocrinita",1,"species","","",NA,"B.J.Conn & Tame","Fabaceae","Acacia","Acacia",1,"aureocrinita","aureocrinita",1,"","",NA,"","",NA,"","",NA,"","","https://powo.science.kew.org/taxon/urn:lsid:ipni.org:names:992793-1","","Y","Accepted","Acacia aureocrinita","Acacia aureocrinita","B.J.Conn & Tame","1253647","species","https://powo.science.kew.org/taxon/urn:lsid:ipni.org:names:992793-1","","Fabaceae","1","1","wcvp","0",""
"645","Acacia cremiflora",1,"197638","Acacia cremiflora",1,"species","","",NA,"B.J.Conn & Tame","Fabaceae","Acacia","Acacia",1,"cremiflora","cremiflora",1,"","",NA,"","",NA,"","",NA,"","","https://powo.science.kew.org/taxon/urn:lsid:ipni.org:names:992794-1","","Y","Accepted","Acacia cremiflora","Acacia cremiflora","B.J.Conn & Tame","197638","species","https://powo.science.kew.org/taxon/urn:lsid:ipni.org:names:992794-1","","Fabaceae","1","1","wcvp","0",""
"646","Acacia spilleriana",1,"197639","Acacia spilleriana",1,"species","","",NA,"J.E.Br.","Fabaceae","Acacia","Acacia",1,"spilleriana","spilleriana",1,"","",NA,"","",NA,"","",NA,"","","https://powo.science.kew.org/taxon/urn:lsid:ipni.org:names:471519-1","","Y","Accepted","Acacia spilleriana","Acacia spilleriana","J.E.Br.","197639","species","https://powo.science.kew.org/taxon/urn:lsid:ipni.org:names:471519-1","","Fabaceae","1","1","wcvp","0",""
"647","Acacia brachybotrya",1,"182676","Acacia brachybotrya",1,"species","","",NA,"Benth.","Fabaceae","Acacia","Acacia",1,"brachybotrya","brachybotrya",1,"","",NA,"","",NA,"","",NA,"","","https://powo.science.kew.org/taxon/urn:lsid:ipni.org:names:469866-1","","Y","Accepted","Acacia brachybotrya","Acacia brachybotrya","Benth.","182676","species","https://powo.science.kew.org/taxon/urn:lsid:ipni.org:names:469866-1","","Fabaceae","1","1","wcvp","0",""
"648","Acacia argyrophylla",1,"197646","Acacia argyrophylla",1,"species","","",NA,"Hook.","Fabaceae","Acacia","Acacia",1,"argyrophylla","argyrophylla",1,"","",NA,"","",NA,"","",NA,"","","https://powo.science.kew.org/taxon/urn:lsid:ipni.org:names:469749-1","","Y","Accepted","Acacia argyrophylla","Acacia argyrophylla","Hook.","197646","species","https://powo.science.kew.org/taxon/urn:lsid:ipni.org:names:469749-1","","Fabaceae","1","1","wcvp","0",""
"649","Acacia suaveolens",1,"182708","Acacia suaveolens",1,"species","","",NA,"(Sm.) Willd.","Fabaceae","Acacia","Acacia",1,"suaveolens","suaveolens",1,"","",NA,"","",NA,"","",NA,"","","https://powo.science.kew.org/taxon/urn:lsid:ipni.org:names:471572-1","","Y","Accepted","Acacia suaveolens","Acacia suaveolens","(Sm.) Willd.","182708","species","https://powo.science.kew.org/taxon/urn:lsid:ipni.org:names:471572-1","","Fabaceae","1","1","wcvp","0",""
"650","Acacia subcaerulea",1,"197664","Acacia subcaerulea",1,"species","","",NA,"Lindl.","Fabaceae","Acacia","Acacia",1,"subcaerulea","subcaerulea",1,"","",NA,"","",NA,"","",NA,"","","https://powo.science.kew.org/taxon/urn:lsid:ipni.org:names:471577-1","","Y","Accepted","Acacia subcaerulea","Acacia subcaerulea","Lindl.","197664","species","https://powo.science.kew.org/taxon/urn:lsid:ipni.org:names:471577-1","","Fabaceae","1","1","wcvp","0",""
"651","Acacia iteaphylla",1,"183576","Acacia iteaphylla",1,"species","","",NA,"F.Muell. ex Benth.","Fabaceae","Acacia","Acacia",1,"iteaphylla","iteaphylla",1,"","",NA,"","",NA,"","",NA,"","","https://powo.science.kew.org/taxon/urn:lsid:ipni.org:names:470614-1","","Y","Accepted","Acacia iteaphylla","Acacia iteaphylla","F.Muell. ex Benth.","183576","species","https://powo.science.kew.org/taxon/urn:lsid:ipni.org:names:470614-1","","Fabaceae","1","1","wcvp","0",""
"652","Acacia beckleri",1,"197669","Acacia beckleri",1,"species","","",NA,"Tindale","Fabaceae","Acacia","Acacia",1,"beckleri","beckleri",1,"","",NA,"","",NA,"","",NA,"","","https://powo.science.kew.org/taxon/urn:lsid:ipni.org:names:469819-1","","Y","Accepted","Acacia beckleri","Acacia beckleri","Tindale","197669","species","https://powo.science.kew.org/taxon/urn:lsid:ipni.org:names:469819-1","","Fabaceae","1","1","wcvp","0",""
"653","Acacia pruinocarpa",1,"182731","Acacia pruinocarpa",1,"species","","",NA,"Tindale","Fabaceae","Acacia","Acacia",1,"pruinocarpa","pruinocarpa",1,"","",NA,"","",NA,"","",NA,"","","https://powo.science.kew.org/taxon/urn:lsid:ipni.org:names:471224-1","","Y","Accepted","Acacia pruinocarpa","Acacia pruinocarpa","Tindale","182731","species","https://powo.science.kew.org/taxon/urn:lsid:ipni.org:names:471224-1","","Fabaceae","1","1","wcvp","0",""
"654","Acacia ensifolia",1,"197671","Acacia ensifolia",1,"species","","",NA,"Pedley","Fabaceae","Acacia","Acacia",1,"ensifolia","ensifolia",1,"","",NA,"","",NA,"","",NA,"","","https://powo.science.kew.org/taxon/urn:lsid:ipni.org:names:470251-1","","Y","Accepted","Acacia ensifolia","Acacia ensifolia","Pedley","197671","species","https://powo.science.kew.org/taxon/urn:lsid:ipni.org:names:470251-1","","Fabaceae","1","1","wcvp","0",""
"655","Acacia fasciculifera",1,"182685","Acacia fasciculifera",1,"species","","",NA,"F.Muell. ex Benth.","Fabaceae","Acacia","Acacia",1,"fasciculifera","fasciculifera",1,"","",NA,"","",NA,"","",NA,"","","https://powo.science.kew.org/taxon/urn:lsid:ipni.org:names:470312-1","","Y","Accepted","Acacia fasciculifera","Acacia fasciculifera","F.Muell. ex Benth.","182685","species","https://powo.science.kew.org/taxon/urn:lsid:ipni.org:names:470312-1","","Fabaceae","1","1","wcvp","0",""
"656","Acacia crombiei",1,"183755","Acacia crombiei",1,"species","","",NA,"C.T.White","Fabaceae","Acacia","Acacia",1,"crombiei","crombiei",1,"","",NA,"","",NA,"","",NA,"","","https://powo.science.kew.org/taxon/urn:lsid:ipni.org:names:470082-1","","Y","Accepted","Acacia crombiei","Acacia crombiei","C.T.White","183755","species","https://powo.science.kew.org/taxon/urn:lsid:ipni.org:names:470082-1","","Fabaceae","1","1","wcvp","0",""
"657","Acacia peuce",1,"182719","Acacia peuce",1,"species","","",NA,"F.Muell.","Fabaceae","Acacia","Acacia",1,"peuce","peuce",1,"","",NA,"","",NA,"","",NA,"","","https://powo.science.kew.org/taxon/urn:lsid:ipni.org:names:471136-1","","Y","Accepted","Acacia peuce","Acacia peuce","F.Muell.","182719","species","https://powo.science.kew.org/taxon/urn:lsid:ipni.org:names:471136-1","","Fabaceae","1","1","wcvp","0",""
"658","Acacia carneorum",1,"197678","Acacia carneorum",1,"species","","",NA,"Maiden","Fabaceae","Acacia","Acacia",1,"carneorum","carneorum",1,"","",NA,"","",NA,"","",NA,"","","https://powo.science.kew.org/taxon/urn:lsid:ipni.org:names:469945-1","","Y","Accepted","Acacia carneorum","Acacia carneorum","Maiden","197678","species","https://powo.science.kew.org/taxon/urn:lsid:ipni.org:names:469945-1","","Fabaceae","1","1","wcvp","0",""
"659","Acacia jasperensis",1,"197679","Acacia jasperensis",1,"species","","",NA,"Maconochie","Fabaceae","Acacia","Acacia",1,"jasperensis","jasperensis",1,"","",NA,"","",NA,"","",NA,"","","https://powo.science.kew.org/taxon/urn:lsid:ipni.org:names:901325-1","","Y","Accepted","Acacia jasperensis","Acacia jasperensis","Maconochie","197679","species","https://powo.science.kew.org/taxon/urn:lsid:ipni.org:names:901325-1","","Fabaceae","1","1","wcvp","0",""
"660","Acacia alleniana",1,"197680","Acacia alleniana",1,"species","","",NA,"Maiden","Fabaceae","Acacia","Acacia",1,"alleniana","alleniana",1,"","",NA,"","",NA,"","",NA,"","","https://powo.science.kew.org/taxon/urn:lsid:ipni.org:names:469679-1","","Y","Accepted","Acacia alleniana","Acacia alleniana","Maiden","197680","species","https://powo.science.kew.org/taxon/urn:lsid:ipni.org:names:469679-1","","Fabaceae","1","1","wcvp","0",""
"661","Acacia juncifolia",1,"197682","Acacia juncifolia",1,"species","","",NA,"Benth.","Fabaceae","Acacia","Acacia",1,"juncifolia","juncifolia",1,"","",NA,"","",NA,"","",NA,"","","https://powo.science.kew.org/taxon/urn:lsid:ipni.org:names:470635-1","","Y","Accepted","Acacia juncifolia","Acacia juncifolia","Benth.","197682","species","https://powo.science.kew.org/taxon/urn:lsid:ipni.org:names:470635-1","","Fabaceae","1","1","wcvp","0",""
"662","Acacia juncifolia subsp. juncifolia",0.59957384396743,"197682","Acacia juncifolia",0.59957384396743,"species","","",NA,"Benth.","Fabaceae","Acacia","Acacia",1,"juncifolia","juncifolia",1,"","",NA,"","",NA,"","",NA,"","subsp. juncifolia","https://powo.science.kew.org/taxon/urn:lsid:ipni.org:names:470635-1","","Y","Accepted","Acacia juncifolia","Acacia juncifolia","Benth.","197682","species","https://powo.science.kew.org/taxon/urn:lsid:ipni.org:names:470635-1","","Fabaceae","1","1","wcvp","1","[Partial]"
"663","Acacia juncifolia subsp. serpentinicola",1,"197687","Acacia juncifolia subsp. serpentinicola",1,"subspecies","","",NA,"Maslin","Fabaceae","Acacia","Acacia",1,"juncifolia","juncifolia",1,"","",NA,"subsp.","serpentinicola",1,"","",NA,"","","https://powo.science.kew.org/taxon/urn:lsid:ipni.org:names:979904-1","","Y","Synonym","Acacia serpentinicola","Acacia serpentinicola","(Maslin) Pedley","1021237","species","https://powo.science.kew.org/taxon/urn:lsid:ipni.org:names:77079736-1","","Fabaceae","1","1","wcvp","0",""
"664","Acacia quadrilateralis",1,"197688","Acacia quadrilateralis",1,"species","","",NA,"DC.","Fabaceae","Acacia","Acacia",1,"quadrilateralis","quadrilateralis",1,"","",NA,"","",NA,"","",NA,"","","https://powo.science.kew.org/taxon/urn:lsid:ipni.org:names:471284-1","","Y","Accepted","Acacia quadrilateralis","Acacia quadrilateralis","DC.","197688","species","https://powo.science.kew.org/taxon/urn:lsid:ipni.org:names:471284-1","","Fabaceae","1","1","wcvp","0",""
"665","Acacia dietrichiana",1,"197690","Acacia dietrichiana",1,"species","","",NA,"F.Muell.","Fabaceae","Acacia","Acacia",1,"dietrichiana","dietrichiana",1,"","",NA,"","",NA,"","",NA,"","","https://powo.science.kew.org/taxon/urn:lsid:ipni.org:names:470173-1","","Y","Accepted","Acacia dietrichiana","Acacia dietrichiana","F.Muell.","197690","species","https://powo.science.kew.org/taxon/urn:lsid:ipni.org:names:470173-1","","Fabaceae","1","1","wcvp","0",""
"666","Acacia praelongata",1,"197693","Acacia praelongata",1,"species","","",NA,"F.Muell.","Fabaceae","Acacia","Acacia",1,"praelongata","praelongata",1,"","",NA,"","",NA,"","",NA,"","","https://powo.science.kew.org/taxon/urn:lsid:ipni.org:names:471196-1","","Y","Accepted","Acacia praelongata","Acacia praelongata","F.Muell.","197693","species","https://powo.science.kew.org/taxon/urn:lsid:ipni.org:names:471196-1","","Fabaceae","1","1","wcvp","0",""
"667","Acacia murrayana",1,"197694","Acacia murrayana",1,"species","","",NA,"F.Muell. ex Benth.","Fabaceae","Acacia","Acacia",1,"murrayana","murrayana",1,"","",NA,"","",NA,"","",NA,"","","https://powo.science.kew.org/taxon/urn:lsid:ipni.org:names:470953-1","","Y","Accepted","Acacia murrayana","Acacia murrayana","F.Muell. ex Benth.","197694","species","https://powo.science.kew.org/taxon/urn:lsid:ipni.org:names:470953-1","","Fabaceae","1","1","wcvp","0",""
"668","Acacia pachyacra",1,"197698","Acacia pachyacra",1,"species","","",NA,"Maiden & Blakely","Fabaceae","Acacia","Acacia",1,"pachyacra","pachyacra",1,"","",NA,"","",NA,"","",NA,"","","https://powo.science.kew.org/taxon/urn:lsid:ipni.org:names:471057-1","","Y","Accepted","Acacia pachyacra","Acacia pachyacra","Maiden & Blakely","197698","species","https://powo.science.kew.org/taxon/urn:lsid:ipni.org:names:471057-1","","Fabaceae","1","1","wcvp","0",""
"669","Acacia subrigida",1,"197699","Acacia subrigida",1,"species","","",NA,"Maslin","Fabaceae","Acacia","Acacia",1,"subrigida","subrigida",1,"","",NA,"","",NA,"","",NA,"","","https://powo.science.kew.org/taxon/urn:lsid:ipni.org:names:991290-1","","Y","Accepted","Acacia subrigida","Acacia subrigida","Maslin","197699","species","https://powo.science.kew.org/taxon/urn:lsid:ipni.org:names:991290-1","","Fabaceae","1","1","wcvp","0",""
"670","Acacia gelasina",1,"197700","Acacia gelasina",1,"species","","",NA,"Maslin","Fabaceae","Acacia","Acacia",1,"gelasina","gelasina",1,"","",NA,"","",NA,"","",NA,"","","https://powo.science.kew.org/taxon/urn:lsid:ipni.org:names:991288-1","","Y","Accepted","Acacia gelasina","Acacia gelasina","Maslin","197700","species","https://powo.science.kew.org/taxon/urn:lsid:ipni.org:names:991288-1","","Fabaceae","1","1","wcvp","0",""
"671","Acacia alexandri",1,"197701","Acacia alexandri",1,"species","","",NA,"Maslin","Fabaceae","Acacia","Acacia",1,"alexandri","alexandri",1,"","",NA,"","",NA,"","",NA,"","","https://powo.science.kew.org/taxon/urn:lsid:ipni.org:names:961049-1","","Y","Accepted","Acacia alexandri","Acacia alexandri","Maslin","197701","species","https://powo.science.kew.org/taxon/urn:lsid:ipni.org:names:961049-1","","Fabaceae","1","1","wcvp","0",""
"672","Acacia aphanoclada",1,"197702","Acacia aphanoclada",1,"species","","",NA,"Maslin","Fabaceae","Acacia","Acacia",1,"aphanoclada","aphanoclada",1,"","",NA,"","",NA,"","",NA,"","","https://powo.science.kew.org/taxon/urn:lsid:ipni.org:names:961050-1","","Y","Accepted","Acacia aphanoclada","Acacia aphanoclada","Maslin","197702","species","https://powo.science.kew.org/taxon/urn:lsid:ipni.org:names:961050-1","","Fabaceae","1","1","wcvp","0",""
"673","Acacia victoriae",1,"182715","Acacia victoriae",1,"species","","",NA,"Benth.","Fabaceae","Acacia","Acacia",1,"victoriae","victoriae",1,"","",NA,"","",NA,"","",NA,"","","https://powo.science.kew.org/taxon/urn:lsid:ipni.org:names:471757-1","","Y","Accepted","Acacia victoriae","Acacia victoriae","Benth.","182715","species","https://powo.science.kew.org/taxon/urn:lsid:ipni.org:names:471757-1","","Fabaceae","1","1","wcvp","0",""
"674","Acacia glaucocaesia",1,"197710","Acacia glaucocaesia",1,"species","","",NA,"Domin","Fabaceae","Acacia","Acacia",1,"glaucocaesia","glaucocaesia",1,"","",NA,"","",NA,"","",NA,"","","https://powo.science.kew.org/taxon/urn:lsid:ipni.org:names:470417-1","","Y","Accepted","Acacia glaucocaesia","Acacia glaucocaesia","Domin","197710","species","https://powo.science.kew.org/taxon/urn:lsid:ipni.org:names:470417-1","","Fabaceae","1","1","wcvp","0",""
"675","Acacia synchronicia",1,"197712","Acacia synchronicia",1,"species","","",NA,"Maslin","Fabaceae","Acacia","Acacia",1,"synchronicia","synchronicia",1,"","",NA,"","",NA,"","",NA,"","","https://powo.science.kew.org/taxon/urn:lsid:ipni.org:names:961053-1","","Y","Accepted","Acacia synchronicia","Acacia synchronicia","Maslin","197712","species","https://powo.science.kew.org/taxon/urn:lsid:ipni.org:names:961053-1","","Fabaceae","1","1","wcvp","0",""
"676","Acacia dempsteri",1,"197713","Acacia dempsteri",1,"species","","",NA,"F.Muell.","Fabaceae","Acacia","Acacia",1,"dempsteri","dempsteri",1,"","",NA,"","",NA,"","",NA,"","","https://powo.science.kew.org/taxon/urn:lsid:ipni.org:names:470149-1","","Y","Accepted","Acacia dempsteri","Acacia dempsteri","F.Muell.","197713","species","https://powo.science.kew.org/taxon/urn:lsid:ipni.org:names:470149-1","","Fabaceae","1","1","wcvp","0",""
"677","Acacia ryaniana",1,"197715","Acacia ryaniana",1,"species","","",NA,"Maslin","Fabaceae","Acacia","Acacia",1,"ryaniana","ryaniana",1,"","",NA,"","",NA,"","",NA,"","","https://powo.science.kew.org/taxon/urn:lsid:ipni.org:names:961052-1","","Y","Accepted","Acacia ryaniana","Acacia ryaniana","Maslin","197715","species","https://powo.science.kew.org/taxon/urn:lsid:ipni.org:names:961052-1","","Fabaceae","1","1","wcvp","0",""
"678","Acacia chartacea",1,"197716","Acacia chartacea",1,"species","","",NA,"Maslin","Fabaceae","Acacia","Acacia",1,"chartacea","chartacea",1,"","",NA,"","",NA,"","",NA,"","","https://powo.science.kew.org/taxon/urn:lsid:ipni.org:names:961051-1","","Y","Accepted","Acacia chartacea","Acacia chartacea","Maslin","197716","species","https://powo.science.kew.org/taxon/urn:lsid:ipni.org:names:961051-1","","Fabaceae","1","1","wcvp","0",""
"679","Acacia pickardii",1,"197717","Acacia pickardii",1,"species","","",NA,"Tindale","Fabaceae","Acacia","Acacia",1,"pickardii","pickardii",1,"","",NA,"","",NA,"","",NA,"","","https://powo.science.kew.org/taxon/urn:lsid:ipni.org:names:471146-1","","Y","Accepted","Acacia pickardii","Acacia pickardii","Tindale","197717","species","https://powo.science.kew.org/taxon/urn:lsid:ipni.org:names:471146-1","","Fabaceae","1","1","wcvp","0",""
"680","Acacia cuspidifolia",1,"197718","Acacia cuspidifolia",1,"species","","",NA,"Maslin","Fabaceae","Acacia","Acacia",1,"cuspidifolia","cuspidifolia",1,"","",NA,"","",NA,"","",NA,"","","https://powo.science.kew.org/taxon/urn:lsid:ipni.org:names:899061-1","","Y","Accepted","Acacia cuspidifolia","Acacia cuspidifolia","Maslin","197718","species","https://powo.science.kew.org/taxon/urn:lsid:ipni.org:names:899061-1","","Fabaceae","1","1","wcvp","0",""
"681","Acacia strongylophylla",1,"197719","Acacia strongylophylla",1,"species","","",NA,"F.Muell.","Fabaceae","Acacia","Acacia",1,"strongylophylla","strongylophylla",1,"","",NA,"","",NA,"","",NA,"","","https://powo.science.kew.org/taxon/urn:lsid:ipni.org:names:471568-1","","Y","Accepted","Acacia strongylophylla","Acacia strongylophylla","F.Muell.","197719","species","https://powo.science.kew.org/taxon/urn:lsid:ipni.org:names:471568-1","","Fabaceae","1","1","wcvp","0",""
"682","Acacia pyrifolia",1,"182729","Acacia pyrifolia",1,"species","","",NA,"DC.","Fabaceae","Acacia","Acacia",1,"pyrifolia","pyrifolia",1,"","",NA,"","",NA,"","",NA,"","","https://powo.science.kew.org/taxon/urn:lsid:ipni.org:names:471279-1","","Y","Accepted","Acacia pyrifolia","Acacia pyrifolia","DC.","182729","species","https://powo.science.kew.org/taxon/urn:lsid:ipni.org:names:471279-1","","Fabaceae","1","1","wcvp","0",""
"683","Acacia inaequilatera",1,"197725","Acacia inaequilatera",1,"species","","",NA,"Domin","Fabaceae","Acacia","Acacia",1,"inaequilatera","inaequilatera",1,"","",NA,"","",NA,"","",NA,"","","https://powo.science.kew.org/taxon/urn:lsid:ipni.org:names:470579-1","","Y","Accepted","Acacia inaequilatera","Acacia inaequilatera","Domin","197725","species","https://powo.science.kew.org/taxon/urn:lsid:ipni.org:names:470579-1","","Fabaceae","1","1","wcvp","0",""
"684","Acacia marramamba",1,"197726","Acacia marramamba",1,"species","","",NA,"Maslin","Fabaceae","Acacia","Acacia",1,"marramamba","marramamba",1,"","",NA,"","",NA,"","",NA,"","","https://powo.science.kew.org/taxon/urn:lsid:ipni.org:names:899067-1","","Y","Accepted","Acacia marramamba","Acacia marramamba","Maslin","197726","species","https://powo.science.kew.org/taxon/urn:lsid:ipni.org:names:899067-1","","Fabaceae","1","1","wcvp","0",""
"685","Acacia maitlandii",1,"197727","Acacia maitlandii",1,"species","","",NA,"F.Muell.","Fabaceae","Acacia","Acacia",1,"maitlandii","maitlandii",1,"","",NA,"","",NA,"","",NA,"","","https://powo.science.kew.org/taxon/urn:lsid:ipni.org:names:470832-1","","Y","Accepted","Acacia maitlandii","Acacia maitlandii","F.Muell.","197727","species","https://powo.science.kew.org/taxon/urn:lsid:ipni.org:names:470832-1","","Fabaceae","1","1","wcvp","0",""
"686","Acacia anthochaera",1,"197730","Acacia anthochaera",1,"species","","",NA,"Maslin","Fabaceae","Acacia","Acacia",1,"anthochaera","anthochaera",1,"","",NA,"","",NA,"","",NA,"","","https://powo.science.kew.org/taxon/urn:lsid:ipni.org:names:991284-1","","Y","Accepted","Acacia anthochaera","Acacia anthochaera","Maslin","197730","species","https://powo.science.kew.org/taxon/urn:lsid:ipni.org:names:991284-1","","Fabaceae","1","1","wcvp","0",""
"687","Acacia hemiteles",1,"197731","Acacia hemiteles",1,"species","","",NA,"Benth.","Fabaceae","Acacia","Acacia",1,"hemiteles","hemiteles",1,"","",NA,"","",NA,"","",NA,"","","https://powo.science.kew.org/taxon/urn:lsid:ipni.org:names:470509-1","","Y","Accepted","Acacia hemiteles","Acacia hemiteles","Benth.","197731","species","https://powo.science.kew.org/taxon/urn:lsid:ipni.org:names:470509-1","","Fabaceae","1","1","wcvp","0",""
"688","Acacia prainii",1,"197737","Acacia prainii",1,"species","","",NA,"Maiden","Fabaceae","Acacia","Acacia",1,"prainii","prainii",1,"","",NA,"","",NA,"","",NA,"","","https://powo.science.kew.org/taxon/urn:lsid:ipni.org:names:471199-1","","Y","Accepted","Acacia prainii","Acacia prainii","Maiden","197737","species","https://powo.science.kew.org/taxon/urn:lsid:ipni.org:names:471199-1","","Fabaceae","1","1","wcvp","0",""
"689","Acacia camptoclada",1,"197741","Acacia camptoclada",1,"species","","",NA,"C.R.P.Andrews","Fabaceae","Acacia","Acacia",1,"camptoclada","camptoclada",1,"","",NA,"","",NA,"","",NA,"","","https://powo.science.kew.org/taxon/urn:lsid:ipni.org:names:469929-1","","Y","Accepted","Acacia camptoclada","Acacia camptoclada","C.R.P.Andrews","197741","species","https://powo.science.kew.org/taxon/urn:lsid:ipni.org:names:469929-1","","Fabaceae","1","1","wcvp","0",""
"690","Acacia dorsenna",1,"197743","Acacia dorsenna",1,"species","","",NA,"Maslin","Fabaceae","Acacia","Acacia",1,"dorsenna","dorsenna",1,"","",NA,"","",NA,"","",NA,"","","https://powo.science.kew.org/taxon/urn:lsid:ipni.org:names:991287-1","","Y","Accepted","Acacia dorsenna","Acacia dorsenna","Maslin","197743","species","https://powo.science.kew.org/taxon/urn:lsid:ipni.org:names:991287-1","","Fabaceae","1","1","wcvp","0",""
"691","Acacia tetragonophylla",1,"197744","Acacia tetragonophylla",1,"species","","",NA,"F.Muell.","Fabaceae","Acacia","Acacia",1,"tetragonophylla","tetragonophylla",1,"","",NA,"","",NA,"","",NA,"","","https://powo.science.kew.org/taxon/urn:lsid:ipni.org:names:471647-1","","Y","Accepted","Acacia tetragonophylla","Acacia tetragonophylla","F.Muell.","197744","species","https://powo.science.kew.org/taxon/urn:lsid:ipni.org:names:471647-1","","Fabaceae","1","1","wcvp","0",""
"692","Acacia salicina",1,"182747","Acacia salicina",1,"species","","",NA,"Lindl.","Fabaceae","Acacia","Acacia",1,"salicina","salicina",1,"","",NA,"","",NA,"","",NA,"","","https://powo.science.kew.org/taxon/urn:lsid:ipni.org:names:471382-1","","Y","Accepted","Acacia salicina","Acacia salicina","Lindl.","182747","species","https://powo.science.kew.org/taxon/urn:lsid:ipni.org:names:471382-1","","Fabaceae","1","1","wcvp","0",""
"693","Acacia ampliceps",1,"197753","Acacia ampliceps",1,"species","","",NA,"Maslin","Fabaceae","Acacia","Acacia",1,"ampliceps","ampliceps",1,"","",NA,"","",NA,"","",NA,"","","https://powo.science.kew.org/taxon/urn:lsid:ipni.org:names:469702-1","","Y","Accepted","Acacia ampliceps","Acacia ampliceps","Maslin","197753","species","https://powo.science.kew.org/taxon/urn:lsid:ipni.org:names:469702-1","","Fabaceae","1","1","wcvp","0",""
"694","Acacia bivenosa",1,"182677","Acacia bivenosa",1,"species","","",NA,"DC.","Fabaceae","Acacia","Acacia",1,"bivenosa","bivenosa",1,"","",NA,"","",NA,"","",NA,"","","https://powo.science.kew.org/taxon/urn:lsid:ipni.org:names:469848-1","","Y","Accepted","Acacia bivenosa","Acacia bivenosa","DC.","182677","species","https://powo.science.kew.org/taxon/urn:lsid:ipni.org:names:469848-1","","Fabaceae","1","1","wcvp","0",""
"695","Acacia sclerosperma",1,"197758","Acacia sclerosperma",1,"species","","",NA,"F.Muell.","Fabaceae","Acacia","Acacia",1,"sclerosperma","sclerosperma",1,"","",NA,"","",NA,"","",NA,"","","https://powo.science.kew.org/taxon/urn:lsid:ipni.org:names:471418-1","","Y","Accepted","Acacia sclerosperma","Acacia sclerosperma","F.Muell.","197758","species","https://powo.science.kew.org/taxon/urn:lsid:ipni.org:names:471418-1","","Fabaceae","1","1","wcvp","0",""
"696","Acacia sclerosperma subsp. sclerosperma",1,"197761","Acacia sclerosperma subsp. sclerosperma",1,"subspecies","","",NA,"","Fabaceae","Acacia","Acacia",1,"sclerosperma","sclerosperma",1,"","",NA,"subsp.","sclerosperma",1,"","",NA,"","","https://powo.science.kew.org/taxon/urn:lsid:ipni.org:names:169006-3","","Y","Accepted","Acacia sclerosperma subsp. sclerosperma","Acacia sclerosperma","","197761","subspecies","https://powo.science.kew.org/taxon/urn:lsid:ipni.org:names:169006-3","","Fabaceae","1","1","wcvp","0",""
"697","Acacia sclerosperma subsp. glaucescens",1,"1368713","Acacia sclerosperma subsp. glaucescens",1,"subspecies","","",NA,"A.R.Chapm. & Maslin","Fabaceae","Acacia","Acacia",1,"sclerosperma","sclerosperma",1,"","",NA,"subsp.","glaucescens",1,"","",NA,"","","https://powo.science.kew.org/taxon/urn:lsid:ipni.org:names:965789-1","","Y","Accepted","Acacia sclerosperma subsp. glaucescens","Acacia sclerosperma","A.R.Chapm. & Maslin","1368713","subspecies","https://powo.science.kew.org/taxon/urn:lsid:ipni.org:names:965789-1","","Fabaceae","1","1","wcvp","0",""
"698","Acacia tysonii",1,"197762","Acacia tysonii",1,"species","","",NA,"Luehm.","Fabaceae","Acacia","Acacia",1,"tysonii","tysonii",1,"","",NA,"","",NA,"","",NA,"","","https://powo.science.kew.org/taxon/urn:lsid:ipni.org:names:471702-1","","Y","Accepted","Acacia tysonii","Acacia tysonii","Luehm.","197762","species","https://powo.science.kew.org/taxon/urn:lsid:ipni.org:names:471702-1","","Fabaceae","1","1","wcvp","0",""
"699","Acacia ligulata",1,"197763","Acacia ligulata",1,"species","","",NA,"A.Cunn. ex Benth.","Fabaceae","Acacia","Acacia",1,"ligulata","ligulata",1,"","",NA,"","",NA,"","",NA,"","","https://powo.science.kew.org/taxon/urn:lsid:ipni.org:names:470760-1","","Y","Accepted","Acacia ligulata","Acacia ligulata","A.Cunn. ex Benth.","197763","species","https://powo.science.kew.org/taxon/urn:lsid:ipni.org:names:470760-1","","Fabaceae","1","1","wcvp","0",""
"700","Acacia cupularis",1,"197768","Acacia cupularis",1,"species","","",NA,"Domin","Fabaceae","Acacia","Acacia",1,"cupularis","cupularis",1,"","",NA,"","",NA,"","",NA,"","","https://powo.science.kew.org/taxon/urn:lsid:ipni.org:names:470095-1","","Y","Accepted","Acacia cupularis","Acacia cupularis","Domin","197768","species","https://powo.science.kew.org/taxon/urn:lsid:ipni.org:names:470095-1","","Fabaceae","1","1","wcvp","0",""
"701","Acacia rostellifera",1,"197775","Acacia rostellifera",1,"species","","",NA,"Benth.","Fabaceae","Acacia","Acacia",1,"rostellifera","rostellifera",1,"","",NA,"","",NA,"","",NA,"","","https://powo.science.kew.org/taxon/urn:lsid:ipni.org:names:471347-1","","Y","Accepted","Acacia rostellifera","Acacia rostellifera","Benth.","197775","species","https://powo.science.kew.org/taxon/urn:lsid:ipni.org:names:471347-1","","Fabaceae","1","1","wcvp","0",""
"702","Acacia xanthina",1,"197778","Acacia xanthina",1,"species","","",NA,"Benth.","Fabaceae","Acacia","Acacia",1,"xanthina","xanthina",1,"","",NA,"","",NA,"","",NA,"","","https://powo.science.kew.org/taxon/urn:lsid:ipni.org:names:471814-1","","Y","Accepted","Acacia xanthina","Acacia xanthina","Benth.","197778","species","https://powo.science.kew.org/taxon/urn:lsid:ipni.org:names:471814-1","","Fabaceae","1","1","wcvp","0",""
"703","Acacia telmica",1,"197779","Acacia telmica",1,"species","","",NA,"A.R.Chapm. & Maslin","Fabaceae","Acacia","Acacia",1,"telmica","telmica",1,"","",NA,"","",NA,"","",NA,"","","https://powo.science.kew.org/taxon/urn:lsid:ipni.org:names:961048-1","","Y","Accepted","Acacia telmica","Acacia telmica","A.R.Chapm. & Maslin","197779","species","https://powo.science.kew.org/taxon/urn:lsid:ipni.org:names:961048-1","","Fabaceae","1","1","wcvp","0",""
"704","Acacia startii",1,"197780","Acacia startii",1,"species","","",NA,"A.R.Chapm. & Maslin","Fabaceae","Acacia","Acacia",1,"startii","startii",1,"","",NA,"","",NA,"","",NA,"","","https://powo.science.kew.org/taxon/urn:lsid:ipni.org:names:961047-1","","Y","Accepted","Acacia startii","Acacia startii","A.R.Chapm. & Maslin","197780","species","https://powo.science.kew.org/taxon/urn:lsid:ipni.org:names:961047-1","","Fabaceae","1","1","wcvp","0",""
"705","Acacia didyma",1,"197781","Acacia didyma",1,"species","","",NA,"A.R.Chapm. & Maslin","Fabaceae","Acacia","Acacia",1,"didyma","didyma",1,"","",NA,"","",NA,"","",NA,"","","https://powo.science.kew.org/taxon/urn:lsid:ipni.org:names:961046-1","","Y","Accepted","Acacia didyma","Acacia didyma","A.R.Chapm. & Maslin","197781","species","https://powo.science.kew.org/taxon/urn:lsid:ipni.org:names:961046-1","","Fabaceae","1","1","wcvp","0",""
"706","Acacia microcalyx",1,"197782","Acacia microcalyx",1,"species","","",NA,"Maslin","Fabaceae","Acacia","Acacia",1,"microcalyx","microcalyx",1,"","",NA,"","",NA,"","",NA,"","","https://powo.science.kew.org/taxon/urn:lsid:ipni.org:names:470892-1","","Y","Accepted","Acacia microcalyx","Acacia microcalyx","Maslin","197782","species","https://powo.science.kew.org/taxon/urn:lsid:ipni.org:names:470892-1","","Fabaceae","1","1","wcvp","0",""
"707","Acacia wilcoxii",1,"197783","Acacia wilcoxii",1,"species","","",NA,"Maslin","Fabaceae","Acacia","Acacia",1,"wilcoxii","wilcoxii",1,"","",NA,"","",NA,"","",NA,"","","https://powo.science.kew.org/taxon/urn:lsid:ipni.org:names:991291-1","","Y","Accepted","Acacia wilcoxii","Acacia wilcoxii","Maslin","197783","species","https://powo.science.kew.org/taxon/urn:lsid:ipni.org:names:991291-1","","Fabaceae","1","1","wcvp","0",""
"708","Acacia maxwellii",1,"197784","Acacia maxwellii",1,"species","","",NA,"Maiden & Blakely","Fabaceae","Acacia","Acacia",1,"maxwellii","maxwellii",1,"","",NA,"","",NA,"","",NA,"","","https://powo.science.kew.org/taxon/urn:lsid:ipni.org:names:470855-1","","Y","Accepted","Acacia maxwellii","Acacia maxwellii","Maiden & Blakely","197784","species","https://powo.science.kew.org/taxon/urn:lsid:ipni.org:names:470855-1","","Fabaceae","1","1","wcvp","0",""
"709","Acacia crassiuscula",1,"1041052","Acacia crassiuscula",1,"species","","",NA,"H.L.Wendl.","Fabaceae","Acacia","Acacia",1,"crassiuscula","crassiuscula",1,"","",NA,"","",NA,"","",NA,"","","https://powo.science.kew.org/taxon/urn:lsid:ipni.org:names:470076-1","","Y","Accepted","Acacia crassiuscula","Acacia crassiuscula","H.L.Wendl.","1041052","species","https://powo.science.kew.org/taxon/urn:lsid:ipni.org:names:470076-1","","Fabaceae","1","1","wcvp","0",""
"710","Acacia saligna",1,"1041111","Acacia saligna",1,"species","","",NA,"(Labill.) H.L.Wendl.","Fabaceae","Acacia","Acacia",1,"saligna","saligna",1,"","",NA,"","",NA,"","",NA,"","","https://powo.science.kew.org/taxon/urn:lsid:ipni.org:names:471383-1","","Y","Accepted","Acacia saligna","Acacia saligna","(Labill.) H.L.Wendl.","1041111","species","https://powo.science.kew.org/taxon/urn:lsid:ipni.org:names:471383-1","","Fabaceae","1","1","wcvp","0",""
"711","Acacia scirpifolia",1,"1041116","Acacia scirpifolia",1,"species","","",NA,"Meisn.","Fabaceae","Acacia","Acacia",1,"scirpifolia","scirpifolia",1,"","",NA,"","",NA,"","",NA,"","","https://powo.science.kew.org/taxon/urn:lsid:ipni.org:names:471415-1","","Y","Accepted","Acacia scirpifolia","Acacia scirpifolia","Meisn.","1041116","species","https://powo.science.kew.org/taxon/urn:lsid:ipni.org:names:471415-1","","Fabaceae","1","1","wcvp","0",""
"712","Acacia blakelyi",1,"197793","Acacia blakelyi",1,"species","","",NA,"Maiden","Fabaceae","Acacia","Acacia",1,"blakelyi","blakelyi",1,"","",NA,"","",NA,"","",NA,"","","https://powo.science.kew.org/taxon/urn:lsid:ipni.org:names:469850-1","","Y","Accepted","Acacia blakelyi","Acacia blakelyi","Maiden","197793","species","https://powo.science.kew.org/taxon/urn:lsid:ipni.org:names:469850-1","","Fabaceae","1","1","wcvp","0",""
"713","Acacia spathulifolia",1,"197794","Acacia spathulifolia",1,"species","","",NA,"Maslin","Fabaceae","Acacia","Acacia",1,"spathulifolia","spathulifolia",1,"","",NA,"","",NA,"","",NA,"","","https://powo.science.kew.org/taxon/urn:lsid:ipni.org:names:471510-1","","Y","Accepted","Acacia spathulifolia","Acacia spathulifolia","Maslin","197794","species","https://powo.science.kew.org/taxon/urn:lsid:ipni.org:names:471510-1","","Fabaceae","1","1","wcvp","0",""
"714","Acacia castanostegia",1,"197796","Acacia castanostegia",1,"species","","",NA,"Maslin","Fabaceae","Acacia","Acacia",1,"castanostegia","castanostegia",1,"","",NA,"","",NA,"","",NA,"","","https://powo.science.kew.org/taxon/urn:lsid:ipni.org:names:1008238-1","","Y","Accepted","Acacia castanostegia","Acacia castanostegia","Maslin","197796","species","https://powo.science.kew.org/taxon/urn:lsid:ipni.org:names:1008238-1","","Fabaceae","1","1","wcvp","0",""
"715","Acacia pachypoda",1,"197797","Acacia pachypoda",1,"species","","",NA,"Maslin","Fabaceae","Acacia","Acacia",1,"pachypoda","pachypoda",1,"","",NA,"","",NA,"","",NA,"","","https://powo.science.kew.org/taxon/urn:lsid:ipni.org:names:471062-1","","Y","Accepted","Acacia pachypoda","Acacia pachypoda","Maslin","197797","species","https://powo.science.kew.org/taxon/urn:lsid:ipni.org:names:471062-1","","Fabaceae","1","1","wcvp","0",""
"716","Acacia ashbyae",1,"197798","Acacia ashbyae",1,"species","","",NA,"Maslin","Fabaceae","Acacia","Acacia",1,"ashbyae","ashbyae",1,"","",NA,"","",NA,"","",NA,"","","https://powo.science.kew.org/taxon/urn:lsid:ipni.org:names:469762-1","","Y","Accepted","Acacia ashbyae","Acacia ashbyae","Maslin","197798","species","https://powo.science.kew.org/taxon/urn:lsid:ipni.org:names:469762-1","","Fabaceae","1","1","wcvp","0",""
"717","Acacia nigripilosa",1,"197799","Acacia nigripilosa",1,"species","","",NA,"Maiden","Fabaceae","Acacia","Acacia",1,"nigripilosa","nigripilosa",1,"","",NA,"","",NA,"","",NA,"","","https://powo.science.kew.org/taxon/urn:lsid:ipni.org:names:470991-1","","Y","Accepted","Acacia nigripilosa","Acacia nigripilosa","Maiden","197799","species","https://powo.science.kew.org/taxon/urn:lsid:ipni.org:names:470991-1","","Fabaceae","1","1","wcvp","0",""
"718","Acacia nigripilosa subsp. nigripilosa",1,"197801","Acacia nigripilosa subsp. nigripilosa",1,"subspecies","","",NA,"","Fabaceae","Acacia","Acacia",1,"nigripilosa","nigripilosa",1,"","",NA,"subsp.","nigripilosa",1,"","",NA,"","","https://powo.science.kew.org/taxon/urn:lsid:ipni.org:names:246688-3","","Y","Accepted","Acacia nigripilosa subsp. nigripilosa","Acacia nigripilosa","","197801","subspecies","https://powo.science.kew.org/taxon/urn:lsid:ipni.org:names:246688-3","","Fabaceae","1","1","wcvp","0",""
"719","Acacia nigripilosa subsp. latifolia",1,"1368709","Acacia nigripilosa subsp. latifolia",1,"subspecies","","",NA,"Maslin","Fabaceae","Acacia","Acacia",1,"nigripilosa","nigripilosa",1,"","",NA,"subsp.","latifolia",1,"","",NA,"","","https://powo.science.kew.org/taxon/urn:lsid:ipni.org:names:1008267-1","","Y","Accepted","Acacia nigripilosa subsp. latifolia","Acacia nigripilosa","Maslin","1368709","subspecies","https://powo.science.kew.org/taxon/urn:lsid:ipni.org:names:1008267-1","","Fabaceae","1","1","wcvp","0",""
"720","Acacia inaequiloba",1,"197803","Acacia inaequiloba",1,"species","","",NA,"W.Fitzg","Fabaceae","Acacia","Acacia",1,"inaequiloba","inaequiloba",1,"","",NA,"","",NA,"","",NA,"","","https://powo.science.kew.org/taxon/urn:lsid:ipni.org:names:470580-1","","Y","Accepted","Acacia inaequiloba","Acacia inaequiloba","W.Fitzg","197803","species","https://powo.science.kew.org/taxon/urn:lsid:ipni.org:names:470580-1","","Fabaceae","1","1","wcvp","0",""
"721","Acacia wiseana",1,"197804","Acacia wiseana",1,"species","","",NA,"C.A.Gardner","Fabaceae","Acacia","Acacia",1,"wiseana","wiseana",1,"","",NA,"","",NA,"","",NA,"","","https://powo.science.kew.org/taxon/urn:lsid:ipni.org:names:471810-1","","Y","Accepted","Acacia wiseana","Acacia wiseana","C.A.Gardner","197804","species","https://powo.science.kew.org/taxon/urn:lsid:ipni.org:names:471810-1","","Fabaceae","1","1","wcvp","0",""
"722","Acacia scleroclada",1,"197805","Acacia scleroclada",1,"species","","",NA,"Maslin","Fabaceae","Acacia","Acacia",1,"scleroclada","scleroclada",1,"","",NA,"","",NA,"","",NA,"","","https://powo.science.kew.org/taxon/urn:lsid:ipni.org:names:991289-1","","Y","Accepted","Acacia scleroclada","Acacia scleroclada","Maslin","197805","species","https://powo.science.kew.org/taxon/urn:lsid:ipni.org:names:991289-1","","Fabaceae","1","1","wcvp","0",""
"723","Acacia restiacea",1,"197806","Acacia restiacea",1,"species","","",NA,"Benth.","Fabaceae","Acacia","Acacia",1,"restiacea","restiacea",1,"","",NA,"","",NA,"","",NA,"","","https://powo.science.kew.org/taxon/urn:lsid:ipni.org:names:471309-1","","Y","Accepted","Acacia restiacea","Acacia restiacea","Benth.","197806","species","https://powo.science.kew.org/taxon/urn:lsid:ipni.org:names:471309-1","","Fabaceae","1","1","wcvp","0",""
"724","Acacia flagelliformis",1,"197811","Acacia flagelliformis",1,"species","","",NA,"Court","Fabaceae","Acacia","Acacia",1,"flagelliformis","flagelliformis",1,"","",NA,"","",NA,"","",NA,"","","https://powo.science.kew.org/taxon/urn:lsid:ipni.org:names:470334-1","","Y","Accepted","Acacia flagelliformis","Acacia flagelliformis","Court","197811","species","https://powo.science.kew.org/taxon/urn:lsid:ipni.org:names:470334-1","","Fabaceae","1","1","wcvp","0",""
"725","Acacia squamata",1,"197812","Acacia squamata",1,"species","","",NA,"Lindl.","Fabaceae","Acacia","Acacia",1,"squamata","squamata",1,"","",NA,"","",NA,"","",NA,"","","https://powo.science.kew.org/taxon/urn:lsid:ipni.org:names:471534-1","","Y","Accepted","Acacia squamata","Acacia squamata","Lindl.","197812","species","https://powo.science.kew.org/taxon/urn:lsid:ipni.org:names:471534-1","","Fabaceae","1","1","wcvp","0",""
"726","Acacia insolita",1,"197814","Acacia insolita",1,"species","","",NA,"E.Pritz.","Fabaceae","Acacia","Acacia",1,"insolita","insolita",1,"","",NA,"","",NA,"","",NA,"","","https://powo.science.kew.org/taxon/urn:lsid:ipni.org:names:470597-1","","Y","Accepted","Acacia insolita","Acacia insolita","E.Pritz.","197814","species","https://powo.science.kew.org/taxon/urn:lsid:ipni.org:names:470597-1","","Fabaceae","1","1","wcvp","0",""
"727","Acacia insolita subsp. insolita",1,"197815","Acacia insolita subsp. insolita",1,"subspecies","","",NA,"","Fabaceae","Acacia","Acacia",1,"insolita","insolita",1,"","",NA,"subsp.","insolita",1,"","",NA,"","","https://powo.science.kew.org/taxon/urn:lsid:ipni.org:names:246672-3","","Y","Accepted","Acacia insolita subsp. insolita","Acacia insolita","","197815","subspecies","https://powo.science.kew.org/taxon/urn:lsid:ipni.org:names:246672-3","","Fabaceae","1","1","wcvp","0",""
"728","Acacia insolita subsp. recurva",1,"1368698","Acacia insolita subsp. recurva",1,"subspecies","","",NA,"Maslin","Fabaceae","Acacia","Acacia",1,"insolita","insolita",1,"","",NA,"subsp.","recurva",1,"","",NA,"","","https://powo.science.kew.org/taxon/urn:lsid:ipni.org:names:1008257-1","","Y","Accepted","Acacia insolita subsp. recurva","Acacia insolita","Maslin","1368698","subspecies","https://powo.science.kew.org/taxon/urn:lsid:ipni.org:names:1008257-1","","Fabaceae","1","1","wcvp","0",""
"729","Acacia insolita subsp. efoliolata",1,"1368697","Acacia insolita subsp. efoliolata",1,"subspecies","","",NA,"Maslin","Fabaceae","Acacia","Acacia",1,"insolita","insolita",1,"","",NA,"subsp.","efoliolata",1,"","",NA,"","","https://powo.science.kew.org/taxon/urn:lsid:ipni.org:names:1008256-1","","Y","Synonym","Acacia adjutrices","Acacia adjutrices","Maslin","1310252","species","https://powo.science.kew.org/taxon/urn:lsid:ipni.org:names:77146096-1","","Fabaceae","1","1","wcvp","0",""
"730","Acacia anomala",1,"1781829","Acacia anomala",1,"species","","",NA,"C.A.Gardner ex Court","Fabaceae","Acacia","Acacia",1,"anomala","anomala",1,"","",NA,"","",NA,"","",NA,"","","https://powo.science.kew.org/taxon/urn:lsid:ipni.org:names:469729-1","","Y","Accepted","Acacia anomala","Acacia anomala","C.A.Gardner ex Court","1781829","species","https://powo.science.kew.org/taxon/urn:lsid:ipni.org:names:469729-1","","Fabaceae","1","1","wcvp","0",""
"731","Acacia aphylla",1,"197818","Acacia aphylla",1,"species","","",NA,"Maslin","Fabaceae","Acacia","Acacia",1,"aphylla","aphylla",1,"","",NA,"","",NA,"","",NA,"","","https://powo.science.kew.org/taxon/urn:lsid:ipni.org:names:469732-1","","Y","Accepted","Acacia aphylla","Acacia aphylla","Maslin","197818","species","https://powo.science.kew.org/taxon/urn:lsid:ipni.org:names:469732-1","","Fabaceae","1","1","wcvp","0",""
"732","Acacia extensa",1,"197819","Acacia extensa",1,"species","","",NA,"Lindl.","Fabaceae","Acacia","Acacia",1,"extensa","extensa",1,"","",NA,"","",NA,"","",NA,"","","https://powo.science.kew.org/taxon/urn:lsid:ipni.org:names:470293-1","","Y","Accepted","Acacia extensa","Acacia extensa","Lindl.","197819","species","https://powo.science.kew.org/taxon/urn:lsid:ipni.org:names:470293-1","","Fabaceae","1","1","wcvp","0",""
"733","Acacia alata",1,"197824","Acacia alata",1,"species","","",NA,"R.Br.","Fabaceae","Acacia","Acacia",1,"alata","alata",1,"","",NA,"","",NA,"","",NA,"","","https://powo.science.kew.org/taxon/urn:lsid:ipni.org:names:469667-1","","Y","Accepted","Acacia alata","Acacia alata","R.Br.","197824","species","https://powo.science.kew.org/taxon/urn:lsid:ipni.org:names:469667-1","","Fabaceae","1","1","wcvp","0",""
"734","Acacia alata var. alata",1,"197831","Acacia alata var. alata",1,"variety","","",NA,"","Fabaceae","Acacia","Acacia",1,"alata","alata",1,"","",NA,"var.","alata",1,"","",NA,"","","https://powo.science.kew.org/taxon/urn:lsid:ipni.org:names:56784-3","","Y","Accepted","Acacia alata var. alata","Acacia alata","","197831","variety","https://powo.science.kew.org/taxon/urn:lsid:ipni.org:names:56784-3","","Fabaceae","1","1","wcvp","0",""
"735","Acacia alata var. biglandulosa",1,"1346843","Acacia alata var. biglandulosa",1,"variety","","",NA,"Benth.","Fabaceae","Acacia","Acacia",1,"alata","alata",1,"","",NA,"var.","biglandulosa",1,"","",NA,"","","https://powo.science.kew.org/taxon/urn:lsid:ipni.org:names:56788-3","","Y","Accepted","Acacia alata var. biglandulosa","Acacia alata","Benth.","1346843","variety","https://powo.science.kew.org/taxon/urn:lsid:ipni.org:names:56788-3","","Fabaceae","1","1","wcvp","0",""
"736","Acacia alata var. platyptera",1,"197832","Acacia alata var. platyptera",1,"variety","","",NA,"(Lindl.) Meisn.","Fabaceae","Acacia","Acacia",1,"alata","alata",1,"","",NA,"var.","platyptera",1,"","",NA,"","","https://powo.science.kew.org/taxon/urn:lsid:ipni.org:names:56854-3","","Y","Accepted","Acacia alata var. platyptera","Acacia alata","(Lindl.) Meisn.","197832","variety","https://powo.science.kew.org/taxon/urn:lsid:ipni.org:names:56854-3","","Fabaceae","1","1","wcvp","0",""
"737","Acacia alata var. tetrantha",1,"1356997","Acacia alata var. tetrantha",1,"variety","","",NA,"Maslin","Fabaceae","Acacia","Acacia",1,"alata","alata",1,"","",NA,"var.","tetrantha",1,"","",NA,"","","https://powo.science.kew.org/taxon/urn:lsid:ipni.org:names:991275-1","","Y","Accepted","Acacia alata var. tetrantha","Acacia alata","Maslin","1356997","variety","https://powo.science.kew.org/taxon/urn:lsid:ipni.org:names:991275-1","","Fabaceae","1","1","wcvp","0",""
"738","Acacia willdenowiana",1,"197835","Acacia willdenowiana",1,"species","","",NA,"H.L.Wendl.","Fabaceae","Acacia","Acacia",1,"willdenowiana","willdenowiana",1,"","",NA,"","",NA,"","",NA,"","","https://powo.science.kew.org/taxon/urn:lsid:ipni.org:names:471808-1","","Y","Accepted","Acacia willdenowiana","Acacia willdenowiana","H.L.Wendl.","197835","species","https://powo.science.kew.org/taxon/urn:lsid:ipni.org:names:471808-1","","Fabaceae","1","1","wcvp","0",""
"739","Acacia applanata",1,"197841","Acacia applanata",1,"species","","",NA,"Maslin","Fabaceae","Acacia","Acacia",1,"applanata","applanata",1,"","",NA,"","",NA,"","",NA,"","","https://powo.science.kew.org/taxon/urn:lsid:ipni.org:names:991276-1","","Y","Accepted","Acacia applanata","Acacia applanata","Maslin","197841","species","https://powo.science.kew.org/taxon/urn:lsid:ipni.org:names:991276-1","","Fabaceae","1","1","wcvp","0",""
"740","Acacia pterocaulon",1,"197846","Acacia pterocaulon",1,"species","","",NA,"Maslin","Fabaceae","Acacia","Acacia",1,"pterocaulon","pterocaulon",1,"","",NA,"","",NA,"","",NA,"","","https://powo.science.kew.org/taxon/urn:lsid:ipni.org:names:991278-1","","Y","Accepted","Acacia pterocaulon","Acacia pterocaulon","Maslin","197846","species","https://powo.science.kew.org/taxon/urn:lsid:ipni.org:names:991278-1","","Fabaceae","1","1","wcvp","0",""
"741","Acacia clydonophora",1,"197847","Acacia clydonophora",1,"species","","",NA,"Maslin","Fabaceae","Acacia","Acacia",1,"clydonophora","clydonophora",1,"","",NA,"","",NA,"","",NA,"","","https://powo.science.kew.org/taxon/urn:lsid:ipni.org:names:981022-1","","Y","Accepted","Acacia clydonophora","Acacia clydonophora","Maslin","197847","species","https://powo.science.kew.org/taxon/urn:lsid:ipni.org:names:981022-1","","Fabaceae","1","1","wcvp","0",""
"742","Acacia myrtifolia",1,"183209","Acacia myrtifolia",1,"species","","",NA,"(Sm.) Willd.","Fabaceae","Acacia","Acacia",1,"myrtifolia","myrtifolia",1,"","",NA,"","",NA,"","",NA,"","","https://powo.science.kew.org/taxon/urn:lsid:ipni.org:names:470962-1","","Y","Accepted","Acacia myrtifolia","Acacia myrtifolia","(Sm.) Willd.","183209","species","https://powo.science.kew.org/taxon/urn:lsid:ipni.org:names:470962-1","","Fabaceae","1","1","wcvp","0",""
"743","Acacia celastrifolia",1,"197860","Acacia celastrifolia",1,"species","","",NA,"Benth.","Fabaceae","Acacia","Acacia",1,"celastrifolia","celastrifolia",1,"","",NA,"","",NA,"","",NA,"","","https://powo.science.kew.org/taxon/urn:lsid:ipni.org:names:469960-1","","Y","Accepted","Acacia celastrifolia","Acacia celastrifolia","Benth.","197860","species","https://powo.science.kew.org/taxon/urn:lsid:ipni.org:names:469960-1","","Fabaceae","1","1","wcvp","0",""
"744","Acacia heterochroa",1,"197866","Acacia heterochroa",1,"species","","",NA,"Maslin","Fabaceae","Acacia","Acacia",1,"heterochroa","heterochroa",1,"","",NA,"","",NA,"","",NA,"","","https://powo.science.kew.org/taxon/urn:lsid:ipni.org:names:981025-1","","Y","Accepted","Acacia heterochroa","Acacia heterochroa","Maslin","197866","species","https://powo.science.kew.org/taxon/urn:lsid:ipni.org:names:981025-1","","Fabaceae","1","1","wcvp","0",""
"745","Acacia heterochroa subsp. heterochroa",1,"197867","Acacia heterochroa subsp. heterochroa",1,"subspecies","","",NA,"","Fabaceae","Acacia","Acacia",1,"heterochroa","heterochroa",1,"","",NA,"subsp.","heterochroa",1,"","",NA,"","","https://powo.science.kew.org/taxon/urn:lsid:ipni.org:names:77214004-1","","Y","Accepted","Acacia heterochroa subsp. heterochroa","Acacia heterochroa","","197867","subspecies","https://powo.science.kew.org/taxon/urn:lsid:ipni.org:names:77214004-1","","Fabaceae","1","1","wcvp","0",""
"746","Acacia heterochroa subsp. robertii",1,"1368694","Acacia heterochroa subsp. robertii",1,"subspecies","","",NA,"Maslin","Fabaceae","Acacia","Acacia",1,"heterochroa","heterochroa",1,"","",NA,"subsp.","robertii",1,"","",NA,"","","https://powo.science.kew.org/taxon/urn:lsid:ipni.org:names:981026-1","","Y","Accepted","Acacia heterochroa subsp. robertii","Acacia heterochroa","Maslin","1368694","subspecies","https://powo.science.kew.org/taxon/urn:lsid:ipni.org:names:981026-1","","Fabaceae","1","1","wcvp","0",""
"747","Acacia durabilis",1,"197868","Acacia durabilis",1,"species","","",NA,"Maslin","Fabaceae","Acacia","Acacia",1,"durabilis","durabilis",1,"","",NA,"","",NA,"","",NA,"","","https://powo.science.kew.org/taxon/urn:lsid:ipni.org:names:981024-1","","Y","Accepted","Acacia durabilis","Acacia durabilis","Maslin","197868","species","https://powo.science.kew.org/taxon/urn:lsid:ipni.org:names:981024-1","","Fabaceae","1","1","wcvp","0",""
"748","Acacia disticha",1,"197869","Acacia disticha",1,"species","","",NA,"Maslin","Fabaceae","Acacia","Acacia",1,"disticha","disticha",1,"","",NA,"","",NA,"","",NA,"","","https://powo.science.kew.org/taxon/urn:lsid:ipni.org:names:981023-1","","Y","Accepted","Acacia disticha","Acacia disticha","Maslin","197869","species","https://powo.science.kew.org/taxon/urn:lsid:ipni.org:names:981023-1","","Fabaceae","1","1","wcvp","0",""
"749","Acacia pygmaea",1,"197870","Acacia pygmaea",1,"species","","",NA,"Maslin","Fabaceae","Acacia","Acacia",1,"pygmaea","pygmaea",1,"","",NA,"","",NA,"","",NA,"","","https://powo.science.kew.org/taxon/urn:lsid:ipni.org:names:981027-1","","Y","Accepted","Acacia pygmaea","Acacia pygmaea","Maslin","197870","species","https://powo.science.kew.org/taxon/urn:lsid:ipni.org:names:981027-1","","Fabaceae","1","1","wcvp","0",""
"750","Acacia obovata",1,"197871","Acacia obovata",1,"species","","",NA,"Benth.","Fabaceae","Acacia","Acacia",1,"obovata","obovata",1,"","",NA,"","",NA,"","",NA,"","","https://powo.science.kew.org/taxon/urn:lsid:ipni.org:names:471015-1","","Y","Accepted","Acacia obovata","Acacia obovata","Benth.","197871","species","https://powo.science.kew.org/taxon/urn:lsid:ipni.org:names:471015-1","","Fabaceae","1","1","wcvp","0",""
"751","Acacia nervosa",1,"197874","Acacia nervosa",1,"species","","",NA,"DC.","Fabaceae","Acacia","Acacia",1,"nervosa","nervosa",1,"","",NA,"","",NA,"","",NA,"","","https://powo.science.kew.org/taxon/urn:lsid:ipni.org:names:470980-1","","Y","Accepted","Acacia nervosa","Acacia nervosa","DC.","197874","species","https://powo.science.kew.org/taxon/urn:lsid:ipni.org:names:470980-1","","Fabaceae","1","1","wcvp","0",""
"752","Acacia scalpelliformis",1,"1041113","Acacia scalpelliformis",1,"species","","",NA,"Meisn.","Fabaceae","Acacia","Acacia",1,"scalpelliformis","scalpelliformis",1,"","",NA,"","",NA,"","",NA,"","","https://powo.science.kew.org/taxon/urn:lsid:ipni.org:names:471403-1","","Y","Accepted","Acacia scalpelliformis","Acacia scalpelliformis","Meisn.","1041113","species","https://powo.science.kew.org/taxon/urn:lsid:ipni.org:names:471403-1","","Fabaceae","1","1","wcvp","0",""
"753","Acacia urophylla",1,"197875","Acacia urophylla",1,"species","","",NA,"Benth.","Fabaceae","Acacia","Acacia",1,"urophylla","urophylla",1,"","",NA,"","",NA,"","",NA,"","","https://powo.science.kew.org/taxon/urn:lsid:ipni.org:names:471724-1","","Y","Accepted","Acacia urophylla","Acacia urophylla","Benth.","197875","species","https://powo.science.kew.org/taxon/urn:lsid:ipni.org:names:471724-1","","Fabaceae","1","1","wcvp","0",""
"754","Acacia hispidula",1,"197879","Acacia hispidula",1,"species","","",NA,"(Sm.) Willd.","Fabaceae","Acacia","Acacia",1,"hispidula","hispidula",1,"","",NA,"","",NA,"","",NA,"","","https://powo.science.kew.org/taxon/urn:lsid:ipni.org:names:470532-1","","Y","Accepted","Acacia hispidula","Acacia hispidula","(Sm.) Willd.","197879","species","https://powo.science.kew.org/taxon/urn:lsid:ipni.org:names:470532-1","","Fabaceae","1","1","wcvp","0",""
"755","Acacia purpureopetala",0.98945108257249,"1428733","Acacia purpureapetala",0.98945108257249,"species","","",NA,"F.M.Bailey","Fabaceae","Acacia","Acacia",1,"purpureopetala","purpureapetala",0.92857142857143,"","",NA,"","",NA,"","",NA,"","","https://powo.science.kew.org/taxon/urn:lsid:ipni.org:names:471272-1","","Y","Accepted","Acacia purpureapetala","Acacia purpureapetala","F.M.Bailey","1428733","species","https://powo.science.kew.org/taxon/urn:lsid:ipni.org:names:471272-1","","Fabaceae","1","1","wcvp","0",""
"756","Acacia dictyophleba",1,"197885","Acacia dictyophleba",1,"species","","",NA,"F.Muell.","Fabaceae","Acacia","Acacia",1,"dictyophleba","dictyophleba",1,"","",NA,"","",NA,"","",NA,"","","https://powo.science.kew.org/taxon/urn:lsid:ipni.org:names:470171-1","","Y","Accepted","Acacia dictyophleba","Acacia dictyophleba","F.Muell.","197885","species","https://powo.science.kew.org/taxon/urn:lsid:ipni.org:names:470171-1","","Fabaceae","1","1","wcvp","0",""
"757","Acacia melleodora",1,"197887","Acacia melleodora",1,"species","","",NA,"Pedley","Fabaceae","Acacia","Acacia",1,"melleodora","melleodora",1,"","",NA,"","",NA,"","",NA,"","","https://powo.science.kew.org/taxon/urn:lsid:ipni.org:names:470875-1","","Y","Accepted","Acacia melleodora","Acacia melleodora","Pedley","197887","species","https://powo.science.kew.org/taxon/urn:lsid:ipni.org:names:470875-1","","Fabaceae","1","1","wcvp","0",""
"758","Acacia jensenii",1,"197889","Acacia jensenii",1,"species","","",NA,"Maiden","Fabaceae","Acacia","Acacia",1,"jensenii","jensenii",1,"","",NA,"","",NA,"","",NA,"","","https://powo.science.kew.org/taxon/urn:lsid:ipni.org:names:470624-1","","Y","Accepted","Acacia jensenii","Acacia jensenii","Maiden","197889","species","https://powo.science.kew.org/taxon/urn:lsid:ipni.org:names:470624-1","","Fabaceae","1","1","wcvp","0",""
"759","Acacia sabulosa",1,"197891","Acacia sabulosa",1,"species","","",NA,"Maslin","Fabaceae","Acacia","Acacia",1,"sabulosa","sabulosa",1,"","",NA,"","",NA,"","",NA,"","","https://powo.science.kew.org/taxon/urn:lsid:ipni.org:names:1008277-1","","Y","Accepted","Acacia sabulosa","Acacia sabulosa","Maslin","197891","species","https://powo.science.kew.org/taxon/urn:lsid:ipni.org:names:1008277-1","","Fabaceae","1","1","wcvp","0",""
"760","Acacia hockingsii",1,"197892","Acacia hockingsii",1,"species","","",NA,"Pedley","Fabaceae","Acacia","Acacia",1,"hockingsii","hockingsii",1,"","",NA,"","",NA,"","",NA,"","","https://powo.science.kew.org/taxon/urn:lsid:ipni.org:names:470534-1","","Y","Accepted","Acacia hockingsii","Acacia hockingsii","Pedley","197892","species","https://powo.science.kew.org/taxon/urn:lsid:ipni.org:names:470534-1","","Fabaceae","1","1","wcvp","0",""
"761","Acacia gnidium",1,"197895","Acacia gnidium",1,"species","","",NA,"Benth.","Fabaceae","Acacia","Acacia",1,"gnidium","gnidium",1,"","",NA,"","",NA,"","",NA,"","","https://powo.science.kew.org/taxon/urn:lsid:ipni.org:names:470428-1","","Y","Accepted","Acacia gnidium","Acacia gnidium","Benth.","197895","species","https://powo.science.kew.org/taxon/urn:lsid:ipni.org:names:470428-1","","Fabaceae","1","1","wcvp","0",""
"762","Acacia ixodes",1,"197897","Acacia ixodes",1,"species","","",NA,"Pedley","Fabaceae","Acacia","Acacia",1,"ixodes","ixodes",1,"","",NA,"","",NA,"","",NA,"","","https://powo.science.kew.org/taxon/urn:lsid:ipni.org:names:470616-1","","Y","Accepted","Acacia ixodes","Acacia ixodes","Pedley","197897","species","https://powo.science.kew.org/taxon/urn:lsid:ipni.org:names:470616-1","","Fabaceae","1","1","wcvp","0",""
"763","Acacia eremophiloides",1,"197900","Acacia eremophiloides",1,"species","","",NA,"Pedley & P.I.Forst.","Fabaceae","Acacia","Acacia",1,"eremophiloides","eremophiloides",1,"","",NA,"","",NA,"","",NA,"","","https://powo.science.kew.org/taxon/urn:lsid:ipni.org:names:930696-1","","Y","Accepted","Acacia eremophiloides","Acacia eremophiloides","Pedley & P.I.Forst.","197900","species","https://powo.science.kew.org/taxon/urn:lsid:ipni.org:names:930696-1","","Fabaceae","1","1","wcvp","0",""
"764","Acacia calantha",1,"197902","Acacia calantha",1,"species","","",NA,"Pedley","Fabaceae","Acacia","Acacia",1,"calantha","calantha",1,"","",NA,"","",NA,"","",NA,"","","https://powo.science.kew.org/taxon/urn:lsid:ipni.org:names:469911-1","","Y","Accepted","Acacia calantha","Acacia calantha","Pedley","197902","species","https://powo.science.kew.org/taxon/urn:lsid:ipni.org:names:469911-1","","Fabaceae","1","1","wcvp","0",""
"765","Acacia islana",1,"197904","Acacia islana",1,"species","","",NA,"Pedley","Fabaceae","Acacia","Acacia",1,"islana","islana",1,"","",NA,"","",NA,"","",NA,"","","https://powo.science.kew.org/taxon/urn:lsid:ipni.org:names:470613-1","","Y","Accepted","Acacia islana","Acacia islana","Pedley","197904","species","https://powo.science.kew.org/taxon/urn:lsid:ipni.org:names:470613-1","","Fabaceae","1","1","wcvp","0",""
"766","Acacia resinicostata",0.98850510141534,"197908","Acacia resinocostata",0.98850510141534,"species","","",NA,"Pedley","Fabaceae","Acacia","Acacia",1,"resinicostata","resinocostata",0.92307692307692,"","",NA,"","",NA,"","",NA,"","","https://powo.science.kew.org/taxon/urn:lsid:ipni.org:names:471306-1","","","Accepted","Acacia resinocostata","Acacia resinocostata","Pedley","197908","species","https://powo.science.kew.org/taxon/urn:lsid:ipni.org:names:471306-1","","Fabaceae","1","1","wcvp","0",""
"767","Acacia johnsonii",1,"197909","Acacia johnsonii",1,"species","","",NA,"Pedley","Fabaceae","Acacia","Acacia",1,"johnsonii","johnsonii",1,"","",NA,"","",NA,"","",NA,"","","https://powo.science.kew.org/taxon/urn:lsid:ipni.org:names:470627-1","","Y","Accepted","Acacia johnsonii","Acacia johnsonii","Pedley","197909","species","https://powo.science.kew.org/taxon/urn:lsid:ipni.org:names:470627-1","","Fabaceae","1","1","wcvp","0",""
"768","Acacia burbidgeae",1,"197915","Acacia burbidgeae",1,"species","","",NA,"Pedley","Fabaceae","Acacia","Acacia",1,"burbidgeae","burbidgeae",1,"","",NA,"","",NA,"","",NA,"","","https://powo.science.kew.org/taxon/urn:lsid:ipni.org:names:469892-1","","Y","Accepted","Acacia burbidgeae","Acacia burbidgeae","Pedley","197915","species","https://powo.science.kew.org/taxon/urn:lsid:ipni.org:names:469892-1","","Fabaceae","1","1","wcvp","0",""
"769","Acacia pilligaensis",1,"197919","Acacia pilligaensis",1,"species","","",NA,"Maiden","Fabaceae","Acacia","Acacia",1,"pilligaensis","pilligaensis",1,"","",NA,"","",NA,"","",NA,"","","https://powo.science.kew.org/taxon/urn:lsid:ipni.org:names:471149-1","","Y","Accepted","Acacia pilligaensis","Acacia pilligaensis","Maiden","197919","species","https://powo.science.kew.org/taxon/urn:lsid:ipni.org:names:471149-1","","Fabaceae","1","1","wcvp","0",""
"770","Acacia handonis",1,"197920","Acacia handonis",1,"species","","",NA,"Pedley","Fabaceae","Acacia","Acacia",1,"handonis","handonis",1,"","",NA,"","",NA,"","",NA,"","","https://powo.science.kew.org/taxon/urn:lsid:ipni.org:names:896829-1","","Y","Accepted","Acacia handonis","Acacia handonis","Pedley","197920","species","https://powo.science.kew.org/taxon/urn:lsid:ipni.org:names:896829-1","","Fabaceae","1","1","wcvp","0",""
"771","Acacia rossei",1,"197922","Acacia rossei",1,"species","","",NA,"F.Muell.","Fabaceae","Acacia","Acacia",1,"rossei","rossei",1,"","",NA,"","",NA,"","",NA,"","","https://powo.science.kew.org/taxon/urn:lsid:ipni.org:names:471344-1","","Y","Accepted","Acacia rossei","Acacia rossei","F.Muell.","197922","species","https://powo.science.kew.org/taxon/urn:lsid:ipni.org:names:471344-1","","Fabaceae","1","1","wcvp","0",""
"772","Acacia glutinosissima",1,"197923","Acacia glutinosissima",1,"species","","",NA,"Maiden & Blakely","Fabaceae","Acacia","Acacia",1,"glutinosissima","glutinosissima",1,"","",NA,"","",NA,"","",NA,"","","https://powo.science.kew.org/taxon/urn:lsid:ipni.org:names:470427-1","","Y","Accepted","Acacia glutinosissima","Acacia glutinosissima","Maiden & Blakely","197923","species","https://powo.science.kew.org/taxon/urn:lsid:ipni.org:names:470427-1","","Fabaceae","1","1","wcvp","0",""
"773","Acacia sedifolia",1,"197924","Acacia sedifolia",1,"species","","",NA,"Maiden & Blakely","Fabaceae","Acacia","Acacia",1,"sedifolia","sedifolia",1,"","",NA,"","",NA,"","",NA,"","","https://powo.science.kew.org/taxon/urn:lsid:ipni.org:names:471423-1","","Y","Accepted","Acacia sedifolia","Acacia sedifolia","Maiden & Blakely","197924","species","https://powo.science.kew.org/taxon/urn:lsid:ipni.org:names:471423-1","","Fabaceae","1","1","wcvp","0",""
"774","Acacia sedifolia subsp. sedifolia",1,"197925","Acacia sedifolia subsp. sedifolia",1,"subspecies","","",NA,"","Fabaceae","Acacia","Acacia",1,"sedifolia","sedifolia",1,"","",NA,"subsp.","sedifolia",1,"","",NA,"","","https://powo.science.kew.org/taxon/urn:lsid:ipni.org:names:246719-3","","Y","Accepted","Acacia sedifolia subsp. sedifolia","Acacia sedifolia","","197925","subspecies","https://powo.science.kew.org/taxon/urn:lsid:ipni.org:names:246719-3","","Fabaceae","1","1","wcvp","0",""
"775","Acacia sedifolia subsp. pulvinata",1,"1368714","Acacia sedifolia subsp. pulvinata",1,"subspecies","","",NA,"Maslin","Fabaceae","Acacia","Acacia",1,"sedifolia","sedifolia",1,"","",NA,"subsp.","pulvinata",1,"","",NA,"","","https://powo.science.kew.org/taxon/urn:lsid:ipni.org:names:1008279-1","","Y","Accepted","Acacia sedifolia subsp. pulvinata","Acacia sedifolia","Maslin","1368714","subspecies","https://powo.science.kew.org/taxon/urn:lsid:ipni.org:names:1008279-1","","Fabaceae","1","1","wcvp","0",""
"776","Acacia phasmoides",1,"197926","Acacia phasmoides",1,"species","","",NA,"J.H.Willis","Fabaceae","Acacia","Acacia",1,"phasmoides","phasmoides",1,"","",NA,"","",NA,"","",NA,"","","https://powo.science.kew.org/taxon/urn:lsid:ipni.org:names:471139-1","","Y","Accepted","Acacia phasmoides","Acacia phasmoides","J.H.Willis","197926","species","https://powo.science.kew.org/taxon/urn:lsid:ipni.org:names:471139-1","","Fabaceae","1","1","wcvp","0",""
"777","Acacia genistifolia",1,"197927","Acacia genistifolia",1,"species","","",NA,"Link","Fabaceae","Acacia","Acacia",1,"genistifolia","genistifolia",1,"","",NA,"","",NA,"","",NA,"","","https://powo.science.kew.org/taxon/urn:lsid:ipni.org:names:470388-1","","Y","Accepted","Acacia genistifolia","Acacia genistifolia","Link","197927","species","https://powo.science.kew.org/taxon/urn:lsid:ipni.org:names:470388-1","","Fabaceae","1","1","wcvp","0",""
"778","Acacia aculeatissima",1,"197936","Acacia aculeatissima",1,"species","","",NA,"J.F.Macbr.","Fabaceae","Acacia","Acacia",1,"aculeatissima","aculeatissima",1,"","",NA,"","",NA,"","",NA,"","","https://powo.science.kew.org/taxon/urn:lsid:ipni.org:names:469641-1","","Y","Accepted","Acacia aculeatissima","Acacia aculeatissima","J.F.Macbr.","197936","species","https://powo.science.kew.org/taxon/urn:lsid:ipni.org:names:469641-1","","Fabaceae","1","1","wcvp","0",""
"779","Acacia brachycarpa",1,"197938","Acacia brachycarpa",1,"species","","",NA,"Pedley","Fabaceae","Acacia","Acacia",1,"brachycarpa","brachycarpa",1,"","",NA,"","",NA,"","",NA,"","","https://powo.science.kew.org/taxon/urn:lsid:ipni.org:names:469867-1","","Y","Illegitimate","Acacia neobrachycarpa","Acacia neobrachycarpa","I.M.Turner","1309249","species","https://powo.science.kew.org/taxon/urn:lsid:ipni.org:names:77143663-1","","Fabaceae","1","1","wcvp","0",""
"780","Acacia brownii",1,"197940","Acacia brownii",1,"species","","",NA,"(Poir.) Steud.","Fabaceae","Acacia","Acacia",1,"brownii","brownii",1,"","",NA,"","",NA,"","",NA,"","","https://powo.science.kew.org/taxon/urn:lsid:ipni.org:names:469884-1","","Y","Accepted","Acacia brownii","Acacia brownii","(Poir.) Steud.","197940","species","https://powo.science.kew.org/taxon/urn:lsid:ipni.org:names:469884-1","","Fabaceae","1","1","wcvp","0",""
"781","Acacia ulicifolia",1,"197949","Acacia ulicifolia",1,"species","","",NA,"(Salisb.) Court","Fabaceae","Acacia","Acacia",1,"ulicifolia","ulicifolia",1,"","",NA,"","",NA,"","",NA,"","","https://powo.science.kew.org/taxon/urn:lsid:ipni.org:names:471703-1","","Y","Accepted","Acacia ulicifolia","Acacia ulicifolia","(Salisb.) Court","197949","species","https://powo.science.kew.org/taxon/urn:lsid:ipni.org:names:471703-1","","Fabaceae","1","1","wcvp","0",""
"782","Acacia asparagoides",1,"197961","Acacia asparagoides",1,"species","","",NA,"A.Cunn.","Fabaceae","Acacia","Acacia",1,"asparagoides","asparagoides",1,"","",NA,"","",NA,"","",NA,"","","https://powo.science.kew.org/taxon/urn:lsid:ipni.org:names:469763-1","","Y","Accepted","Acacia asparagoides","Acacia asparagoides","A.Cunn.","197961","species","https://powo.science.kew.org/taxon/urn:lsid:ipni.org:names:469763-1","","Fabaceae","1","1","wcvp","0",""
"783","Acacia echinula",1,"197962","Acacia echinula",1,"species","","",NA,"DC.","Fabaceae","Acacia","Acacia",1,"echinula","echinula",1,"","",NA,"","",NA,"","",NA,"","","https://powo.science.kew.org/taxon/urn:lsid:ipni.org:names:470228-1","","Y","Accepted","Acacia echinula","Acacia echinula","DC.","197962","species","https://powo.science.kew.org/taxon/urn:lsid:ipni.org:names:470228-1","","Fabaceae","1","1","wcvp","0",""
"784","Acacia gunnii",1,"197966","Acacia gunnii",1,"species","","",NA,"Benth.","Fabaceae","Acacia","Acacia",1,"gunnii","gunnii",1,"","",NA,"","",NA,"","",NA,"","","https://powo.science.kew.org/taxon/urn:lsid:ipni.org:names:470476-1","","Y","Accepted","Acacia gunnii","Acacia gunnii","Benth.","197966","species","https://powo.science.kew.org/taxon/urn:lsid:ipni.org:names:470476-1","","Fabaceae","1","1","wcvp","0",""
"785","Acacia saxicola",1,"197971","Acacia saxicola",1,"species","","",NA,"Pedley","Fabaceae","Acacia","Acacia",1,"saxicola","saxicola",1,"","",NA,"","",NA,"","",NA,"","","https://powo.science.kew.org/taxon/urn:lsid:ipni.org:names:471401-1","","Y","Accepted","Acacia saxicola","Acacia saxicola","Pedley","197971","species","https://powo.science.kew.org/taxon/urn:lsid:ipni.org:names:471401-1","","Fabaceae","1","1","wcvp","0",""
"786","Acacia siculiformis",1,"197973","Acacia siculiformis",1,"species","","",NA,"A.Cunn. ex Benth.","Fabaceae","Acacia","Acacia",1,"siculiformis","siculiformis",1,"","",NA,"","",NA,"","",NA,"","","https://powo.science.kew.org/taxon/urn:lsid:ipni.org:names:471471-1","","Y","Accepted","Acacia siculiformis","Acacia siculiformis","A.Cunn. ex Benth.","197973","species","https://powo.science.kew.org/taxon/urn:lsid:ipni.org:names:471471-1","","Fabaceae","1","1","wcvp","0",""
"787","Acacia rupicola",1,"197978","Acacia rupicola",1,"species","","",NA,"F.Muell. ex Benth.","Fabaceae","Acacia","Acacia",1,"rupicola","rupicola",1,"","",NA,"","",NA,"","",NA,"","","https://powo.science.kew.org/taxon/urn:lsid:ipni.org:names:471367-1","","Y","Accepted","Acacia rupicola","Acacia rupicola","F.Muell. ex Benth.","197978","species","https://powo.science.kew.org/taxon/urn:lsid:ipni.org:names:471367-1","","Fabaceae","1","1","wcvp","0",""
"788","Acacia acuaria",1,"197979","Acacia acuaria",1,"species","","",NA,"W.Fitzg.","Fabaceae","Acacia","Acacia",1,"acuaria","acuaria",1,"","",NA,"","",NA,"","",NA,"","","https://powo.science.kew.org/taxon/urn:lsid:ipni.org:names:469638-1","","Y","Accepted","Acacia acuaria","Acacia acuaria","W.Fitzg.","197979","species","https://powo.science.kew.org/taxon/urn:lsid:ipni.org:names:469638-1","","Fabaceae","1","1","wcvp","0",""
"789","Acacia retrorsa",1,"1041108","Acacia retrorsa",1,"species","","",NA,"Meisn.","Fabaceae","Acacia","Acacia",1,"retrorsa","retrorsa",1,"","",NA,"","",NA,"","",NA,"","","https://powo.science.kew.org/taxon/urn:lsid:ipni.org:names:471315-1","","Y","Accepted","Acacia retrorsa","Acacia retrorsa","Meisn.","1041108","species","https://powo.science.kew.org/taxon/urn:lsid:ipni.org:names:471315-1","","Fabaceae","1","1","wcvp","0",""
"790","Acacia pravifolia",1,"197982","Acacia pravifolia",1,"species","","",NA,"F.Muell.","Fabaceae","Acacia","Acacia",1,"pravifolia","pravifolia",1,"","",NA,"","",NA,"","",NA,"","","https://powo.science.kew.org/taxon/urn:lsid:ipni.org:names:471200-1","","Y","Accepted","Acacia pravifolia","Acacia pravifolia","F.Muell.","197982","species","https://powo.science.kew.org/taxon/urn:lsid:ipni.org:names:471200-1","","Fabaceae","1","1","wcvp","0",""
"791","Acacia amblygona",1,"197985","Acacia amblygona",1,"species","","",NA,"A.Cunn. ex Benth.","Fabaceae","Acacia","Acacia",1,"amblygona","amblygona",1,"","",NA,"","",NA,"","",NA,"","","https://powo.science.kew.org/taxon/urn:lsid:ipni.org:names:469692-1","","Y","Accepted","Acacia amblygona","Acacia amblygona","A.Cunn. ex Benth.","197985","species","https://powo.science.kew.org/taxon/urn:lsid:ipni.org:names:469692-1","","Fabaceae","1","1","wcvp","0",""
"792","Acacia lanceolata",1,"197989","Acacia lanceolata",1,"species","","",NA,"Maslin","Fabaceae","Acacia","Acacia",1,"lanceolata","lanceolata",1,"","",NA,"","",NA,"","",NA,"","","https://powo.science.kew.org/taxon/urn:lsid:ipni.org:names:1008258-1","","Y","Accepted","Acacia lanceolata","Acacia lanceolata","Maslin","197989","species","https://powo.science.kew.org/taxon/urn:lsid:ipni.org:names:1008258-1","","Fabaceae","1","1","wcvp","0",""
"793","Acacia flabellifolia",1,"197990","Acacia flabellifolia",1,"species","","",NA,"W.Fitzg.","Fabaceae","Acacia","Acacia",1,"flabellifolia","flabellifolia",1,"","",NA,"","",NA,"","",NA,"","","https://powo.science.kew.org/taxon/urn:lsid:ipni.org:names:470332-1","","Y","Accepted","Acacia flabellifolia","Acacia flabellifolia","W.Fitzg.","197990","species","https://powo.science.kew.org/taxon/urn:lsid:ipni.org:names:470332-1","","Fabaceae","1","1","wcvp","0",""
"794","Acacia scalena",1,"197991","Acacia scalena",1,"species","","",NA,"Maslin","Fabaceae","Acacia","Acacia",1,"scalena","scalena",1,"","",NA,"","",NA,"","",NA,"","","https://powo.science.kew.org/taxon/urn:lsid:ipni.org:names:1008278-1","","Y","Accepted","Acacia scalena","Acacia scalena","Maslin","197991","species","https://powo.science.kew.org/taxon/urn:lsid:ipni.org:names:1008278-1","","Fabaceae","1","1","wcvp","0",""
"795","Acacia sphenophylla",1,"197992","Acacia sphenophylla",1,"species","","",NA,"Maslin","Fabaceae","Acacia","Acacia",1,"sphenophylla","sphenophylla",1,"","",NA,"","",NA,"","",NA,"","","https://powo.science.kew.org/taxon/urn:lsid:ipni.org:names:1008282-1","","Y","Accepted","Acacia sphenophylla","Acacia sphenophylla","Maslin","197992","species","https://powo.science.kew.org/taxon/urn:lsid:ipni.org:names:1008282-1","","Fabaceae","1","1","wcvp","0",""
"796","Acacia continua",1,"197993","Acacia continua",1,"species","","",NA,"Benth.","Fabaceae","Acacia","Acacia",1,"continua","continua",1,"","",NA,"","",NA,"","",NA,"","","https://powo.science.kew.org/taxon/urn:lsid:ipni.org:names:470046-1","","Y","Accepted","Acacia continua","Acacia continua","Benth.","197993","species","https://powo.science.kew.org/taxon/urn:lsid:ipni.org:names:470046-1","","Fabaceae","1","1","wcvp","0",""
"797","Acacia spinescens",1,"197995","Acacia spinescens",1,"species","","",NA,"Benth.","Fabaceae","Acacia","Acacia",1,"spinescens","spinescens",1,"","",NA,"","",NA,"","",NA,"","","https://powo.science.kew.org/taxon/urn:lsid:ipni.org:names:471520-1","","Y","Accepted","Acacia spinescens","Acacia spinescens","Benth.","197995","species","https://powo.science.kew.org/taxon/urn:lsid:ipni.org:names:471520-1","","Fabaceae","1","1","wcvp","0",""
"798","Acacia basedowii",1,"197998","Acacia basedowii",1,"species","","",NA,"Maiden","Fabaceae","Acacia","Acacia",1,"basedowii","basedowii",1,"","",NA,"","",NA,"","",NA,"","","https://powo.science.kew.org/taxon/urn:lsid:ipni.org:names:469813-1","","Y","Accepted","Acacia basedowii","Acacia basedowii","Maiden","197998","species","https://powo.science.kew.org/taxon/urn:lsid:ipni.org:names:469813-1","","Fabaceae","1","1","wcvp","0",""
"799","Acacia oxyclada",1,"198001","Acacia oxyclada",1,"species","","",NA,"F.Muell. ex Benth.","Fabaceae","Acacia","Acacia",1,"oxyclada","oxyclada",1,"","",NA,"","",NA,"","",NA,"","","https://powo.science.kew.org/taxon/urn:lsid:ipni.org:names:471054-1","","Y","Accepted","Acacia oxyclada","Acacia oxyclada","F.Muell. ex Benth.","198001","species","https://powo.science.kew.org/taxon/urn:lsid:ipni.org:names:471054-1","","Fabaceae","1","1","wcvp","0",""
"800","Acacia acanthoclada",1,"198002","Acacia acanthoclada",1,"species","","",NA,"F.Muell.","Fabaceae","Acacia","Acacia",1,"acanthoclada","acanthoclada",1,"","",NA,"","",NA,"","",NA,"","","https://powo.science.kew.org/taxon/urn:lsid:ipni.org:names:469624-1","","Y","Accepted","Acacia acanthoclada","Acacia acanthoclada","F.Muell.","198002","species","https://powo.science.kew.org/taxon/urn:lsid:ipni.org:names:469624-1","","Fabaceae","1","1","wcvp","0",""
"801","Acacia acanthoclada subsp. acanthoclada",1,"198003","Acacia acanthoclada subsp. acanthoclada",1,"subspecies","","",NA,"","Fabaceae","Acacia","Acacia",1,"acanthoclada","acanthoclada",1,"","",NA,"subsp.","acanthoclada",1,"","",NA,"","","https://powo.science.kew.org/taxon/urn:lsid:ipni.org:names:77214032-1","","Y","Accepted","Acacia acanthoclada subsp. acanthoclada","Acacia acanthoclada","","198003","subspecies","https://powo.science.kew.org/taxon/urn:lsid:ipni.org:names:77214032-1","","Fabaceae","1","1","wcvp","0",""
"802","Acacia acanthoclada subsp. glaucescens",1,"1368685","Acacia acanthoclada subsp. glaucescens",1,"subspecies","","",NA,"Maslin","Fabaceae","Acacia","Acacia",1,"acanthoclada","acanthoclada",1,"","",NA,"subsp.","glaucescens",1,"","",NA,"","","https://powo.science.kew.org/taxon/urn:lsid:ipni.org:names:1008227-1","","Y","Accepted","Acacia acanthoclada subsp. glaucescens","Acacia acanthoclada","Maslin","1368685","subspecies","https://powo.science.kew.org/taxon/urn:lsid:ipni.org:names:1008227-1","","Fabaceae","1","1","wcvp","0",""
"803","Acacia pulviniformis",1,"198004","Acacia pulviniformis",1,"species","","",NA,"Maiden & Blakely","Fabaceae","Acacia","Acacia",1,"pulviniformis","pulviniformis",1,"","",NA,"","",NA,"","",NA,"","","https://powo.science.kew.org/taxon/urn:lsid:ipni.org:names:471263-1","","Y","Accepted","Acacia pulviniformis","Acacia pulviniformis","Maiden & Blakely","198004","species","https://powo.science.kew.org/taxon/urn:lsid:ipni.org:names:471263-1","","Fabaceae","1","1","wcvp","0",""
"804","Acacia ferocior",1,"198005","Acacia ferocior",1,"species","","",NA,"Maiden","Fabaceae","Acacia","Acacia",1,"ferocior","ferocior",1,"","",NA,"","",NA,"","",NA,"","","https://powo.science.kew.org/taxon/urn:lsid:ipni.org:names:470315-1","","Y","Accepted","Acacia ferocior","Acacia ferocior","Maiden","198005","species","https://powo.science.kew.org/taxon/urn:lsid:ipni.org:names:470315-1","","Fabaceae","1","1","wcvp","0",""
"805","Acacia acanthaster",1,"198006","Acacia acanthaster",1,"species","","",NA,"Maslin","Fabaceae","Acacia","Acacia",1,"acanthaster","acanthaster",1,"","",NA,"","",NA,"","",NA,"","","https://powo.science.kew.org/taxon/urn:lsid:ipni.org:names:1008226-1","","Y","Accepted","Acacia acanthaster","Acacia acanthaster","Maslin","198006","species","https://powo.science.kew.org/taxon/urn:lsid:ipni.org:names:1008226-1","","Fabaceae","1","1","wcvp","0",""
"806","Acacia ericksoniae",1,"198007","Acacia ericksoniae",1,"species","","",NA,"Maslin","Fabaceae","Acacia","Acacia",1,"ericksoniae","ericksoniae",1,"","",NA,"","",NA,"","",NA,"","","https://powo.science.kew.org/taxon/urn:lsid:ipni.org:names:1008245-1","","Y","Accepted","Acacia ericksoniae","Acacia ericksoniae","Maslin","198007","species","https://powo.science.kew.org/taxon/urn:lsid:ipni.org:names:1008245-1","","Fabaceae","1","1","wcvp","0",""
"807","Acacia bidentata",1,"198008","Acacia bidentata",1,"species","","",NA,"Benth.","Fabaceae","Acacia","Acacia",1,"bidentata","bidentata",1,"","",NA,"","",NA,"","",NA,"","","https://powo.science.kew.org/taxon/urn:lsid:ipni.org:names:469835-1","","Y","Accepted","Acacia bidentata","Acacia bidentata","Benth.","198008","species","https://powo.science.kew.org/taxon/urn:lsid:ipni.org:names:469835-1","","Fabaceae","1","1","wcvp","0",""
"808","Acacia orbifolia",1,"198010","Acacia orbifolia",1,"species","","",NA,"Maiden & Blakely","Fabaceae","Acacia","Acacia",1,"orbifolia","orbifolia",1,"","",NA,"","",NA,"","",NA,"","","https://powo.science.kew.org/taxon/urn:lsid:ipni.org:names:471040-1","","Y","Accepted","Acacia orbifolia","Acacia orbifolia","Maiden & Blakely","198010","species","https://powo.science.kew.org/taxon/urn:lsid:ipni.org:names:471040-1","","Fabaceae","1","1","wcvp","0",""
"809","Acacia aristulata",1,"198012","Acacia aristulata",1,"species","","",NA,"Maslin","Fabaceae","Acacia","Acacia",1,"aristulata","aristulata",1,"","",NA,"","",NA,"","",NA,"","","https://powo.science.kew.org/taxon/urn:lsid:ipni.org:names:1008231-1","","Y","Accepted","Acacia aristulata","Acacia aristulata","Maslin","198012","species","https://powo.science.kew.org/taxon/urn:lsid:ipni.org:names:1008231-1","","Fabaceae","1","1","wcvp","0",""
"810","Acacia improcera",1,"198013","Acacia improcera",1,"species","","",NA,"Maslin","Fabaceae","Acacia","Acacia",1,"improcera","improcera",1,"","",NA,"","",NA,"","",NA,"","","https://powo.science.kew.org/taxon/urn:lsid:ipni.org:names:1008255-1","","Y","Accepted","Acacia improcera","Acacia improcera","Maslin","198013","species","https://powo.science.kew.org/taxon/urn:lsid:ipni.org:names:1008255-1","","Fabaceae","1","1","wcvp","0",""
"811","Acacia erinacea",1,"198014","Acacia erinacea",1,"species","","",NA,"Benth.","Fabaceae","Acacia","Acacia",1,"erinacea","erinacea",1,"","",NA,"","",NA,"","",NA,"","","https://powo.science.kew.org/taxon/urn:lsid:ipni.org:names:470263-1","","Y","Accepted","Acacia erinacea","Acacia erinacea","Benth.","198014","species","https://powo.science.kew.org/taxon/urn:lsid:ipni.org:names:470263-1","","Fabaceae","1","1","wcvp","0",""
"812","Acacia ulicina",1,"1041137","Acacia ulicina",1,"species","","",NA,"Meisn.","Fabaceae","Acacia","Acacia",1,"ulicina","ulicina",1,"","",NA,"","",NA,"","",NA,"","","https://powo.science.kew.org/taxon/urn:lsid:ipni.org:names:471704-1","","Y","Accepted","Acacia ulicina","Acacia ulicina","Meisn.","1041137","species","https://powo.science.kew.org/taxon/urn:lsid:ipni.org:names:471704-1","","Fabaceae","1","1","wcvp","0",""
"813","Acacia spinosissima",1,"1041123","Acacia spinosissima",1,"species","","",NA,"Benth.","Fabaceae","Acacia","Acacia",1,"spinosissima","spinosissima",1,"","",NA,"","",NA,"","",NA,"","","https://powo.science.kew.org/taxon/urn:lsid:ipni.org:names:471524-1","","Y","Accepted","Acacia spinosissima","Acacia spinosissima","Benth.","1041123","species","https://powo.science.kew.org/taxon/urn:lsid:ipni.org:names:471524-1","","Fabaceae","1","1","wcvp","0",""
"814","Acacia rostellata",1,"198018","Acacia rostellata",1,"species","","",NA,"Maslin","Fabaceae","Acacia","Acacia",1,"rostellata","rostellata",1,"","",NA,"","",NA,"","",NA,"","","https://powo.science.kew.org/taxon/urn:lsid:ipni.org:names:1008276-1","","Y","Accepted","Acacia rostellata","Acacia rostellata","Maslin","198018","species","https://powo.science.kew.org/taxon/urn:lsid:ipni.org:names:1008276-1","","Fabaceae","1","1","wcvp","0",""
"815","Acacia jacksonioides",1,"198019","Acacia jacksonioides",1,"species","","",NA,"Maslin","Fabaceae","Acacia","Acacia",1,"jacksonioides","jacksonioides",1,"","",NA,"","",NA,"","",NA,"","","https://powo.science.kew.org/taxon/urn:lsid:ipni.org:names:470618-1","","Y","Accepted","Acacia jacksonioides","Acacia jacksonioides","Maslin","198019","species","https://powo.science.kew.org/taxon/urn:lsid:ipni.org:names:470618-1","","Fabaceae","1","1","wcvp","0",""
"816","Acacia brachyclada",1,"198021","Acacia brachyclada",1,"species","","",NA,"W.Fitzg","Fabaceae","Acacia","Acacia",1,"brachyclada","brachyclada",1,"","",NA,"","",NA,"","",NA,"","","https://powo.science.kew.org/taxon/urn:lsid:ipni.org:names:469868-1","","Y","Accepted","Acacia brachyclada","Acacia brachyclada","W.Fitzg","198021","species","https://powo.science.kew.org/taxon/urn:lsid:ipni.org:names:469868-1","","Fabaceae","1","1","wcvp","0",""
"817","Acacia sorophylla",1,"198022","Acacia sorophylla",1,"species","","",NA,"E.Pritz.","Fabaceae","Acacia","Acacia",1,"sorophylla","sorophylla",1,"","",NA,"","",NA,"","",NA,"","","https://powo.science.kew.org/taxon/urn:lsid:ipni.org:names:471502-1","","Y","Accepted","Acacia sorophylla","Acacia sorophylla","E.Pritz.","198022","species","https://powo.science.kew.org/taxon/urn:lsid:ipni.org:names:471502-1","","Fabaceae","1","1","wcvp","0",""
"818","Acacia gregorii",1,"198023","Acacia gregorii",1,"species","","",NA,"F.Muell.","Fabaceae","Acacia","Acacia",1,"gregorii","gregorii",1,"","",NA,"","",NA,"","",NA,"","","https://powo.science.kew.org/taxon/urn:lsid:ipni.org:names:470460-1","","Y","Accepted","Acacia gregorii","Acacia gregorii","F.Muell.","198023","species","https://powo.science.kew.org/taxon/urn:lsid:ipni.org:names:470460-1","","Fabaceae","1","1","wcvp","0",""
"819","Acacia idiomorpha",1,"198024","Acacia idiomorpha",1,"species","","",NA,"A.Cunn. ex Benth.","Fabaceae","Acacia","Acacia",1,"idiomorpha","idiomorpha",1,"","",NA,"","",NA,"","",NA,"","","https://powo.science.kew.org/taxon/urn:lsid:ipni.org:names:470570-1","","Y","Accepted","Acacia idiomorpha","Acacia idiomorpha","A.Cunn. ex Benth.","198024","species","https://powo.science.kew.org/taxon/urn:lsid:ipni.org:names:470570-1","","Fabaceae","1","1","wcvp","0",""
"820","Acacia crassistipula",1,"198025","Acacia crassistipula",1,"species","","",NA,"Benth.","Fabaceae","Acacia","Acacia",1,"crassistipula","crassistipula",1,"","",NA,"","",NA,"","",NA,"","","https://powo.science.kew.org/taxon/urn:lsid:ipni.org:names:470075-1","","Y","Accepted","Acacia crassistipula","Acacia crassistipula","Benth.","198025","species","https://powo.science.kew.org/taxon/urn:lsid:ipni.org:names:470075-1","","Fabaceae","1","1","wcvp","0",""
"821","Acacia crispula",1,"1041053","Acacia crispula",1,"species","","",NA,"Benth.","Fabaceae","Acacia","Acacia",1,"crispula","crispula",1,"","",NA,"","",NA,"","",NA,"","","https://powo.science.kew.org/taxon/urn:lsid:ipni.org:names:470081-1","","Y","Accepted","Acacia crispula","Acacia crispula","Benth.","1041053","species","https://powo.science.kew.org/taxon/urn:lsid:ipni.org:names:470081-1","","Fabaceae","1","1","wcvp","0",""
"822","Acacia shuttleworthii",1,"1041120","Acacia shuttleworthii",1,"species","","",NA,"Meisn.","Fabaceae","Acacia","Acacia",1,"shuttleworthii","shuttleworthii",1,"","",NA,"","",NA,"","",NA,"","","https://powo.science.kew.org/taxon/urn:lsid:ipni.org:names:471467-1","","Y","Accepted","Acacia shuttleworthii","Acacia shuttleworthii","Meisn.","1041120","species","https://powo.science.kew.org/taxon/urn:lsid:ipni.org:names:471467-1","","Fabaceae","1","1","wcvp","0",""
"823","Acacia delphina",1,"198027","Acacia delphina",1,"species","","",NA,"Maslin","Fabaceae","Acacia","Acacia",1,"delphina","delphina",1,"","",NA,"","",NA,"","",NA,"","","https://powo.science.kew.org/taxon/urn:lsid:ipni.org:names:470146-1","","Y","Accepted","Acacia delphina","Acacia delphina","Maslin","198027","species","https://powo.science.kew.org/taxon/urn:lsid:ipni.org:names:470146-1","","Fabaceae","1","1","wcvp","0",""
"824","Acacia truncata",1,"198028","Acacia truncata",1,"species","","",NA,"(Burm.f.) Hoffmanns.","Fabaceae","Acacia","Acacia",1,"truncata","truncata",1,"","",NA,"","",NA,"","",NA,"","","https://powo.science.kew.org/taxon/urn:lsid:ipni.org:names:471695-1","","Y","Accepted","Acacia truncata","Acacia truncata","(Burm.f.) Hoffmanns.","198028","species","https://powo.science.kew.org/taxon/urn:lsid:ipni.org:names:471695-1","","Fabaceae","1","1","wcvp","0",""
"825","Acacia littorea",1,"198040","Acacia littorea",1,"species","","",NA,"Maslin","Fabaceae","Acacia","Acacia",1,"littorea","littorea",1,"","",NA,"","",NA,"","",NA,"","","https://powo.science.kew.org/taxon/urn:lsid:ipni.org:names:470777-1","","Y","Synonym","Acacia trapezoidea","Acacia trapezoidea","(DC.) G.Don","1631219","species","https://powo.science.kew.org/taxon/urn:lsid:ipni.org:names:3297990-4","","Fabaceae","1","1","wcvp","0",""
"826","Acacia incrassata",1,"198050","Acacia incrassata",1,"species","","",NA,"Hook.","Fabaceae","Acacia","Acacia",1,"incrassata","incrassata",1,"","",NA,"","",NA,"","",NA,"","","https://powo.science.kew.org/taxon/urn:lsid:ipni.org:names:470587-1","","Y","Accepted","Acacia incrassata","Acacia incrassata","Hook.","198050","species","https://powo.science.kew.org/taxon/urn:lsid:ipni.org:names:470587-1","","Fabaceae","1","1","wcvp","0",""
"827","Acacia chrysocephala",1,"198055","Acacia chrysocephala",1,"species","","",NA,"Maslin","Fabaceae","Acacia","Acacia",1,"chrysocephala","chrysocephala",1,"","",NA,"","",NA,"","",NA,"","","https://powo.science.kew.org/taxon/urn:lsid:ipni.org:names:469982-1","","Y","Accepted","Acacia chrysocephala","Acacia chrysocephala","Maslin","198055","species","https://powo.science.kew.org/taxon/urn:lsid:ipni.org:names:469982-1","","Fabaceae","1","1","wcvp","0",""
"828","Acacia biflora",1,"198057","Acacia biflora",1,"species","","",NA,"R.Br.","Fabaceae","Acacia","Acacia",1,"biflora","biflora",1,"","",NA,"","",NA,"","",NA,"","","https://powo.science.kew.org/taxon/urn:lsid:ipni.org:names:469837-1","","Y","Accepted","Acacia biflora","Acacia biflora","R.Br.","198057","species","https://powo.science.kew.org/taxon/urn:lsid:ipni.org:names:469837-1","","Fabaceae","1","1","wcvp","0",""
"829","Acacia robinae",0.97922049354994,"1047978","Acacia robiniae",0.97922049354994,"species","","",NA,"Maslin","Fabaceae","Acacia","Acacia",1,"robinae","robiniae",0.875,"","",NA,"","",NA,"","",NA,"","","https://powo.science.kew.org/taxon/urn:lsid:ipni.org:names:78877-3","","Y","Accepted","Acacia robiniae","Acacia robiniae","Maslin","1047978","species","https://powo.science.kew.org/taxon/urn:lsid:ipni.org:names:78877-3","","Fabaceae","1","1","wcvp","0",""
"830","Acacia phlebopetala",1,"198061","Acacia phlebopetala",1,"species","","",NA,"Maslin","Fabaceae","Acacia","Acacia",1,"phlebopetala","phlebopetala",1,"","",NA,"","",NA,"","",NA,"","","https://powo.science.kew.org/taxon/urn:lsid:ipni.org:names:471142-1","","Y","Accepted","Acacia phlebopetala","Acacia phlebopetala","Maslin","198061","species","https://powo.science.kew.org/taxon/urn:lsid:ipni.org:names:471142-1","","Fabaceae","1","1","wcvp","0",""
"831","Acacia phlebopetala var. phlebopetala",1,"198062","Acacia phlebopetala var. phlebopetala",1,"variety","","",NA,"","Fabaceae","Acacia","Acacia",1,"phlebopetala","phlebopetala",1,"","",NA,"var.","phlebopetala",1,"","",NA,"","","https://powo.science.kew.org/taxon/urn:lsid:ipni.org:names:76123-3","","Y","Accepted","Acacia phlebopetala var. phlebopetala","Acacia phlebopetala","","198062","variety","https://powo.science.kew.org/taxon/urn:lsid:ipni.org:names:76123-3","","Fabaceae","1","1","wcvp","0",""
"832","Acacia phlebopetala var. pubescens",1,"1369323","Acacia phlebopetala var. pubescens",1,"variety","","",NA,"Maslin","Fabaceae","Acacia","Acacia",1,"phlebopetala","phlebopetala",1,"","",NA,"var.","pubescens",1,"","",NA,"","","https://powo.science.kew.org/taxon/urn:lsid:ipni.org:names:884553-1","","Y","Accepted","Acacia phlebopetala var. pubescens","Acacia phlebopetala","Maslin","1369323","variety","https://powo.science.kew.org/taxon/urn:lsid:ipni.org:names:884553-1","","Fabaceae","1","1","wcvp","0",""
"833","Acacia divergens",1,"198064","Acacia divergens",1,"species","","",NA,"Benth.","Fabaceae","Acacia","Acacia",1,"divergens","divergens",1,"","",NA,"","",NA,"","",NA,"","","https://powo.science.kew.org/taxon/urn:lsid:ipni.org:names:470192-1","","Y","Accepted","Acacia divergens","Acacia divergens","Benth.","198064","species","https://powo.science.kew.org/taxon/urn:lsid:ipni.org:names:470192-1","","Fabaceae","1","1","wcvp","0",""
"834","Acacia mooreana",1,"198066","Acacia mooreana",1,"species","","",NA,"W.Fitzg.","Fabaceae","Acacia","Acacia",1,"mooreana","mooreana",1,"","",NA,"","",NA,"","",NA,"","","https://powo.science.kew.org/taxon/urn:lsid:ipni.org:names:470933-1","","Y","Accepted","Acacia mooreana","Acacia mooreana","W.Fitzg.","198066","species","https://powo.science.kew.org/taxon/urn:lsid:ipni.org:names:470933-1","","Fabaceae","1","1","wcvp","0",""
"835","Acacia forrestiana",1,"1042535","Acacia forrestiana",1,"species","","",NA,"E.Pritz.","Fabaceae","Acacia","Acacia",1,"forrestiana","forrestiana",1,"","",NA,"","",NA,"","",NA,"","","https://powo.science.kew.org/taxon/urn:lsid:ipni.org:names:470354-1","","Y","Accepted","Acacia forrestiana","Acacia forrestiana","E.Pritz.","1042535","species","https://powo.science.kew.org/taxon/urn:lsid:ipni.org:names:470354-1","","Fabaceae","1","1","wcvp","0",""
"836","Acacia huegelii",1,"198067","Acacia huegelii",1,"species","","",NA,"Benth.","Fabaceae","Acacia","Acacia",1,"huegelii","huegelii",1,"","",NA,"","",NA,"","",NA,"","","https://powo.science.kew.org/taxon/urn:lsid:ipni.org:names:470556-1","","Y","Accepted","Acacia huegelii","Acacia huegelii","Benth.","198067","species","https://powo.science.kew.org/taxon/urn:lsid:ipni.org:names:470556-1","","Fabaceae","1","1","wcvp","0",""
"837","Acacia imparilis",1,"198068","Acacia imparilis",1,"species","","",NA,"Maslin","Fabaceae","Acacia","Acacia",1,"imparilis","imparilis",1,"","",NA,"","",NA,"","",NA,"","","https://powo.science.kew.org/taxon/urn:lsid:ipni.org:names:1008254-1","","Y","Accepted","Acacia imparilis","Acacia imparilis","Maslin","198068","species","https://powo.science.kew.org/taxon/urn:lsid:ipni.org:names:1008254-1","","Fabaceae","1","1","wcvp","0",""
"838","Acacia hastulata",1,"198069","Acacia hastulata",1,"species","","",NA,"Sm.","Fabaceae","Acacia","Acacia",1,"hastulata","hastulata",1,"","",NA,"","",NA,"","",NA,"","","https://powo.science.kew.org/taxon/urn:lsid:ipni.org:names:470499-1","","Y","Accepted","Acacia hastulata","Acacia hastulata","Sm.","198069","species","https://powo.science.kew.org/taxon/urn:lsid:ipni.org:names:470499-1","","Fabaceae","1","1","wcvp","0",""
"839","Acacia horridula",1,"1041077","Acacia horridula",1,"species","","",NA,"Meisn.","Fabaceae","Acacia","Acacia",1,"horridula","horridula",1,"","",NA,"","",NA,"","",NA,"","","https://powo.science.kew.org/taxon/urn:lsid:ipni.org:names:470548-1","","Y","Accepted","Acacia horridula","Acacia horridula","Meisn.","1041077","species","https://powo.science.kew.org/taxon/urn:lsid:ipni.org:names:470548-1","","Fabaceae","1","1","wcvp","0",""
"840","Acacia pycnocephala",1,"198073","Acacia pycnocephala",1,"species","","",NA,"Maslin","Fabaceae","Acacia","Acacia",1,"pycnocephala","pycnocephala",1,"","",NA,"","",NA,"","",NA,"","","https://powo.science.kew.org/taxon/urn:lsid:ipni.org:names:471276-1","","Y","Accepted","Acacia pycnocephala","Acacia pycnocephala","Maslin","198073","species","https://powo.science.kew.org/taxon/urn:lsid:ipni.org:names:471276-1","","Fabaceae","1","1","wcvp","0",""
"841","Acacia inops",1,"198074","Acacia inops",1,"species","","",NA,"Maiden & Blakely","Fabaceae","Acacia","Acacia",1,"inops","inops",1,"","",NA,"","",NA,"","",NA,"","","https://powo.science.kew.org/taxon/urn:lsid:ipni.org:names:470594-1","","Y","Accepted","Acacia inops","Acacia inops","Maiden & Blakely","198074","species","https://powo.science.kew.org/taxon/urn:lsid:ipni.org:names:470594-1","","Fabaceae","1","1","wcvp","0",""
"842","Acacia uliginosa",1,"198075","Acacia uliginosa",1,"species","","",NA,"Maslin","Fabaceae","Acacia","Acacia",1,"uliginosa","uliginosa",1,"","",NA,"","",NA,"","",NA,"","","https://powo.science.kew.org/taxon/urn:lsid:ipni.org:names:471705-1","","Y","Accepted","Acacia uliginosa","Acacia uliginosa","Maslin","198075","species","https://powo.science.kew.org/taxon/urn:lsid:ipni.org:names:471705-1","","Fabaceae","1","1","wcvp","0",""
"843","Acacia semitrullata",1,"198077","Acacia semitrullata",1,"species","","",NA,"Maslin","Fabaceae","Acacia","Acacia",1,"semitrullata","semitrullata",1,"","",NA,"","",NA,"","",NA,"","","https://powo.science.kew.org/taxon/urn:lsid:ipni.org:names:471436-1","","Y","Accepted","Acacia semitrullata","Acacia semitrullata","Maslin","198077","species","https://powo.science.kew.org/taxon/urn:lsid:ipni.org:names:471436-1","","Fabaceae","1","1","wcvp","0",""
"844","Acacia ingrata",1,"198078","Acacia ingrata",1,"species","","",NA,"Benth.","Fabaceae","Acacia","Acacia",1,"ingrata","ingrata",1,"","",NA,"","",NA,"","",NA,"","","https://powo.science.kew.org/taxon/urn:lsid:ipni.org:names:470591-1","","Y","Accepted","Acacia ingrata","Acacia ingrata","Benth.","198078","species","https://powo.science.kew.org/taxon/urn:lsid:ipni.org:names:470591-1","","Fabaceae","1","1","wcvp","0",""
"845","Acacia plautella",1,"198080","Acacia plautella",1,"species","","",NA,"Maslin","Fabaceae","Acacia","Acacia",1,"plautella","plautella",1,"","",NA,"","",NA,"","",NA,"","","https://powo.science.kew.org/taxon/urn:lsid:ipni.org:names:1008269-1","","Y","Accepted","Acacia plautella","Acacia plautella","Maslin","198080","species","https://powo.science.kew.org/taxon/urn:lsid:ipni.org:names:1008269-1","","Fabaceae","1","1","wcvp","0",""
"846","Acacia andrewsii",1,"198081","Acacia andrewsii",1,"species","","",NA,"W.Fitzg.","Fabaceae","Acacia","Acacia",1,"andrewsii","andrewsii",1,"","",NA,"","",NA,"","",NA,"","","https://powo.science.kew.org/taxon/urn:lsid:ipni.org:names:469713-1","","Y","Accepted","Acacia andrewsii","Acacia andrewsii","W.Fitzg.","198081","species","https://powo.science.kew.org/taxon/urn:lsid:ipni.org:names:469713-1","","Fabaceae","1","1","wcvp","0",""
"847","Acacia baxteri",1,"198082","Acacia baxteri",1,"species","","",NA,"Benth.","Fabaceae","Acacia","Acacia",1,"baxteri","baxteri",1,"","",NA,"","",NA,"","",NA,"","","https://powo.science.kew.org/taxon/urn:lsid:ipni.org:names:469816-1","","Y","Accepted","Acacia baxteri","Acacia baxteri","Benth.","198082","species","https://powo.science.kew.org/taxon/urn:lsid:ipni.org:names:469816-1","","Fabaceae","1","1","wcvp","0",""
"848","Acacia rigida",1,"198084","Acacia rigida",1,"species","","",NA,"Maslin","Fabaceae","Acacia","Acacia",1,"rigida","rigida",1,"","",NA,"","",NA,"","",NA,"","","https://powo.science.kew.org/taxon/urn:lsid:ipni.org:names:1008275-1","","Y","Illegitimate","Acacia neorigida","Acacia neorigida","I.M.Turner","1309250","species","https://powo.science.kew.org/taxon/urn:lsid:ipni.org:names:77143664-1","","Fabaceae","1","1","wcvp","0",""
"849","Acacia ataxiphylla",1,"198085","Acacia ataxiphylla",1,"species","","",NA,"Benth.","Fabaceae","Acacia","Acacia",1,"ataxiphylla","ataxiphylla",1,"","",NA,"","",NA,"","",NA,"","","https://powo.science.kew.org/taxon/urn:lsid:ipni.org:names:469774-1","","Y","Accepted","Acacia ataxiphylla","Acacia ataxiphylla","Benth.","198085","species","https://powo.science.kew.org/taxon/urn:lsid:ipni.org:names:469774-1","","Fabaceae","1","1","wcvp","0",""
"850","Acacia ataxiphylla subsp. ataxiphylla",1,"198086","Acacia ataxiphylla subsp. ataxiphylla",1,"subspecies","","",NA,"","Fabaceae","Acacia","Acacia",1,"ataxiphylla","ataxiphylla",1,"","",NA,"subsp.","ataxiphylla",1,"","",NA,"","","https://powo.science.kew.org/taxon/urn:lsid:ipni.org:names:77213971-1","","Y","Accepted","Acacia ataxiphylla subsp. ataxiphylla","Acacia ataxiphylla","","198086","subspecies","https://powo.science.kew.org/taxon/urn:lsid:ipni.org:names:77213971-1","","Fabaceae","1","1","wcvp","0",""
"851","Acacia ataxiphylla subsp. magna",1,"1246861","Acacia ataxiphylla subsp. magna",1,"subspecies","","",NA,"Maslin","Fabaceae","Acacia","Acacia",1,"ataxiphylla","ataxiphylla",1,"","",NA,"subsp.","magna",1,"","",NA,"","","https://powo.science.kew.org/taxon/urn:lsid:ipni.org:names:1008233-1","","Y","Accepted","Acacia ataxiphylla subsp. magna","Acacia ataxiphylla","Maslin","1246861","subspecies","https://powo.science.kew.org/taxon/urn:lsid:ipni.org:names:1008233-1","","Fabaceae","1","1","wcvp","0",""
"852","Acacia incurva",1,"198087","Acacia incurva",1,"species","","",NA,"Benth.","Fabaceae","Acacia","Acacia",1,"incurva","incurva",1,"","",NA,"","",NA,"","",NA,"","","https://powo.science.kew.org/taxon/urn:lsid:ipni.org:names:470588-1","","Y","Accepted","Acacia incurva","Acacia incurva","Benth.","198087","species","https://powo.science.kew.org/taxon/urn:lsid:ipni.org:names:470588-1","","Fabaceae","1","1","wcvp","0",""
"853","Acacia laricina",1,"1041085","Acacia laricina",1,"species","","",NA,"Meisn.","Fabaceae","Acacia","Acacia",1,"laricina","laricina",1,"","",NA,"","",NA,"","",NA,"","","https://powo.science.kew.org/taxon/urn:lsid:ipni.org:names:470690-1","","Y","Accepted","Acacia laricina","Acacia laricina","Meisn.","1041085","species","https://powo.science.kew.org/taxon/urn:lsid:ipni.org:names:470690-1","","Fabaceae","1","1","wcvp","0",""
"854","Acacia laricina var. laricina",1,"198092","Acacia laricina var. laricina",1,"variety","","",NA,"","Fabaceae","Acacia","Acacia",1,"laricina","laricina",1,"","",NA,"var.","laricina",1,"","",NA,"","","https://powo.science.kew.org/taxon/urn:lsid:ipni.org:names:77214033-1","","Y","Accepted","Acacia laricina var. laricina","Acacia laricina","","198092","variety","https://powo.science.kew.org/taxon/urn:lsid:ipni.org:names:77214033-1","","Fabaceae","1","1","wcvp","0",""
"855","Acacia laricina var. crassifolia",1,"1369319","Acacia laricina var. crassifolia",1,"variety","","",NA,"Maslin","Fabaceae","Acacia","Acacia",1,"laricina","laricina",1,"","",NA,"var.","crassifolia",1,"","",NA,"","","https://powo.science.kew.org/taxon/urn:lsid:ipni.org:names:1008259-1","","Y","Accepted","Acacia laricina var. crassifolia","Acacia laricina","Maslin","1369319","variety","https://powo.science.kew.org/taxon/urn:lsid:ipni.org:names:1008259-1","","Fabaceae","1","1","wcvp","0",""
"856","Acacia cedroides",1,"1041046","Acacia cedroides",1,"species","","",NA,"Benth.","Fabaceae","Acacia","Acacia",1,"cedroides","cedroides",1,"","",NA,"","",NA,"","",NA,"","","https://powo.science.kew.org/taxon/urn:lsid:ipni.org:names:469959-1","","Y","Accepted","Acacia cedroides","Acacia cedroides","Benth.","1041046","species","https://powo.science.kew.org/taxon/urn:lsid:ipni.org:names:469959-1","","Fabaceae","1","1","wcvp","0",""
"857","Acacia simulans",1,"198093","Acacia simulans",1,"species","","",NA,"Maslin","Fabaceae","Acacia","Acacia",1,"simulans","simulans",1,"","",NA,"","",NA,"","",NA,"","","https://powo.science.kew.org/taxon/urn:lsid:ipni.org:names:471486-1","","Y","Accepted","Acacia simulans","Acacia simulans","Maslin","198093","species","https://powo.science.kew.org/taxon/urn:lsid:ipni.org:names:471486-1","","Fabaceae","1","1","wcvp","0",""
"858","Acacia argutifolia",1,"198094","Acacia argutifolia",1,"species","","",NA,"Maslin","Fabaceae","Acacia","Acacia",1,"argutifolia","argutifolia",1,"","",NA,"","",NA,"","",NA,"","","https://powo.science.kew.org/taxon/urn:lsid:ipni.org:names:469746-1","","Y","Accepted","Acacia argutifolia","Acacia argutifolia","Maslin","198094","species","https://powo.science.kew.org/taxon/urn:lsid:ipni.org:names:469746-1","","Fabaceae","1","1","wcvp","0",""
"859","Acacia unifissilis",1,"198095","Acacia unifissilis",1,"species","","",NA,"Court","Fabaceae","Acacia","Acacia",1,"unifissilis","unifissilis",1,"","",NA,"","",NA,"","",NA,"","","https://powo.science.kew.org/taxon/urn:lsid:ipni.org:names:471720-1","","Y","Accepted","Acacia unifissilis","Acacia unifissilis","Court","198095","species","https://powo.science.kew.org/taxon/urn:lsid:ipni.org:names:471720-1","","Fabaceae","1","1","wcvp","0",""
"860","Acacia costata",1,"198096","Acacia costata",1,"species","","",NA,"Benth.","Fabaceae","Acacia","Acacia",1,"costata","costata",1,"","",NA,"","",NA,"","",NA,"","","https://powo.science.kew.org/taxon/urn:lsid:ipni.org:names:470060-1","","Y","Accepted","Acacia costata","Acacia costata","Benth.","198096","species","https://powo.science.kew.org/taxon/urn:lsid:ipni.org:names:470060-1","","Fabaceae","1","1","wcvp","0",""
"861","Acacia barbinervis",1,"198097","Acacia barbinervis",1,"species","","",NA,"Benth.","Fabaceae","Acacia","Acacia",1,"barbinervis","barbinervis",1,"","",NA,"","",NA,"","",NA,"","","https://powo.science.kew.org/taxon/urn:lsid:ipni.org:names:469808-1","","Y","Accepted","Acacia barbinervis","Acacia barbinervis","Benth.","198097","species","https://powo.science.kew.org/taxon/urn:lsid:ipni.org:names:469808-1","","Fabaceae","1","1","wcvp","0",""
"862","Acacia barbinervis subsp. barbinervis",1,"198099","Acacia barbinervis subsp. barbinervis",1,"subspecies","","",NA,"","Fabaceae","Acacia","Acacia",1,"barbinervis","barbinervis",1,"","",NA,"subsp.","barbinervis",1,"","",NA,"","","https://powo.science.kew.org/taxon/urn:lsid:ipni.org:names:246568-3","","Y","Accepted","Acacia barbinervis subsp. barbinervis","Acacia barbinervis","","198099","subspecies","https://powo.science.kew.org/taxon/urn:lsid:ipni.org:names:246568-3","","Fabaceae","1","1","wcvp","0",""
"863","Acacia barbinervis subsp. borealis",1,"1368686","Acacia barbinervis subsp. borealis",1,"subspecies","","",NA,"Maslin","Fabaceae","Acacia","Acacia",1,"barbinervis","barbinervis",1,"","",NA,"subsp.","borealis",1,"","",NA,"","","https://powo.science.kew.org/taxon/urn:lsid:ipni.org:names:1008234-1","","Y","Accepted","Acacia barbinervis subsp. borealis","Acacia barbinervis","Maslin","1368686","subspecies","https://powo.science.kew.org/taxon/urn:lsid:ipni.org:names:1008234-1","","Fabaceae","1","1","wcvp","0",""
"864","Acacia phaeocalyx",1,"198100","Acacia phaeocalyx",1,"species","","",NA,"Maslin","Fabaceae","Acacia","Acacia",1,"phaeocalyx","phaeocalyx",1,"","",NA,"","",NA,"","",NA,"","","https://powo.science.kew.org/taxon/urn:lsid:ipni.org:names:471137-1","","Y","Accepted","Acacia phaeocalyx","Acacia phaeocalyx","Maslin","198100","species","https://powo.science.kew.org/taxon/urn:lsid:ipni.org:names:471137-1","","Fabaceae","1","1","wcvp","0",""
"865","Acacia dilatata",1,"198101","Acacia dilatata",1,"species","","",NA,"Benth.","Fabaceae","Acacia","Acacia",1,"dilatata","dilatata",1,"","",NA,"","",NA,"","",NA,"","","https://powo.science.kew.org/taxon/urn:lsid:ipni.org:names:470178-1","","Y","Accepted","Acacia dilatata","Acacia dilatata","Benth.","198101","species","https://powo.science.kew.org/taxon/urn:lsid:ipni.org:names:470178-1","","Fabaceae","1","1","wcvp","0",""
"866","Acacia aemula",1,"198102","Acacia aemula",1,"species","","",NA,"Maslin","Fabaceae","Acacia","Acacia",1,"aemula","aemula",1,"","",NA,"","",NA,"","",NA,"","","https://powo.science.kew.org/taxon/urn:lsid:ipni.org:names:991279-1","","Y","Accepted","Acacia aemula","Acacia aemula","Maslin","198102","species","https://powo.science.kew.org/taxon/urn:lsid:ipni.org:names:991279-1","","Fabaceae","1","1","wcvp","0",""
"867","Acacia aemula subsp. aemula",1,"198103","Acacia aemula subsp. aemula",1,"subspecies","","",NA,"","Fabaceae","Acacia","Acacia",1,"aemula","aemula",1,"","",NA,"subsp.","aemula",1,"","",NA,"","","https://powo.science.kew.org/taxon/urn:lsid:ipni.org:names:77214061-1","","Y","Accepted","Acacia aemula subsp. aemula","Acacia aemula","","198103","subspecies","https://powo.science.kew.org/taxon/urn:lsid:ipni.org:names:77214061-1","","Fabaceae","1","1","wcvp","0",""
"868","Acacia aemula subsp. muricata",1,"198104","Acacia aemula subsp. muricata",1,"subspecies","","",NA,"Maslin","Fabaceae","Acacia","Acacia",1,"aemula","aemula",1,"","",NA,"subsp.","muricata",1,"","",NA,"","","https://powo.science.kew.org/taxon/urn:lsid:ipni.org:names:991280-1","","Y","Accepted","Acacia aemula subsp. muricata","Acacia aemula","Maslin","198104","subspecies","https://powo.science.kew.org/taxon/urn:lsid:ipni.org:names:991280-1","","Fabaceae","1","1","wcvp","0",""
"869","Acacia volubilis",1,"198106","Acacia volubilis",1,"species","","",NA,"F.Muell.","Fabaceae","Acacia","Acacia",1,"volubilis","volubilis",1,"","",NA,"","",NA,"","",NA,"","","https://powo.science.kew.org/taxon/urn:lsid:ipni.org:names:471784-1","","Y","Accepted","Acacia volubilis","Acacia volubilis","F.Muell.","198106","species","https://powo.science.kew.org/taxon/urn:lsid:ipni.org:names:471784-1","","Fabaceae","1","1","wcvp","0",""
"870","Acacia stenoptera",1,"198107","Acacia stenoptera",1,"species","","",NA,"Benth.","Fabaceae","Acacia","Acacia",1,"stenoptera","stenoptera",1,"","",NA,"","",NA,"","",NA,"","","https://powo.science.kew.org/taxon/urn:lsid:ipni.org:names:471544-1","","Y","Accepted","Acacia stenoptera","Acacia stenoptera","Benth.","198107","species","https://powo.science.kew.org/taxon/urn:lsid:ipni.org:names:471544-1","","Fabaceae","1","1","wcvp","0",""
"871","Acacia tetragonocarpa",1,"1041129","Acacia tetragonocarpa",1,"species","","",NA,"Meisn.","Fabaceae","Acacia","Acacia",1,"tetragonocarpa","tetragonocarpa",1,"","",NA,"","",NA,"","",NA,"","","https://powo.science.kew.org/taxon/urn:lsid:ipni.org:names:471646-1","","Y","Accepted","Acacia tetragonocarpa","Acacia tetragonocarpa","Meisn.","1041129","species","https://powo.science.kew.org/taxon/urn:lsid:ipni.org:names:471646-1","","Fabaceae","1","1","wcvp","0",""
"872","Acacia cummingiana",1,"198111","Acacia cummingiana",1,"species","","",NA,"Maslin","Fabaceae","Acacia","Acacia",1,"cummingiana","cummingiana",1,"","",NA,"","",NA,"","",NA,"","","https://powo.science.kew.org/taxon/urn:lsid:ipni.org:names:991283-1","","Y","Accepted","Acacia cummingiana","Acacia cummingiana","Maslin","198111","species","https://powo.science.kew.org/taxon/urn:lsid:ipni.org:names:991283-1","","Fabaceae","1","1","wcvp","0",""
"873","Acacia carens",1,"198112","Acacia carens",1,"species","","",NA,"Maslin","Fabaceae","Acacia","Acacia",1,"carens","carens",1,"","",NA,"","",NA,"","",NA,"","","https://powo.science.kew.org/taxon/urn:lsid:ipni.org:names:991281-1","","Y","Accepted","Acacia carens","Acacia carens","Maslin","198112","species","https://powo.science.kew.org/taxon/urn:lsid:ipni.org:names:991281-1","","Fabaceae","1","1","wcvp","0",""
"874","Acacia auronitens",1,"198113","Acacia auronitens",1,"species","","",NA,"Lindl.","Fabaceae","Acacia","Acacia",1,"auronitens","auronitens",1,"","",NA,"","",NA,"","",NA,"","","https://powo.science.kew.org/taxon/urn:lsid:ipni.org:names:469789-1","","Y","Accepted","Acacia auronitens","Acacia auronitens","Lindl.","198113","species","https://powo.science.kew.org/taxon/urn:lsid:ipni.org:names:469789-1","","Fabaceae","1","1","wcvp","0",""
"875","Acacia quadrisulcata",1,"198114","Acacia quadrisulcata",1,"species","","",NA,"F.Muell.","Fabaceae","Acacia","Acacia",1,"quadrisulcata","quadrisulcata",1,"","",NA,"","",NA,"","",NA,"","","https://powo.science.kew.org/taxon/urn:lsid:ipni.org:names:471286-1","","Y","Accepted","Acacia quadrisulcata","Acacia quadrisulcata","F.Muell.","198114","species","https://powo.science.kew.org/taxon/urn:lsid:ipni.org:names:471286-1","","Fabaceae","1","1","wcvp","0",""
"876","Acacia cavealis",1,"198115","Acacia cavealis",1,"species","","",NA,"R.S.Cowan & Maslin","Fabaceae","Acacia","Acacia",1,"cavealis","cavealis",1,"","",NA,"","",NA,"","",NA,"","","https://powo.science.kew.org/taxon/urn:lsid:ipni.org:names:1008305-1","","Y","Accepted","Acacia cavealis","Acacia cavealis","R.S.Cowan & Maslin","198115","species","https://powo.science.kew.org/taxon/urn:lsid:ipni.org:names:1008305-1","","Fabaceae","1","1","wcvp","0",""
"877","Acacia teretifolia",1,"198116","Acacia teretifolia",1,"species","","",NA,"Benth.","Fabaceae","Acacia","Acacia",1,"teretifolia","teretifolia",1,"","",NA,"","",NA,"","",NA,"","","https://powo.science.kew.org/taxon/urn:lsid:ipni.org:names:471642-1","","Y","Accepted","Acacia teretifolia","Acacia teretifolia","Benth.","198116","species","https://powo.science.kew.org/taxon/urn:lsid:ipni.org:names:471642-1","","Fabaceae","1","1","wcvp","0",""
"878","Acacia acutata",1,"198117","Acacia acutata",1,"species","","",NA,"W.Fitzg.","Fabaceae","Acacia","Acacia",1,"acutata","acutata",1,"","",NA,"","",NA,"","",NA,"","","https://powo.science.kew.org/taxon/urn:lsid:ipni.org:names:469644-1","","Y","Accepted","Acacia acutata","Acacia acutata","W.Fitzg.","198117","species","https://powo.science.kew.org/taxon/urn:lsid:ipni.org:names:469644-1","","Fabaceae","1","1","wcvp","0",""
"879","Acacia intricata",1,"198119","Acacia intricata",1,"species","","",NA,"S.Moore","Fabaceae","Acacia","Acacia",1,"intricata","intricata",1,"","",NA,"","",NA,"","",NA,"","","https://powo.science.kew.org/taxon/urn:lsid:ipni.org:names:470606-1","","Y","Accepted","Acacia intricata","Acacia intricata","S.Moore","198119","species","https://powo.science.kew.org/taxon/urn:lsid:ipni.org:names:470606-1","","Fabaceae","1","1","wcvp","0",""
"880","Acacia hystrix",1,"198120","Acacia hystrix",1,"species","","",NA,"Maslin","Fabaceae","Acacia","Acacia",1,"hystrix","hystrix",1,"","",NA,"","",NA,"","",NA,"","","https://powo.science.kew.org/taxon/urn:lsid:ipni.org:names:1008251-1","","Y","Accepted","Acacia hystrix","Acacia hystrix","Maslin","198120","species","https://powo.science.kew.org/taxon/urn:lsid:ipni.org:names:1008251-1","","Fabaceae","1","1","wcvp","0",""
"881","Acacia hystrix subsp. hystrix",1,"198121","Acacia hystrix subsp. hystrix",1,"subspecies","","",NA,"","Fabaceae","Acacia","Acacia",1,"hystrix","hystrix",1,"","",NA,"subsp.","hystrix",1,"","",NA,"","","https://powo.science.kew.org/taxon/urn:lsid:ipni.org:names:246666-3","","Y","Accepted","Acacia hystrix subsp. hystrix","Acacia hystrix","","198121","subspecies","https://powo.science.kew.org/taxon/urn:lsid:ipni.org:names:246666-3","","Fabaceae","1","1","wcvp","0",""
"882","Acacia hystrix subsp. continua",1,"1368696","Acacia hystrix subsp. continua",1,"subspecies","","",NA,"Maslin","Fabaceae","Acacia","Acacia",1,"hystrix","hystrix",1,"","",NA,"subsp.","continua",1,"","",NA,"","","https://powo.science.kew.org/taxon/urn:lsid:ipni.org:names:1008252-1","","Y","Accepted","Acacia hystrix subsp. continua","Acacia hystrix","Maslin","1368696","subspecies","https://powo.science.kew.org/taxon/urn:lsid:ipni.org:names:1008252-1","","Fabaceae","1","1","wcvp","0",""
"883","Acacia asepala",1,"198122","Acacia asepala",1,"species","","",NA,"Maslin","Fabaceae","Acacia","Acacia",1,"asepala","asepala",1,"","",NA,"","",NA,"","",NA,"","","https://powo.science.kew.org/taxon/urn:lsid:ipni.org:names:1008232-1","","Y","Accepted","Acacia asepala","Acacia asepala","Maslin","198122","species","https://powo.science.kew.org/taxon/urn:lsid:ipni.org:names:1008232-1","","Fabaceae","1","1","wcvp","0",""
"884","Acacia calcarata",1,"198123","Acacia calcarata",1,"species","","",NA,"Maiden & Blakely","Fabaceae","Acacia","Acacia",1,"calcarata","calcarata",1,"","",NA,"","",NA,"","",NA,"","","https://powo.science.kew.org/taxon/urn:lsid:ipni.org:names:469912-1","","Y","Accepted","Acacia calcarata","Acacia calcarata","Maiden & Blakely","198123","species","https://powo.science.kew.org/taxon/urn:lsid:ipni.org:names:469912-1","","Fabaceae","1","1","wcvp","0",""
"885","Acacia inamabilis",1,"198124","Acacia inamabilis",1,"species","","",NA,"E.Pritz.","Fabaceae","Acacia","Acacia",1,"inamabilis","inamabilis",1,"","",NA,"","",NA,"","",NA,"","","https://powo.science.kew.org/taxon/urn:lsid:ipni.org:names:470581-1","","Y","Accepted","Acacia inamabilis","Acacia inamabilis","E.Pritz.","198124","species","https://powo.science.kew.org/taxon/urn:lsid:ipni.org:names:470581-1","","Fabaceae","1","1","wcvp","0",""
"886","Acacia concolorans",1,"198125","Acacia concolorans",1,"species","","",NA,"Maslin","Fabaceae","Acacia","Acacia",1,"concolorans","concolorans",1,"","",NA,"","",NA,"","",NA,"","","https://powo.science.kew.org/taxon/urn:lsid:ipni.org:names:1008239-1","","Y","Accepted","Acacia concolorans","Acacia concolorans","Maslin","198125","species","https://powo.science.kew.org/taxon/urn:lsid:ipni.org:names:1008239-1","","Fabaceae","1","1","wcvp","0",""
"887","Acacia pritzeliana",1,"198126","Acacia pritzeliana",1,"species","","",NA,"C.A.Gardner","Fabaceae","Acacia","Acacia",1,"pritzeliana","pritzeliana",1,"","",NA,"","",NA,"","",NA,"","","https://powo.science.kew.org/taxon/urn:lsid:ipni.org:names:471208-1","","Y","Accepted","Acacia pritzeliana","Acacia pritzeliana","C.A.Gardner","198126","species","https://powo.science.kew.org/taxon/urn:lsid:ipni.org:names:471208-1","","Fabaceae","1","1","wcvp","0",""
"888","Acacia xerophila",1,"198127","Acacia xerophila",1,"species","","",NA,"W.Fitzg.","Fabaceae","Acacia","Acacia",1,"xerophila","xerophila",1,"","",NA,"","",NA,"","",NA,"","","https://powo.science.kew.org/taxon/urn:lsid:ipni.org:names:471816-1","","Y","Accepted","Acacia xerophila","Acacia xerophila","W.Fitzg.","198127","species","https://powo.science.kew.org/taxon/urn:lsid:ipni.org:names:471816-1","","Fabaceae","1","1","wcvp","0",""
"889","Acacia xerophila var. xerophila",1,"198130","Acacia xerophila var. xerophila",1,"variety","","",NA,"","Fabaceae","Acacia","Acacia",1,"xerophila","xerophila",1,"","",NA,"var.","xerophila",1,"","",NA,"","","https://powo.science.kew.org/taxon/urn:lsid:ipni.org:names:77214102-1","","Y","Accepted","Acacia xerophila var. xerophila","Acacia xerophila","","198130","variety","https://powo.science.kew.org/taxon/urn:lsid:ipni.org:names:77214102-1","","Fabaceae","1","1","wcvp","0",""
"890","Acacia xerophila var. brevior",1,"198131","Acacia xerophila var. brevior",1,"variety","","",NA,"(E.Pritz.) Maslin","Fabaceae","Acacia","Acacia",1,"xerophila","xerophila",1,"","",NA,"var.","brevior",1,"","",NA,"","","https://powo.science.kew.org/taxon/urn:lsid:ipni.org:names:1008286-1","","Y","Accepted","Acacia xerophila var. brevior","Acacia xerophila","(E.Pritz.) Maslin","198131","variety","https://powo.science.kew.org/taxon/urn:lsid:ipni.org:names:1008286-1","","Fabaceae","1","1","wcvp","0",""
"891","Acacia daviesioides",1,"198133","Acacia daviesioides",1,"species","","",NA,"C.A.Gardner","Fabaceae","Acacia","Acacia",1,"daviesioides","daviesioides",1,"","",NA,"","",NA,"","",NA,"","","https://powo.science.kew.org/taxon/urn:lsid:ipni.org:names:470127-1","","Y","Accepted","Acacia daviesioides","Acacia daviesioides","C.A.Gardner","198133","species","https://powo.science.kew.org/taxon/urn:lsid:ipni.org:names:470127-1","","Fabaceae","1","1","wcvp","0",""
"892","Acacia cerastes",1,"198134","Acacia cerastes",1,"species","","",NA,"Maslin","Fabaceae","Acacia","Acacia",1,"cerastes","cerastes",1,"","",NA,"","",NA,"","",NA,"","","https://powo.science.kew.org/taxon/urn:lsid:ipni.org:names:991282-1","","Y","Accepted","Acacia cerastes","Acacia cerastes","Maslin","198134","species","https://powo.science.kew.org/taxon/urn:lsid:ipni.org:names:991282-1","","Fabaceae","1","1","wcvp","0",""
"893","Acacia erioclada",1,"198135","Acacia erioclada",1,"species","","",NA,"Benth.","Fabaceae","Acacia","Acacia",1,"erioclada","erioclada",1,"","",NA,"","",NA,"","",NA,"","","https://powo.science.kew.org/taxon/urn:lsid:ipni.org:names:470265-1","","Y","Accepted","Acacia erioclada","Acacia erioclada","Benth.","198135","species","https://powo.science.kew.org/taxon/urn:lsid:ipni.org:names:470265-1","","Fabaceae","1","1","wcvp","0",""
"894","Acacia sessilis",1,"198136","Acacia sessilis",1,"species","","",NA,"Benth.","Fabaceae","Acacia","Acacia",1,"sessilis","sessilis",1,"","",NA,"","",NA,"","",NA,"","","https://powo.science.kew.org/taxon/urn:lsid:ipni.org:names:471455-1","","Y","Accepted","Acacia sessilis","Acacia sessilis","Benth.","198136","species","https://powo.science.kew.org/taxon/urn:lsid:ipni.org:names:471455-1","","Fabaceae","1","1","wcvp","0",""
"895","Acacia sphacelata",1,"1430920","Acacia sphacelata",1,"species","","",NA,"Benth.","Fabaceae","Acacia","Acacia",1,"sphacelata","sphacelata",1,"","",NA,"","",NA,"","",NA,"","","https://powo.science.kew.org/taxon/urn:lsid:ipni.org:names:471515-1","","Y","Accepted","Acacia sphacelata","Acacia sphacelata","Benth.","1430920","species","https://powo.science.kew.org/taxon/urn:lsid:ipni.org:names:471515-1","","Fabaceae","1","1","wcvp","0",""
"896","Acacia sphacelata subsp. sphacelata",1,"1427824","Acacia sphacelata subsp. sphacelata",1,"subspecies","","",NA,"","Fabaceae","Acacia","Acacia",1,"sphacelata","sphacelata",1,"","",NA,"subsp.","sphacelata",1,"","",NA,"","","https://powo.science.kew.org/taxon/urn:lsid:ipni.org:names:80485-3","","Y","Accepted","Acacia sphacelata subsp. sphacelata","Acacia sphacelata","","1427824","subspecies","https://powo.science.kew.org/taxon/urn:lsid:ipni.org:names:80485-3","","Fabaceae","1","1","wcvp","0",""
"897","Acacia sphacelata subsp. recurva",1,"1368715","Acacia sphacelata subsp. recurva",1,"subspecies","","",NA,"Maslin","Fabaceae","Acacia","Acacia",1,"sphacelata","sphacelata",1,"","",NA,"subsp.","recurva",1,"","",NA,"","","https://powo.science.kew.org/taxon/urn:lsid:ipni.org:names:1008280-1","","Y","Accepted","Acacia sphacelata subsp. recurva","Acacia sphacelata","Maslin","1368715","subspecies","https://powo.science.kew.org/taxon/urn:lsid:ipni.org:names:1008280-1","","Fabaceae","1","1","wcvp","0",""
"898","Acacia sphacelata subsp. verticillata",1,"1368716","Acacia sphacelata subsp. verticillata",1,"subspecies","","",NA,"Maslin","Fabaceae","Acacia","Acacia",1,"sphacelata","sphacelata",1,"","",NA,"subsp.","verticillata",1,"","",NA,"","","https://powo.science.kew.org/taxon/urn:lsid:ipni.org:names:1008281-1","","Y","Accepted","Acacia sphacelata subsp. verticillata","Acacia sphacelata","Maslin","1368716","subspecies","https://powo.science.kew.org/taxon/urn:lsid:ipni.org:names:1008281-1","","Fabaceae","1","1","wcvp","0",""
"899","Acacia trigonophylla",1,"1041131","Acacia trigonophylla",1,"species","","",NA,"Meisn.","Fabaceae","Acacia","Acacia",1,"trigonophylla","trigonophylla",1,"","",NA,"","",NA,"","",NA,"","","https://powo.science.kew.org/taxon/urn:lsid:ipni.org:names:471681-1","","Y","Accepted","Acacia trigonophylla","Acacia trigonophylla","Meisn.","1041131","species","https://powo.science.kew.org/taxon/urn:lsid:ipni.org:names:471681-1","","Fabaceae","1","1","wcvp","0",""
"900","Acacia dentifera",1,"189706","Acacia dentifera",1,"species","","",NA,"Benth.","Fabaceae","Acacia","Acacia",1,"dentifera","dentifera",1,"","",NA,"","",NA,"","",NA,"","","https://powo.science.kew.org/taxon/urn:lsid:ipni.org:names:470155-1","","Y","Accepted","Acacia dentifera","Acacia dentifera","Benth.","189706","species","https://powo.science.kew.org/taxon/urn:lsid:ipni.org:names:470155-1","","Fabaceae","1","1","wcvp","0",""
"901","Acacia graniticola",1,"198145","Acacia graniticola",1,"species","","",NA,"Maslin","Fabaceae","Acacia","Acacia",1,"graniticola","graniticola",1,"","",NA,"","",NA,"","",NA,"","","https://powo.science.kew.org/taxon/urn:lsid:ipni.org:names:1008250-1","","Y","Accepted","Acacia graniticola","Acacia graniticola","Maslin","198145","species","https://powo.science.kew.org/taxon/urn:lsid:ipni.org:names:1008250-1","","Fabaceae","1","1","wcvp","0",""
"902","Acacia tuberculata",1,"198148","Acacia tuberculata",1,"species","","",NA,"Maslin","Fabaceae","Acacia","Acacia",1,"tuberculata","tuberculata",1,"","",NA,"","",NA,"","",NA,"","","https://powo.science.kew.org/taxon/urn:lsid:ipni.org:names:1008285-1","","Y","Accepted","Acacia tuberculata","Acacia tuberculata","Maslin","198148","species","https://powo.science.kew.org/taxon/urn:lsid:ipni.org:names:1008285-1","","Fabaceae","1","1","wcvp","0",""
"903","Acacia congesta",1,"198149","Acacia congesta",1,"species","","",NA,"Benth.","Fabaceae","Acacia","Acacia",1,"congesta","congesta",1,"","",NA,"","",NA,"","",NA,"","","https://powo.science.kew.org/taxon/urn:lsid:ipni.org:names:470040-1","","Y","Accepted","Acacia congesta","Acacia congesta","Benth.","198149","species","https://powo.science.kew.org/taxon/urn:lsid:ipni.org:names:470040-1","","Fabaceae","1","1","wcvp","0",""
"904","Acacia congesta subsp. congesta",1,"198151","Acacia congesta subsp. congesta",1,"subspecies","","",NA,"","Fabaceae","Acacia","Acacia",1,"congesta","congesta",1,"","",NA,"subsp.","congesta",1,"","",NA,"","","https://powo.science.kew.org/taxon/urn:lsid:ipni.org:names:246576-3","","Y","Accepted","Acacia congesta subsp. congesta","Acacia congesta","","198151","subspecies","https://powo.science.kew.org/taxon/urn:lsid:ipni.org:names:246576-3","","Fabaceae","1","1","wcvp","0",""
"905","Acacia congesta subsp. cliftoniana",1,"198152","Acacia congesta subsp. cliftoniana",1,"subspecies","","",NA,"(W.Fitzg.) Maslin","Fabaceae","Acacia","Acacia",1,"congesta","congesta",1,"","",NA,"subsp.","cliftoniana",1,"","",NA,"","","https://powo.science.kew.org/taxon/urn:lsid:ipni.org:names:1008240-1","","Y","Accepted","Acacia congesta subsp. cliftoniana","Acacia congesta","(W.Fitzg.) Maslin","198152","subspecies","https://powo.science.kew.org/taxon/urn:lsid:ipni.org:names:1008240-1","","Fabaceae","1","1","wcvp","0",""
"906","Acacia congesta subsp. wonganensis",1,"1368688","Acacia congesta subsp. wonganensis",1,"subspecies","","",NA,"Maslin","Fabaceae","Acacia","Acacia",1,"congesta","congesta",1,"","",NA,"subsp.","wonganensis",1,"","",NA,"","","https://powo.science.kew.org/taxon/urn:lsid:ipni.org:names:1008241-1","","Y","Accepted","Acacia congesta subsp. wonganensis","Acacia congesta","Maslin","1368688","subspecies","https://powo.science.kew.org/taxon/urn:lsid:ipni.org:names:1008241-1","","Fabaceae","1","1","wcvp","0",""
"907","Acacia puncticulata",1,"198154","Acacia puncticulata",1,"species","","",NA,"Maslin","Fabaceae","Acacia","Acacia",1,"puncticulata","puncticulata",1,"","",NA,"","",NA,"","",NA,"","","https://powo.science.kew.org/taxon/urn:lsid:ipni.org:names:1008271-1","","Y","Accepted","Acacia puncticulata","Acacia puncticulata","Maslin","198154","species","https://powo.science.kew.org/taxon/urn:lsid:ipni.org:names:1008271-1","","Fabaceae","1","1","wcvp","0",""
"908","Acacia aculeiformis",1,"198155","Acacia aculeiformis",1,"species","","",NA,"Maslin","Fabaceae","Acacia","Acacia",1,"aculeiformis","aculeiformis",1,"","",NA,"","",NA,"","",NA,"","","https://powo.science.kew.org/taxon/urn:lsid:ipni.org:names:1008229-1","","Y","Accepted","Acacia aculeiformis","Acacia aculeiformis","Maslin","198155","species","https://powo.science.kew.org/taxon/urn:lsid:ipni.org:names:1008229-1","","Fabaceae","1","1","wcvp","0",""
"909","Acacia cuneifolia",1,"198156","Acacia cuneifolia",1,"species","","",NA,"Maslin","Fabaceae","Acacia","Acacia",1,"cuneifolia","cuneifolia",1,"","",NA,"","",NA,"","",NA,"","","https://powo.science.kew.org/taxon/urn:lsid:ipni.org:names:1008242-1","","Y","Accepted","Acacia cuneifolia","Acacia cuneifolia","Maslin","198156","species","https://powo.science.kew.org/taxon/urn:lsid:ipni.org:names:1008242-1","","Fabaceae","1","1","wcvp","0",""
"910","Acacia rendlei",1,"198158","Acacia rendlei",1,"species","","",NA,"Maiden","Fabaceae","Acacia","Acacia",1,"rendlei","rendlei",1,"","",NA,"","",NA,"","",NA,"","","https://powo.science.kew.org/taxon/urn:lsid:ipni.org:names:471304-1","","Y","Accepted","Acacia rendlei","Acacia rendlei","Maiden","198158","species","https://powo.science.kew.org/taxon/urn:lsid:ipni.org:names:471304-1","","Fabaceae","1","1","wcvp","0",""
"911","Acacia truculenta",1,"198159","Acacia truculenta",1,"species","","",NA,"Maslin","Fabaceae","Acacia","Acacia",1,"truculenta","truculenta",1,"","",NA,"","",NA,"","",NA,"","","https://powo.science.kew.org/taxon/urn:lsid:ipni.org:names:1008284-1","","Y","Accepted","Acacia truculenta","Acacia truculenta","Maslin","198159","species","https://powo.science.kew.org/taxon/urn:lsid:ipni.org:names:1008284-1","","Fabaceae","1","1","wcvp","0",""
"912","Acacia semicircinalis",1,"198161","Acacia semicircinalis",1,"species","","",NA,"Maiden & Blakely","Fabaceae","Acacia","Acacia",1,"semicircinalis","semicircinalis",1,"","",NA,"","",NA,"","",NA,"","","https://powo.science.kew.org/taxon/urn:lsid:ipni.org:names:471430-1","","Y","Accepted","Acacia semicircinalis","Acacia semicircinalis","Maiden & Blakely","198161","species","https://powo.science.kew.org/taxon/urn:lsid:ipni.org:names:471430-1","","Fabaceae","1","1","wcvp","0",""
"913","Acacia botrydion",1,"198160","Acacia botrydion",1,"species","","",NA,"Maslin","Fabaceae","Acacia","Acacia",1,"botrydion","botrydion",1,"","",NA,"","",NA,"","",NA,"","","https://powo.science.kew.org/taxon/urn:lsid:ipni.org:names:899060-1","","Y","Accepted","Acacia botrydion","Acacia botrydion","Maslin","198160","species","https://powo.science.kew.org/taxon/urn:lsid:ipni.org:names:899060-1","","Fabaceae","1","1","wcvp","0",""
"914","Acacia lullfitziorum",1,"198162","Acacia lullfitziorum",1,"species","","",NA,"Maslin","Fabaceae","Acacia","Acacia",1,"lullfitziorum","lullfitziorum",1,"","",NA,"","",NA,"","",NA,"","","https://powo.science.kew.org/taxon/urn:lsid:ipni.org:names:1008261-1","","Y","Accepted","Acacia lullfitziorum","Acacia lullfitziorum","Maslin","198162","species","https://powo.science.kew.org/taxon/urn:lsid:ipni.org:names:1008261-1","","Fabaceae","1","1","wcvp","0",""
"915","Acacia nodiflora",1,"198163","Acacia nodiflora",1,"species","","",NA,"Benth.","Fabaceae","Acacia","Acacia",1,"nodiflora","nodiflora",1,"","",NA,"","",NA,"","",NA,"","","https://powo.science.kew.org/taxon/urn:lsid:ipni.org:names:470998-1","","Y","Accepted","Acacia nodiflora","Acacia nodiflora","Benth.","198163","species","https://powo.science.kew.org/taxon/urn:lsid:ipni.org:names:470998-1","","Fabaceae","1","1","wcvp","0",""
"916","Acacia adinophylla",1,"198165","Acacia adinophylla",1,"species","","",NA,"Maslin","Fabaceae","Acacia","Acacia",1,"adinophylla","adinophylla",1,"","",NA,"","",NA,"","",NA,"","","https://powo.science.kew.org/taxon/urn:lsid:ipni.org:names:1008230-1","","Y","Accepted","Acacia adinophylla","Acacia adinophylla","Maslin","198165","species","https://powo.science.kew.org/taxon/urn:lsid:ipni.org:names:1008230-1","","Fabaceae","1","1","wcvp","0",""
"917","Acacia kochii",1,"1781780","Acacia kochii",1,"species","","",NA,"W.Fitzg. ex Ewart & Jean White","Fabaceae","Acacia","Acacia",1,"kochii","kochii",1,"","",NA,"","",NA,"","",NA,"","","https://powo.science.kew.org/taxon/urn:lsid:ipni.org:names:470661-1","","Y","Accepted","Acacia kochii","Acacia kochii","W.Fitzg. ex Ewart & Jean White","1781780","species","https://powo.science.kew.org/taxon/urn:lsid:ipni.org:names:470661-1","","Fabaceae","1","1","wcvp","0",""
"918","Acacia imitans",1,"198169","Acacia imitans",1,"species","","",NA,"Maslin","Fabaceae","Acacia","Acacia",1,"imitans","imitans",1,"","",NA,"","",NA,"","",NA,"","","https://powo.science.kew.org/taxon/urn:lsid:ipni.org:names:1008253-1","","Y","Accepted","Acacia imitans","Acacia imitans","Maslin","198169","species","https://powo.science.kew.org/taxon/urn:lsid:ipni.org:names:1008253-1","","Fabaceae","1","1","wcvp","0",""
"919","Acacia diminuta",1,"198170","Acacia diminuta",1,"species","","",NA,"Maslin","Fabaceae","Acacia","Acacia",1,"diminuta","diminuta",1,"","",NA,"","",NA,"","",NA,"","","https://powo.science.kew.org/taxon/urn:lsid:ipni.org:names:1008244-1","","Y","Accepted","Acacia diminuta","Acacia diminuta","Maslin","198170","species","https://powo.science.kew.org/taxon/urn:lsid:ipni.org:names:1008244-1","","Fabaceae","1","1","wcvp","0",""
"920","Acacia deficiens",1,"198171","Acacia deficiens",1,"species","","",NA,"Maslin","Fabaceae","Acacia","Acacia",1,"deficiens","deficiens",1,"","",NA,"","",NA,"","",NA,"","","https://powo.science.kew.org/taxon/urn:lsid:ipni.org:names:1008243-1","","Y","Accepted","Acacia deficiens","Acacia deficiens","Maslin","198171","species","https://powo.science.kew.org/taxon/urn:lsid:ipni.org:names:1008243-1","","Fabaceae","1","1","wcvp","0",""
"921","Acacia exocarpoides",1,"198174","Acacia exocarpoides",1,"species","","",NA,"W.Fitzg.","Fabaceae","Acacia","Acacia",1,"exocarpoides","exocarpoides",1,"","",NA,"","",NA,"","",NA,"","","https://powo.science.kew.org/taxon/urn:lsid:ipni.org:names:470290-1","","Y","Accepted","Acacia exocarpoides","Acacia exocarpoides","W.Fitzg.","198174","species","https://powo.science.kew.org/taxon/urn:lsid:ipni.org:names:470290-1","","Fabaceae","1","1","wcvp","0",""
"922","Acacia gonophylla",1,"198175","Acacia gonophylla",1,"species","","",NA,"Benth.","Fabaceae","Acacia","Acacia",1,"gonophylla","gonophylla",1,"","",NA,"","",NA,"","",NA,"","","https://powo.science.kew.org/taxon/urn:lsid:ipni.org:names:470436-1","","Y","Accepted","Acacia gonophylla","Acacia gonophylla","Benth.","198175","species","https://powo.science.kew.org/taxon/urn:lsid:ipni.org:names:470436-1","","Fabaceae","1","1","wcvp","0",""
"923","Acacia ericifolia",1,"198176","Acacia ericifolia",1,"species","","",NA,"Benth.","Fabaceae","Acacia","Acacia",1,"ericifolia","ericifolia",1,"","",NA,"","",NA,"","",NA,"","","https://powo.science.kew.org/taxon/urn:lsid:ipni.org:names:470262-1","","Y","Accepted","Acacia ericifolia","Acacia ericifolia","Benth.","198176","species","https://powo.science.kew.org/taxon/urn:lsid:ipni.org:names:470262-1","","Fabaceae","1","1","wcvp","0",""
"924","Acacia leptospermoides",1,"198180","Acacia leptospermoides",1,"species","","",NA,"Benth.","Fabaceae","Acacia","Acacia",1,"leptospermoides","leptospermoides",1,"","",NA,"","",NA,"","",NA,"","","https://powo.science.kew.org/taxon/urn:lsid:ipni.org:names:470744-1","","Y","Accepted","Acacia leptospermoides","Acacia leptospermoides","Benth.","198180","species","https://powo.science.kew.org/taxon/urn:lsid:ipni.org:names:470744-1","","Fabaceae","1","1","wcvp","0",""
"925","Acacia leptospermoides subsp. leptospermoides",1,"198184","Acacia leptospermoides subsp. leptospermoides",1,"subspecies","","",NA,"","Fabaceae","Acacia","Acacia",1,"leptospermoides","leptospermoides",1,"","",NA,"subsp.","leptospermoides",1,"","",NA,"","","https://powo.science.kew.org/taxon/urn:lsid:ipni.org:names:69974-3","","Y","Accepted","Acacia leptospermoides subsp. leptospermoides","Acacia leptospermoides","","198184","subspecies","https://powo.science.kew.org/taxon/urn:lsid:ipni.org:names:69974-3","","Fabaceae","1","1","wcvp","0",""
"926","Acacia leptospermoides subsp. psammophila",1,"1615624","Acacia leptospermoides subsp. psammophila",1,"subspecies","","",NA,"(E.Pritz.) Maslin","Fabaceae","Acacia","Acacia",1,"leptospermoides","leptospermoides",1,"","",NA,"subsp.","psammophila",1,"","",NA,"","","https://powo.science.kew.org/taxon/urn:lsid:ipni.org:names:884541-1","","Y","Accepted","Acacia leptospermoides subsp. psammophila","Acacia leptospermoides","(E.Pritz.) Maslin","1615624","subspecies","https://powo.science.kew.org/taxon/urn:lsid:ipni.org:names:884541-1","","Fabaceae","1","1","wcvp","0",""
"927","Acacia leptospermoides subsp. obovata",1,"1368701","Acacia leptospermoides subsp. obovata",1,"subspecies","","",NA,"Maslin","Fabaceae","Acacia","Acacia",1,"leptospermoides","leptospermoides",1,"","",NA,"subsp.","obovata",1,"","",NA,"","","https://powo.science.kew.org/taxon/urn:lsid:ipni.org:names:884540-1","","Y","Accepted","Acacia leptospermoides subsp. obovata","Acacia leptospermoides","Maslin","1368701","subspecies","https://powo.science.kew.org/taxon/urn:lsid:ipni.org:names:884540-1","","Fabaceae","1","1","wcvp","0",""
"928","Acacia vassalii",1,"198188","Acacia vassalii",1,"species","","",NA,"Maslin","Fabaceae","Acacia","Acacia",1,"vassalii","vassalii",1,"","",NA,"","",NA,"","",NA,"","","https://powo.science.kew.org/taxon/urn:lsid:ipni.org:names:471733-1","","Y","Accepted","Acacia vassalii","Acacia vassalii","Maslin","198188","species","https://powo.science.kew.org/taxon/urn:lsid:ipni.org:names:471733-1","","Fabaceae","1","1","wcvp","0",""
"929","Acacia diaphyllodinea",1,"198189","Acacia diaphyllodinea",1,"species","","",NA,"Maslin","Fabaceae","Acacia","Acacia",1,"diaphyllodinea","diaphyllodinea",1,"","",NA,"","",NA,"","",NA,"","","https://powo.science.kew.org/taxon/urn:lsid:ipni.org:names:470168-1","","Y","Accepted","Acacia diaphyllodinea","Acacia diaphyllodinea","Maslin","198189","species","https://powo.science.kew.org/taxon/urn:lsid:ipni.org:names:470168-1","","Fabaceae","1","1","wcvp","0",""
"930","Acacia crassuloides",1,"198190","Acacia crassuloides",1,"species","","",NA,"Maslin","Fabaceae","Acacia","Acacia",1,"crassuloides","crassuloides",1,"","",NA,"","",NA,"","",NA,"","","https://powo.science.kew.org/taxon/urn:lsid:ipni.org:names:470078-1","","Y","Accepted","Acacia crassuloides","Acacia crassuloides","Maslin","198190","species","https://powo.science.kew.org/taxon/urn:lsid:ipni.org:names:470078-1","","Fabaceae","1","1","wcvp","0",""
"931","Acacia binata",1,"198191","Acacia binata",1,"species","","",NA,"Maslin","Fabaceae","Acacia","Acacia",1,"binata","binata",1,"","",NA,"","",NA,"","",NA,"","","https://powo.science.kew.org/taxon/urn:lsid:ipni.org:names:469844-1","","Y","Accepted","Acacia binata","Acacia binata","Maslin","198191","species","https://powo.science.kew.org/taxon/urn:lsid:ipni.org:names:469844-1","","Fabaceae","1","1","wcvp","0",""
"932","Acacia saxatilis",1,"182711","Acacia saxatilis",1,"species","","",NA,"S.Moore","Fabaceae","Acacia","Acacia",1,"saxatilis","saxatilis",1,"","",NA,"","",NA,"","",NA,"","","https://powo.science.kew.org/taxon/urn:lsid:ipni.org:names:471400-1","","Y","Accepted","Acacia saxatilis","Acacia saxatilis","S.Moore","182711","species","https://powo.science.kew.org/taxon/urn:lsid:ipni.org:names:471400-1","","Fabaceae","1","1","wcvp","0",""
"933","Acacia evenulosa",1,"198193","Acacia evenulosa",1,"species","","",NA,"Maslin","Fabaceae","Acacia","Acacia",1,"evenulosa","evenulosa",1,"","",NA,"","",NA,"","",NA,"","","https://powo.science.kew.org/taxon/urn:lsid:ipni.org:names:1008248-1","","Y","Accepted","Acacia evenulosa","Acacia evenulosa","Maslin","198193","species","https://powo.science.kew.org/taxon/urn:lsid:ipni.org:names:1008248-1","","Fabaceae","1","1","wcvp","0",""
"934","Acacia blaxellii",1,"198194","Acacia blaxellii",1,"species","","",NA,"Maslin","Fabaceae","Acacia","Acacia",1,"blaxellii","blaxellii",1,"","",NA,"","",NA,"","",NA,"","","https://powo.science.kew.org/taxon/urn:lsid:ipni.org:names:1008235-1","","Y","Accepted","Acacia blaxellii","Acacia blaxellii","Maslin","198194","species","https://powo.science.kew.org/taxon/urn:lsid:ipni.org:names:1008235-1","","Fabaceae","1","1","wcvp","0",""
"935","Acacia diaphana",1,"198195","Acacia diaphana",1,"species","","",NA,"R.S.Cowan & Maslin","Fabaceae","Acacia","Acacia",1,"diaphana","diaphana",1,"","",NA,"","",NA,"","",NA,"","","https://powo.science.kew.org/taxon/urn:lsid:ipni.org:names:1008291-1","","Y","Accepted","Acacia diaphana","Acacia diaphana","R.S.Cowan & Maslin","198195","species","https://powo.science.kew.org/taxon/urn:lsid:ipni.org:names:1008291-1","","Fabaceae","1","1","wcvp","0",""
"936","Acacia euthyphylla",1,"198197","Acacia euthyphylla",1,"species","","",NA,"Maslin","Fabaceae","Acacia","Acacia",1,"euthyphylla","euthyphylla",1,"","",NA,"","",NA,"","",NA,"","","https://powo.science.kew.org/taxon/urn:lsid:ipni.org:names:1008247-1","","Y","Accepted","Acacia euthyphylla","Acacia euthyphylla","Maslin","198197","species","https://powo.science.kew.org/taxon/urn:lsid:ipni.org:names:1008247-1","","Fabaceae","1","1","wcvp","0",""
"937","Acacia carnosula",1,"198198","Acacia carnosula",1,"species","","",NA,"Maslin","Fabaceae","Acacia","Acacia",1,"carnosula","carnosula",1,"","",NA,"","",NA,"","",NA,"","","https://powo.science.kew.org/taxon/urn:lsid:ipni.org:names:1008237-1","","Y","Accepted","Acacia carnosula","Acacia carnosula","Maslin","198198","species","https://powo.science.kew.org/taxon/urn:lsid:ipni.org:names:1008237-1","","Fabaceae","1","1","wcvp","0",""
"938","Acacia profusa",1,"198199","Acacia profusa",1,"species","","",NA,"Maslin","Fabaceae","Acacia","Acacia",1,"profusa","profusa",1,"","",NA,"","",NA,"","",NA,"","","https://powo.science.kew.org/taxon/urn:lsid:ipni.org:names:1008270-1","","Y","Accepted","Acacia profusa","Acacia profusa","Maslin","198199","species","https://powo.science.kew.org/taxon/urn:lsid:ipni.org:names:1008270-1","","Fabaceae","1","1","wcvp","0",""
"939","Acacia pusilla",1,"198200","Acacia pusilla",1,"species","","",NA,"Maslin","Fabaceae","Acacia","Acacia",1,"pusilla","pusilla",1,"","",NA,"","",NA,"","",NA,"","","https://powo.science.kew.org/taxon/urn:lsid:ipni.org:names:1008272-1","","Y","Accepted","Acacia pusilla","Acacia pusilla","Maslin","198200","species","https://powo.science.kew.org/taxon/urn:lsid:ipni.org:names:1008272-1","","Fabaceae","1","1","wcvp","0",""
"940","Acacia rhamphophylla",1,"198201","Acacia rhamphophylla",1,"species","","",NA,"Maslin","Fabaceae","Acacia","Acacia",1,"rhamphophylla","rhamphophylla",1,"","",NA,"","",NA,"","",NA,"","","https://powo.science.kew.org/taxon/urn:lsid:ipni.org:names:1008274-1","","Y","Accepted","Acacia rhamphophylla","Acacia rhamphophylla","Maslin","198201","species","https://powo.science.kew.org/taxon/urn:lsid:ipni.org:names:1008274-1","","Fabaceae","1","1","wcvp","0",""
"941","Acacia excentrica",1,"198202","Acacia excentrica",1,"species","","",NA,"Maiden & Blakely","Fabaceae","Acacia","Acacia",1,"excentrica","excentrica",1,"","",NA,"","",NA,"","",NA,"","","https://powo.science.kew.org/taxon/urn:lsid:ipni.org:names:470289-1","","Y","Accepted","Acacia excentrica","Acacia excentrica","Maiden & Blakely","198202","species","https://powo.science.kew.org/taxon/urn:lsid:ipni.org:names:470289-1","","Fabaceae","1","1","wcvp","0",""
"942","Acacia lachnophylla",1,"198203","Acacia lachnophylla",1,"species","","",NA,"F.Muell.","Fabaceae","Acacia","Acacia",1,"lachnophylla","lachnophylla",1,"","",NA,"","",NA,"","",NA,"","","https://powo.science.kew.org/taxon/urn:lsid:ipni.org:names:470671-1","","Y","Accepted","Acacia lachnophylla","Acacia lachnophylla","F.Muell.","198203","species","https://powo.science.kew.org/taxon/urn:lsid:ipni.org:names:470671-1","","Fabaceae","1","1","wcvp","0",""
"943","Acacia poliochroa",1,"198205","Acacia poliochroa",1,"species","","",NA,"E.Pritz.","Fabaceae","Acacia","Acacia",1,"poliochroa","poliochroa",1,"","",NA,"","",NA,"","",NA,"","","https://powo.science.kew.org/taxon/urn:lsid:ipni.org:names:471179-1","","Y","Accepted","Acacia poliochroa","Acacia poliochroa","E.Pritz.","198205","species","https://powo.science.kew.org/taxon/urn:lsid:ipni.org:names:471179-1","","Fabaceae","1","1","wcvp","0",""
"944","Acacia quinquenervia",1,"198206","Acacia quinquenervia",1,"species","","",NA,"Maslin","Fabaceae","Acacia","Acacia",1,"quinquenervia","quinquenervia",1,"","",NA,"","",NA,"","",NA,"","","https://powo.science.kew.org/taxon/urn:lsid:ipni.org:names:1008273-1","","Y","Accepted","Acacia quinquenervia","Acacia quinquenervia","Maslin","198206","species","https://powo.science.kew.org/taxon/urn:lsid:ipni.org:names:1008273-1","","Fabaceae","1","1","wcvp","0",""
"945","Acacia mutabilis",1,"198208","Acacia mutabilis",1,"species","","",NA,"Maslin","Fabaceae","Acacia","Acacia",1,"mutabilis","mutabilis",1,"","",NA,"","",NA,"","",NA,"","","https://powo.science.kew.org/taxon/urn:lsid:ipni.org:names:1008262-1","","Y","Accepted","Acacia mutabilis","Acacia mutabilis","Maslin","198208","species","https://powo.science.kew.org/taxon/urn:lsid:ipni.org:names:1008262-1","","Fabaceae","1","1","wcvp","0",""
"946","Acacia mutabilis subsp. mutabilis",1,"198209","Acacia mutabilis subsp. mutabilis",1,"subspecies","","",NA,"","Fabaceae","Acacia","Acacia",1,"mutabilis","mutabilis",1,"","",NA,"subsp.","mutabilis",1,"","",NA,"","","https://powo.science.kew.org/taxon/urn:lsid:ipni.org:names:246682-3","","Y","Accepted","Acacia mutabilis subsp. mutabilis","Acacia mutabilis","","198209","subspecies","https://powo.science.kew.org/taxon/urn:lsid:ipni.org:names:246682-3","","Fabaceae","1","1","wcvp","0",""
"947","Acacia mutabilis subsp. angustifolia",1,"1368705","Acacia mutabilis subsp. angustifolia",1,"subspecies","","",NA,"Maslin","Fabaceae","Acacia","Acacia",1,"mutabilis","mutabilis",1,"","",NA,"subsp.","angustifolia",1,"","",NA,"","","https://powo.science.kew.org/taxon/urn:lsid:ipni.org:names:1008263-1","","Y","Accepted","Acacia mutabilis subsp. angustifolia","Acacia mutabilis","Maslin","1368705","subspecies","https://powo.science.kew.org/taxon/urn:lsid:ipni.org:names:1008263-1","","Fabaceae","1","1","wcvp","0",""
"948","Acacia mutabilis subsp. incurva",1,"1368706","Acacia mutabilis subsp. incurva",1,"subspecies","","",NA,"Maslin","Fabaceae","Acacia","Acacia",1,"mutabilis","mutabilis",1,"","",NA,"subsp.","incurva",1,"","",NA,"","","https://powo.science.kew.org/taxon/urn:lsid:ipni.org:names:1008264-1","","Y","Accepted","Acacia mutabilis subsp. incurva","Acacia mutabilis","Maslin","1368706","subspecies","https://powo.science.kew.org/taxon/urn:lsid:ipni.org:names:1008264-1","","Fabaceae","1","1","wcvp","0",""
"949","Acacia mutabilis subsp. rhynchophylla",1,"1334126","Acacia mutabilis subsp. rhynchophylla",1,"subspecies","","",NA,"Maslin","Fabaceae","Acacia","Acacia",1,"mutabilis","mutabilis",1,"","",NA,"subsp.","rhynchophylla",1,"","",NA,"","","https://powo.science.kew.org/taxon/urn:lsid:ipni.org:names:246685-3","","Y","Accepted","Acacia mutabilis subsp. rhynchophylla","Acacia mutabilis","Maslin","1334126","subspecies","https://powo.science.kew.org/taxon/urn:lsid:ipni.org:names:246685-3","","Fabaceae","1","1","wcvp","0",""
"950","Acacia mutabilis subsp. stipulifera",1,"1368707","Acacia mutabilis subsp. stipulifera",1,"subspecies","","",NA,"Maslin","Fabaceae","Acacia","Acacia",1,"mutabilis","mutabilis",1,"","",NA,"subsp.","stipulifera",1,"","",NA,"","","https://powo.science.kew.org/taxon/urn:lsid:ipni.org:names:1008266-1","","Y","Accepted","Acacia mutabilis subsp. stipulifera","Acacia mutabilis","Maslin","1368707","subspecies","https://powo.science.kew.org/taxon/urn:lsid:ipni.org:names:1008266-1","","Fabaceae","1","1","wcvp","0",""
"951","Acacia halliana",1,"198210","Acacia halliana",1,"species","","",NA,"Maslin","Fabaceae","Acacia","Acacia",1,"halliana","halliana",1,"","",NA,"","",NA,"","",NA,"","","https://powo.science.kew.org/taxon/urn:lsid:ipni.org:names:933653-1","","Y","Accepted","Acacia halliana","Acacia halliana","Maslin","198210","species","https://powo.science.kew.org/taxon/urn:lsid:ipni.org:names:933653-1","","Fabaceae","1","1","wcvp","0",""
"952","Acacia dermatophylla",1,"198212","Acacia dermatophylla",1,"species","","",NA,"Benth.","Fabaceae","Acacia","Acacia",1,"dermatophylla","dermatophylla",1,"","",NA,"","",NA,"","",NA,"","","https://powo.science.kew.org/taxon/urn:lsid:ipni.org:names:470160-1","","Y","Accepted","Acacia dermatophylla","Acacia dermatophylla","Benth.","198212","species","https://powo.science.kew.org/taxon/urn:lsid:ipni.org:names:470160-1","","Fabaceae","1","1","wcvp","0",""
"953","Acacia pachyphylla",1,"198213","Acacia pachyphylla",1,"species","","",NA,"Maslin","Fabaceae","Acacia","Acacia",1,"pachyphylla","pachyphylla",1,"","",NA,"","",NA,"","",NA,"","","https://powo.science.kew.org/taxon/urn:lsid:ipni.org:names:1008268-1","","Y","Accepted","Acacia pachyphylla","Acacia pachyphylla","Maslin","198213","species","https://powo.science.kew.org/taxon/urn:lsid:ipni.org:names:1008268-1","","Fabaceae","1","1","wcvp","0",""
"954","Acacia glaucissima",1,"198216","Acacia glaucissima",1,"species","","",NA,"Maslin","Fabaceae","Acacia","Acacia",1,"glaucissima","glaucissima",1,"","",NA,"","",NA,"","",NA,"","","https://powo.science.kew.org/taxon/urn:lsid:ipni.org:names:1008249-1","","Y","Accepted","Acacia glaucissima","Acacia glaucissima","Maslin","198216","species","https://powo.science.kew.org/taxon/urn:lsid:ipni.org:names:1008249-1","","Fabaceae","1","1","wcvp","0",""
"955","Acacia acoma",1,"198217","Acacia acoma",1,"species","","",NA,"Maslin","Fabaceae","Acacia","Acacia",1,"acoma","acoma",1,"","",NA,"","",NA,"","",NA,"","","https://powo.science.kew.org/taxon/urn:lsid:ipni.org:names:1008228-1","","Y","Accepted","Acacia acoma","Acacia acoma","Maslin","198217","species","https://powo.science.kew.org/taxon/urn:lsid:ipni.org:names:1008228-1","","Fabaceae","1","1","wcvp","0",""
"956","Acacia merrallii",1,"198218","Acacia merrallii",1,"species","","",NA,"F.Muell.","Fabaceae","Acacia","Acacia",1,"merrallii","merrallii",1,"","",NA,"","",NA,"","",NA,"","","https://powo.science.kew.org/taxon/urn:lsid:ipni.org:names:470881-1","","Y","Accepted","Acacia merrallii","Acacia merrallii","F.Muell.","198218","species","https://powo.science.kew.org/taxon/urn:lsid:ipni.org:names:470881-1","","Fabaceae","1","1","wcvp","0",""
"957","Acacia sericocarpa",1,"198220","Acacia sericocarpa",1,"species","","",NA,"W.Fitzg.","Fabaceae","Acacia","Acacia",1,"sericocarpa","sericocarpa",1,"","",NA,"","",NA,"","",NA,"","","https://powo.science.kew.org/taxon/urn:lsid:ipni.org:names:471447-1","","Y","Accepted","Acacia sericocarpa","Acacia sericocarpa","W.Fitzg.","198220","species","https://powo.science.kew.org/taxon/urn:lsid:ipni.org:names:471447-1","","Fabaceae","1","1","wcvp","0",""
"958","Acacia ligustrina",1,"1041091","Acacia ligustrina",1,"species","","",NA,"Meisn.","Fabaceae","Acacia","Acacia",1,"ligustrina","ligustrina",1,"","",NA,"","",NA,"","",NA,"","","https://powo.science.kew.org/taxon/urn:lsid:ipni.org:names:470761-1","","Y","Accepted","Acacia ligustrina","Acacia ligustrina","Meisn.","1041091","species","https://powo.science.kew.org/taxon/urn:lsid:ipni.org:names:470761-1","","Fabaceae","1","1","wcvp","0",""
"959","Acacia tetraptera",1,"198222","Acacia tetraptera",1,"species","","",NA,"Maslin","Fabaceae","Acacia","Acacia",1,"tetraptera","tetraptera",1,"","",NA,"","",NA,"","",NA,"","","https://powo.science.kew.org/taxon/urn:lsid:ipni.org:names:1008283-1","","Y","Accepted","Acacia tetraptera","Acacia tetraptera","Maslin","198222","species","https://powo.science.kew.org/taxon/urn:lsid:ipni.org:names:1008283-1","","Fabaceae","1","1","wcvp","0",""
"960","Acacia glaucoptera",1,"198223","Acacia glaucoptera",1,"species","","",NA,"Benth.","Fabaceae","Acacia","Acacia",1,"glaucoptera","glaucoptera",1,"","",NA,"","",NA,"","",NA,"","","https://powo.science.kew.org/taxon/urn:lsid:ipni.org:names:470421-1","","Y","Accepted","Acacia glaucoptera","Acacia glaucoptera","Benth.","198223","species","https://powo.science.kew.org/taxon/urn:lsid:ipni.org:names:470421-1","","Fabaceae","1","1","wcvp","0",""
"961","Acacia bifaria",1,"198226","Acacia bifaria",1,"species","","",NA,"Maslin","Fabaceae","Acacia","Acacia",1,"bifaria","bifaria",1,"","",NA,"","",NA,"","",NA,"","","https://powo.science.kew.org/taxon/urn:lsid:ipni.org:names:991277-1","","Y","Accepted","Acacia bifaria","Acacia bifaria","Maslin","198226","species","https://powo.science.kew.org/taxon/urn:lsid:ipni.org:names:991277-1","","Fabaceae","1","1","wcvp","0",""
"962","Acacia bracteolata",1,"198227","Acacia bracteolata",1,"species","","",NA,"Maslin","Fabaceae","Acacia","Acacia",1,"bracteolata","bracteolata",1,"","",NA,"","",NA,"","",NA,"","","https://powo.science.kew.org/taxon/urn:lsid:ipni.org:names:1008236-1","","Y","Accepted","Acacia bracteolata","Acacia bracteolata","Maslin","198227","species","https://powo.science.kew.org/taxon/urn:lsid:ipni.org:names:1008236-1","","Fabaceae","1","1","wcvp","0",""
"963","Acacia imbricata",1,"198228","Acacia imbricata",1,"species","","",NA,"F.Muell.","Fabaceae","Acacia","Acacia",1,"imbricata","imbricata",1,"","",NA,"","",NA,"","",NA,"","","https://powo.science.kew.org/taxon/urn:lsid:ipni.org:names:470574-1","","Y","Accepted","Acacia imbricata","Acacia imbricata","F.Muell.","198228","species","https://powo.science.kew.org/taxon/urn:lsid:ipni.org:names:470574-1","","Fabaceae","1","1","wcvp","0",""
"964","Acacia triquetra",1,"198229","Acacia triquetra",1,"species","","",NA,"Benth.","Fabaceae","Acacia","Acacia",1,"triquetra","triquetra",1,"","",NA,"","",NA,"","",NA,"","","https://powo.science.kew.org/taxon/urn:lsid:ipni.org:names:471688-1","","Y","Accepted","Acacia triquetra","Acacia triquetra","Benth.","198229","species","https://powo.science.kew.org/taxon/urn:lsid:ipni.org:names:471688-1","","Fabaceae","1","1","wcvp","0",""
"965","Acacia acinacea",1,"189704","Acacia acinacea",1,"species","","",NA,"Lindl.","Fabaceae","Acacia","Acacia",1,"acinacea","acinacea",1,"","",NA,"","",NA,"","",NA,"","","https://powo.science.kew.org/taxon/urn:lsid:ipni.org:names:469635-1","","Y","Accepted","Acacia acinacea","Acacia acinacea","Lindl.","189704","species","https://powo.science.kew.org/taxon/urn:lsid:ipni.org:names:469635-1","","Fabaceae","1","1","wcvp","0",""
"966","Acacia microcarpa",1,"198235","Acacia microcarpa",1,"species","","",NA,"F.Muell.","Fabaceae","Acacia","Acacia",1,"microcarpa","microcarpa",1,"","",NA,"","",NA,"","",NA,"","","https://powo.science.kew.org/taxon/urn:lsid:ipni.org:names:470894-1","","Y","Accepted","Acacia microcarpa","Acacia microcarpa","F.Muell.","198235","species","https://powo.science.kew.org/taxon/urn:lsid:ipni.org:names:470894-1","","Fabaceae","1","1","wcvp","0",""
"967","Acacia praemorsa",1,"198044","Acacia praemorsa",1,"species","","",NA,"P.J.Lang & Maslin","Fabaceae","Acacia","Acacia",1,"praemorsa","praemorsa",1,"","",NA,"","",NA,"","",NA,"","","https://powo.science.kew.org/taxon/urn:lsid:ipni.org:names:940651-1","","Y","Accepted","Acacia praemorsa","Acacia praemorsa","P.J.Lang & Maslin","198044","species","https://powo.science.kew.org/taxon/urn:lsid:ipni.org:names:940651-1","","Fabaceae","1","1","wcvp","0",""
"968","Acacia flexifolia",1,"198237","Acacia flexifolia",1,"species","","",NA,"A.Cunn. ex Benth.","Fabaceae","Acacia","Acacia",1,"flexifolia","flexifolia",1,"","",NA,"","",NA,"","",NA,"","","https://powo.science.kew.org/taxon/urn:lsid:ipni.org:names:470342-1","","Y","Accepted","Acacia flexifolia","Acacia flexifolia","A.Cunn. ex Benth.","198237","species","https://powo.science.kew.org/taxon/urn:lsid:ipni.org:names:470342-1","","Fabaceae","1","1","wcvp","0",""
"969","Acacia lineata",1,"182693","Acacia lineata",1,"species","","",NA,"A.Cunn. ex G.Don","Fabaceae","Acacia","Acacia",1,"lineata","lineata",1,"","",NA,"","",NA,"","",NA,"","","https://powo.science.kew.org/taxon/urn:lsid:ipni.org:names:470770-1","","Y","Accepted","Acacia lineata","Acacia lineata","A.Cunn. ex G.Don","182693","species","https://powo.science.kew.org/taxon/urn:lsid:ipni.org:names:470770-1","","Fabaceae","1","1","wcvp","0",""
"970","Acacia aspera",1,"198245","Acacia aspera",1,"species","","",NA,"J.Forbes","Fabaceae","Acacia","Acacia",1,"aspera","aspera",1,"","",NA,"","",NA,"","",NA,"","","https://powo.science.kew.org/taxon/urn:lsid:ipni.org:names:469765-1","","Y","Accepted","Acacia aspera","Acacia aspera","J.Forbes","198245","species","https://powo.science.kew.org/taxon/urn:lsid:ipni.org:names:469765-1","","Fabaceae","1","1","wcvp","0",""
"971","Acacia glandulicarpa",1,"189708","Acacia glandulicarpa",1,"species","","",NA,"Reader","Fabaceae","Acacia","Acacia",1,"glandulicarpa","glandulicarpa",1,"","",NA,"","",NA,"","",NA,"","","https://powo.science.kew.org/taxon/urn:lsid:ipni.org:names:470410-1","","Y","Accepted","Acacia glandulicarpa","Acacia glandulicarpa","Reader","189708","species","https://powo.science.kew.org/taxon/urn:lsid:ipni.org:names:470410-1","","Fabaceae","1","1","wcvp","0",""
"972","Acacia paradoxa",1,"182721","Acacia paradoxa",1,"species","","",NA,"DC.","Fabaceae","Acacia","Acacia",1,"paradoxa","paradoxa",1,"","",NA,"","",NA,"","",NA,"","","https://powo.science.kew.org/taxon/urn:lsid:ipni.org:names:471079-1","","Y","Accepted","Acacia paradoxa","Acacia paradoxa","DC.","182721","species","https://powo.science.kew.org/taxon/urn:lsid:ipni.org:names:471079-1","","Fabaceae","1","1","wcvp","0",""
"973","Acacia rhetinocarpa",1,"198275","Acacia rhetinocarpa",1,"species","","",NA,"J.M.Black","Fabaceae","Acacia","Acacia",1,"rhetinocarpa","rhetinocarpa",1,"","",NA,"","",NA,"","",NA,"","","https://powo.science.kew.org/taxon/urn:lsid:ipni.org:names:471317-1","","Y","Accepted","Acacia rhetinocarpa","Acacia rhetinocarpa","J.M.Black","198275","species","https://powo.science.kew.org/taxon/urn:lsid:ipni.org:names:471317-1","","Fabaceae","1","1","wcvp","0",""
"974","Acacia verniciflua",1,"182714","Acacia verniciflua",1,"species","","",NA,"A.Cunn.","Fabaceae","Acacia","Acacia",1,"verniciflua","verniciflua",1,"","",NA,"","",NA,"","",NA,"","","https://powo.science.kew.org/taxon/urn:lsid:ipni.org:names:471746-1","","Y","Accepted","Acacia verniciflua","Acacia verniciflua","A.Cunn.","182714","species","https://powo.science.kew.org/taxon/urn:lsid:ipni.org:names:471746-1","","Fabaceae","1","1","wcvp","0",""
"975","Acacia leprosa",1,"186005","Acacia leprosa",1,"species","","",NA,"Sieber ex DC.","Fabaceae","Acacia","Acacia",1,"leprosa","leprosa",1,"","",NA,"","",NA,"","",NA,"","","https://powo.science.kew.org/taxon/urn:lsid:ipni.org:names:470732-1","","Y","Accepted","Acacia leprosa","Acacia leprosa","Sieber ex DC.","186005","species","https://powo.science.kew.org/taxon/urn:lsid:ipni.org:names:470732-1","","Fabaceae","1","1","wcvp","0",""
"976","Acacia ausfeldii",1,"198289","Acacia ausfeldii",1,"species","","",NA,"Regel","Fabaceae","Acacia","Acacia",1,"ausfeldii","ausfeldii",1,"","",NA,"","",NA,"","",NA,"","","https://powo.science.kew.org/taxon/urn:lsid:ipni.org:names:469790-1","","Y","Accepted","Acacia ausfeldii","Acacia ausfeldii","Regel","198289","species","https://powo.science.kew.org/taxon/urn:lsid:ipni.org:names:469790-1","","Fabaceae","1","1","wcvp","0",""
"977","Acacia dodonaeifolia",1,"198290","Acacia dodonaeifolia",1,"species","","",NA,"(Pers.) Balb.","Fabaceae","Acacia","Acacia",1,"dodonaeifolia","dodonaeifolia",1,"","",NA,"","",NA,"","",NA,"","","https://powo.science.kew.org/taxon/urn:lsid:ipni.org:names:470195-1","","Y","Accepted","Acacia dodonaeifolia","Acacia dodonaeifolia","(Pers.) Balb.","198290","species","https://powo.science.kew.org/taxon/urn:lsid:ipni.org:names:470195-1","","Fabaceae","1","1","wcvp","0",""
"978","Acacia howittii",1,"189709","Acacia howittii",1,"species","","",NA,"F.Muell.","Fabaceae","Acacia","Acacia",1,"howittii","howittii",1,"","",NA,"","",NA,"","",NA,"","","https://powo.science.kew.org/taxon/urn:lsid:ipni.org:names:470552-1","","Y","Accepted","Acacia howittii","Acacia howittii","F.Muell.","189709","species","https://powo.science.kew.org/taxon/urn:lsid:ipni.org:names:470552-1","","Fabaceae","1","1","wcvp","0",""
"979","Acacia montana",1,"182696","Acacia montana",1,"species","","",NA,"Benth.","Fabaceae","Acacia","Acacia",1,"montana","montana",1,"","",NA,"","",NA,"","",NA,"","","https://powo.science.kew.org/taxon/urn:lsid:ipni.org:names:470927-1","","Y","Accepted","Acacia montana","Acacia montana","Benth.","182696","species","https://powo.science.kew.org/taxon/urn:lsid:ipni.org:names:470927-1","","Fabaceae","1","1","wcvp","0",""
"980","Acacia errabunda",1,"198302","Acacia errabunda",1,"species","","",NA,"Maslin","Fabaceae","Acacia","Acacia",1,"errabunda","errabunda",1,"","",NA,"","",NA,"","",NA,"","","https://powo.science.kew.org/taxon/urn:lsid:ipni.org:names:1008246-1","","Y","Accepted","Acacia errabunda","Acacia errabunda","Maslin","198302","species","https://powo.science.kew.org/taxon/urn:lsid:ipni.org:names:1008246-1","","Fabaceae","1","1","wcvp","0",""
"981","Acacia stricta",1,"182707","Acacia stricta",1,"species","","",NA,"(Andrews) Willd.","Fabaceae","Acacia","Acacia",1,"stricta","stricta",1,"","",NA,"","",NA,"","",NA,"","","https://powo.science.kew.org/taxon/urn:lsid:ipni.org:names:471561-1","","Y","Accepted","Acacia stricta","Acacia stricta","(Andrews) Willd.","182707","species","https://powo.science.kew.org/taxon/urn:lsid:ipni.org:names:471561-1","","Fabaceae","1","1","wcvp","0",""
"982","Acacia veronica",1,"198309","Acacia veronica",1,"species","","",NA,"Maslin","Fabaceae","Acacia","Acacia",1,"veronica","veronica",1,"","",NA,"","",NA,"","",NA,"","","https://powo.science.kew.org/taxon/urn:lsid:ipni.org:names:938066-1","","Y","Accepted","Acacia veronica","Acacia veronica","Maslin","198309","species","https://powo.science.kew.org/taxon/urn:lsid:ipni.org:names:938066-1","","Fabaceae","1","1","wcvp","0",""
"983","Acacia cognata",1,"198310","Acacia cognata",1,"species","","",NA,"Domin","Fabaceae","Acacia","Acacia",1,"cognata","cognata",1,"","",NA,"","",NA,"","",NA,"","","https://powo.science.kew.org/taxon/urn:lsid:ipni.org:names:470014-1","","Y","Accepted","Acacia cognata","Acacia cognata","Domin","198310","species","https://powo.science.kew.org/taxon/urn:lsid:ipni.org:names:470014-1","","Fabaceae","1","1","wcvp","0",""
"984","Acacia subporosa",1,"198312","Acacia subporosa",1,"species","","",NA,"F.Muell.","Fabaceae","Acacia","Acacia",1,"subporosa","subporosa",1,"","",NA,"","",NA,"","",NA,"","","https://powo.science.kew.org/taxon/urn:lsid:ipni.org:names:471586-1","","Y","Accepted","Acacia subporosa","Acacia subporosa","F.Muell.","198312","species","https://powo.science.kew.org/taxon/urn:lsid:ipni.org:names:471586-1","","Fabaceae","1","1","wcvp","0",""
"985","Acacia baeuerlenii",1,"198314","Acacia baeuerlenii",1,"species","","",NA,"Maiden & R.T.Baker","Fabaceae","Acacia","Acacia",1,"baeuerlenii","baeuerlenii",1,"","",NA,"","",NA,"","",NA,"","","https://powo.science.kew.org/taxon/urn:lsid:ipni.org:names:469794-1","","Y","Accepted","Acacia baeuerlenii","Acacia baeuerlenii","Maiden & R.T.Baker","198314","species","https://powo.science.kew.org/taxon/urn:lsid:ipni.org:names:469794-1","","Fabaceae","1","1","wcvp","0",""
"986","Acacia tessellata",1,"198318","Acacia tessellata",1,"species","","",NA,"Tindale & Kodela","Fabaceae","Acacia","Acacia",1,"tessellata","tessellata",1,"","",NA,"","",NA,"","",NA,"","","https://powo.science.kew.org/taxon/urn:lsid:ipni.org:names:960235-1","","Y","Accepted","Acacia tessellata","Acacia tessellata","Tindale & Kodela","198318","species","https://powo.science.kew.org/taxon/urn:lsid:ipni.org:names:960235-1","","Fabaceae","1","1","wcvp","0",""
"987","Acacia viscidula",1,"206797","Acacia viscidula",1,"species","","",NA,"Benth.","Fabaceae","Acacia","Acacia",1,"viscidula","viscidula",1,"","",NA,"","",NA,"","",NA,"","","https://powo.science.kew.org/taxon/urn:lsid:ipni.org:names:471775-1","","Y","Accepted","Acacia viscidula","Acacia viscidula","Benth.","206797","species","https://powo.science.kew.org/taxon/urn:lsid:ipni.org:names:471775-1","","Fabaceae","1","1","wcvp","0",""
"988","Acacia barattensis",1,"198320","Acacia barattensis",1,"species","","",NA,"J.M.Black","Fabaceae","Acacia","Acacia",1,"barattensis","barattensis",1,"","",NA,"","",NA,"","",NA,"","","https://powo.science.kew.org/taxon/urn:lsid:ipni.org:names:469806-1","","Y","Accepted","Acacia barattensis","Acacia barattensis","J.M.Black","198320","species","https://powo.science.kew.org/taxon/urn:lsid:ipni.org:names:469806-1","","Fabaceae","1","1","wcvp","0",""
"989","Acacia gracilifolia",1,"198321","Acacia gracilifolia",1,"species","","",NA,"Maiden & Blakely","Fabaceae","Acacia","Acacia",1,"gracilifolia","gracilifolia",1,"","",NA,"","",NA,"","",NA,"","","https://powo.science.kew.org/taxon/urn:lsid:ipni.org:names:470441-1","","Y","Accepted","Acacia gracilifolia","Acacia gracilifolia","Maiden & Blakely","198321","species","https://powo.science.kew.org/taxon/urn:lsid:ipni.org:names:470441-1","","Fabaceae","1","1","wcvp","0",""
"990","Acacia menzelii",1,"198322","Acacia menzelii",1,"species","","",NA,"J.M.Black","Fabaceae","Acacia","Acacia",1,"menzelii","menzelii",1,"","",NA,"","",NA,"","",NA,"","","https://powo.science.kew.org/taxon/urn:lsid:ipni.org:names:470878-1","","Y","Accepted","Acacia menzelii","Acacia menzelii","J.M.Black","198322","species","https://powo.science.kew.org/taxon/urn:lsid:ipni.org:names:470878-1","","Fabaceae","1","1","wcvp","0",""
"991","Acacia wilhelmiana",1,"198323","Acacia wilhelmiana",1,"species","","",NA,"F.Muell.","Fabaceae","Acacia","Acacia",1,"wilhelmiana","wilhelmiana",1,"","",NA,"","",NA,"","",NA,"","","https://powo.science.kew.org/taxon/urn:lsid:ipni.org:names:471806-1","","Y","Accepted","Acacia wilhelmiana","Acacia wilhelmiana","F.Muell.","198323","species","https://powo.science.kew.org/taxon/urn:lsid:ipni.org:names:471806-1","","Fabaceae","1","1","wcvp","0",""
"992","Acacia cowaniana",1,"198329","Acacia cowaniana",1,"species","","",NA,"Maslin","Fabaceae","Acacia","Acacia",1,"cowaniana","cowaniana",1,"","",NA,"","",NA,"","",NA,"","","https://powo.science.kew.org/taxon/urn:lsid:ipni.org:names:939611-1","","Y","Accepted","Acacia cowaniana","Acacia cowaniana","Maslin","198329","species","https://powo.science.kew.org/taxon/urn:lsid:ipni.org:names:939611-1","","Fabaceae","1","1","wcvp","0",""
"993","Acacia viscifolia",1,"1042558","Acacia viscifolia",1,"species","","",NA,"Maiden & Blakely","Fabaceae","Acacia","Acacia",1,"viscifolia","viscifolia",1,"","",NA,"","",NA,"","",NA,"","","https://powo.science.kew.org/taxon/urn:lsid:ipni.org:names:471777-1","","Y","Accepted","Acacia viscifolia","Acacia viscifolia","Maiden & Blakely","1042558","species","https://powo.science.kew.org/taxon/urn:lsid:ipni.org:names:471777-1","","Fabaceae","1","1","wcvp","0",""
"994","Acacia helmsiana",1,"198331","Acacia helmsiana",1,"species","","",NA,"Maiden","Fabaceae","Acacia","Acacia",1,"helmsiana","helmsiana",1,"","",NA,"","",NA,"","",NA,"","","https://powo.science.kew.org/taxon/urn:lsid:ipni.org:names:470507-1","","Y","Accepted","Acacia helmsiana","Acacia helmsiana","Maiden","198331","species","https://powo.science.kew.org/taxon/urn:lsid:ipni.org:names:470507-1","","Fabaceae","1","1","wcvp","0",""
"995","Acacia abrupta",1,"198332","Acacia abrupta",1,"species","","",NA,"Maiden & Blakely","Fabaceae","Acacia","Acacia",1,"abrupta","abrupta",1,"","",NA,"","",NA,"","",NA,"","","https://powo.science.kew.org/taxon/urn:lsid:ipni.org:names:469620-1","","Y","Accepted","Acacia abrupta","Acacia abrupta","Maiden & Blakely","198332","species","https://powo.science.kew.org/taxon/urn:lsid:ipni.org:names:469620-1","","Fabaceae","1","1","wcvp","0",""
"996","Acacia ascendens",1,"198333","Acacia ascendens",1,"species","","",NA,"Maslin","Fabaceae","Acacia","Acacia",1,"ascendens","ascendens",1,"","",NA,"","",NA,"","",NA,"","","https://powo.science.kew.org/taxon/urn:lsid:ipni.org:names:939609-1","","Y","Accepted","Acacia ascendens","Acacia ascendens","Maslin","198333","species","https://powo.science.kew.org/taxon/urn:lsid:ipni.org:names:939609-1","","Fabaceae","1","1","wcvp","0",""
"997","Acacia brachypoda",1,"198334","Acacia brachypoda",1,"species","","",NA,"Maslin","Fabaceae","Acacia","Acacia",1,"brachypoda","brachypoda",1,"","",NA,"","",NA,"","",NA,"","","https://powo.science.kew.org/taxon/urn:lsid:ipni.org:names:939610-1","","Y","Accepted","Acacia brachypoda","Acacia brachypoda","Maslin","198334","species","https://powo.science.kew.org/taxon/urn:lsid:ipni.org:names:939610-1","","Fabaceae","1","1","wcvp","0",""
"998","Acacia leptalea",1,"198335","Acacia leptalea",1,"species","","",NA,"Maslin","Fabaceae","Acacia","Acacia",1,"leptalea","leptalea",1,"","",NA,"","",NA,"","",NA,"","","https://powo.science.kew.org/taxon/urn:lsid:ipni.org:names:1008260-1","","Y","Accepted","Acacia leptalea","Acacia leptalea","Maslin","198335","species","https://powo.science.kew.org/taxon/urn:lsid:ipni.org:names:1008260-1","","Fabaceae","1","1","wcvp","0",""
"999","Acacia dawsonii",1,"198336","Acacia dawsonii",1,"species","","",NA,"R.T.Baker","Fabaceae","Acacia","Acacia",1,"dawsonii","dawsonii",1,"","",NA,"","",NA,"","",NA,"","","https://powo.science.kew.org/taxon/urn:lsid:ipni.org:names:470129-1","","Y","Accepted","Acacia dawsonii","Acacia dawsonii","R.T.Baker","198336","species","https://powo.science.kew.org/taxon/urn:lsid:ipni.org:names:470129-1","","Fabaceae","1","1","wcvp","0",""
"1000","Acacia farinosa",1,"198340","Acacia farinosa",1,"species","","",NA,"Lindl.","Fabaceae","Acacia","Acacia",1,"farinosa","farinosa",1,"","",NA,"","",NA,"","",NA,"","","https://powo.science.kew.org/taxon/urn:lsid:ipni.org:names:470306-1","","Y","Accepted","Acacia farinosa","Acacia farinosa","Lindl.","198340","species","https://powo.science.kew.org/taxon/urn:lsid:ipni.org:names:470306-1","","Fabaceae","1","1","wcvp","0",""
"1001","Acacia pinguifolia",1,"198341","Acacia pinguifolia",1,"species","","",NA,"J.M.Black","Fabaceae","Acacia","Acacia",1,"pinguifolia","pinguifolia",1,"","",NA,"","",NA,"","",NA,"","","https://powo.science.kew.org/taxon/urn:lsid:ipni.org:names:471153-1","","Y","Accepted","Acacia pinguifolia","Acacia pinguifolia","J.M.Black","198341","species","https://powo.science.kew.org/taxon/urn:lsid:ipni.org:names:471153-1","","Fabaceae","1","1","wcvp","0",""
"1002","Acacia sclerophylla",1,"198342","Acacia sclerophylla",1,"species","","",NA,"Lindl.","Fabaceae","Acacia","Acacia",1,"sclerophylla","sclerophylla",1,"","",NA,"","",NA,"","",NA,"","","https://powo.science.kew.org/taxon/urn:lsid:ipni.org:names:471417-1","","Y","Accepted","Acacia sclerophylla","Acacia sclerophylla","Lindl.","198342","species","https://powo.science.kew.org/taxon/urn:lsid:ipni.org:names:471417-1","","Fabaceae","1","1","wcvp","0",""
"1003","Acacia sclerophylla var. sclerophylla",1,"198343","Acacia sclerophylla var. sclerophylla",1,"variety","","",NA,"","Fabaceae","Acacia","Acacia",1,"sclerophylla","sclerophylla",1,"","",NA,"var.","sclerophylla",1,"","",NA,"","","https://powo.science.kew.org/taxon/urn:lsid:ipni.org:names:79473-3","","Y","Accepted","Acacia sclerophylla var. sclerophylla","Acacia sclerophylla","","198343","variety","https://powo.science.kew.org/taxon/urn:lsid:ipni.org:names:79473-3","","Fabaceae","1","1","wcvp","0",""
"1004","Acacia sclerophylla var. pilosa",1,"1369326","Acacia sclerophylla var. pilosa",1,"variety","","",NA,"R.S.Cowan & Maslin","Fabaceae","Acacia","Acacia",1,"sclerophylla","sclerophylla",1,"","",NA,"var.","pilosa",1,"","",NA,"","","https://powo.science.kew.org/taxon/urn:lsid:ipni.org:names:1008299-1","","Y","Accepted","Acacia sclerophylla var. pilosa","Acacia sclerophylla","R.S.Cowan & Maslin","1369326","variety","https://powo.science.kew.org/taxon/urn:lsid:ipni.org:names:1008299-1","","Fabaceae","1","1","wcvp","0",""
"1005","Acacia sclerophylla var. teretiuscula",1,"1369327","Acacia sclerophylla var. teretiuscula",1,"variety","","",NA,"Maiden & Blakely","Fabaceae","Acacia","Acacia",1,"sclerophylla","sclerophylla",1,"","",NA,"var.","teretiuscula",1,"","",NA,"","","https://powo.science.kew.org/taxon/urn:lsid:ipni.org:names:60434651-2","","Y","Accepted","Acacia sclerophylla var. teretiuscula","Acacia sclerophylla","Maiden & Blakely","1369327","variety","https://powo.science.kew.org/taxon/urn:lsid:ipni.org:names:60434651-2","","Fabaceae","1","1","wcvp","0",""
"1006","Acacia pinguiculosa",1,"198344","Acacia pinguiculosa",1,"species","","",NA,"R.S.Cowan & Maslin","Fabaceae","Acacia","Acacia",1,"pinguiculosa","pinguiculosa",1,"","",NA,"","",NA,"","",NA,"","","https://powo.science.kew.org/taxon/urn:lsid:ipni.org:names:1008295-1","","Y","Accepted","Acacia pinguiculosa","Acacia pinguiculosa","R.S.Cowan & Maslin","198344","species","https://powo.science.kew.org/taxon/urn:lsid:ipni.org:names:1008295-1","","Fabaceae","1","1","wcvp","0",""
"1007","Acacia pinguiculosa subsp. pinguiculosa",1,"198345","Acacia pinguiculosa subsp. pinguiculosa",1,"subspecies","","",NA,"","Fabaceae","Acacia","Acacia",1,"pinguiculosa","pinguiculosa",1,"","",NA,"subsp.","pinguiculosa",1,"","",NA,"","","https://powo.science.kew.org/taxon/urn:lsid:ipni.org:names:77213999-1","","Y","Accepted","Acacia pinguiculosa subsp. pinguiculosa","Acacia pinguiculosa","","198345","subspecies","https://powo.science.kew.org/taxon/urn:lsid:ipni.org:names:77213999-1","","Fabaceae","1","1","wcvp","0",""
"1008","Acacia pinguiculosa subsp. teretifolia",1,"1368711","Acacia pinguiculosa subsp. teretifolia",1,"subspecies","","",NA,"R.S.Cowan & Maslin","Fabaceae","Acacia","Acacia",1,"pinguiculosa","pinguiculosa",1,"","",NA,"subsp.","teretifolia",1,"","",NA,"","","https://powo.science.kew.org/taxon/urn:lsid:ipni.org:names:1008296-1","","Y","Accepted","Acacia pinguiculosa subsp. teretifolia","Acacia pinguiculosa","R.S.Cowan & Maslin","1368711","subspecies","https://powo.science.kew.org/taxon/urn:lsid:ipni.org:names:1008296-1","","Fabaceae","1","1","wcvp","0",""
"1009","Acacia gemina",1,"198348","Acacia gemina",1,"species","","",NA,"R.S.Cowan & Maslin","Fabaceae","Acacia","Acacia",1,"gemina","gemina",1,"","",NA,"","",NA,"","",NA,"","","https://powo.science.kew.org/taxon/urn:lsid:ipni.org:names:1008292-1","","Y","Accepted","Acacia gemina","Acacia gemina","R.S.Cowan & Maslin","198348","species","https://powo.science.kew.org/taxon/urn:lsid:ipni.org:names:1008292-1","","Fabaceae","1","1","wcvp","0",""
"1010","Acacia deflexa",1,"198349","Acacia deflexa",1,"species","","",NA,"Maiden & Blakely","Fabaceae","Acacia","Acacia",1,"deflexa","deflexa",1,"","",NA,"","",NA,"","",NA,"","","https://powo.science.kew.org/taxon/urn:lsid:ipni.org:names:470140-1","","Y","Accepted","Acacia deflexa","Acacia deflexa","Maiden & Blakely","198349","species","https://powo.science.kew.org/taxon/urn:lsid:ipni.org:names:470140-1","","Fabaceae","1","1","wcvp","0",""
"1011","Acacia pharangites",1,"198350","Acacia pharangites",1,"species","","",NA,"Maslin","Fabaceae","Acacia","Acacia",1,"pharangites","pharangites",1,"","",NA,"","",NA,"","",NA,"","","https://powo.science.kew.org/taxon/urn:lsid:ipni.org:names:899070-1","","Y","Accepted","Acacia pharangites","Acacia pharangites","Maslin","198350","species","https://powo.science.kew.org/taxon/urn:lsid:ipni.org:names:899070-1","","Fabaceae","1","1","wcvp","0",""
"1012","Acacia tetanophylla",1,"198351","Acacia tetanophylla",1,"species","","",NA,"Maslin","Fabaceae","Acacia","Acacia",1,"tetanophylla","tetanophylla",1,"","",NA,"","",NA,"","",NA,"","","https://powo.science.kew.org/taxon/urn:lsid:ipni.org:names:471644-1","","Y","Accepted","Acacia tetanophylla","Acacia tetanophylla","Maslin","198351","species","https://powo.science.kew.org/taxon/urn:lsid:ipni.org:names:471644-1","","Fabaceae","1","1","wcvp","0",""
"1013","Acacia dura",1,"198353","Acacia dura",1,"species","","",NA,"Benth.","Fabaceae","Acacia","Acacia",1,"dura","dura",1,"","",NA,"","",NA,"","",NA,"","","https://powo.science.kew.org/taxon/urn:lsid:ipni.org:names:470222-1","","Y","Accepted","Acacia dura","Acacia dura","Benth.","198353","species","https://powo.science.kew.org/taxon/urn:lsid:ipni.org:names:470222-1","","Fabaceae","1","1","wcvp","0",""
"1014","Acacia octonervia",1,"198354","Acacia octonervia",1,"species","","",NA,"R.S.Cowan & Maslin","Fabaceae","Acacia","Acacia",1,"octonervia","octonervia",1,"","",NA,"","",NA,"","",NA,"","","https://powo.science.kew.org/taxon/urn:lsid:ipni.org:names:972740-1","","Y","Accepted","Acacia octonervia","Acacia octonervia","R.S.Cowan & Maslin","198354","species","https://powo.science.kew.org/taxon/urn:lsid:ipni.org:names:972740-1","","Fabaceae","1","1","wcvp","0",""
"1015","Acacia nitidula",1,"198355","Acacia nitidula",1,"species","","",NA,"Benth.","Fabaceae","Acacia","Acacia",1,"nitidula","nitidula",1,"","",NA,"","",NA,"","",NA,"","","https://powo.science.kew.org/taxon/urn:lsid:ipni.org:names:470997-1","","Y","Accepted","Acacia nitidula","Acacia nitidula","Benth.","198355","species","https://powo.science.kew.org/taxon/urn:lsid:ipni.org:names:470997-1","","Fabaceae","1","1","wcvp","0",""
"1016","Acacia sulcata",1,"198356","Acacia sulcata",1,"species","","",NA,"R.Br.","Fabaceae","Acacia","Acacia",1,"sulcata","sulcata",1,"","",NA,"","",NA,"","",NA,"","","https://powo.science.kew.org/taxon/urn:lsid:ipni.org:names:471600-1","","Y","Accepted","Acacia sulcata","Acacia sulcata","R.Br.","198356","species","https://powo.science.kew.org/taxon/urn:lsid:ipni.org:names:471600-1","","Fabaceae","1","1","wcvp","0",""
"1017","Acacia sulcata var. sulcata",1,"198360","Acacia sulcata var. sulcata",1,"variety","","",NA,"","Fabaceae","Acacia","Acacia",1,"sulcata","sulcata",1,"","",NA,"var.","sulcata",1,"","",NA,"","","https://powo.science.kew.org/taxon/urn:lsid:ipni.org:names:81439-3","","Y","Accepted","Acacia sulcata var. sulcata","Acacia sulcata","","198360","variety","https://powo.science.kew.org/taxon/urn:lsid:ipni.org:names:81439-3","","Fabaceae","1","1","wcvp","0",""
"1018","Acacia sulcata var. platyphylla",1,"198361","Acacia sulcata var. platyphylla",1,"variety","","",NA,"Maiden & Blakely","Fabaceae","Acacia","Acacia",1,"sulcata","sulcata",1,"","",NA,"var.","platyphylla",1,"","",NA,"","","https://powo.science.kew.org/taxon/urn:lsid:ipni.org:names:81436-3","","Y","Accepted","Acacia sulcata var. platyphylla","Acacia sulcata","Maiden & Blakely","198361","variety","https://powo.science.kew.org/taxon/urn:lsid:ipni.org:names:81436-3","","Fabaceae","1","1","wcvp","0",""
"1019","Acacia sulcata var. planoconvexa",1,"1356581","Acacia sulcata var. planoconvexa",1,"variety","","",NA,"R.S.Cowan & Maslin","Fabaceae","Acacia","Acacia",1,"sulcata","sulcata",1,"","",NA,"var.","planoconvexa",1,"","",NA,"","","https://powo.science.kew.org/taxon/urn:lsid:ipni.org:names:972741-1","","Y","Accepted","Acacia sulcata var. planoconvexa","Acacia sulcata","R.S.Cowan & Maslin","1356581","variety","https://powo.science.kew.org/taxon/urn:lsid:ipni.org:names:972741-1","","Fabaceae","1","1","wcvp","0",""
"1020","Acacia brachyphylla",1,"1041042","Acacia brachyphylla",1,"species","","",NA,"Benth. ex Schltdl.","Fabaceae","Acacia","Acacia",1,"brachyphylla","brachyphylla",1,"","",NA,"","",NA,"","",NA,"","","https://powo.science.kew.org/taxon/urn:lsid:ipni.org:names:469870-1","","Y","Accepted","Acacia brachyphylla","Acacia brachyphylla","Benth. ex Schltdl.","1041042","species","https://powo.science.kew.org/taxon/urn:lsid:ipni.org:names:469870-1","","Fabaceae","1","1","wcvp","0",""
"1021","Acacia brachyphylla var. brachyphylla",1,"198364","Acacia brachyphylla var. brachyphylla",1,"variety","","",NA,"","Fabaceae","Acacia","Acacia",1,"brachyphylla","brachyphylla",1,"","",NA,"var.","brachyphylla",1,"","",NA,"","","https://powo.science.kew.org/taxon/urn:lsid:ipni.org:names:77213981-1","","Y","Accepted","Acacia brachyphylla var. brachyphylla","Acacia brachyphylla","","198364","variety","https://powo.science.kew.org/taxon/urn:lsid:ipni.org:names:77213981-1","","Fabaceae","1","1","wcvp","0",""
"1022","Acacia brachyphylla var. recurvata",1,"1356580","Acacia brachyphylla var. recurvata",1,"variety","","",NA,"R.S.Cowan & Maslin","Fabaceae","Acacia","Acacia",1,"brachyphylla","brachyphylla",1,"","",NA,"var.","recurvata",1,"","",NA,"","","https://powo.science.kew.org/taxon/urn:lsid:ipni.org:names:972739-1","","Y","Accepted","Acacia brachyphylla var. recurvata","Acacia brachyphylla","R.S.Cowan & Maslin","1356580","variety","https://powo.science.kew.org/taxon/urn:lsid:ipni.org:names:972739-1","","Fabaceae","1","1","wcvp","0",""
"1023","Acacia prismifolia",1,"198365","Acacia prismifolia",1,"species","","",NA,"E.Pritz.","Fabaceae","Acacia","Acacia",1,"prismifolia","prismifolia",1,"","",NA,"","",NA,"","",NA,"","","https://powo.science.kew.org/taxon/urn:lsid:ipni.org:names:471207-1","","Y","Accepted","Acacia prismifolia","Acacia prismifolia","E.Pritz.","198365","species","https://powo.science.kew.org/taxon/urn:lsid:ipni.org:names:471207-1","","Fabaceae","1","1","wcvp","0",""
"1024","Acacia declinata",1,"198367","Acacia declinata",1,"species","","",NA,"R.S.Cowan & Maslin","Fabaceae","Acacia","Acacia",1,"declinata","declinata",1,"","",NA,"","",NA,"","",NA,"","","https://powo.science.kew.org/taxon/urn:lsid:ipni.org:names:958402-1","","Y","Accepted","Acacia declinata","Acacia declinata","R.S.Cowan & Maslin","198367","species","https://powo.science.kew.org/taxon/urn:lsid:ipni.org:names:958402-1","","Fabaceae","1","1","wcvp","0",""
"1025","Acacia caesariata",1,"198368","Acacia caesariata",1,"species","","",NA,"R.S.Cowan & Maslin","Fabaceae","Acacia","Acacia",1,"caesariata","caesariata",1,"","",NA,"","",NA,"","",NA,"","","https://powo.science.kew.org/taxon/urn:lsid:ipni.org:names:939604-1","","Y","Accepted","Acacia caesariata","Acacia caesariata","R.S.Cowan & Maslin","198368","species","https://powo.science.kew.org/taxon/urn:lsid:ipni.org:names:939604-1","","Fabaceae","1","1","wcvp","0",""
"1026","Acacia patagiata",1,"198369","Acacia patagiata",1,"species","","",NA,"R.S.Cowan & Maslin","Fabaceae","Acacia","Acacia",1,"patagiata","patagiata",1,"","",NA,"","",NA,"","",NA,"","","https://powo.science.kew.org/taxon/urn:lsid:ipni.org:names:939606-1","","Y","Accepted","Acacia patagiata","Acacia patagiata","R.S.Cowan & Maslin","198369","species","https://powo.science.kew.org/taxon/urn:lsid:ipni.org:names:939606-1","","Fabaceae","1","1","wcvp","0",""
"1027","Acacia torticarpa",1,"198370","Acacia torticarpa",1,"species","","",NA,"C.A.Gardner ex R.S.Cowan & Maslin","Fabaceae","Acacia","Acacia",1,"torticarpa","torticarpa",1,"","",NA,"","",NA,"","",NA,"","","https://powo.science.kew.org/taxon/urn:lsid:ipni.org:names:939607-1","","Y","Accepted","Acacia torticarpa","Acacia torticarpa","C.A.Gardner ex R.S.Cowan & Maslin","198370","species","https://powo.science.kew.org/taxon/urn:lsid:ipni.org:names:939607-1","","Fabaceae","1","1","wcvp","0",""
"1028","Acacia awestoniana",1,"198371","Acacia awestoniana",1,"species","","",NA,"R.S.Cowan & Maslin","Fabaceae","Acacia","Acacia",1,"awestoniana","awestoniana",1,"","",NA,"","",NA,"","",NA,"","","https://powo.science.kew.org/taxon/urn:lsid:ipni.org:names:939596-1","","Y","Accepted","Acacia awestoniana","Acacia awestoniana","R.S.Cowan & Maslin","198371","species","https://powo.science.kew.org/taxon/urn:lsid:ipni.org:names:939596-1","","Fabaceae","1","1","wcvp","0",""
"1029","Acacia dictyoneura",1,"198372","Acacia dictyoneura",1,"species","","",NA,"E.Pritz.","Fabaceae","Acacia","Acacia",1,"dictyoneura","dictyoneura",1,"","",NA,"","",NA,"","",NA,"","","https://powo.science.kew.org/taxon/urn:lsid:ipni.org:names:470170-1","","Y","Accepted","Acacia dictyoneura","Acacia dictyoneura","E.Pritz.","198372","species","https://powo.science.kew.org/taxon/urn:lsid:ipni.org:names:470170-1","","Fabaceae","1","1","wcvp","0",""
"1030","Acacia recurvata",1,"198373","Acacia recurvata",1,"species","","",NA,"R.S.Cowan & Maslin","Fabaceae","Acacia","Acacia",1,"recurvata","recurvata",1,"","",NA,"","",NA,"","",NA,"","","https://powo.science.kew.org/taxon/urn:lsid:ipni.org:names:1008297-1","","Y","Accepted","Acacia recurvata","Acacia recurvata","R.S.Cowan & Maslin","198373","species","https://powo.science.kew.org/taxon/urn:lsid:ipni.org:names:1008297-1","","Fabaceae","1","1","wcvp","0",""
"1031","Acacia auratiflora",1,"198374","Acacia auratiflora",1,"species","","",NA,"R.S.Cowan & Maslin","Fabaceae","Acacia","Acacia",1,"auratiflora","auratiflora",1,"","",NA,"","",NA,"","",NA,"","","https://powo.science.kew.org/taxon/urn:lsid:ipni.org:names:1008287-1","","Y","Accepted","Acacia auratiflora","Acacia auratiflora","R.S.Cowan & Maslin","198374","species","https://powo.science.kew.org/taxon/urn:lsid:ipni.org:names:1008287-1","","Fabaceae","1","1","wcvp","0",""
"1032","Acacia cassicula",1,"198375","Acacia cassicula",1,"species","","",NA,"R.S.Cowan & Maslin","Fabaceae","Acacia","Acacia",1,"cassicula","cassicula",1,"","",NA,"","",NA,"","",NA,"","","https://powo.science.kew.org/taxon/urn:lsid:ipni.org:names:939597-1","","Y","Accepted","Acacia cassicula","Acacia cassicula","R.S.Cowan & Maslin","198375","species","https://powo.science.kew.org/taxon/urn:lsid:ipni.org:names:939597-1","","Fabaceae","1","1","wcvp","0",""
"1033","Acacia lanuginophylla",1,"198378","Acacia lanuginophylla",1,"species","","",NA,"R.S.Cowan & Maslin","Fabaceae","Acacia","Acacia",1,"lanuginophylla","lanuginophylla",1,"","",NA,"","",NA,"","",NA,"","","https://powo.science.kew.org/taxon/urn:lsid:ipni.org:names:941268-1","","Y","Accepted","Acacia lanuginophylla","Acacia lanuginophylla","R.S.Cowan & Maslin","198378","species","https://powo.science.kew.org/taxon/urn:lsid:ipni.org:names:941268-1","","Fabaceae","1","1","wcvp","0",""
"1034","Acacia chrysopoda",1,"198379","Acacia chrysopoda",1,"species","","",NA,"Maiden & Blakely","Fabaceae","Acacia","Acacia",1,"chrysopoda","chrysopoda",1,"","",NA,"","",NA,"","",NA,"","","https://powo.science.kew.org/taxon/urn:lsid:ipni.org:names:469984-1","","Y","Accepted","Acacia chrysopoda","Acacia chrysopoda","Maiden & Blakely","198379","species","https://powo.science.kew.org/taxon/urn:lsid:ipni.org:names:469984-1","","Fabaceae","1","1","wcvp","0",""
"1035","Acacia kingiana",1,"198380","Acacia kingiana",1,"species","","",NA,"Maiden & Blakely","Fabaceae","Acacia","Acacia",1,"kingiana","kingiana",1,"","",NA,"","",NA,"","",NA,"","","https://powo.science.kew.org/taxon/urn:lsid:ipni.org:names:470653-1","","Y","Accepted","Acacia kingiana","Acacia kingiana","Maiden & Blakely","198380","species","https://powo.science.kew.org/taxon/urn:lsid:ipni.org:names:470653-1","","Fabaceae","1","1","wcvp","0",""
"1036","Acacia consobrina",1,"198381","Acacia consobrina",1,"species","","",NA,"R.S.Cowan & Maslin","Fabaceae","Acacia","Acacia",1,"consobrina","consobrina",1,"","",NA,"","",NA,"","",NA,"","","https://powo.science.kew.org/taxon/urn:lsid:ipni.org:names:939598-1","","Y","Accepted","Acacia consobrina","Acacia consobrina","R.S.Cowan & Maslin","198381","species","https://powo.science.kew.org/taxon/urn:lsid:ipni.org:names:939598-1","","Fabaceae","1","1","wcvp","0",""
"1037","Acacia flavipila",1,"198382","Acacia flavipila",1,"species","","",NA,"A.S.George","Fabaceae","Acacia","Acacia",1,"flavipila","flavipila",1,"","",NA,"","",NA,"","",NA,"","","https://powo.science.kew.org/taxon/urn:lsid:ipni.org:names:470338-1","","Y","Accepted","Acacia flavipila","Acacia flavipila","A.S.George","198382","species","https://powo.science.kew.org/taxon/urn:lsid:ipni.org:names:470338-1","","Fabaceae","1","1","wcvp","0",""
"1038","Acacia flavipila var. flavipila",1,"198384","Acacia flavipila var. flavipila",1,"variety","","",NA,"","Fabaceae","Acacia","Acacia",1,"flavipila","flavipila",1,"","",NA,"var.","flavipila",1,"","",NA,"","","https://powo.science.kew.org/taxon/urn:lsid:ipni.org:names:168562-3","","Y","Accepted","Acacia flavipila var. flavipila","Acacia flavipila","","198384","variety","https://powo.science.kew.org/taxon/urn:lsid:ipni.org:names:168562-3","","Fabaceae","1","1","wcvp","0",""
"1039","Acacia flavipila var. ovalis",1,"1369316","Acacia flavipila var. ovalis",1,"variety","","",NA,"R.S.Cowan & Maslin","Fabaceae","Acacia","Acacia",1,"flavipila","flavipila",1,"","",NA,"var.","ovalis",1,"","",NA,"","","https://powo.science.kew.org/taxon/urn:lsid:ipni.org:names:951533-1","","Y","Accepted","Acacia flavipila var. ovalis","Acacia flavipila","R.S.Cowan & Maslin","1369316","variety","https://powo.science.kew.org/taxon/urn:lsid:ipni.org:names:951533-1","","Fabaceae","1","1","wcvp","0",""
"1040","Acacia trulliformis",1,"198385","Acacia trulliformis",1,"species","","",NA,"R.S.Cowan & Maslin","Fabaceae","Acacia","Acacia",1,"trulliformis","trulliformis",1,"","",NA,"","",NA,"","",NA,"","","https://powo.science.kew.org/taxon/urn:lsid:ipni.org:names:1008302-1","","Y","Accepted","Acacia trulliformis","Acacia trulliformis","R.S.Cowan & Maslin","198385","species","https://powo.science.kew.org/taxon/urn:lsid:ipni.org:names:1008302-1","","Fabaceae","1","1","wcvp","0",""
"1041","Acacia loxophylla",1,"198387","Acacia loxophylla",1,"species","","",NA,"Benth.","Fabaceae","Acacia","Acacia",1,"loxophylla","loxophylla",1,"","",NA,"","",NA,"","",NA,"","","https://powo.science.kew.org/taxon/urn:lsid:ipni.org:names:470793-1","","Y","Accepted","Acacia loxophylla","Acacia loxophylla","Benth.","198387","species","https://powo.science.kew.org/taxon/urn:lsid:ipni.org:names:470793-1","","Fabaceae","1","1","wcvp","0",""
"1042","Acacia vittata",1,"198388","Acacia vittata",1,"species","","",NA,"R.S.Cowan & Maslin","Fabaceae","Acacia","Acacia",1,"vittata","vittata",1,"","",NA,"","",NA,"","",NA,"","","https://powo.science.kew.org/taxon/urn:lsid:ipni.org:names:1008303-1","","Y","Accepted","Acacia vittata","Acacia vittata","R.S.Cowan & Maslin","198388","species","https://powo.science.kew.org/taxon/urn:lsid:ipni.org:names:1008303-1","","Fabaceae","1","1","wcvp","0",""
"1043","Acacia verricula",1,"198389","Acacia verricula",1,"species","","",NA,"R.S.Cowan & Maslin","Fabaceae","Acacia","Acacia",1,"verricula","verricula",1,"","",NA,"","",NA,"","",NA,"","","https://powo.science.kew.org/taxon/urn:lsid:ipni.org:names:939602-1","","Y","Accepted","Acacia verricula","Acacia verricula","R.S.Cowan & Maslin","198389","species","https://powo.science.kew.org/taxon/urn:lsid:ipni.org:names:939602-1","","Fabaceae","1","1","wcvp","0",""
"1044","Acacia lobulata",1,"198391","Acacia lobulata",1,"species","","",NA,"R.S.Cowan & Maslin","Fabaceae","Acacia","Acacia",1,"lobulata","lobulata",1,"","",NA,"","",NA,"","",NA,"","","https://powo.science.kew.org/taxon/urn:lsid:ipni.org:names:939600-1","","Y","Accepted","Acacia lobulata","Acacia lobulata","R.S.Cowan & Maslin","198391","species","https://powo.science.kew.org/taxon/urn:lsid:ipni.org:names:939600-1","","Fabaceae","1","1","wcvp","0",""
"1045","Acacia pelophila",1,"198392","Acacia pelophila",1,"species","","",NA,"R.S.Cowan & Maslin","Fabaceae","Acacia","Acacia",1,"pelophila","pelophila",1,"","",NA,"","",NA,"","",NA,"","","https://powo.science.kew.org/taxon/urn:lsid:ipni.org:names:1008294-1","","Y","Accepted","Acacia pelophila","Acacia pelophila","R.S.Cowan & Maslin","198392","species","https://powo.science.kew.org/taxon/urn:lsid:ipni.org:names:1008294-1","","Fabaceae","1","1","wcvp","0",""
"1046","Acacia lanei",1,"198393","Acacia lanei",1,"species","","",NA,"R.S.Cowan & Maslin","Fabaceae","Acacia","Acacia",1,"lanei","lanei",1,"","",NA,"","",NA,"","",NA,"","","https://powo.science.kew.org/taxon/urn:lsid:ipni.org:names:939599-1","","Y","Accepted","Acacia lanei","Acacia lanei","R.S.Cowan & Maslin","198393","species","https://powo.science.kew.org/taxon/urn:lsid:ipni.org:names:939599-1","","Fabaceae","1","1","wcvp","0",""
"1047","Acacia spongolitica",1,"198394","Acacia spongolitica",1,"species","","",NA,"R.S.Cowan & Maslin","Fabaceae","Acacia","Acacia",1,"spongolitica","spongolitica",1,"","",NA,"","",NA,"","",NA,"","","https://powo.science.kew.org/taxon/urn:lsid:ipni.org:names:939601-1","","Y","Accepted","Acacia spongolitica","Acacia spongolitica","R.S.Cowan & Maslin","198394","species","https://powo.science.kew.org/taxon/urn:lsid:ipni.org:names:939601-1","","Fabaceae","1","1","wcvp","0",""
"1048","Acacia ixiophylla",1,"182691","Acacia ixiophylla",1,"species","","",NA,"Benth.","Fabaceae","Acacia","Acacia",1,"ixiophylla","ixiophylla",1,"","",NA,"","",NA,"","",NA,"","","https://powo.science.kew.org/taxon/urn:lsid:ipni.org:names:470615-1","","Y","Accepted","Acacia ixiophylla","Acacia ixiophylla","Benth.","182691","species","https://powo.science.kew.org/taxon/urn:lsid:ipni.org:names:470615-1","","Fabaceae","1","1","wcvp","0",""
"1049","Acacia trineura",1,"198399","Acacia trineura",1,"species","","",NA,"F.Muell.","Fabaceae","Acacia","Acacia",1,"trineura","trineura",1,"","",NA,"","",NA,"","",NA,"","","https://powo.science.kew.org/taxon/urn:lsid:ipni.org:names:471685-1","","Y","Accepted","Acacia trineura","Acacia trineura","F.Muell.","198399","species","https://powo.science.kew.org/taxon/urn:lsid:ipni.org:names:471685-1","","Fabaceae","1","1","wcvp","0",""
"1050","Acacia redolens",1,"198400","Acacia redolens",1,"species","","",NA,"Maslin","Fabaceae","Acacia","Acacia",1,"redolens","redolens",1,"","",NA,"","",NA,"","",NA,"","","https://powo.science.kew.org/taxon/urn:lsid:ipni.org:names:471301-1","","Y","Accepted","Acacia redolens","Acacia redolens","Maslin","198400","species","https://powo.science.kew.org/taxon/urn:lsid:ipni.org:names:471301-1","","Fabaceae","1","1","wcvp","0",""
"1051","Acacia warramaba",1,"198401","Acacia warramaba",1,"species","","",NA,"Maslin","Fabaceae","Acacia","Acacia",1,"warramaba","warramaba",1,"","",NA,"","",NA,"","",NA,"","","https://powo.science.kew.org/taxon/urn:lsid:ipni.org:names:899073-1","","Y","Accepted","Acacia warramaba","Acacia warramaba","Maslin","198401","species","https://powo.science.kew.org/taxon/urn:lsid:ipni.org:names:899073-1","","Fabaceae","1","1","wcvp","0",""
"1052","Acacia trinervata",1,"198402","Acacia trinervata",1,"species","","",NA,"Sieber ex DC.","Fabaceae","Acacia","Acacia",1,"trinervata","trinervata",1,"","",NA,"","",NA,"","",NA,"","","https://powo.science.kew.org/taxon/urn:lsid:ipni.org:names:471683-1","","Y","Accepted","Acacia trinervata","Acacia trinervata","Sieber ex DC.","198402","species","https://powo.science.kew.org/taxon/urn:lsid:ipni.org:names:471683-1","","Fabaceae","1","1","wcvp","0",""
"1053","Acacia bynoeana",1,"198411","Acacia bynoeana",1,"species","","",NA,"Benth.","Fabaceae","Acacia","Acacia",1,"bynoeana","bynoeana",1,"","",NA,"","",NA,"","",NA,"","","https://powo.science.kew.org/taxon/urn:lsid:ipni.org:names:469901-1","","Y","Accepted","Acacia bynoeana","Acacia bynoeana","Benth.","198411","species","https://powo.science.kew.org/taxon/urn:lsid:ipni.org:names:469901-1","","Fabaceae","1","1","wcvp","0",""
"1054","Acacia venulosa",1,"198413","Acacia venulosa",1,"species","","",NA,"Benth.","Fabaceae","Acacia","Acacia",1,"venulosa","venulosa",1,"","",NA,"","",NA,"","",NA,"","","https://powo.science.kew.org/taxon/urn:lsid:ipni.org:names:471738-1","","Y","Accepted","Acacia venulosa","Acacia venulosa","Benth.","198413","species","https://powo.science.kew.org/taxon/urn:lsid:ipni.org:names:471738-1","","Fabaceae","1","1","wcvp","0",""
"1055","Acacia lanigera",1,"182692","Acacia lanigera",1,"species","","",NA,"A.Cunn.","Fabaceae","Acacia","Acacia",1,"lanigera","lanigera",1,"","",NA,"","",NA,"","",NA,"","","https://powo.science.kew.org/taxon/urn:lsid:ipni.org:names:470686-1","","Y","Accepted","Acacia lanigera","Acacia lanigera","A.Cunn.","182692","species","https://powo.science.kew.org/taxon/urn:lsid:ipni.org:names:470686-1","","Fabaceae","1","1","wcvp","0",""
"1056","Acacia lanigera var. lanigera",1,"198420","Acacia lanigera var. lanigera",1,"variety","","",NA,"","Fabaceae","Acacia","Acacia",1,"lanigera","lanigera",1,"","",NA,"var.","lanigera",1,"","",NA,"","","https://powo.science.kew.org/taxon/urn:lsid:ipni.org:names:69136-3","","Y","Accepted","Acacia lanigera var. lanigera","Acacia lanigera","","198420","variety","https://powo.science.kew.org/taxon/urn:lsid:ipni.org:names:69136-3","","Fabaceae","1","1","wcvp","0",""
"1057","Acacia lanigera var. gracilipes",1,"1348737","Acacia lanigera var. gracilipes",1,"variety","","",NA,"Benth.","Fabaceae","Acacia","Acacia",1,"lanigera","lanigera",1,"","",NA,"var.","gracilipes",1,"","",NA,"","","https://powo.science.kew.org/taxon/urn:lsid:ipni.org:names:69122-3","","Y","Accepted","Acacia lanigera var. gracilipes","Acacia lanigera","Benth.","1348737","variety","https://powo.science.kew.org/taxon/urn:lsid:ipni.org:names:69122-3","","Fabaceae","1","1","wcvp","0",""
"1058","Acacia lanigera var. whanii",1,"1699868","Acacia lanigera var. whanii",1,"variety","","",NA,"(F.Muell. ex Benth.) E.E.Prescott ","Fabaceae","Acacia","Acacia",1,"lanigera","lanigera",1,"","",NA,"var.","whanii",1,"","",NA,"","","https://powo.science.kew.org/taxon/urn:lsid:ipni.org:names:77249171-1","","Y","Accepted","Acacia lanigera var. whanii","Acacia lanigera","(F.Muell. ex Benth.) E.E.Prescott ","1699868","variety","https://powo.science.kew.org/taxon/urn:lsid:ipni.org:names:77249171-1","","Fabaceae","1","1","wcvp","0",""
"1059","Acacia ptychoclada",1,"198423","Acacia ptychoclada",1,"species","","",NA,"Maiden & Blakely","Fabaceae","Acacia","Acacia",1,"ptychoclada","ptychoclada",1,"","",NA,"","",NA,"","",NA,"","","https://powo.science.kew.org/taxon/urn:lsid:ipni.org:names:471248-1","","Y","Accepted","Acacia ptychoclada","Acacia ptychoclada","Maiden & Blakely","198423","species","https://powo.science.kew.org/taxon/urn:lsid:ipni.org:names:471248-1","","Fabaceae","1","1","wcvp","0",""
"1060","Acacia elongata",1,"198424","Acacia elongata",1,"species","","",NA,"Sieber ex DC.","Fabaceae","Acacia","Acacia",1,"elongata","elongata",1,"","",NA,"","",NA,"","",NA,"","","https://powo.science.kew.org/taxon/urn:lsid:ipni.org:names:470244-1","","Y","Accepted","Acacia elongata","Acacia elongata","Sieber ex DC.","198424","species","https://powo.science.kew.org/taxon/urn:lsid:ipni.org:names:470244-1","","Fabaceae","1","1","wcvp","0",""
"1061","Acacia longispinea",1,"198429","Acacia longispinea",1,"species","","",NA,"Morrison","Fabaceae","Acacia","Acacia",1,"longispinea","longispinea",1,"","",NA,"","",NA,"","",NA,"","","https://powo.science.kew.org/taxon/urn:lsid:ipni.org:names:470786-1","","Y","Accepted","Acacia longispinea","Acacia longispinea","Morrison","198429","species","https://powo.science.kew.org/taxon/urn:lsid:ipni.org:names:470786-1","","Fabaceae","1","1","wcvp","0",""
"1062","Acacia speckii",1,"198430","Acacia speckii",1,"species","","",NA,"R.S.Cowan & Maslin","Fabaceae","Acacia","Acacia",1,"speckii","speckii",1,"","",NA,"","",NA,"","",NA,"","","https://powo.science.kew.org/taxon/urn:lsid:ipni.org:names:1008311-1","","Y","Accepted","Acacia speckii","Acacia speckii","R.S.Cowan & Maslin","198430","species","https://powo.science.kew.org/taxon/urn:lsid:ipni.org:names:1008311-1","","Fabaceae","1","1","wcvp","0",""
"1063","Acacia obtecta",1,"198431","Acacia obtecta",1,"species","","",NA,"Maiden & Blakely","Fabaceae","Acacia","Acacia",1,"obtecta","obtecta",1,"","",NA,"","",NA,"","",NA,"","","https://powo.science.kew.org/taxon/urn:lsid:ipni.org:names:471017-1","","Y","Accepted","Acacia obtecta","Acacia obtecta","Maiden & Blakely","198431","species","https://powo.science.kew.org/taxon/urn:lsid:ipni.org:names:471017-1","","Fabaceae","1","1","wcvp","0",""
"1064","Acacia trinalis",1,"198432","Acacia trinalis",1,"species","","",NA,"R.S.Cowan & Maslin","Fabaceae","Acacia","Acacia",1,"trinalis","trinalis",1,"","",NA,"","",NA,"","",NA,"","","https://powo.science.kew.org/taxon/urn:lsid:ipni.org:names:1008301-1","","Y","Accepted","Acacia trinalis","Acacia trinalis","R.S.Cowan & Maslin","198432","species","https://powo.science.kew.org/taxon/urn:lsid:ipni.org:names:1008301-1","","Fabaceae","1","1","wcvp","0",""
"1065","Acacia heteroclita",1,"1041075","Acacia heteroclita",1,"species","","",NA,"Meisn.","Fabaceae","Acacia","Acacia",1,"heteroclita","heteroclita",1,"","",NA,"","",NA,"","",NA,"","","https://powo.science.kew.org/taxon/urn:lsid:ipni.org:names:470517-1","","Y","Accepted","Acacia heteroclita","Acacia heteroclita","Meisn.","1041075","species","https://powo.science.kew.org/taxon/urn:lsid:ipni.org:names:470517-1","","Fabaceae","1","1","wcvp","0",""
"1066","Acacia heteroclita subsp. heteroclita",1,"1386000","Acacia heteroclita subsp. heteroclita",1,"subspecies","","",NA,"","Fabaceae","Acacia","Acacia",1,"heteroclita","heteroclita",1,"","",NA,"subsp.","heteroclita",1,"","",NA,"","","https://powo.science.kew.org/taxon/urn:lsid:ipni.org:names:77214055-1","","Y","Accepted","Acacia heteroclita subsp. heteroclita","Acacia heteroclita","","1386000","subspecies","https://powo.science.kew.org/taxon/urn:lsid:ipni.org:names:77214055-1","","Fabaceae","1","1","wcvp","0",""
"1067","Acacia heteroclita subsp. valida",1,"1368695","Acacia heteroclita subsp. valida",1,"subspecies","","",NA,"R.S.Cowan & Maslin","Fabaceae","Acacia","Acacia",1,"heteroclita","heteroclita",1,"","",NA,"subsp.","valida",1,"","",NA,"","","https://powo.science.kew.org/taxon/urn:lsid:ipni.org:names:1008293-1","","Y","Accepted","Acacia heteroclita subsp. valida","Acacia heteroclita","R.S.Cowan & Maslin","1368695","subspecies","https://powo.science.kew.org/taxon/urn:lsid:ipni.org:names:1008293-1","","Fabaceae","1","1","wcvp","0",""
"1068","Acacia triptycha",1,"198435","Acacia triptycha",1,"species","","",NA,"F.Muell. ex Benth.","Fabaceae","Acacia","Acacia",1,"triptycha","triptycha",1,"","",NA,"","",NA,"","",NA,"","","https://powo.science.kew.org/taxon/urn:lsid:ipni.org:names:471687-1","","Y","Accepted","Acacia triptycha","Acacia triptycha","F.Muell. ex Benth.","198435","species","https://powo.science.kew.org/taxon/urn:lsid:ipni.org:names:471687-1","","Fabaceae","1","1","wcvp","0",""
"1069","Acacia aulacophylla",1,"198436","Acacia aulacophylla",1,"species","","",NA,"R.S.Cowan & Maslin","Fabaceae","Acacia","Acacia",1,"aulacophylla","aulacophylla",1,"","",NA,"","",NA,"","",NA,"","","https://powo.science.kew.org/taxon/urn:lsid:ipni.org:names:991305-1","","Y","Accepted","Acacia aulacophylla","Acacia aulacophylla","R.S.Cowan & Maslin","198436","species","https://powo.science.kew.org/taxon/urn:lsid:ipni.org:names:991305-1","","Fabaceae","1","1","wcvp","0",""
"1070","Acacia assimilis",1,"198437","Acacia assimilis",1,"species","","",NA,"S.Moore","Fabaceae","Acacia","Acacia",1,"assimilis","assimilis",1,"","",NA,"","",NA,"","",NA,"","","https://powo.science.kew.org/taxon/urn:lsid:ipni.org:names:469769-1","","Y","Accepted","Acacia assimilis","Acacia assimilis","S.Moore","198437","species","https://powo.science.kew.org/taxon/urn:lsid:ipni.org:names:469769-1","","Fabaceae","1","1","wcvp","0",""
"1071","Acacia assimilis subsp. assimilis",1,"198438","Acacia assimilis subsp. assimilis",1,"subspecies","","",NA,"","Fabaceae","Acacia","Acacia",1,"assimilis","assimilis",1,"","",NA,"subsp.","assimilis",1,"","",NA,"","","https://powo.science.kew.org/taxon/urn:lsid:ipni.org:names:77214001-1","","Y","Accepted","Acacia assimilis subsp. assimilis","Acacia assimilis","","198438","subspecies","https://powo.science.kew.org/taxon/urn:lsid:ipni.org:names:77214001-1","","Fabaceae","1","1","wcvp","0",""
"1072","Acacia assimilis subsp. atroviridis",1,"1333881","Acacia assimilis subsp. atroviridis",1,"subspecies","","",NA,"R.S.Cowan & Maslin","Fabaceae","Acacia","Acacia",1,"assimilis","assimilis",1,"","",NA,"subsp.","atroviridis",1,"","",NA,"","","https://powo.science.kew.org/taxon/urn:lsid:ipni.org:names:991304-1","","Y","Accepted","Acacia assimilis subsp. atroviridis","Acacia assimilis","R.S.Cowan & Maslin","1333881","subspecies","https://powo.science.kew.org/taxon/urn:lsid:ipni.org:names:991304-1","","Fabaceae","1","1","wcvp","0",""
"1073","Acacia fragilis",1,"198439","Acacia fragilis",1,"species","","",NA,"Maiden & Blakely","Fabaceae","Acacia","Acacia",1,"fragilis","fragilis",1,"","",NA,"","",NA,"","",NA,"","","https://powo.science.kew.org/taxon/urn:lsid:ipni.org:names:470356-1","","Y","Accepted","Acacia fragilis","Acacia fragilis","Maiden & Blakely","198439","species","https://powo.science.kew.org/taxon/urn:lsid:ipni.org:names:470356-1","","Fabaceae","1","1","wcvp","0",""
"1074","Acacia uncinella",1,"198441","Acacia uncinella",1,"species","","",NA,"Benth.","Fabaceae","Acacia","Acacia",1,"uncinella","uncinella",1,"","",NA,"","",NA,"","",NA,"","","https://powo.science.kew.org/taxon/urn:lsid:ipni.org:names:471716-1","","Y","Accepted","Acacia uncinella","Acacia uncinella","Benth.","198441","species","https://powo.science.kew.org/taxon/urn:lsid:ipni.org:names:471716-1","","Fabaceae","1","1","wcvp","0",""
"1075","Acacia ophiolithica",1,"198442","Acacia ophiolithica",1,"species","","",NA,"R.S.Cowan & Maslin","Fabaceae","Acacia","Acacia",1,"ophiolithica","ophiolithica",1,"","",NA,"","",NA,"","",NA,"","","https://powo.science.kew.org/taxon/urn:lsid:ipni.org:names:991307-1","","Y","Accepted","Acacia ophiolithica","Acacia ophiolithica","R.S.Cowan & Maslin","198442","species","https://powo.science.kew.org/taxon/urn:lsid:ipni.org:names:991307-1","","Fabaceae","1","1","wcvp","0",""
"1076","Acacia consanguinea",1,"198445","Acacia consanguinea",1,"species","","",NA,"R.S.Cowan & Maslin","Fabaceae","Acacia","Acacia",1,"consanguinea","consanguinea",1,"","",NA,"","",NA,"","",NA,"","","https://powo.science.kew.org/taxon/urn:lsid:ipni.org:names:991306-1","","Y","Accepted","Acacia consanguinea","Acacia consanguinea","R.S.Cowan & Maslin","198445","species","https://powo.science.kew.org/taxon/urn:lsid:ipni.org:names:991306-1","","Fabaceae","1","1","wcvp","0",""
"1077","Acacia subflexuosa",1,"198446","Acacia subflexuosa",1,"species","","",NA,"Maiden","Fabaceae","Acacia","Acacia",1,"subflexuosa","subflexuosa",1,"","",NA,"","",NA,"","",NA,"","","https://powo.science.kew.org/taxon/urn:lsid:ipni.org:names:471581-1","","Y","Accepted","Acacia subflexuosa","Acacia subflexuosa","Maiden","198446","species","https://powo.science.kew.org/taxon/urn:lsid:ipni.org:names:471581-1","","Fabaceae","1","1","wcvp","0",""
"1078","Acacia subflexuosa subsp. subflexuosa",1,"198447","Acacia subflexuosa subsp. subflexuosa",1,"subspecies","","",NA,"","Fabaceae","Acacia","Acacia",1,"subflexuosa","subflexuosa",1,"","",NA,"subsp.","subflexuosa",1,"","",NA,"","","https://powo.science.kew.org/taxon/urn:lsid:ipni.org:names:77213964-1","","Y","Accepted","Acacia subflexuosa subsp. subflexuosa","Acacia subflexuosa","","198447","subspecies","https://powo.science.kew.org/taxon/urn:lsid:ipni.org:names:77213964-1","","Fabaceae","1","1","wcvp","0",""
"1079","Acacia subflexuosa subsp. capillata",1,"1368717","Acacia subflexuosa subsp. capillata",1,"subspecies","","",NA,"R.S.Cowan & Maslin","Fabaceae","Acacia","Acacia",1,"subflexuosa","subflexuosa",1,"","",NA,"subsp.","capillata",1,"","",NA,"","","https://powo.science.kew.org/taxon/urn:lsid:ipni.org:names:1008300-1","","Y","Accepted","Acacia subflexuosa subsp. capillata","Acacia subflexuosa","R.S.Cowan & Maslin","1368717","subspecies","https://powo.science.kew.org/taxon/urn:lsid:ipni.org:names:1008300-1","","Fabaceae","1","1","wcvp","0",""
"1080","Acacia leptoneura",1,"198448","Acacia leptoneura",1,"species","","",NA,"Benth.","Fabaceae","Acacia","Acacia",1,"leptoneura","leptoneura",1,"","",NA,"","",NA,"","",NA,"","","https://powo.science.kew.org/taxon/urn:lsid:ipni.org:names:470737-1","","Y","Accepted","Acacia leptoneura","Acacia leptoneura","Benth.","198448","species","https://powo.science.kew.org/taxon/urn:lsid:ipni.org:names:470737-1","","Fabaceae","1","1","wcvp","0",""
"1081","Acacia adnata",1,"198449","Acacia adnata",1,"species","","",NA,"F.Muell.","Fabaceae","Acacia","Acacia",1,"adnata","adnata",1,"","",NA,"","",NA,"","",NA,"","","https://powo.science.kew.org/taxon/urn:lsid:ipni.org:names:469657-1","","Y","Accepted","Acacia adnata","Acacia adnata","F.Muell.","198449","species","https://powo.science.kew.org/taxon/urn:lsid:ipni.org:names:469657-1","","Fabaceae","1","1","wcvp","0",""
"1082","Acacia comans",1,"198450","Acacia comans",1,"species","","",NA,"W.Fitzg.","Fabaceae","Acacia","Acacia",1,"comans","comans",1,"","",NA,"","",NA,"","",NA,"","","https://powo.science.kew.org/taxon/urn:lsid:ipni.org:names:470023-1","","Y","Accepted","Acacia comans","Acacia comans","W.Fitzg.","198450","species","https://powo.science.kew.org/taxon/urn:lsid:ipni.org:names:470023-1","","Fabaceae","1","1","wcvp","0",""
"1083","Acacia latipes",1,"198451","Acacia latipes",1,"species","","",NA,"Benth.","Fabaceae","Acacia","Acacia",1,"latipes","latipes",1,"","",NA,"","",NA,"","",NA,"","","https://powo.science.kew.org/taxon/urn:lsid:ipni.org:names:470702-1","","Y","Accepted","Acacia latipes","Acacia latipes","Benth.","198451","species","https://powo.science.kew.org/taxon/urn:lsid:ipni.org:names:470702-1","","Fabaceae","1","1","wcvp","0",""
"1084","Acacia latipes subsp. latipes",1,"198455","Acacia latipes subsp. latipes",1,"subspecies","","",NA,"","Fabaceae","Acacia","Acacia",1,"latipes","latipes",1,"","",NA,"subsp.","latipes",1,"","",NA,"","","https://powo.science.kew.org/taxon/urn:lsid:ipni.org:names:69424-3","","Y","Accepted","Acacia latipes subsp. latipes","Acacia latipes","","198455","subspecies","https://powo.science.kew.org/taxon/urn:lsid:ipni.org:names:69424-3","","Fabaceae","1","1","wcvp","0",""
"1085","Acacia latipes subsp. licina",1,"1368699","Acacia latipes subsp. licina",1,"subspecies","","",NA,"R.S.Cowan & Maslin","Fabaceae","Acacia","Acacia",1,"latipes","latipes",1,"","",NA,"subsp.","licina",1,"","",NA,"","","https://powo.science.kew.org/taxon/urn:lsid:ipni.org:names:1008310-1","","Y","Accepted","Acacia latipes subsp. licina","Acacia latipes","R.S.Cowan & Maslin","1368699","subspecies","https://powo.science.kew.org/taxon/urn:lsid:ipni.org:names:1008310-1","","Fabaceae","1","1","wcvp","0",""
"1086","Acacia cochlearis",1,"198456","Acacia cochlearis",1,"species","","",NA,"(Labill.) H.L.Wendl.","Fabaceae","Acacia","Acacia",1,"cochlearis","cochlearis",1,"","",NA,"","",NA,"","",NA,"","","https://powo.science.kew.org/taxon/urn:lsid:ipni.org:names:470009-1","","Y","Accepted","Acacia cochlearis","Acacia cochlearis","(Labill.) H.L.Wendl.","198456","species","https://powo.science.kew.org/taxon/urn:lsid:ipni.org:names:470009-1","","Fabaceae","1","1","wcvp","0",""
"1087","Acacia benthamii",1,"1041039","Acacia benthamii",1,"species","","",NA,"Meisn.","Fabaceae","Acacia","Acacia",1,"benthamii","benthamii",1,"","",NA,"","",NA,"","",NA,"","","https://powo.science.kew.org/taxon/urn:lsid:ipni.org:names:469825-1","","Y","Accepted","Acacia benthamii","Acacia benthamii","Meisn.","1041039","species","https://powo.science.kew.org/taxon/urn:lsid:ipni.org:names:469825-1","","Fabaceae","1","1","wcvp","0",""
"1088","Acacia nyssophylla",1,"198459","Acacia nyssophylla",1,"species","","",NA,"F.Muell.","Fabaceae","Acacia","Acacia",1,"nyssophylla","nyssophylla",1,"","",NA,"","",NA,"","",NA,"","","https://powo.science.kew.org/taxon/urn:lsid:ipni.org:names:471008-1","","Y","Accepted","Acacia nyssophylla","Acacia nyssophylla","F.Muell.","198459","species","https://powo.science.kew.org/taxon/urn:lsid:ipni.org:names:471008-1","","Fabaceae","1","1","wcvp","0",""
"1089","Acacia colletioides",1,"198463","Acacia colletioides",1,"species","","",NA,"A.Cunn. ex Benth.","Fabaceae","Acacia","Acacia",1,"colletioides","colletioides",1,"","",NA,"","",NA,"","",NA,"","","https://powo.science.kew.org/taxon/urn:lsid:ipni.org:names:470018-1","","Y","Accepted","Acacia colletioides","Acacia colletioides","A.Cunn. ex Benth.","198463","species","https://powo.science.kew.org/taxon/urn:lsid:ipni.org:names:470018-1","","Fabaceae","1","1","wcvp","0",""
"1090","Acacia enterocarpa",1,"198465","Acacia enterocarpa",1,"species","","",NA,"R.V.Sm.","Fabaceae","Acacia","Acacia",1,"enterocarpa","enterocarpa",1,"","",NA,"","",NA,"","",NA,"","","https://powo.science.kew.org/taxon/urn:lsid:ipni.org:names:470252-1","","Y","Accepted","Acacia enterocarpa","Acacia enterocarpa","R.V.Sm.","198465","species","https://powo.science.kew.org/taxon/urn:lsid:ipni.org:names:470252-1","","Fabaceae","1","1","wcvp","0",""
"1091","Acacia hexaneura",1,"1253964","Acacia hexaneura",1,"species","","",NA,"P.J.Lang & R.S.Cowan","Fabaceae","Acacia","Acacia",1,"hexaneura","hexaneura",1,"","",NA,"","",NA,"","",NA,"","","https://powo.science.kew.org/taxon/urn:lsid:ipni.org:names:940650-1","","Y","Accepted","Acacia hexaneura","Acacia hexaneura","P.J.Lang & R.S.Cowan","1253964","species","https://powo.science.kew.org/taxon/urn:lsid:ipni.org:names:940650-1","","Fabaceae","1","1","wcvp","0",""
"1092","Acacia subsessilis",1,"198466","Acacia subsessilis",1,"species","","",NA,"A.R.Chapm. & Maslin","Fabaceae","Acacia","Acacia",1,"subsessilis","subsessilis",1,"","",NA,"","",NA,"","",NA,"","","https://powo.science.kew.org/taxon/urn:lsid:ipni.org:names:1008323-1","","Y","Accepted","Acacia subsessilis","Acacia subsessilis","A.R.Chapm. & Maslin","198466","species","https://powo.science.kew.org/taxon/urn:lsid:ipni.org:names:1008323-1","","Fabaceae","1","1","wcvp","0",""
"1093","Acacia acellerata",1,"198467","Acacia acellerata",1,"species","","",NA,"Maiden & Blakely","Fabaceae","Acacia","Acacia",1,"acellerata","acellerata",1,"","",NA,"","",NA,"","",NA,"","","https://powo.science.kew.org/taxon/urn:lsid:ipni.org:names:469631-1","","Y","Accepted","Acacia acellerata","Acacia acellerata","Maiden & Blakely","198467","species","https://powo.science.kew.org/taxon/urn:lsid:ipni.org:names:469631-1","","Fabaceae","1","1","wcvp","0",""
"1094","Acacia chapmanii",1,"198469","Acacia chapmanii",1,"species","","",NA,"R.S.Cowan & Maslin","Fabaceae","Acacia","Acacia",1,"chapmanii","chapmanii",1,"","",NA,"","",NA,"","",NA,"","","https://powo.science.kew.org/taxon/urn:lsid:ipni.org:names:1008306-1","","Y","Accepted","Acacia chapmanii","Acacia chapmanii","R.S.Cowan & Maslin","198469","species","https://powo.science.kew.org/taxon/urn:lsid:ipni.org:names:1008306-1","","Fabaceae","1","1","wcvp","0",""
"1095","Acacia chapmanii subsp. chapmanii",1,"198471","Acacia chapmanii subsp. chapmanii",1,"subspecies","","",NA,"","Fabaceae","Acacia","Acacia",1,"chapmanii","chapmanii",1,"","",NA,"subsp.","chapmanii",1,"","",NA,"","","https://powo.science.kew.org/taxon/urn:lsid:ipni.org:names:77214056-1","","Y","Accepted","Acacia chapmanii subsp. chapmanii","Acacia chapmanii","","198471","subspecies","https://powo.science.kew.org/taxon/urn:lsid:ipni.org:names:77214056-1","","Fabaceae","1","1","wcvp","0",""
"1096","Acacia chapmanii subsp. australis",1,"1368687","Acacia chapmanii subsp. australis",1,"subspecies","","",NA,"R.S.Cowan & Maslin","Fabaceae","Acacia","Acacia",1,"chapmanii","chapmanii",1,"","",NA,"subsp.","australis",1,"","",NA,"","","https://powo.science.kew.org/taxon/urn:lsid:ipni.org:names:1008307-1","","Y","Accepted","Acacia chapmanii subsp. australis","Acacia chapmanii","R.S.Cowan & Maslin","1368687","subspecies","https://powo.science.kew.org/taxon/urn:lsid:ipni.org:names:1008307-1","","Fabaceae","1","1","wcvp","0",""
"1097","Acacia curvata",1,"198472","Acacia curvata",1,"species","","",NA,"Maslin","Fabaceae","Acacia","Acacia",1,"curvata","curvata",1,"","",NA,"","",NA,"","",NA,"","","https://powo.science.kew.org/taxon/urn:lsid:ipni.org:names:470098-1","","Y","Accepted","Acacia curvata","Acacia curvata","Maslin","198472","species","https://powo.science.kew.org/taxon/urn:lsid:ipni.org:names:470098-1","","Fabaceae","1","1","wcvp","0",""
"1098","Acacia campylophylla",1,"198473","Acacia campylophylla",1,"species","","",NA,"Benth.","Fabaceae","Acacia","Acacia",1,"campylophylla","campylophylla",1,"","",NA,"","",NA,"","",NA,"","","https://powo.science.kew.org/taxon/urn:lsid:ipni.org:names:469931-1","","Y","Accepted","Acacia campylophylla","Acacia campylophylla","Benth.","198473","species","https://powo.science.kew.org/taxon/urn:lsid:ipni.org:names:469931-1","","Fabaceae","1","1","wcvp","0",""
"1099","Acacia wilsonii",1,"198474","Acacia wilsonii",1,"species","","",NA,"R.S.Cowan & Maslin","Fabaceae","Acacia","Acacia",1,"wilsonii","wilsonii",1,"","",NA,"","",NA,"","",NA,"","","https://powo.science.kew.org/taxon/urn:lsid:ipni.org:names:1008304-1","","Y","Accepted","Acacia wilsonii","Acacia wilsonii","R.S.Cowan & Maslin","198474","species","https://powo.science.kew.org/taxon/urn:lsid:ipni.org:names:1008304-1","","Fabaceae","1","1","wcvp","0",""
"1100","Acacia ridleyana",1,"198475","Acacia ridleyana",1,"species","","",NA,"W.Fitzg.","Fabaceae","Acacia","Acacia",1,"ridleyana","ridleyana",1,"","",NA,"","",NA,"","",NA,"","","https://powo.science.kew.org/taxon/urn:lsid:ipni.org:names:471326-1","","Y","Accepted","Acacia ridleyana","Acacia ridleyana","W.Fitzg.","198475","species","https://powo.science.kew.org/taxon/urn:lsid:ipni.org:names:471326-1","","Fabaceae","1","1","wcvp","0",""
"1101","Acacia formidabilis",1,"198477","Acacia formidabilis",1,"species","","",NA,"C.A.Gardner ex R.S.Cowan & Maslin","Fabaceae","Acacia","Acacia",1,"formidabilis","formidabilis",1,"","",NA,"","",NA,"","",NA,"","","https://powo.science.kew.org/taxon/urn:lsid:ipni.org:names:1008309-1","","Y","Accepted","Acacia formidabilis","Acacia formidabilis","C.A.Gardner ex R.S.Cowan & Maslin","198477","species","https://powo.science.kew.org/taxon/urn:lsid:ipni.org:names:1008309-1","","Fabaceae","1","1","wcvp","0",""
"1102","Acacia resinistipulea",1,"198478","Acacia resinistipulea",1,"species","","",NA,"W.Fitzg.","Fabaceae","Acacia","Acacia",1,"resinistipulea","resinistipulea",1,"","",NA,"","",NA,"","",NA,"","","https://powo.science.kew.org/taxon/urn:lsid:ipni.org:names:471308-1","","Y","Accepted","Acacia resinistipulea","Acacia resinistipulea","W.Fitzg.","198478","species","https://powo.science.kew.org/taxon/urn:lsid:ipni.org:names:471308-1","","Fabaceae","1","1","wcvp","0",""
"1103","Acacia obesa",1,"1254133","Acacia obesa",1,"species","","",NA,"R.S.Cowan & Maslin","Fabaceae","Acacia","Acacia",1,"obesa","obesa",1,"","",NA,"","",NA,"","",NA,"","","https://powo.science.kew.org/taxon/urn:lsid:ipni.org:names:991309-1","","Y","Accepted","Acacia obesa","Acacia obesa","R.S.Cowan & Maslin","1254133","species","https://powo.science.kew.org/taxon/urn:lsid:ipni.org:names:991309-1","","Fabaceae","1","1","wcvp","0",""
"1104","Acacia nivea",1,"198481","Acacia nivea",1,"species","","",NA,"R.S.Cowan & Maslin","Fabaceae","Acacia","Acacia",1,"nivea","nivea",1,"","",NA,"","",NA,"","",NA,"","","https://powo.science.kew.org/taxon/urn:lsid:ipni.org:names:991308-1","","Y","Accepted","Acacia nivea","Acacia nivea","R.S.Cowan & Maslin","198481","species","https://powo.science.kew.org/taxon/urn:lsid:ipni.org:names:991308-1","","Fabaceae","1","1","wcvp","0",""
"1105","Acacia dielsii",1,"198482","Acacia dielsii",1,"species","","",NA,"E.Pritz.","Fabaceae","Acacia","Acacia",1,"dielsii","dielsii",1,"","",NA,"","",NA,"","",NA,"","","https://powo.science.kew.org/taxon/urn:lsid:ipni.org:names:470172-1","","Y","Accepted","Acacia dielsii","Acacia dielsii","E.Pritz.","198482","species","https://powo.science.kew.org/taxon/urn:lsid:ipni.org:names:470172-1","","Fabaceae","1","1","wcvp","0",""
"1106","Acacia mimica",1,"198484","Acacia mimica",1,"species","","",NA,"R.S.Cowan & Maslin","Fabaceae","Acacia","Acacia",1,"mimica","mimica",1,"","",NA,"","",NA,"","",NA,"","","https://powo.science.kew.org/taxon/urn:lsid:ipni.org:names:939605-1","","Y","Accepted","Acacia mimica","Acacia mimica","R.S.Cowan & Maslin","198484","species","https://powo.science.kew.org/taxon/urn:lsid:ipni.org:names:939605-1","","Fabaceae","1","1","wcvp","0",""
"1107","Acacia mimica var. mimica",1,"198485","Acacia mimica var. mimica",1,"variety","","",NA,"","Fabaceae","Acacia","Acacia",1,"mimica","mimica",1,"","",NA,"var.","mimica",1,"","",NA,"","","https://powo.science.kew.org/taxon/urn:lsid:ipni.org:names:168592-3","","Y","Accepted","Acacia mimica var. mimica","Acacia mimica","","198485","variety","https://powo.science.kew.org/taxon/urn:lsid:ipni.org:names:168592-3","","Fabaceae","1","1","wcvp","0",""
"1108","Acacia mimica var. angusta",1,"1369321","Acacia mimica var. angusta",1,"variety","","",NA,"R.S.Cowan & Maslin","Fabaceae","Acacia","Acacia",1,"mimica","mimica",1,"","",NA,"var.","angusta",1,"","",NA,"","","https://powo.science.kew.org/taxon/urn:lsid:ipni.org:names:951535-1","","Y","Accepted","Acacia mimica var. angusta","Acacia mimica","R.S.Cowan & Maslin","1369321","variety","https://powo.science.kew.org/taxon/urn:lsid:ipni.org:names:951535-1","","Fabaceae","1","1","wcvp","0",""
"1109","Acacia inceana",1,"198486","Acacia inceana",1,"species","","",NA,"Domin","Fabaceae","Acacia","Acacia",1,"inceana","inceana",1,"","",NA,"","",NA,"","",NA,"","","https://powo.science.kew.org/taxon/urn:lsid:ipni.org:names:470584-1","","Y","Accepted","Acacia inceana","Acacia inceana","Domin","198486","species","https://powo.science.kew.org/taxon/urn:lsid:ipni.org:names:470584-1","","Fabaceae","1","1","wcvp","0",""
"1110","Acacia inceana subsp. inceana",1,"198489","Acacia inceana subsp. inceana",1,"subspecies","","",NA,"","Fabaceae","Acacia","Acacia",1,"inceana","inceana",1,"","",NA,"subsp.","inceana",1,"","",NA,"","","https://powo.science.kew.org/taxon/urn:lsid:ipni.org:names:77214049-1","","Y","Accepted","Acacia inceana subsp. inceana","Acacia inceana","","198489","subspecies","https://powo.science.kew.org/taxon/urn:lsid:ipni.org:names:77214049-1","","Fabaceae","1","1","wcvp","0",""
"1111","Acacia inceana subsp. conformis",1,"1333880","Acacia inceana subsp. conformis",1,"subspecies","","",NA,"R.S.Cowan & Maslin","Fabaceae","Acacia","Acacia",1,"inceana","inceana",1,"","",NA,"subsp.","conformis",1,"","",NA,"","","https://powo.science.kew.org/taxon/urn:lsid:ipni.org:names:991302-1","","Y","Accepted","Acacia inceana subsp. conformis","Acacia inceana","R.S.Cowan & Maslin","1333880","subspecies","https://powo.science.kew.org/taxon/urn:lsid:ipni.org:names:991302-1","","Fabaceae","1","1","wcvp","0",""
"1112","Acacia enervia",1,"198490","Acacia enervia",1,"species","","",NA,"Maiden & Blakely","Fabaceae","Acacia","Acacia",1,"enervia","enervia",1,"","",NA,"","",NA,"","",NA,"","","https://powo.science.kew.org/taxon/urn:lsid:ipni.org:names:470249-1","","Y","Accepted","Acacia enervia","Acacia enervia","Maiden & Blakely","198490","species","https://powo.science.kew.org/taxon/urn:lsid:ipni.org:names:470249-1","","Fabaceae","1","1","wcvp","0",""
"1113","Acacia enervia subsp. enervia",1,"198491","Acacia enervia subsp. enervia",1,"subspecies","","",NA,"","Fabaceae","Acacia","Acacia",1,"enervia","enervia",1,"","",NA,"subsp.","enervia",1,"","",NA,"","","https://powo.science.kew.org/taxon/urn:lsid:ipni.org:names:77213965-1","","Y","Accepted","Acacia enervia subsp. enervia","Acacia enervia","","198491","subspecies","https://powo.science.kew.org/taxon/urn:lsid:ipni.org:names:77213965-1","","Fabaceae","1","1","wcvp","0",""
"1114","Acacia enervia subsp. explicata",1,"1333879","Acacia enervia subsp. explicata",1,"subspecies","","",NA,"R.S.Cowan & Maslin","Fabaceae","Acacia","Acacia",1,"enervia","enervia",1,"","",NA,"subsp.","explicata",1,"","",NA,"","","https://powo.science.kew.org/taxon/urn:lsid:ipni.org:names:991301-1","","Y","Accepted","Acacia enervia subsp. explicata","Acacia enervia","R.S.Cowan & Maslin","1333879","subspecies","https://powo.science.kew.org/taxon/urn:lsid:ipni.org:names:991301-1","","Fabaceae","1","1","wcvp","0",""
"1115","Acacia unguicula",1,"198492","Acacia unguicula",1,"species","","",NA,"R.S.Cowan & Maslin","Fabaceae","Acacia","Acacia",1,"unguicula","unguicula",1,"","",NA,"","",NA,"","",NA,"","","https://powo.science.kew.org/taxon/urn:lsid:ipni.org:names:939608-1","","Y","Accepted","Acacia unguicula","Acacia unguicula","R.S.Cowan & Maslin","198492","species","https://powo.science.kew.org/taxon/urn:lsid:ipni.org:names:939608-1","","Fabaceae","1","1","wcvp","0",""
"1116","Acacia lineolata",1,"1041092","Acacia lineolata",1,"species","","",NA,"Benth.","Fabaceae","Acacia","Acacia",1,"lineolata","lineolata",1,"","",NA,"","",NA,"","",NA,"","","https://powo.science.kew.org/taxon/urn:lsid:ipni.org:names:470771-1","","Y","Accepted","Acacia lineolata","Acacia lineolata","Benth.","1041092","species","https://powo.science.kew.org/taxon/urn:lsid:ipni.org:names:470771-1","","Fabaceae","1","1","wcvp","0",""
"1117","Acacia lineolata subsp. lineolata",1,"198493","Acacia lineolata subsp. lineolata",1,"subspecies","","",NA,"","Fabaceae","Acacia","Acacia",1,"lineolata","lineolata",1,"","",NA,"subsp.","lineolata",1,"","",NA,"","","https://powo.science.kew.org/taxon/urn:lsid:ipni.org:names:77213998-1","","Y","Accepted","Acacia lineolata subsp. lineolata","Acacia lineolata","","198493","subspecies","https://powo.science.kew.org/taxon/urn:lsid:ipni.org:names:77213998-1","","Fabaceae","1","1","wcvp","0",""
"1118","Acacia lineolata subsp. multilineata",1,"198494","Acacia lineolata subsp. multilineata",1,"subspecies","","",NA,"(W.Fitzg.) R.S.Cowan & Maslin","Fabaceae","Acacia","Acacia",1,"lineolata","lineolata",1,"","",NA,"subsp.","multilineata",1,"","",NA,"","","https://powo.science.kew.org/taxon/urn:lsid:ipni.org:names:991303-1","","Y","Accepted","Acacia lineolata subsp. multilineata","Acacia lineolata","(W.Fitzg.) R.S.Cowan & Maslin","198494","subspecies","https://powo.science.kew.org/taxon/urn:lsid:ipni.org:names:991303-1","","Fabaceae","1","1","wcvp","0",""
"1119","Acacia whibleyana",1,"198497","Acacia whibleyana",1,"species","","",NA,"R.S.Cowan & Maslin","Fabaceae","Acacia","Acacia",1,"whibleyana","whibleyana",1,"","",NA,"","",NA,"","",NA,"","","https://powo.science.kew.org/taxon/urn:lsid:ipni.org:names:991300-1","","Y","Accepted","Acacia whibleyana","Acacia whibleyana","R.S.Cowan & Maslin","198497","species","https://powo.science.kew.org/taxon/urn:lsid:ipni.org:names:991300-1","","Fabaceae","1","1","wcvp","0",""
"1120","Acacia ancistrophylla",1,"198498","Acacia ancistrophylla",1,"species","","",NA,"C.R.P.Andrews","Fabaceae","Acacia","Acacia",1,"ancistrophylla","ancistrophylla",1,"","",NA,"","",NA,"","",NA,"","","https://powo.science.kew.org/taxon/urn:lsid:ipni.org:names:469710-1","","Y","Accepted","Acacia ancistrophylla","Acacia ancistrophylla","C.R.P.Andrews","198498","species","https://powo.science.kew.org/taxon/urn:lsid:ipni.org:names:469710-1","","Fabaceae","1","1","wcvp","0",""
"1121","Acacia ancistrophylla var. ancistrophylla",1,"198499","Acacia ancistrophylla var. ancistrophylla",1,"variety","","",NA,"","Fabaceae","Acacia","Acacia",1,"ancistrophylla","ancistrophylla",1,"","",NA,"var.","ancistrophylla",1,"","",NA,"","","https://powo.science.kew.org/taxon/urn:lsid:ipni.org:names:77214030-1","","Y","Accepted","Acacia ancistrophylla var. ancistrophylla","Acacia ancistrophylla","","198499","variety","https://powo.science.kew.org/taxon/urn:lsid:ipni.org:names:77214030-1","","Fabaceae","1","1","wcvp","0",""
"1122","Acacia ancistrophylla var. lissophylla",1,"198500","Acacia ancistrophylla var. lissophylla",1,"variety","","",NA,"(J.M.Black) R.S.Cowan & Maslin","Fabaceae","Acacia","Acacia",1,"ancistrophylla","ancistrophylla",1,"","",NA,"var.","lissophylla",1,"","",NA,"","","https://powo.science.kew.org/taxon/urn:lsid:ipni.org:names:77249577-1","","Y","Accepted","Acacia ancistrophylla var. lissophylla","Acacia ancistrophylla","(J.M.Black) R.S.Cowan & Maslin","198500","variety","https://powo.science.kew.org/taxon/urn:lsid:ipni.org:names:77249577-1","","Fabaceae","1","1","wcvp","0",""
"1123","Acacia ancistrophylla var. perarcuata",1,"1356999","Acacia ancistrophylla var. perarcuata",1,"variety","","",NA,"R.S.Cowan & Maslin","Fabaceae","Acacia","Acacia",1,"ancistrophylla","ancistrophylla",1,"","",NA,"var.","perarcuata",1,"","",NA,"","","https://powo.science.kew.org/taxon/urn:lsid:ipni.org:names:991299-1","","Y","Accepted","Acacia ancistrophylla var. perarcuata","Acacia ancistrophylla","R.S.Cowan & Maslin","1356999","variety","https://powo.science.kew.org/taxon/urn:lsid:ipni.org:names:991299-1","","Fabaceae","1","1","wcvp","0",""
"1124","Acacia amyctica",1,"198502","Acacia amyctica",1,"species","","",NA,"R.S.Cowan & Maslin","Fabaceae","Acacia","Acacia",1,"amyctica","amyctica",1,"","",NA,"","",NA,"","",NA,"","","https://powo.science.kew.org/taxon/urn:lsid:ipni.org:names:991298-1","","Y","Accepted","Acacia amyctica","Acacia amyctica","R.S.Cowan & Maslin","198502","species","https://powo.science.kew.org/taxon/urn:lsid:ipni.org:names:991298-1","","Fabaceae","1","1","wcvp","0",""
"1125","Acacia hadrophylla",1,"198503","Acacia hadrophylla",1,"species","","",NA,"R.S.Cowan & Maslin","Fabaceae","Acacia","Acacia",1,"hadrophylla","hadrophylla",1,"","",NA,"","",NA,"","",NA,"","","https://powo.science.kew.org/taxon/urn:lsid:ipni.org:names:991294-1","","Y","Accepted","Acacia hadrophylla","Acacia hadrophylla","R.S.Cowan & Maslin","198503","species","https://powo.science.kew.org/taxon/urn:lsid:ipni.org:names:991294-1","","Fabaceae","1","1","wcvp","0",""
"1126","Acacia undosa",1,"198504","Acacia undosa",1,"species","","",NA,"R.S.Cowan & Maslin","Fabaceae","Acacia","Acacia",1,"undosa","undosa",1,"","",NA,"","",NA,"","",NA,"","","https://powo.science.kew.org/taxon/urn:lsid:ipni.org:names:991297-1","","Y","Accepted","Acacia undosa","Acacia undosa","R.S.Cowan & Maslin","198504","species","https://powo.science.kew.org/taxon/urn:lsid:ipni.org:names:991297-1","","Fabaceae","1","1","wcvp","0",""
"1127","Acacia dissona",1,"198506","Acacia dissona",1,"species","","",NA,"R.S.Cowan & Maslin","Fabaceae","Acacia","Acacia",1,"dissona","dissona",1,"","",NA,"","",NA,"","",NA,"","","https://powo.science.kew.org/taxon/urn:lsid:ipni.org:names:991292-1","","Y","Accepted","Acacia dissona","Acacia dissona","R.S.Cowan & Maslin","198506","species","https://powo.science.kew.org/taxon/urn:lsid:ipni.org:names:991292-1","","Fabaceae","1","1","wcvp","0",""
"1128","Acacia dissona var. dissona",1,"198507","Acacia dissona var. dissona",1,"variety","","",NA,"","Fabaceae","Acacia","Acacia",1,"dissona","dissona",1,"","",NA,"var.","dissona",1,"","",NA,"","","https://powo.science.kew.org/taxon/urn:lsid:ipni.org:names:77214058-1","","Y","Accepted","Acacia dissona var. dissona","Acacia dissona","","198507","variety","https://powo.science.kew.org/taxon/urn:lsid:ipni.org:names:77214058-1","","Fabaceae","1","1","wcvp","0",""
"1129","Acacia dissona var. indoloria",1,"1356998","Acacia dissona var. indoloria",1,"variety","","",NA,"R.S.Cowan & Maslin","Fabaceae","Acacia","Acacia",1,"dissona","dissona",1,"","",NA,"var.","indoloria",1,"","",NA,"","","https://powo.science.kew.org/taxon/urn:lsid:ipni.org:names:991293-1","","Y","Accepted","Acacia dissona var. indoloria","Acacia dissona","R.S.Cowan & Maslin","1356998","variety","https://powo.science.kew.org/taxon/urn:lsid:ipni.org:names:991293-1","","Fabaceae","1","1","wcvp","0",""
"1130","Acacia mackeyana",1,"198508","Acacia mackeyana",1,"species","","",NA,"Ewart & Jean White","Fabaceae","Acacia","Acacia",1,"mackeyana","mackeyana",1,"","",NA,"","",NA,"","",NA,"","","https://powo.science.kew.org/taxon/urn:lsid:ipni.org:names:470817-1","","Y","Accepted","Acacia mackeyana","Acacia mackeyana","Ewart & Jean White","198508","species","https://powo.science.kew.org/taxon/urn:lsid:ipni.org:names:470817-1","","Fabaceae","1","1","wcvp","0",""
"1131","Acacia kalgoorliensis",1,"198511","Acacia kalgoorliensis",1,"species","","",NA,"R.S.Cowan & Maslin","Fabaceae","Acacia","Acacia",1,"kalgoorliensis","kalgoorliensis",1,"","",NA,"","",NA,"","",NA,"","","https://powo.science.kew.org/taxon/urn:lsid:ipni.org:names:991295-1","","Y","Accepted","Acacia kalgoorliensis","Acacia kalgoorliensis","R.S.Cowan & Maslin","198511","species","https://powo.science.kew.org/taxon/urn:lsid:ipni.org:names:991295-1","","Fabaceae","1","1","wcvp","0",""
"1132","Acacia densiflora",1,"198512","Acacia densiflora",1,"species","","",NA,"Morrison","Fabaceae","Acacia","Acacia",1,"densiflora","densiflora",1,"","",NA,"","",NA,"","",NA,"","","https://powo.science.kew.org/taxon/urn:lsid:ipni.org:names:470151-1","","Y","Accepted","Acacia densiflora","Acacia densiflora","Morrison","198512","species","https://powo.science.kew.org/taxon/urn:lsid:ipni.org:names:470151-1","","Fabaceae","1","1","wcvp","0",""
"1133","Acacia eremophila",1,"198513","Acacia eremophila",1,"species","","",NA,"W.Fitzg.","Fabaceae","Acacia","Acacia",1,"eremophila","eremophila",1,"","",NA,"","",NA,"","",NA,"","","https://powo.science.kew.org/taxon/urn:lsid:ipni.org:names:470258-1","","Y","Accepted","Acacia eremophila","Acacia eremophila","W.Fitzg.","198513","species","https://powo.science.kew.org/taxon/urn:lsid:ipni.org:names:470258-1","","Fabaceae","1","1","wcvp","0",""
"1134","Acacia eremophila var. eremophila",1,"198516","Acacia eremophila var. eremophila",1,"variety","","",NA,"","Fabaceae","Acacia","Acacia",1,"eremophila","eremophila",1,"","",NA,"var.","eremophila",1,"","",NA,"","","https://powo.science.kew.org/taxon/urn:lsid:ipni.org:names:64538-3","","Y","Accepted","Acacia eremophila var. eremophila","Acacia eremophila","","198516","variety","https://powo.science.kew.org/taxon/urn:lsid:ipni.org:names:64538-3","","Fabaceae","1","1","wcvp","0",""
"1135","Acacia eremophila var. variabilis",1,"1348630","Acacia eremophila var. variabilis",1,"variety","","",NA,"Maiden & Blakely","Fabaceae","Acacia","Acacia",1,"eremophila","eremophila",1,"","",NA,"var.","variabilis",1,"","",NA,"","","https://powo.science.kew.org/taxon/urn:lsid:ipni.org:names:64542-3","","Y","Accepted","Acacia eremophila var. variabilis","Acacia eremophila","Maiden & Blakely","1348630","variety","https://powo.science.kew.org/taxon/urn:lsid:ipni.org:names:64542-3","","Fabaceae","1","1","wcvp","0",""
"1136","Acacia papulosa",1,"198517","Acacia papulosa",1,"species","","",NA,"R.S.Cowan & Maslin","Fabaceae","Acacia","Acacia",1,"papulosa","papulosa",1,"","",NA,"","",NA,"","",NA,"","","https://powo.science.kew.org/taxon/urn:lsid:ipni.org:names:991296-1","","Y","Accepted","Acacia papulosa","Acacia papulosa","R.S.Cowan & Maslin","198517","species","https://powo.science.kew.org/taxon/urn:lsid:ipni.org:names:991296-1","","Fabaceae","1","1","wcvp","0",""
"1137","Acacia balsamea",1,"198518","Acacia balsamea",1,"species","","",NA,"R.S.Cowan & Maslin","Fabaceae","Acacia","Acacia",1,"balsamea","balsamea",1,"","",NA,"","",NA,"","",NA,"","","https://powo.science.kew.org/taxon/urn:lsid:ipni.org:names:1008289-1","","Y","Accepted","Acacia balsamea","Acacia balsamea","R.S.Cowan & Maslin","198518","species","https://powo.science.kew.org/taxon/urn:lsid:ipni.org:names:1008289-1","","Fabaceae","1","1","wcvp","0",""
"1138","Acacia resinosa",1,"198519","Acacia resinosa",1,"species","","",NA,"R.S.Cowan & Maslin","Fabaceae","Acacia","Acacia",1,"resinosa","resinosa",1,"","",NA,"","",NA,"","",NA,"","","https://powo.science.kew.org/taxon/urn:lsid:ipni.org:names:1008298-1","","Y","Accepted","Acacia resinosa","Acacia resinosa","R.S.Cowan & Maslin","198519","species","https://powo.science.kew.org/taxon/urn:lsid:ipni.org:names:1008298-1","","Fabaceae","1","1","wcvp","0",""
"1139","Acacia oswaldii",1,"182700","Acacia oswaldii",1,"species","","",NA,"F.Muell.","Fabaceae","Acacia","Acacia",1,"oswaldii","oswaldii",1,"","",NA,"","",NA,"","",NA,"","","https://powo.science.kew.org/taxon/urn:lsid:ipni.org:names:471050-1","","Y","Accepted","Acacia oswaldii","Acacia oswaldii","F.Muell.","182700","species","https://powo.science.kew.org/taxon/urn:lsid:ipni.org:names:471050-1","","Fabaceae","1","1","wcvp","0",""
"1140","Acacia masliniana",1,"198526","Acacia masliniana",1,"species","","",NA,"R.S.Cowan","Fabaceae","Acacia","Acacia",1,"masliniana","masliniana",1,"","",NA,"","",NA,"","",NA,"","","https://powo.science.kew.org/taxon/urn:lsid:ipni.org:names:972742-1","","Y","Accepted","Acacia masliniana","Acacia masliniana","R.S.Cowan","198526","species","https://powo.science.kew.org/taxon/urn:lsid:ipni.org:names:972742-1","","Fabaceae","1","1","wcvp","0",""
"1141","Acacia havilandiorum",1,"184053","Acacia havilandiorum",1,"species","","",NA,"Maiden","Fabaceae","Acacia","Acacia",1,"havilandiorum","havilandiorum",1,"","",NA,"","",NA,"","",NA,"","","https://powo.science.kew.org/taxon/urn:lsid:ipni.org:names:470500-1","","Y","Accepted","Acacia havilandiorum","Acacia havilandiorum","Maiden","184053","species","https://powo.science.kew.org/taxon/urn:lsid:ipni.org:names:470500-1","","Fabaceae","1","1","wcvp","0",""
"1142","Acacia roycei",1,"198528","Acacia roycei",1,"species","","",NA,"Maslin","Fabaceae","Acacia","Acacia",1,"roycei","roycei",1,"","",NA,"","",NA,"","",NA,"","","https://powo.science.kew.org/taxon/urn:lsid:ipni.org:names:471357-1","","Y","Accepted","Acacia roycei","Acacia roycei","Maslin","198528","species","https://powo.science.kew.org/taxon/urn:lsid:ipni.org:names:471357-1","","Fabaceae","1","1","wcvp","0",""
"1143","Acacia rigens",1,"182706","Acacia rigens",1,"species","","",NA,"A.Cunn. ex G.Don","Fabaceae","Acacia","Acacia",1,"rigens","rigens",1,"","",NA,"","",NA,"","",NA,"","","https://powo.science.kew.org/taxon/urn:lsid:ipni.org:names:471327-1","","Y","Accepted","Acacia rigens","Acacia rigens","A.Cunn. ex G.Don","182706","species","https://powo.science.kew.org/taxon/urn:lsid:ipni.org:names:471327-1","","Fabaceae","1","1","wcvp","0",""
"1144","Acacia argyrotricha",1,"198531","Acacia argyrotricha",1,"species","","",NA,"Pedley","Fabaceae","Acacia","Acacia",1,"argyrotricha","argyrotricha",1,"","",NA,"","",NA,"","",NA,"","","https://powo.science.kew.org/taxon/urn:lsid:ipni.org:names:1007208-1","","Y","Accepted","Acacia argyrotricha","Acacia argyrotricha","Pedley","198531","species","https://powo.science.kew.org/taxon/urn:lsid:ipni.org:names:1007208-1","","Fabaceae","1","1","wcvp","0",""
"1145","Acacia donaldsonii",1,"198532","Acacia donaldsonii",1,"species","","",NA,"R.S.Cowan & Maslin","Fabaceae","Acacia","Acacia",1,"donaldsonii","donaldsonii",1,"","",NA,"","",NA,"","",NA,"","","https://powo.science.kew.org/taxon/urn:lsid:ipni.org:names:1008308-1","","Y","Accepted","Acacia donaldsonii","Acacia donaldsonii","R.S.Cowan & Maslin","198532","species","https://powo.science.kew.org/taxon/urn:lsid:ipni.org:names:1008308-1","","Fabaceae","1","1","wcvp","0",""
"1146","Acacia gilesiana",1,"198533","Acacia gilesiana",1,"species","","",NA,"F.Muell.","Fabaceae","Acacia","Acacia",1,"gilesiana","gilesiana",1,"","",NA,"","",NA,"","",NA,"","","https://powo.science.kew.org/taxon/urn:lsid:ipni.org:names:470396-1","","Y","Accepted","Acacia gilesiana","Acacia gilesiana","F.Muell.","198533","species","https://powo.science.kew.org/taxon/urn:lsid:ipni.org:names:470396-1","","Fabaceae","1","1","wcvp","0",""
"1147","Acacia eremaea",1,"198534","Acacia eremaea",1,"species","","",NA,"C.R.P.Andrews","Fabaceae","Acacia","Acacia",1,"eremaea","eremaea",1,"","",NA,"","",NA,"","",NA,"","","https://powo.science.kew.org/taxon/urn:lsid:ipni.org:names:470255-1","","Y","Accepted","Acacia eremaea","Acacia eremaea","C.R.P.Andrews","198534","species","https://powo.science.kew.org/taxon/urn:lsid:ipni.org:names:470255-1","","Fabaceae","1","1","wcvp","0",""
"1148","Acacia galeata",1,"198535","Acacia galeata",1,"species","","",NA,"Maslin","Fabaceae","Acacia","Acacia",1,"galeata","galeata",1,"","",NA,"","",NA,"","",NA,"","","https://powo.science.kew.org/taxon/urn:lsid:ipni.org:names:901323-1","","Y","Accepted","Acacia galeata","Acacia galeata","Maslin","198535","species","https://powo.science.kew.org/taxon/urn:lsid:ipni.org:names:901323-1","","Fabaceae","1","1","wcvp","0",""
"1149","Acacia stenophylla",1,"182709","Acacia stenophylla",1,"species","","",NA,"A.Cunn. ex Benth.","Fabaceae","Acacia","Acacia",1,"stenophylla","stenophylla",1,"","",NA,"","",NA,"","",NA,"","","https://powo.science.kew.org/taxon/urn:lsid:ipni.org:names:471543-1","","Y","Accepted","Acacia stenophylla","Acacia stenophylla","A.Cunn. ex Benth.","182709","species","https://powo.science.kew.org/taxon/urn:lsid:ipni.org:names:471543-1","","Fabaceae","1","1","wcvp","0",""
"1150","Acacia coriacea",1,"198540","Acacia coriacea",1,"species","","",NA,"DC.","Fabaceae","Acacia","Acacia",1,"coriacea","coriacea",1,"","",NA,"","",NA,"","",NA,"","","https://powo.science.kew.org/taxon/urn:lsid:ipni.org:names:470054-1","","Y","Accepted","Acacia coriacea","Acacia coriacea","DC.","198540","species","https://powo.science.kew.org/taxon/urn:lsid:ipni.org:names:470054-1","","Fabaceae","1","1","wcvp","0",""
"1151","Acacia coriacea subsp. coriacea",1,"198542","Acacia coriacea subsp. coriacea",1,"subspecies","","",NA,"","Fabaceae","Acacia","Acacia",1,"coriacea","coriacea",1,"","",NA,"subsp.","coriacea",1,"","",NA,"","","https://powo.science.kew.org/taxon/urn:lsid:ipni.org:names:61751-3","","Y","Accepted","Acacia coriacea subsp. coriacea","Acacia coriacea","","198542","subspecies","https://powo.science.kew.org/taxon/urn:lsid:ipni.org:names:61751-3","","Fabaceae","1","1","wcvp","0",""
"1152","Acacia coriacea subsp. pendens",1,"1333504","Acacia coriacea subsp. pendens",1,"subspecies","","",NA,"R.S.Cowan & Maslin","Fabaceae","Acacia","Acacia",1,"coriacea","coriacea",1,"","",NA,"subsp.","pendens",1,"","",NA,"","","https://powo.science.kew.org/taxon/urn:lsid:ipni.org:names:972743-1","","Y","Accepted","Acacia coriacea subsp. pendens","Acacia coriacea","R.S.Cowan & Maslin","1333504","subspecies","https://powo.science.kew.org/taxon/urn:lsid:ipni.org:names:972743-1","","Fabaceae","1","1","wcvp","0",""
"1153","Acacia coriacea subsp. sericophylla",1,"1614293","Acacia coriacea subsp. sericophylla",1,"subspecies","","",NA,"(F.Muell.) R.S.Cowan & Maslin","Fabaceae","Acacia","Acacia",1,"coriacea","coriacea",1,"","",NA,"subsp.","sericophylla",1,"","",NA,"","","https://powo.science.kew.org/taxon/urn:lsid:ipni.org:names:972744-1","","Y","Synonym","Acacia sericophylla","Acacia sericophylla","F.Muell.","1041118","species","https://powo.science.kew.org/taxon/urn:lsid:ipni.org:names:471450-1","","Fabaceae","1","1","wcvp","0",""
"1154","Acacia sibilans",1,"198545","Acacia sibilans",1,"species","","",NA,"Maslin","Fabaceae","Acacia","Acacia",1,"sibilans","sibilans",1,"","",NA,"","",NA,"","",NA,"","","https://powo.science.kew.org/taxon/urn:lsid:ipni.org:names:901328-1","","Y","Accepted","Acacia sibilans","Acacia sibilans","Maslin","198545","species","https://powo.science.kew.org/taxon/urn:lsid:ipni.org:names:901328-1","","Fabaceae","1","1","wcvp","0",""
"1155","Acacia auripila",1,"198547","Acacia auripila",1,"species","","",NA,"R.S.Cowan & Maslin","Fabaceae","Acacia","Acacia",1,"auripila","auripila",1,"","",NA,"","",NA,"","",NA,"","","https://powo.science.kew.org/taxon/urn:lsid:ipni.org:names:1008288-1","","Y","Accepted","Acacia auripila","Acacia auripila","R.S.Cowan & Maslin","198547","species","https://powo.science.kew.org/taxon/urn:lsid:ipni.org:names:1008288-1","","Fabaceae","1","1","wcvp","0",""
"1156","Acacia loderi",1,"198548","Acacia loderi",1,"species","","",NA,"Maiden","Fabaceae","Acacia","Acacia",1,"loderi","loderi",1,"","",NA,"","",NA,"","",NA,"","","https://powo.science.kew.org/taxon/urn:lsid:ipni.org:names:470778-1","","Y","Accepted","Acacia loderi","Acacia loderi","Maiden","198548","species","https://powo.science.kew.org/taxon/urn:lsid:ipni.org:names:470778-1","","Fabaceae","1","1","wcvp","0",""
"1157","Acacia papyrocarpa",1,"198549","Acacia papyrocarpa",1,"species","","",NA,"Benth.","Fabaceae","Acacia","Acacia",1,"papyrocarpa","papyrocarpa",1,"","",NA,"","",NA,"","",NA,"","","https://powo.science.kew.org/taxon/urn:lsid:ipni.org:names:471078-1","","Y","Accepted","Acacia papyrocarpa","Acacia papyrocarpa","Benth.","198549","species","https://powo.science.kew.org/taxon/urn:lsid:ipni.org:names:471078-1","","Fabaceae","1","1","wcvp","0",""
"1158","Acacia microcephala",1,"1488048","Acacia microcephala",1,"species","","",NA,"Macfad.","Fabaceae","Acacia","Acacia",1,"microcephala","microcephala",1,"","",NA,"","",NA,"","",NA,"","","https://powo.science.kew.org/taxon/urn:lsid:ipni.org:names:470897-1","","Y","Synonym","Vachellia macracantha","Vachellia macracantha","(Humb. & Bonpl. ex Willd.) Seigler & Ebinger","1260394","species","https://powo.science.kew.org/taxon/urn:lsid:ipni.org:names:60441223-2","","Fabaceae","1","4","wcvp","4","[HigherTaxa]"
"1159","Acacia microsperma",1,"198553","Acacia microsperma",1,"species","","",NA,"Pedley","Fabaceae","Acacia","Acacia",1,"microsperma","microsperma",1,"","",NA,"","",NA,"","",NA,"","","https://powo.science.kew.org/taxon/urn:lsid:ipni.org:names:470902-1","","Y","Accepted","Acacia microsperma","Acacia microsperma","Pedley","198553","species","https://powo.science.kew.org/taxon/urn:lsid:ipni.org:names:470902-1","","Fabaceae","1","1","wcvp","0",""
"1160","Acacia pendula",1,"204322","Acacia pendula",1,"species","","",NA,"A.Cunn. ex G.Don","Fabaceae","Acacia","Acacia",1,"pendula","pendula",1,"","",NA,"","",NA,"","",NA,"","","https://powo.science.kew.org/taxon/urn:lsid:ipni.org:names:471106-1","","Y","Accepted","Acacia pendula","Acacia pendula","A.Cunn. ex G.Don","204322","species","https://powo.science.kew.org/taxon/urn:lsid:ipni.org:names:471106-1","","Fabaceae","1","1","wcvp","0",""
"1161","Acacia omalophylla",1,"198556","Acacia omalophylla",1,"species","","",NA,"A.Cunn. ex Benth.","Fabaceae","Acacia","Acacia",1,"omalophylla","omalophylla",1,"","",NA,"","",NA,"","",NA,"","","https://powo.science.kew.org/taxon/urn:lsid:ipni.org:names:471036-1","","Y","Accepted","Acacia omalophylla","Acacia omalophylla","A.Cunn. ex Benth.","198556","species","https://powo.science.kew.org/taxon/urn:lsid:ipni.org:names:471036-1","","Fabaceae","1","1","wcvp","0",""
"1162","Acacia melvillei",1,"198558","Acacia melvillei",1,"species","","",NA,"Pedley","Fabaceae","Acacia","Acacia",1,"melvillei","melvillei",1,"","",NA,"","",NA,"","",NA,"","","https://powo.science.kew.org/taxon/urn:lsid:ipni.org:names:470877-1","","Y","Accepted","Acacia melvillei","Acacia melvillei","Pedley","198558","species","https://powo.science.kew.org/taxon/urn:lsid:ipni.org:names:470877-1","","Fabaceae","1","1","wcvp","0",""
"1163","Acacia maranoensis",1,"198561","Acacia maranoensis",1,"species","","",NA,"Pedley","Fabaceae","Acacia","Acacia",1,"maranoensis","maranoensis",1,"","",NA,"","",NA,"","",NA,"","","https://powo.science.kew.org/taxon/urn:lsid:ipni.org:names:470841-1","","Y","Accepted","Acacia maranoensis","Acacia maranoensis","Pedley","198561","species","https://powo.science.kew.org/taxon/urn:lsid:ipni.org:names:470841-1","","Fabaceae","1","1","wcvp","0",""
"1164","Acacia maconochieana",1,"198563","Acacia maconochieana",1,"species","","",NA,"Pedley","Fabaceae","Acacia","Acacia",1,"maconochieana","maconochieana",1,"","",NA,"","",NA,"","",NA,"","","https://powo.science.kew.org/taxon/urn:lsid:ipni.org:names:930692-1","","Y","Accepted","Acacia maconochieana","Acacia maconochieana","Pedley","198563","species","https://powo.science.kew.org/taxon/urn:lsid:ipni.org:names:930692-1","","Fabaceae","1","1","wcvp","0",""
"1165","Acacia tephrina",1,"198564","Acacia tephrina",1,"species","","",NA,"Pedley","Fabaceae","Acacia","Acacia",1,"tephrina","tephrina",1,"","",NA,"","",NA,"","",NA,"","","https://powo.science.kew.org/taxon/urn:lsid:ipni.org:names:896831-1","","Y","Accepted","Acacia tephrina","Acacia tephrina","Pedley","198564","species","https://powo.science.kew.org/taxon/urn:lsid:ipni.org:names:896831-1","","Fabaceae","1","1","wcvp","0",""
"1166","Acacia cana",1,"198566","Acacia cana",1,"species","","",NA,"Maiden","Fabaceae","Acacia","Acacia",1,"cana","cana",1,"","",NA,"","",NA,"","",NA,"","","https://powo.science.kew.org/taxon/urn:lsid:ipni.org:names:469932-1","","Y","Accepted","Acacia cana","Acacia cana","Maiden","198566","species","https://powo.science.kew.org/taxon/urn:lsid:ipni.org:names:469932-1","","Fabaceae","1","1","wcvp","0",""
"1167","Acacia latzii",1,"198569","Acacia latzii",1,"species","","",NA,"Maslin","Fabaceae","Acacia","Acacia",1,"latzii","latzii",1,"","",NA,"","",NA,"","",NA,"","","https://powo.science.kew.org/taxon/urn:lsid:ipni.org:names:470709-1","","Y","Accepted","Acacia latzii","Acacia latzii","Maslin","198569","species","https://powo.science.kew.org/taxon/urn:lsid:ipni.org:names:470709-1","","Fabaceae","1","1","wcvp","0",""
"1168","Acacia calcicola",1,"198570","Acacia calcicola",1,"species","","",NA,"Forde & Ising","Fabaceae","Acacia","Acacia",1,"calcicola","calcicola",1,"","",NA,"","",NA,"","",NA,"","","https://powo.science.kew.org/taxon/urn:lsid:ipni.org:names:469913-1","","Y","Accepted","Acacia calcicola","Acacia calcicola","Forde & Ising","198570","species","https://powo.science.kew.org/taxon/urn:lsid:ipni.org:names:469913-1","","Fabaceae","1","1","wcvp","0",""
"1169","Acacia ammophila",1,"198572","Acacia ammophila",1,"species","","",NA,"Pedley","Fabaceae","Acacia","Acacia",1,"ammophila","ammophila",1,"","",NA,"","",NA,"","",NA,"","","https://powo.science.kew.org/taxon/urn:lsid:ipni.org:names:469698-1","","Y","Accepted","Acacia ammophila","Acacia ammophila","Pedley","198572","species","https://powo.science.kew.org/taxon/urn:lsid:ipni.org:names:469698-1","","Fabaceae","1","1","wcvp","0",""
"1170","Acacia georginae",1,"1042532","Acacia georginae",1,"species","","",NA,"F.M.Bailey","Fabaceae","Acacia","Acacia",1,"georginae","georginae",1,"","",NA,"","",NA,"","",NA,"","","https://powo.science.kew.org/taxon/urn:lsid:ipni.org:names:470392-1","","Y","Accepted","Acacia georginae","Acacia georginae","F.M.Bailey","1042532","species","https://powo.science.kew.org/taxon/urn:lsid:ipni.org:names:470392-1","","Fabaceae","1","1","wcvp","0",""
"1171","Acacia cambagei",1,"198576","Acacia cambagei",1,"species","","",NA,"R.T.Baker","Fabaceae","Acacia","Acacia",1,"cambagei","cambagei",1,"","",NA,"","",NA,"","",NA,"","","https://powo.science.kew.org/taxon/urn:lsid:ipni.org:names:469924-1","","Y","Accepted","Acacia cambagei","Acacia cambagei","R.T.Baker","198576","species","https://powo.science.kew.org/taxon/urn:lsid:ipni.org:names:469924-1","","Fabaceae","1","1","wcvp","0",""
"1172","Acacia harpophylla",1,"183694","Acacia harpophylla",1,"species","","",NA,"F.Muell. ex Benth.","Fabaceae","Acacia","Acacia",1,"harpophylla","harpophylla",1,"","",NA,"","",NA,"","",NA,"","","https://powo.science.kew.org/taxon/urn:lsid:ipni.org:names:470495-1","","Y","Accepted","Acacia harpophylla","Acacia harpophylla","F.Muell. ex Benth.","183694","species","https://powo.science.kew.org/taxon/urn:lsid:ipni.org:names:470495-1","","Fabaceae","1","1","wcvp","0",""
"1173","Acacia argyrodendron",1,"198579","Acacia argyrodendron",1,"species","","",NA,"Domin","Fabaceae","Acacia","Acacia",1,"argyrodendron","argyrodendron",1,"","",NA,"","",NA,"","",NA,"","","https://powo.science.kew.org/taxon/urn:lsid:ipni.org:names:469748-1","","Y","Accepted","Acacia argyrodendron","Acacia argyrodendron","Domin","198579","species","https://powo.science.kew.org/taxon/urn:lsid:ipni.org:names:469748-1","","Fabaceae","1","1","wcvp","0",""
"1174","Acacia arafurica",1,"198581","Acacia arafurica",1,"species","","",NA,"Tindale & Kodela","Fabaceae","Acacia","Acacia",1,"arafurica","arafurica",1,"","",NA,"","",NA,"","",NA,"","","https://powo.science.kew.org/taxon/urn:lsid:ipni.org:names:968166-1","","Y","Accepted","Acacia arafurica","Acacia arafurica","Tindale & Kodela","198581","species","https://powo.science.kew.org/taxon/urn:lsid:ipni.org:names:968166-1","","Fabaceae","1","1","wcvp","0",""
"1175","Acacia sublanata",1,"198582","Acacia sublanata",1,"species","","",NA,"Benth.","Fabaceae","Acacia","Acacia",1,"sublanata","sublanata",1,"","",NA,"","",NA,"","",NA,"","","https://powo.science.kew.org/taxon/urn:lsid:ipni.org:names:471584-1","","Y","Accepted","Acacia sublanata","Acacia sublanata","Benth.","198582","species","https://powo.science.kew.org/taxon/urn:lsid:ipni.org:names:471584-1","","Fabaceae","1","1","wcvp","0",""
"1176","Acacia vincentii",1,"198586","Acacia vincentii",1,"species","","",NA,"R.S.Cowan & Maslin","Fabaceae","Acacia","Acacia",1,"vincentii","vincentii",1,"","",NA,"","",NA,"","",NA,"","","https://powo.science.kew.org/taxon/urn:lsid:ipni.org:names:939603-1","","Y","Accepted","Acacia vincentii","Acacia vincentii","R.S.Cowan & Maslin","198586","species","https://powo.science.kew.org/taxon/urn:lsid:ipni.org:names:939603-1","","Fabaceae","1","1","wcvp","0",""
"1177","Acacia stipulosa",1,"198587","Acacia stipulosa",1,"species","","",NA,"F.Muell.","Fabaceae","Acacia","Acacia",1,"stipulosa","stipulosa",1,"","",NA,"","",NA,"","",NA,"","","https://powo.science.kew.org/taxon/urn:lsid:ipni.org:names:471553-1","","Y","Accepted","Acacia stipulosa","Acacia stipulosa","F.Muell.","198587","species","https://powo.science.kew.org/taxon/urn:lsid:ipni.org:names:471553-1","","Fabaceae","1","1","wcvp","0",""
"1178","Acacia froggattii",1,"198589","Acacia froggattii",1,"species","","",NA,"Maiden","Fabaceae","Acacia","Acacia",1,"froggattii","froggattii",1,"","",NA,"","",NA,"","",NA,"","","https://powo.science.kew.org/taxon/urn:lsid:ipni.org:names:470361-1","","Y","Accepted","Acacia froggattii","Acacia froggattii","Maiden","198589","species","https://powo.science.kew.org/taxon/urn:lsid:ipni.org:names:470361-1","","Fabaceae","1","1","wcvp","0",""
"1179","Acacia deltoidea",1,"198591","Acacia deltoidea",1,"species","","",NA,"A.Cunn. ex G.Don","Fabaceae","Acacia","Acacia",1,"deltoidea","deltoidea",1,"","",NA,"","",NA,"","",NA,"","","https://powo.science.kew.org/taxon/urn:lsid:ipni.org:names:470147-1","","Y","Accepted","Acacia deltoidea","Acacia deltoidea","A.Cunn. ex G.Don","198591","species","https://powo.science.kew.org/taxon/urn:lsid:ipni.org:names:470147-1","","Fabaceae","1","1","wcvp","0",""
"1180","Acacia deltoidea subsp. deltoidea",1,"198593","Acacia deltoidea subsp. deltoidea",1,"subspecies","","",NA,"","Fabaceae","Acacia","Acacia",1,"deltoidea","deltoidea",1,"","",NA,"subsp.","deltoidea",1,"","",NA,"","","https://powo.science.kew.org/taxon/urn:lsid:ipni.org:names:63002-3","","Y","Accepted","Acacia deltoidea subsp. deltoidea","Acacia deltoidea","","198593","subspecies","https://powo.science.kew.org/taxon/urn:lsid:ipni.org:names:63002-3","","Fabaceae","1","1","wcvp","0",""
"1181","Acacia deltoidea subsp. ampla",1,"1368692","Acacia deltoidea subsp. ampla",1,"subspecies","","",NA,"R.S.Cowan & Maslin","Fabaceae","Acacia","Acacia",1,"deltoidea","deltoidea",1,"","",NA,"subsp.","ampla",1,"","",NA,"","","https://powo.science.kew.org/taxon/urn:lsid:ipni.org:names:951534-1","","Y","Accepted","Acacia deltoidea subsp. ampla","Acacia deltoidea","R.S.Cowan & Maslin","1368692","subspecies","https://powo.science.kew.org/taxon/urn:lsid:ipni.org:names:951534-1","","Fabaceae","1","1","wcvp","0",""
"1182","Acacia adenogonia",1,"198594","Acacia adenogonia",1,"species","","",NA,"(Pedley) R.S.Cowan & Maslin","Fabaceae","Acacia","Acacia",1,"adenogonia","adenogonia",1,"","",NA,"","",NA,"","",NA,"","","https://powo.science.kew.org/taxon/urn:lsid:ipni.org:names:947900-1","","Y","Accepted","Acacia adenogonia","Acacia adenogonia","(Pedley) R.S.Cowan & Maslin","198594","species","https://powo.science.kew.org/taxon/urn:lsid:ipni.org:names:947900-1","","Fabaceae","1","1","wcvp","0",""
"1183","Acacia tenuior",1,"198597","Acacia tenuior",1,"species","","",NA,"Maiden","Fabaceae","Acacia","Acacia",1,"tenuior","tenuior",1,"","",NA,"","",NA,"","",NA,"","","https://powo.science.kew.org/taxon/urn:lsid:ipni.org:names:471637-1","","Y","Accepted","Acacia tenuior","Acacia tenuior","Maiden","198597","species","https://powo.science.kew.org/taxon/urn:lsid:ipni.org:names:471637-1","","Fabaceae","1","1","wcvp","0",""
"1184","Acacia dolichophylla",1,"198598","Acacia dolichophylla",1,"species","","",NA,"Maslin","Fabaceae","Acacia","Acacia",1,"dolichophylla","dolichophylla",1,"","",NA,"","",NA,"","",NA,"","","https://powo.science.kew.org/taxon/urn:lsid:ipni.org:names:470202-1","","Y","Accepted","Acacia dolichophylla","Acacia dolichophylla","Maslin","198598","species","https://powo.science.kew.org/taxon/urn:lsid:ipni.org:names:470202-1","","Fabaceae","1","1","wcvp","0",""
"1185","Acacia estrophiolata",1,"198599","Acacia estrophiolata",1,"species","","",NA,"F.Muell.","Fabaceae","Acacia","Acacia",1,"estrophiolata","estrophiolata",1,"","",NA,"","",NA,"","",NA,"","","https://powo.science.kew.org/taxon/urn:lsid:ipni.org:names:470280-1","","Y","Accepted","Acacia estrophiolata","Acacia estrophiolata","F.Muell.","198599","species","https://powo.science.kew.org/taxon/urn:lsid:ipni.org:names:470280-1","","Fabaceae","1","1","wcvp","0",""
"1186","Acacia excelsa",1,"182665","Acacia excelsa",1,"species","","",NA,"Benth.","Fabaceae","Acacia","Acacia",1,"excelsa","excelsa",1,"","",NA,"","",NA,"","",NA,"","","https://powo.science.kew.org/taxon/urn:lsid:ipni.org:names:470288-1","","Y","Accepted","Acacia excelsa","Acacia excelsa","Benth.","182665","species","https://powo.science.kew.org/taxon/urn:lsid:ipni.org:names:470288-1","","Fabaceae","1","1","wcvp","0",""
"1187","Acacia excelsa subsp. excelsa",1,"198608","Acacia excelsa subsp. excelsa",1,"subspecies","","",NA,"","Fabaceae","Acacia","Acacia",1,"excelsa","excelsa",1,"","",NA,"subsp.","excelsa",1,"","",NA,"","","https://powo.science.kew.org/taxon/urn:lsid:ipni.org:names:77213979-1","","Y","Accepted","Acacia excelsa subsp. excelsa","Acacia excelsa","","198608","subspecies","https://powo.science.kew.org/taxon/urn:lsid:ipni.org:names:77213979-1","","Fabaceae","1","1","wcvp","0",""
"1188","Acacia excelsa subsp. angusta",1,"198610","Acacia excelsa subsp. angusta",1,"subspecies","","",NA,"Pedley","Fabaceae","Acacia","Acacia",1,"excelsa","excelsa",1,"","",NA,"subsp.","angusta",1,"","",NA,"","","https://powo.science.kew.org/taxon/urn:lsid:ipni.org:names:884529-1","","Y","Accepted","Acacia excelsa subsp. angusta","Acacia excelsa","Pedley","198610","subspecies","https://powo.science.kew.org/taxon/urn:lsid:ipni.org:names:884529-1","","Fabaceae","1","1","wcvp","0",""
"1189","Acacia johannis",1,"198612","Acacia johannis",1,"species","","",NA,"Pedley","Fabaceae","Acacia","Acacia",1,"johannis","johannis",1,"","",NA,"","",NA,"","",NA,"","","https://powo.science.kew.org/taxon/urn:lsid:ipni.org:names:1007209-1","","Y","Accepted","Acacia johannis","Acacia johannis","Pedley","198612","species","https://powo.science.kew.org/taxon/urn:lsid:ipni.org:names:1007209-1","","Fabaceae","1","1","wcvp","0",""
"1190","Acacia armillata",1,"198614","Acacia armillata",1,"species","","",NA,"(Pedley) Pedley","Fabaceae","Acacia","Acacia",1,"armillata","armillata",1,"","",NA,"","",NA,"","",NA,"","","https://powo.science.kew.org/taxon/urn:lsid:ipni.org:names:948157-1","","Y","Accepted","Acacia armillata","Acacia armillata","(Pedley) Pedley","198614","species","https://powo.science.kew.org/taxon/urn:lsid:ipni.org:names:948157-1","","Fabaceae","1","1","wcvp","0",""
"1191","Acacia legnota",1,"198615","Acacia legnota",1,"species","","",NA,"Pedley","Fabaceae","Acacia","Acacia",1,"legnota","legnota",1,"","",NA,"","",NA,"","",NA,"","","https://powo.science.kew.org/taxon/urn:lsid:ipni.org:names:470718-1","","Y","Accepted","Acacia legnota","Acacia legnota","Pedley","198615","species","https://powo.science.kew.org/taxon/urn:lsid:ipni.org:names:470718-1","","Fabaceae","1","1","wcvp","0",""
"1192","Acacia hylonoma",1,"198617","Acacia hylonoma",1,"species","","",NA,"Pedley","Fabaceae","Acacia","Acacia",1,"hylonoma","hylonoma",1,"","",NA,"","",NA,"","",NA,"","","https://powo.science.kew.org/taxon/urn:lsid:ipni.org:names:470567-1","","Y","Accepted","Acacia hylonoma","Acacia hylonoma","Pedley","198617","species","https://powo.science.kew.org/taxon/urn:lsid:ipni.org:names:470567-1","","Fabaceae","1","1","wcvp","0",""
"1193","Acacia racospermoides",1,"198619","Acacia racospermoides",1,"species","","",NA,"Pedley","Fabaceae","Acacia","Acacia",1,"racospermoides","racospermoides",1,"","",NA,"","",NA,"","",NA,"","","https://powo.science.kew.org/taxon/urn:lsid:ipni.org:names:941294-1","","Y","Accepted","Acacia racospermoides","Acacia racospermoides","Pedley","198619","species","https://powo.science.kew.org/taxon/urn:lsid:ipni.org:names:941294-1","","Fabaceae","1","1","wcvp","0",""
"1194","Acacia homaloclada",1,"198620","Acacia homaloclada",1,"species","","",NA,"F.Muell.","Fabaceae","Acacia","Acacia",1,"homaloclada","homaloclada",1,"","",NA,"","",NA,"","",NA,"","","https://powo.science.kew.org/taxon/urn:lsid:ipni.org:names:470541-1","","Y","Accepted","Acacia homaloclada","Acacia homaloclada","F.Muell.","198620","species","https://powo.science.kew.org/taxon/urn:lsid:ipni.org:names:470541-1","","Fabaceae","1","1","wcvp","0",""
"1195","Acacia ommatosperma",1,"198623","Acacia ommatosperma",1,"species","","",NA,"(Pedley) Pedley","Fabaceae","Acacia","Acacia",1,"ommatosperma","ommatosperma",1,"","",NA,"","",NA,"","",NA,"","","https://powo.science.kew.org/taxon/urn:lsid:ipni.org:names:948159-1","","Y","Accepted","Acacia ommatosperma","Acacia ommatosperma","(Pedley) Pedley","198623","species","https://powo.science.kew.org/taxon/urn:lsid:ipni.org:names:948159-1","","Fabaceae","1","1","wcvp","0",""
"1196","Acacia fleckeri",1,"198624","Acacia fleckeri",1,"species","","",NA,"Pedley","Fabaceae","Acacia","Acacia",1,"fleckeri","fleckeri",1,"","",NA,"","",NA,"","",NA,"","","https://powo.science.kew.org/taxon/urn:lsid:ipni.org:names:470339-1","","Y","Accepted","Acacia fleckeri","Acacia fleckeri","Pedley","198624","species","https://powo.science.kew.org/taxon/urn:lsid:ipni.org:names:470339-1","","Fabaceae","1","1","wcvp","0",""
"1197","Acacia complanata",1,"182664","Acacia complanata",1,"species","","",NA,"A.Cunn. ex Benth.","Fabaceae","Acacia","Acacia",1,"complanata","complanata",1,"","",NA,"","",NA,"","",NA,"","","https://powo.science.kew.org/taxon/urn:lsid:ipni.org:names:470028-1","","Y","Accepted","Acacia complanata","Acacia complanata","A.Cunn. ex Benth.","182664","species","https://powo.science.kew.org/taxon/urn:lsid:ipni.org:names:470028-1","","Fabaceae","1","1","wcvp","0",""
"1198","Acacia ramiflora",1,"198628","Acacia ramiflora",1,"species","","",NA,"Domin","Fabaceae","Acacia","Acacia",1,"ramiflora","ramiflora",1,"","",NA,"","",NA,"","",NA,"","","https://powo.science.kew.org/taxon/urn:lsid:ipni.org:names:471291-1","","Y","Accepted","Acacia ramiflora","Acacia ramiflora","Domin","198628","species","https://powo.science.kew.org/taxon/urn:lsid:ipni.org:names:471291-1","","Fabaceae","1","1","wcvp","0",""
"1199","Acacia simsii",1,"198630","Acacia simsii",1,"species","","",NA,"A.Cunn. ex Benth.","Fabaceae","Acacia","Acacia",1,"simsii","simsii",1,"","",NA,"","",NA,"","",NA,"","","https://powo.science.kew.org/taxon/urn:lsid:ipni.org:names:471485-1","","Y","Accepted","Acacia simsii","Acacia simsii","A.Cunn. ex Benth.","198630","species","https://powo.science.kew.org/taxon/urn:lsid:ipni.org:names:471485-1","","Fabaceae","1","1","wcvp","0",""
"1200","Acacia multisiliqua",1,"198634","Acacia multisiliqua",1,"species","","",NA,"(Benth.) Maconochie","Fabaceae","Acacia","Acacia",1,"multisiliqua","multisiliqua",1,"","",NA,"","",NA,"","",NA,"","","https://powo.science.kew.org/taxon/urn:lsid:ipni.org:names:470949-1","","Y","Accepted","Acacia multisiliqua","Acacia multisiliqua","(Benth.) Maconochie","198634","species","https://powo.science.kew.org/taxon/urn:lsid:ipni.org:names:470949-1","","Fabaceae","1","1","wcvp","0",""
"1201","Acacia cyclops",1,"189123","Acacia cyclops",1,"species","","",NA,"A.Cunn. ex G.Don","Fabaceae","Acacia","Acacia",1,"cyclops","cyclops",1,"","",NA,"","",NA,"","",NA,"","","https://powo.science.kew.org/taxon/urn:lsid:ipni.org:names:470108-1","","Y","Accepted","Acacia cyclops","Acacia cyclops","A.Cunn. ex G.Don","189123","species","https://powo.science.kew.org/taxon/urn:lsid:ipni.org:names:470108-1","","Fabaceae","1","1","wcvp","0",""
"1202","Acacia oraria",1,"198639","Acacia oraria",1,"species","","",NA,"F.Muell.","Fabaceae","Acacia","Acacia",1,"oraria","oraria",1,"","",NA,"","",NA,"","",NA,"","","https://powo.science.kew.org/taxon/urn:lsid:ipni.org:names:471039-1","","Y","Accepted","Acacia oraria","Acacia oraria","F.Muell.","198639","species","https://powo.science.kew.org/taxon/urn:lsid:ipni.org:names:471039-1","","Fabaceae","1","1","wcvp","0",""
"1203","Acacia frigescens",1,"198644","Acacia frigescens",1,"species","","",NA,"J.H.Willis","Fabaceae","Acacia","Acacia",1,"frigescens","frigescens",1,"","",NA,"","",NA,"","",NA,"","","https://powo.science.kew.org/taxon/urn:lsid:ipni.org:names:470360-1","","Y","Accepted","Acacia frigescens","Acacia frigescens","J.H.Willis","198644","species","https://powo.science.kew.org/taxon/urn:lsid:ipni.org:names:470360-1","","Fabaceae","1","1","wcvp","0",""
"1204","Acacia melanoxylon",1,"200107","Acacia melanoxylon",1,"species","","",NA,"R.Br.","Fabaceae","Acacia","Acacia",1,"melanoxylon","melanoxylon",1,"","",NA,"","",NA,"","",NA,"","","https://powo.science.kew.org/taxon/urn:lsid:ipni.org:names:470873-1","","Y","Accepted","Acacia melanoxylon","Acacia melanoxylon","R.Br.","200107","species","https://powo.science.kew.org/taxon/urn:lsid:ipni.org:names:470873-1","","Fabaceae","1","1","wcvp","0",""
"1205","Acacia implexa",1,"189710","Acacia implexa",1,"species","","",NA,"Benth.","Fabaceae","Acacia","Acacia",1,"implexa","implexa",1,"","",NA,"","",NA,"","",NA,"","","https://powo.science.kew.org/taxon/urn:lsid:ipni.org:names:470576-1","","Y","Accepted","Acacia implexa","Acacia implexa","Benth.","189710","species","https://powo.science.kew.org/taxon/urn:lsid:ipni.org:names:470576-1","","Fabaceae","1","1","wcvp","0",""
"1206","Acacia hemignosta",1,"198652","Acacia hemignosta",1,"species","","",NA,"F.Muell.","Fabaceae","Acacia","Acacia",1,"hemignosta","hemignosta",1,"","",NA,"","",NA,"","",NA,"","","https://powo.science.kew.org/taxon/urn:lsid:ipni.org:names:470508-1","","Y","Accepted","Acacia hemignosta","Acacia hemignosta","F.Muell.","198652","species","https://powo.science.kew.org/taxon/urn:lsid:ipni.org:names:470508-1","","Fabaceae","1","1","wcvp","0",""
"1207","Acacia amanda",1,"198656","Acacia amanda",1,"species","","",NA,"G.J.Leach","Fabaceae","Acacia","Acacia",1,"amanda","amanda",1,"","",NA,"","",NA,"","",NA,"","","https://powo.science.kew.org/taxon/urn:lsid:ipni.org:names:20001392-1","","Y","Accepted","Acacia amanda","Acacia amanda","G.J.Leach","198656","species","https://powo.science.kew.org/taxon/urn:lsid:ipni.org:names:20001392-1","","Fabaceae","1","1","wcvp","0",""
"1208","Acacia anaticeps",1,"198657","Acacia anaticeps",1,"species","","",NA,"Tindale","Fabaceae","Acacia","Acacia",1,"anaticeps","anaticeps",1,"","",NA,"","",NA,"","",NA,"","","https://powo.science.kew.org/taxon/urn:lsid:ipni.org:names:469705-1","","Y","Accepted","Acacia anaticeps","Acacia anaticeps","Tindale","198657","species","https://powo.science.kew.org/taxon/urn:lsid:ipni.org:names:469705-1","","Fabaceae","1","1","wcvp","0",""
"1209","Acacia auricoma",1,"198658","Acacia auricoma",1,"species","","",NA,"Maslin","Fabaceae","Acacia","Acacia",1,"auricoma","auricoma",1,"","",NA,"","",NA,"","",NA,"","","https://powo.science.kew.org/taxon/urn:lsid:ipni.org:names:469783-1","","Y","Accepted","Acacia auricoma","Acacia auricoma","Maslin","198658","species","https://powo.science.kew.org/taxon/urn:lsid:ipni.org:names:469783-1","","Fabaceae","1","1","wcvp","0",""
"1210","Acacia retivenea",1,"198659","Acacia retivenea",1,"species","","",NA,"F.Muell.","Fabaceae","Acacia","Acacia",1,"retivenea","retivenea",1,"","",NA,"","",NA,"","",NA,"","","https://powo.science.kew.org/taxon/urn:lsid:ipni.org:names:471314-1","","Y","Accepted","Acacia retivenea","Acacia retivenea","F.Muell.","198659","species","https://powo.science.kew.org/taxon/urn:lsid:ipni.org:names:471314-1","","Fabaceae","1","1","wcvp","0",""
"1211","Acacia retivenea subsp. retivenea",1,"198661","Acacia retivenea subsp. retivenea",1,"subspecies","","",NA,"","Fabaceae","Acacia","Acacia",1,"retivenea","retivenea",1,"","",NA,"subsp.","retivenea",1,"","",NA,"","","https://powo.science.kew.org/taxon/urn:lsid:ipni.org:names:77214035-1","","Y","Accepted","Acacia retivenea subsp. retivenea","Acacia retivenea","","198661","subspecies","https://powo.science.kew.org/taxon/urn:lsid:ipni.org:names:77214035-1","","Fabaceae","1","1","wcvp","0",""
"1212","Acacia retivenea subsp. clandestina",1,"1368712","Acacia retivenea subsp. clandestina",1,"subspecies","","",NA,"R.S.Cowan & Maslin","Fabaceae","Acacia","Acacia",1,"retivenea","retivenea",1,"","",NA,"subsp.","clandestina",1,"","",NA,"","","https://powo.science.kew.org/taxon/urn:lsid:ipni.org:names:981021-1","","Y","Accepted","Acacia retivenea subsp. clandestina","Acacia retivenea","R.S.Cowan & Maslin","1368712","subspecies","https://powo.science.kew.org/taxon/urn:lsid:ipni.org:names:981021-1","","Fabaceae","1","1","wcvp","0",""
"1213","Acacia flavescens",1,"182687","Acacia flavescens",1,"species","","",NA,"A.Cunn. ex Benth.","Fabaceae","Acacia","Acacia",1,"flavescens","flavescens",1,"","",NA,"","",NA,"","",NA,"","","https://powo.science.kew.org/taxon/urn:lsid:ipni.org:names:470337-1","","Y","Accepted","Acacia flavescens","Acacia flavescens","A.Cunn. ex Benth.","182687","species","https://powo.science.kew.org/taxon/urn:lsid:ipni.org:names:470337-1","","Fabaceae","1","1","wcvp","0",""
"1214","Acacia leptoloba",1,"198666","Acacia leptoloba",1,"species","","",NA,"Pedley","Fabaceae","Acacia","Acacia",1,"leptoloba","leptoloba",1,"","",NA,"","",NA,"","",NA,"","","https://powo.science.kew.org/taxon/urn:lsid:ipni.org:names:470736-1","","Y","Accepted","Acacia leptoloba","Acacia leptoloba","Pedley","198666","species","https://powo.science.kew.org/taxon/urn:lsid:ipni.org:names:470736-1","","Fabaceae","1","1","wcvp","0",""
"1215","Acacia platycarpa",1,"198668","Acacia platycarpa",1,"species","","",NA,"F.Muell.","Fabaceae","Acacia","Acacia",1,"platycarpa","platycarpa",1,"","",NA,"","",NA,"","",NA,"","","https://powo.science.kew.org/taxon/urn:lsid:ipni.org:names:471164-1","","Y","Accepted","Acacia platycarpa","Acacia platycarpa","F.Muell.","198668","species","https://powo.science.kew.org/taxon/urn:lsid:ipni.org:names:471164-1","","Fabaceae","1","1","wcvp","0",""
"1216","Acacia sericata",1,"198671","Acacia sericata",1,"species","","",NA,"A.Cunn. ex Benth.","Fabaceae","Acacia","Acacia",1,"sericata","sericata",1,"","",NA,"","",NA,"","",NA,"","","https://powo.science.kew.org/taxon/urn:lsid:ipni.org:names:471444-1","","Y","Accepted","Acacia sericata","Acacia sericata","A.Cunn. ex Benth.","198671","species","https://powo.science.kew.org/taxon/urn:lsid:ipni.org:names:471444-1","","Fabaceae","1","1","wcvp","0",""
"1217","Acacia tolmerensis",1,"198672","Acacia tolmerensis",1,"species","","",NA,"G.J.Leach","Fabaceae","Acacia","Acacia",1,"tolmerensis","tolmerensis",1,"","",NA,"","",NA,"","",NA,"","","https://powo.science.kew.org/taxon/urn:lsid:ipni.org:names:978105-1","","Y","Accepted","Acacia tolmerensis","Acacia tolmerensis","G.J.Leach","198672","species","https://powo.science.kew.org/taxon/urn:lsid:ipni.org:names:978105-1","","Fabaceae","1","1","wcvp","0",""
"1218","Acacia convallium",1,"198673","Acacia convallium",1,"species","","",NA,"Pedley","Fabaceae","Acacia","Acacia",1,"convallium","convallium",1,"","",NA,"","",NA,"","",NA,"","","https://powo.science.kew.org/taxon/urn:lsid:ipni.org:names:1007210-1","","Y","Accepted","Acacia convallium","Acacia convallium","Pedley","198673","species","https://powo.science.kew.org/taxon/urn:lsid:ipni.org:names:1007210-1","","Fabaceae","1","1","wcvp","0",""
"1219","Acacia dunnii",1,"198675","Acacia dunnii",1,"species","","",NA,"(Maiden) Turrill","Fabaceae","Acacia","Acacia",1,"dunnii","dunnii",1,"","",NA,"","",NA,"","",NA,"","","https://powo.science.kew.org/taxon/urn:lsid:ipni.org:names:470221-1","","Y","Accepted","Acacia dunnii","Acacia dunnii","(Maiden) Turrill","198675","species","https://powo.science.kew.org/taxon/urn:lsid:ipni.org:names:470221-1","","Fabaceae","1","1","wcvp","0",""
"1220","Acacia kenneallyi",1,"198678","Acacia kenneallyi",1,"species","","",NA,"R.S.Cowan & Maslin","Fabaceae","Acacia","Acacia",1,"kenneallyi","kenneallyi",1,"","",NA,"","",NA,"","",NA,"","","https://powo.science.kew.org/taxon/urn:lsid:ipni.org:names:981019-1","","Y","Accepted","Acacia kenneallyi","Acacia kenneallyi","R.S.Cowan & Maslin","198678","species","https://powo.science.kew.org/taxon/urn:lsid:ipni.org:names:981019-1","","Fabaceae","1","1","wcvp","0",""
"1221","Acacia latescens",1,"198679","Acacia latescens",1,"species","","",NA,"Benth.","Fabaceae","Acacia","Acacia",1,"latescens","latescens",1,"","",NA,"","",NA,"","",NA,"","","https://powo.science.kew.org/taxon/urn:lsid:ipni.org:names:470697-1","","Y","Accepted","Acacia latescens","Acacia latescens","Benth.","198679","species","https://powo.science.kew.org/taxon/urn:lsid:ipni.org:names:470697-1","","Fabaceae","1","1","wcvp","0",""
"1222","Acacia mimula",1,"198683","Acacia mimula",1,"species","","",NA,"Pedley","Fabaceae","Acacia","Acacia",1,"mimula","mimula",1,"","",NA,"","",NA,"","",NA,"","","https://powo.science.kew.org/taxon/urn:lsid:ipni.org:names:470908-1","","Y","Accepted","Acacia mimula","Acacia mimula","Pedley","198683","species","https://powo.science.kew.org/taxon/urn:lsid:ipni.org:names:470908-1","","Fabaceae","1","1","wcvp","0",""
"1223","Acacia rothii",1,"1042534","Acacia rothii",1,"species","","",NA,"F.M.Bailey","Fabaceae","Acacia","Acacia",1,"rothii","rothii",1,"","",NA,"","",NA,"","",NA,"","","https://powo.science.kew.org/taxon/urn:lsid:ipni.org:names:471351-1","","Y","Accepted","Acacia rothii","Acacia rothii","F.M.Bailey","1042534","species","https://powo.science.kew.org/taxon/urn:lsid:ipni.org:names:471351-1","","Fabaceae","1","1","wcvp","0",""
"1224","Acacia bakeri",1,"198689","Acacia bakeri",1,"species","","",NA,"Maiden","Fabaceae","Acacia","Acacia",1,"bakeri","bakeri",1,"","",NA,"","",NA,"","",NA,"","","https://powo.science.kew.org/taxon/urn:lsid:ipni.org:names:469799-1","","Y","Accepted","Acacia bakeri","Acacia bakeri","Maiden","198689","species","https://powo.science.kew.org/taxon/urn:lsid:ipni.org:names:469799-1","","Fabaceae","1","1","wcvp","0",""
"1225","Acacia dimidiata",1,"198692","Acacia dimidiata",1,"species","","",NA,"Benth.","Fabaceae","Acacia","Acacia",1,"dimidiata","dimidiata",1,"","",NA,"","",NA,"","",NA,"","","https://powo.science.kew.org/taxon/urn:lsid:ipni.org:names:470179-1","","Y","Accepted","Acacia dimidiata","Acacia dimidiata","Benth.","198692","species","https://powo.science.kew.org/taxon/urn:lsid:ipni.org:names:470179-1","","Fabaceae","1","1","wcvp","0",""
"1226","Acacia humifusa",1,"198696","Acacia humifusa",1,"species","","",NA,"A.Cunn. ex Benth.","Fabaceae","Acacia","Acacia",1,"humifusa","humifusa",1,"","",NA,"","",NA,"","",NA,"","","https://powo.science.kew.org/taxon/urn:lsid:ipni.org:names:470559-1","","Y","Accepted","Acacia humifusa","Acacia humifusa","A.Cunn. ex Benth.","198696","species","https://powo.science.kew.org/taxon/urn:lsid:ipni.org:names:470559-1","","Fabaceae","1","1","wcvp","0",""
"1227","Acacia cretata",1,"198699","Acacia cretata",1,"species","","",NA,"Pedley","Fabaceae","Acacia","Acacia",1,"cretata","cretata",1,"","",NA,"","",NA,"","",NA,"","","https://powo.science.kew.org/taxon/urn:lsid:ipni.org:names:470079-1","","Y","Accepted","Acacia cretata","Acacia cretata","Pedley","198699","species","https://powo.science.kew.org/taxon/urn:lsid:ipni.org:names:470079-1","","Fabaceae","1","1","wcvp","0",""
"1228","Acacia latifolia",1,"182695","Acacia latifolia",1,"species","","",NA,"Benth.","Fabaceae","Acacia","Acacia",1,"latifolia","latifolia",1,"","",NA,"","",NA,"","",NA,"","","https://powo.science.kew.org/taxon/urn:lsid:ipni.org:names:470700-1","","Y","Accepted","Acacia latifolia","Acacia latifolia","Benth.","182695","species","https://powo.science.kew.org/taxon/urn:lsid:ipni.org:names:470700-1","","Fabaceae","1","1","wcvp","0",""
"1229","Acacia gardneri",1,"198702","Acacia gardneri",1,"species","","",NA,"Maiden & Blakely","Fabaceae","Acacia","Acacia",1,"gardneri","gardneri",1,"","",NA,"","",NA,"","",NA,"","","https://powo.science.kew.org/taxon/urn:lsid:ipni.org:names:470385-1","","Y","Accepted","Acacia gardneri","Acacia gardneri","Maiden & Blakely","198702","species","https://powo.science.kew.org/taxon/urn:lsid:ipni.org:names:470385-1","","Fabaceae","1","1","wcvp","0",""
"1230","Acacia tropica",1,"198703","Acacia tropica",1,"species","","",NA,"(Maiden & Blakely) Tindale","Fabaceae","Acacia","Acacia",1,"tropica","tropica",1,"","",NA,"","",NA,"","",NA,"","","https://powo.science.kew.org/taxon/urn:lsid:ipni.org:names:471694-1","","Y","Accepted","Acacia tropica","Acacia tropica","(Maiden & Blakely) Tindale","198703","species","https://powo.science.kew.org/taxon/urn:lsid:ipni.org:names:471694-1","","Fabaceae","1","1","wcvp","0",""
"1231","Acacia lacertensis",1,"198706","Acacia lacertensis",1,"species","","",NA,"Pedley","Fabaceae","Acacia","Acacia",1,"lacertensis","lacertensis",1,"","",NA,"","",NA,"","",NA,"","","https://powo.science.kew.org/taxon/urn:lsid:ipni.org:names:1007216-1","","Y","Accepted","Acacia lacertensis","Acacia lacertensis","Pedley","198706","species","https://powo.science.kew.org/taxon/urn:lsid:ipni.org:names:1007216-1","","Fabaceae","1","1","wcvp","0",""
"1232","Acacia crassa",1,"198707","Acacia crassa",1,"species","","",NA,"Pedley","Fabaceae","Acacia","Acacia",1,"crassa","crassa",1,"","",NA,"","",NA,"","",NA,"","","https://powo.science.kew.org/taxon/urn:lsid:ipni.org:names:470071-1","","Y","Accepted","Acacia crassa","Acacia crassa","Pedley","198707","species","https://powo.science.kew.org/taxon/urn:lsid:ipni.org:names:470071-1","","Fabaceae","1","1","wcvp","0",""
"1233","Acacia crassa subsp. crassa",1,"198709","Acacia crassa subsp. crassa",1,"subspecies","","",NA,"","Fabaceae","Acacia","Acacia",1,"crassa","crassa",1,"","",NA,"subsp.","crassa",1,"","",NA,"","","https://powo.science.kew.org/taxon/urn:lsid:ipni.org:names:61880-3","","Y","Accepted","Acacia crassa subsp. crassa","Acacia crassa","","198709","subspecies","https://powo.science.kew.org/taxon/urn:lsid:ipni.org:names:61880-3","","Fabaceae","1","1","wcvp","0",""
"1234","Acacia crassa subsp. longicoma",1,"198711","Acacia crassa subsp. longicoma",1,"subspecies","","",NA,"Pedley","Fabaceae","Acacia","Acacia",1,"crassa","crassa",1,"","",NA,"subsp.","longicoma",1,"","",NA,"","","https://powo.science.kew.org/taxon/urn:lsid:ipni.org:names:884522-1","","Y","Accepted","Acacia crassa subsp. longicoma","Acacia crassa","Pedley","198711","subspecies","https://powo.science.kew.org/taxon/urn:lsid:ipni.org:names:884522-1","","Fabaceae","1","1","wcvp","0",""
"1235","Acacia concurrens",1,"182722","Acacia concurrens",1,"species","","",NA,"Pedley","Fabaceae","Acacia","Acacia",1,"concurrens","concurrens",1,"","",NA,"","",NA,"","",NA,"","","https://powo.science.kew.org/taxon/urn:lsid:ipni.org:names:470035-1","","Y","Accepted","Acacia concurrens","Acacia concurrens","Pedley","182722","species","https://powo.science.kew.org/taxon/urn:lsid:ipni.org:names:470035-1","","Fabaceae","1","1","wcvp","0",""
"1236","Acacia leiocalyx",1,"198713","Acacia leiocalyx",1,"species","","",NA,"(Domin) Pedley","Fabaceae","Acacia","Acacia",1,"leiocalyx","leiocalyx",1,"","",NA,"","",NA,"","",NA,"","","https://powo.science.kew.org/taxon/urn:lsid:ipni.org:names:470721-1","","Y","Accepted","Acacia leiocalyx","Acacia leiocalyx","(Domin) Pedley","198713","species","https://powo.science.kew.org/taxon/urn:lsid:ipni.org:names:470721-1","","Fabaceae","1","1","wcvp","0",""
"1237","Acacia leiocalyx subsp. leiocalyx",1,"198717","Acacia leiocalyx subsp. leiocalyx",1,"subspecies","","",NA,"","Fabaceae","Acacia","Acacia",1,"leiocalyx","leiocalyx",1,"","",NA,"subsp.","leiocalyx",1,"","",NA,"","","https://powo.science.kew.org/taxon/urn:lsid:ipni.org:names:69575-3","","Y","Accepted","Acacia leiocalyx subsp. leiocalyx","Acacia leiocalyx","","198717","subspecies","https://powo.science.kew.org/taxon/urn:lsid:ipni.org:names:69575-3","","Fabaceae","1","1","wcvp","0",""
"1238","Acacia leiocalyx subsp. herveyensis",1,"1368700","Acacia leiocalyx subsp. herveyensis",1,"subspecies","","",NA,"Pedley","Fabaceae","Acacia","Acacia",1,"leiocalyx","leiocalyx",1,"","",NA,"subsp.","herveyensis",1,"","",NA,"","","https://powo.science.kew.org/taxon/urn:lsid:ipni.org:names:884539-1","","Y","Accepted","Acacia leiocalyx subsp. herveyensis","Acacia leiocalyx","Pedley","1368700","subspecies","https://powo.science.kew.org/taxon/urn:lsid:ipni.org:names:884539-1","","Fabaceae","1","1","wcvp","0",""
"1239","Acacia longispicata",1,"198718","Acacia longispicata",1,"species","","",NA,"Benth.","Fabaceae","Acacia","Acacia",1,"longispicata","longispicata",1,"","",NA,"","",NA,"","",NA,"","","https://powo.science.kew.org/taxon/urn:lsid:ipni.org:names:470785-1","","Y","Accepted","Acacia longispicata","Acacia longispicata","Benth.","198718","species","https://powo.science.kew.org/taxon/urn:lsid:ipni.org:names:470785-1","","Fabaceae","1","1","wcvp","0",""
"1240","Acacia longispicata subsp. longispicata",0.59957384396743,"198718","Acacia longispicata",0.59957384396743,"species","","",NA,"Benth.","Fabaceae","Acacia","Acacia",1,"longispicata","longispicata",1,"","",NA,"","",NA,"","",NA,"","subsp. longispicata","https://powo.science.kew.org/taxon/urn:lsid:ipni.org:names:470785-1","","Y","Accepted","Acacia longispicata","Acacia longispicata","Benth.","198718","species","https://powo.science.kew.org/taxon/urn:lsid:ipni.org:names:470785-1","","Fabaceae","1","1","wcvp","1","[Partial]"
"1241","Acacia longispicata subsp. velutina",1,"198723","Acacia longispicata subsp. velutina",1,"subspecies","","",NA,"Pedley","Fabaceae","Acacia","Acacia",1,"longispicata","longispicata",1,"","",NA,"subsp.","velutina",1,"","",NA,"","","https://powo.science.kew.org/taxon/urn:lsid:ipni.org:names:884542-1","","Y","Synonym","Acacia tingoorensis","Acacia tingoorensis","Pedley","1250135","species","https://powo.science.kew.org/taxon/urn:lsid:ipni.org:names:1007220-1","","Fabaceae","1","1","wcvp","0",""
"1242","Acacia leptocarpa",1,"198726","Acacia leptocarpa",1,"species","","",NA,"A.Cunn. ex Benth.","Fabaceae","Acacia","Acacia",1,"leptocarpa","leptocarpa",1,"","",NA,"","",NA,"","",NA,"","","https://powo.science.kew.org/taxon/urn:lsid:ipni.org:names:470734-1","","Y","Accepted","Acacia leptocarpa","Acacia leptocarpa","A.Cunn. ex Benth.","198726","species","https://powo.science.kew.org/taxon/urn:lsid:ipni.org:names:470734-1","","Fabaceae","1","1","wcvp","0",""
"1243","Acacia crassicarpa",1,"198728","Acacia crassicarpa",1,"species","","",NA,"A.Cunn. ex Benth.","Fabaceae","Acacia","Acacia",1,"crassicarpa","crassicarpa",1,"","",NA,"","",NA,"","",NA,"","","https://powo.science.kew.org/taxon/urn:lsid:ipni.org:names:470072-1","","Y","Accepted","Acacia crassicarpa","Acacia crassicarpa","A.Cunn. ex Benth.","198728","species","https://powo.science.kew.org/taxon/urn:lsid:ipni.org:names:470072-1","","Fabaceae","1","1","wcvp","0",""
"1244","Acacia aulacocarpa",1,"198730","Acacia aulacocarpa",1,"species","","",NA,"A.Cunn. ex Benth.","Fabaceae","Acacia","Acacia",1,"aulacocarpa","aulacocarpa",1,"","",NA,"","",NA,"","",NA,"","","https://powo.science.kew.org/taxon/urn:lsid:ipni.org:names:469779-1","","Y","Accepted","Acacia aulacocarpa","Acacia aulacocarpa","A.Cunn. ex Benth.","198730","species","https://powo.science.kew.org/taxon/urn:lsid:ipni.org:names:469779-1","","Fabaceae","1","1","wcvp","0",""
"1245","Acacia auriculiformis",1,"171560","Acacia auriculiformis",1,"species","","",NA,"A.Cunn. ex Benth.","Fabaceae","Acacia","Acacia",1,"auriculiformis","auriculiformis",1,"","",NA,"","",NA,"","",NA,"","","https://powo.science.kew.org/taxon/urn:lsid:ipni.org:names:469784-1","","Y","Accepted","Acacia auriculiformis","Acacia auriculiformis","A.Cunn. ex Benth.","171560","species","https://powo.science.kew.org/taxon/urn:lsid:ipni.org:names:469784-1","","Fabaceae","1","1","wcvp","0",""
"1246","Acacia polystachya",1,"183692","Acacia polystachya",1,"species","","",NA,"A.Cunn. ex Benth.","Fabaceae","Acacia","Acacia",1,"polystachya","polystachya",1,"","",NA,"","",NA,"","",NA,"","","https://powo.science.kew.org/taxon/urn:lsid:ipni.org:names:471192-1","","Y","Accepted","Acacia polystachya","Acacia polystachya","A.Cunn. ex Benth.","183692","species","https://powo.science.kew.org/taxon/urn:lsid:ipni.org:names:471192-1","","Fabaceae","1","1","wcvp","0",""
"1247","Acacia cincinnata",1,"183688","Acacia cincinnata",1,"species","","",NA,"F.Muell.","Fabaceae","Acacia","Acacia",1,"cincinnata","cincinnata",1,"","",NA,"","",NA,"","",NA,"","","https://powo.science.kew.org/taxon/urn:lsid:ipni.org:names:469992-1","","Y","Accepted","Acacia cincinnata","Acacia cincinnata","F.Muell.","183688","species","https://powo.science.kew.org/taxon/urn:lsid:ipni.org:names:469992-1","","Fabaceae","1","1","wcvp","0",""
"1248","Acacia spirorbis Benth. subsp. solandri (Benth.) Pedley",1,"198740","Acacia spirorbis subsp. solandri",1,"subspecies","(Benth.) Pedley","(Benth.) Pedley",1,"(Benth.) Pedley","Fabaceae","Acacia","Acacia",1,"spirorbis","spirorbis",1,"","",NA,"subsp.","solandri",1,"","",NA,"","","https://powo.science.kew.org/taxon/urn:lsid:ipni.org:names:956493-1","","Y","Accepted","Acacia spirorbis subsp. solandri","Acacia spirorbis","(Benth.) Pedley","198740","subspecies","https://powo.science.kew.org/taxon/urn:lsid:ipni.org:names:956493-1","","Fabaceae","1","1","wcvp","0",""
"1249","Acacia mangium",1,"198747","Acacia mangium",1,"species","","",NA,"Willd.","Fabaceae","Acacia","Acacia",1,"mangium","mangium",1,"","",NA,"","",NA,"","",NA,"","","https://powo.science.kew.org/taxon/urn:lsid:ipni.org:names:470839-1","","Y","Accepted","Acacia mangium","Acacia mangium","Willd.","198747","species","https://powo.science.kew.org/taxon/urn:lsid:ipni.org:names:470839-1","","Fabaceae","1","1","wcvp","0",""
"1250","Acacia grandifolia",1,"198750","Acacia grandifolia",1,"species","","",NA,"Pedley","Fabaceae","Acacia","Acacia",1,"grandifolia","grandifolia",1,"","",NA,"","",NA,"","",NA,"","","https://powo.science.kew.org/taxon/urn:lsid:ipni.org:names:470448-1","","Y","Accepted","Acacia grandifolia","Acacia grandifolia","Pedley","198750","species","https://powo.science.kew.org/taxon/urn:lsid:ipni.org:names:470448-1","","Fabaceae","1","1","wcvp","0",""
"1251","Acacia holosericea",1,"1782010","Acacia holosericea",1,"species","","",NA,"A.Cunn. ex G.Don","Fabaceae","Acacia","Acacia",1,"holosericea","holosericea",1,"","",NA,"","",NA,"","",NA,"","","https://powo.science.kew.org/taxon/urn:lsid:ipni.org:names:470538-1","","Y","Accepted","Acacia holosericea","Acacia holosericea","A.Cunn. ex G.Don","1782010","species","https://powo.science.kew.org/taxon/urn:lsid:ipni.org:names:470538-1","","Fabaceae","1","1","wcvp","0",""
"1252","Acacia neurocarpa",1,"1781830","Acacia neurocarpa",1,"species","","",NA,"A.Cunn. ex Hook.","Fabaceae","Acacia","Acacia",1,"neurocarpa","neurocarpa",1,"","",NA,"","",NA,"","",NA,"","","https://powo.science.kew.org/taxon/urn:lsid:ipni.org:names:470984-1","","Y","Accepted","Acacia neurocarpa","Acacia neurocarpa","A.Cunn. ex Hook.","1781830","species","https://powo.science.kew.org/taxon/urn:lsid:ipni.org:names:470984-1","","Fabaceae","1","1","wcvp","0",""
"1253","Acacia pellita",1,"198759","Acacia pellita",1,"species","","",NA,"O.Schwarz","Fabaceae","Acacia","Acacia",1,"pellita","pellita",1,"","",NA,"","",NA,"","",NA,"","","https://powo.science.kew.org/taxon/urn:lsid:ipni.org:names:471104-1","","Y","Accepted","Acacia pellita","Acacia pellita","O.Schwarz","198759","species","https://powo.science.kew.org/taxon/urn:lsid:ipni.org:names:471104-1","","Fabaceae","1","1","wcvp","0",""
"1254","Acacia nesophila",1,"198761","Acacia nesophila",1,"species","","",NA,"Pedley","Fabaceae","Acacia","Acacia",1,"nesophila","nesophila",1,"","",NA,"","",NA,"","",NA,"","","https://powo.science.kew.org/taxon/urn:lsid:ipni.org:names:470982-1","","Y","Accepted","Acacia nesophila","Acacia nesophila","Pedley","198761","species","https://powo.science.kew.org/taxon/urn:lsid:ipni.org:names:470982-1","","Fabaceae","1","1","wcvp","0",""
"1255","Acacia sericoflora",1,"198764","Acacia sericoflora",1,"species","","",NA,"Pedley","Fabaceae","Acacia","Acacia",1,"sericoflora","sericoflora",1,"","",NA,"","",NA,"","",NA,"","","https://powo.science.kew.org/taxon/urn:lsid:ipni.org:names:471449-1","","Y","Accepted","Acacia sericoflora","Acacia sericoflora","Pedley","198764","species","https://powo.science.kew.org/taxon/urn:lsid:ipni.org:names:471449-1","","Fabaceae","1","1","wcvp","0",""
"1256","Acacia colei",1,"198765","Acacia colei",1,"species","","",NA,"Maslin & L.A.J.Thomson","Fabaceae","Acacia","Acacia",1,"colei","colei",1,"","",NA,"","",NA,"","",NA,"","","https://powo.science.kew.org/taxon/urn:lsid:ipni.org:names:968616-1","","Y","Accepted","Acacia colei","Acacia colei","Maslin & L.A.J.Thomson","198765","species","https://powo.science.kew.org/taxon/urn:lsid:ipni.org:names:968616-1","","Fabaceae","1","1","wcvp","0",""
"1257","Acacia elachantha",1,"198766","Acacia elachantha",1,"species","","",NA,"M.W.McDonald & Maslin","Fabaceae","Acacia","Acacia",1,"elachantha","elachantha",1,"","",NA,"","",NA,"","",NA,"","","https://powo.science.kew.org/taxon/urn:lsid:ipni.org:names:997104-1","","Y","Accepted","Acacia elachantha","Acacia elachantha","M.W.McDonald & Maslin","198766","species","https://powo.science.kew.org/taxon/urn:lsid:ipni.org:names:997104-1","","Fabaceae","1","1","wcvp","0",""
"1258","Acacia cowleana",1,"198767","Acacia cowleana",1,"species","","",NA,"Tate","Fabaceae","Acacia","Acacia",1,"cowleana","cowleana",1,"","",NA,"","",NA,"","",NA,"","","https://powo.science.kew.org/taxon/urn:lsid:ipni.org:names:470067-1","","Y","Accepted","Acacia cowleana","Acacia cowleana","Tate","198767","species","https://powo.science.kew.org/taxon/urn:lsid:ipni.org:names:470067-1","","Fabaceae","1","1","wcvp","0",""
"1259","Acacia thomsonii",1,"198771","Acacia thomsonii",1,"species","","",NA,"Maslin & M.W.McDonald","Fabaceae","Acacia","Acacia",1,"thomsonii","thomsonii",1,"","",NA,"","",NA,"","",NA,"","","https://powo.science.kew.org/taxon/urn:lsid:ipni.org:names:987103-1","","Y","Accepted","Acacia thomsonii","Acacia thomsonii","Maslin & M.W.McDonald","198771","species","https://powo.science.kew.org/taxon/urn:lsid:ipni.org:names:987103-1","","Fabaceae","1","1","wcvp","0",""
"1260","Acacia gonoclada",1,"198773","Acacia gonoclada",1,"species","","",NA,"F.Muell.","Fabaceae","Acacia","Acacia",1,"gonoclada","gonoclada",1,"","",NA,"","",NA,"","",NA,"","","https://powo.science.kew.org/taxon/urn:lsid:ipni.org:names:470435-1","","Y","Accepted","Acacia gonoclada","Acacia gonoclada","F.Muell.","198773","species","https://powo.science.kew.org/taxon/urn:lsid:ipni.org:names:470435-1","","Fabaceae","1","1","wcvp","0",""
"1261","Acacia laccata",1,"198775","Acacia laccata",1,"species","","",NA,"Pedley","Fabaceae","Acacia","Acacia",1,"laccata","laccata",1,"","",NA,"","",NA,"","",NA,"","","https://powo.science.kew.org/taxon/urn:lsid:ipni.org:names:470669-1","","Y","Accepted","Acacia laccata","Acacia laccata","Pedley","198775","species","https://powo.science.kew.org/taxon/urn:lsid:ipni.org:names:470669-1","","Fabaceae","1","1","wcvp","0",""
"1262","Acacia acradenia",1,"198777","Acacia acradenia",1,"species","","",NA,"F.Muell.","Fabaceae","Acacia","Acacia",1,"acradenia","acradenia",1,"","",NA,"","",NA,"","",NA,"","","https://powo.science.kew.org/taxon/urn:lsid:ipni.org:names:469637-1","","Y","Accepted","Acacia acradenia","Acacia acradenia","F.Muell.","198777","species","https://powo.science.kew.org/taxon/urn:lsid:ipni.org:names:469637-1","","Fabaceae","1","1","wcvp","0",""
"1263","Acacia megalantha",1,"198780","Acacia megalantha",1,"species","","",NA,"F.Muell.","Fabaceae","Acacia","Acacia",1,"megalantha","megalantha",1,"","",NA,"","",NA,"","",NA,"","","https://powo.science.kew.org/taxon/urn:lsid:ipni.org:names:470866-1","","Y","Accepted","Acacia megalantha","Acacia megalantha","F.Muell.","198780","species","https://powo.science.kew.org/taxon/urn:lsid:ipni.org:names:470866-1","","Fabaceae","1","1","wcvp","0",""
"1264","Acacia brassii",1,"198783","Acacia brassii",1,"species","","",NA,"Pedley","Fabaceae","Acacia","Acacia",1,"brassii","brassii",1,"","",NA,"","",NA,"","",NA,"","","https://powo.science.kew.org/taxon/urn:lsid:ipni.org:names:469876-1","","Y","Accepted","Acacia brassii","Acacia brassii","Pedley","198783","species","https://powo.science.kew.org/taxon/urn:lsid:ipni.org:names:469876-1","","Fabaceae","1","1","wcvp","0",""
"1265","Acacia tumida",1,"198785","Acacia tumida",1,"species","","",NA,"F.Muell. ex Benth.","Fabaceae","Acacia","Acacia",1,"tumida","tumida",1,"","",NA,"","",NA,"","",NA,"","","https://powo.science.kew.org/taxon/urn:lsid:ipni.org:names:471699-1","","Y","Accepted","Acacia tumida","Acacia tumida","F.Muell. ex Benth.","198785","species","https://powo.science.kew.org/taxon/urn:lsid:ipni.org:names:471699-1","","Fabaceae","1","1","wcvp","0",""
"1266","Acacia difficilis",1,"198786","Acacia difficilis",1,"species","","",NA,"Maiden","Fabaceae","Acacia","Acacia",1,"difficilis","difficilis",1,"","",NA,"","",NA,"","",NA,"","","https://powo.science.kew.org/taxon/urn:lsid:ipni.org:names:470174-1","","Y","Accepted","Acacia difficilis","Acacia difficilis","Maiden","198786","species","https://powo.science.kew.org/taxon/urn:lsid:ipni.org:names:470174-1","","Fabaceae","1","1","wcvp","0",""
"1267","Acacia retinervis",1,"198788","Acacia retinervis",1,"species","","",NA,"Benth.","Fabaceae","Acacia","Acacia",1,"retinervis","retinervis",1,"","",NA,"","",NA,"","",NA,"","","https://powo.science.kew.org/taxon/urn:lsid:ipni.org:names:471312-1","","Y","Accepted","Acacia retinervis","Acacia retinervis","Benth.","198788","species","https://powo.science.kew.org/taxon/urn:lsid:ipni.org:names:471312-1","","Fabaceae","1","1","wcvp","0",""
"1268","Acacia mountfordiae",1,"198789","Acacia mountfordiae",1,"species","","",NA,"Specht","Fabaceae","Acacia","Acacia",1,"mountfordiae","mountfordiae",1,"","",NA,"","",NA,"","",NA,"","","https://powo.science.kew.org/taxon/urn:lsid:ipni.org:names:470937-1","","Y","Accepted","Acacia mountfordiae","Acacia mountfordiae","Specht","198789","species","https://powo.science.kew.org/taxon/urn:lsid:ipni.org:names:470937-1","","Fabaceae","1","1","wcvp","0",""
"1269","Acacia torulosa",1,"198791","Acacia torulosa",1,"species","","",NA,"Benth.","Fabaceae","Acacia","Acacia",1,"torulosa","torulosa",1,"","",NA,"","",NA,"","",NA,"","","https://powo.science.kew.org/taxon/urn:lsid:ipni.org:names:471665-1","","Y","Accepted","Acacia torulosa","Acacia torulosa","Benth.","198791","species","https://powo.science.kew.org/taxon/urn:lsid:ipni.org:names:471665-1","","Fabaceae","1","1","wcvp","0",""
"1270","Acacia eriopoda",1,"198794","Acacia eriopoda",1,"species","","",NA,"Maiden & Blakely","Fabaceae","Acacia","Acacia",1,"eriopoda","eriopoda",1,"","",NA,"","",NA,"","",NA,"","","https://powo.science.kew.org/taxon/urn:lsid:ipni.org:names:470269-1","","Y","Accepted","Acacia eriopoda","Acacia eriopoda","Maiden & Blakely","198794","species","https://powo.science.kew.org/taxon/urn:lsid:ipni.org:names:470269-1","","Fabaceae","1","1","wcvp","0",""
"1271","Acacia hemsleyi",1,"198795","Acacia hemsleyi",1,"species","","",NA,"Maiden","Fabaceae","Acacia","Acacia",1,"hemsleyi","hemsleyi",1,"","",NA,"","",NA,"","",NA,"","","https://powo.science.kew.org/taxon/urn:lsid:ipni.org:names:470510-1","","Y","Accepted","Acacia hemsleyi","Acacia hemsleyi","Maiden","198795","species","https://powo.science.kew.org/taxon/urn:lsid:ipni.org:names:470510-1","","Fabaceae","1","1","wcvp","0",""
"1272","Acacia plectocarpa",1,"198797","Acacia plectocarpa",1,"species","","",NA,"A.Cunn. ex Benth.","Fabaceae","Acacia","Acacia",1,"plectocarpa","plectocarpa",1,"","",NA,"","",NA,"","",NA,"","","https://powo.science.kew.org/taxon/urn:lsid:ipni.org:names:471170-1","","Y","Accepted","Acacia plectocarpa","Acacia plectocarpa","A.Cunn. ex Benth.","198797","species","https://powo.science.kew.org/taxon/urn:lsid:ipni.org:names:471170-1","","Fabaceae","1","1","wcvp","0",""
"1273","Acacia plectocarpa subsp. plectocarpa",1,"198799","Acacia plectocarpa subsp. plectocarpa",1,"subspecies","","",NA,"","Fabaceae","Acacia","Acacia",1,"plectocarpa","plectocarpa",1,"","",NA,"subsp.","plectocarpa",1,"","",NA,"","","https://powo.science.kew.org/taxon/urn:lsid:ipni.org:names:167956-3","","Y","Accepted","Acacia plectocarpa subsp. plectocarpa","Acacia plectocarpa","","198799","subspecies","https://powo.science.kew.org/taxon/urn:lsid:ipni.org:names:167956-3","","Fabaceae","1","1","wcvp","0",""
"1274","Acacia plectocarpa subsp. tanumbirinensis",1,"198802","Acacia plectocarpa subsp. tanumbirinensis",1,"subspecies","","",NA,"(Maiden) Pedley","Fabaceae","Acacia","Acacia",1,"plectocarpa","plectocarpa",1,"","",NA,"subsp.","tanumbirinensis",1,"","",NA,"","","https://powo.science.kew.org/taxon/urn:lsid:ipni.org:names:956492-1","","Y","Accepted","Acacia plectocarpa subsp. tanumbirinensis","Acacia plectocarpa","(Maiden) Pedley","198802","subspecies","https://powo.science.kew.org/taxon/urn:lsid:ipni.org:names:956492-1","","Fabaceae","1","1","wcvp","0",""
"1275","Acacia echinuliflora",1,"198807","Acacia echinuliflora",1,"species","","",NA,"G.J.Leach","Fabaceae","Acacia","Acacia",1,"echinuliflora","echinuliflora",1,"","",NA,"","",NA,"","",NA,"","","https://powo.science.kew.org/taxon/urn:lsid:ipni.org:names:978106-1","","Y","Accepted","Acacia echinuliflora","Acacia echinuliflora","G.J.Leach","198807","species","https://powo.science.kew.org/taxon/urn:lsid:ipni.org:names:978106-1","","Fabaceae","1","1","wcvp","0",""
"1276","Acacia armitii",1,"198808","Acacia armitii",1,"species","","",NA,"F.Muell. ex Maiden","Fabaceae","Acacia","Acacia",1,"armitii","armitii",1,"","",NA,"","",NA,"","",NA,"","","https://powo.science.kew.org/taxon/urn:lsid:ipni.org:names:54107-3","","Y","Accepted","Acacia armitii","Acacia armitii","F.Muell. ex Maiden","198808","species","https://powo.science.kew.org/taxon/urn:lsid:ipni.org:names:54107-3","","Fabaceae","1","1","wcvp","0",""
"1277","Acacia hammondii",1,"198810","Acacia hammondii",1,"species","","",NA,"Maiden","Fabaceae","Acacia","Acacia",1,"hammondii","hammondii",1,"","",NA,"","",NA,"","",NA,"","","https://powo.science.kew.org/taxon/urn:lsid:ipni.org:names:470490-1","","Y","Accepted","Acacia hammondii","Acacia hammondii","Maiden","198810","species","https://powo.science.kew.org/taxon/urn:lsid:ipni.org:names:470490-1","","Fabaceae","1","1","wcvp","0",""
"1278","Acacia malloclada",1,"198813","Acacia malloclada",1,"species","","",NA,"Maiden & Blakely","Fabaceae","Acacia","Acacia",1,"malloclada","malloclada",1,"","",NA,"","",NA,"","",NA,"","","https://powo.science.kew.org/taxon/urn:lsid:ipni.org:names:470837-1","","Y","Accepted","Acacia malloclada","Acacia malloclada","Maiden & Blakely","198813","species","https://powo.science.kew.org/taxon/urn:lsid:ipni.org:names:470837-1","","Fabaceae","1","1","wcvp","0",""
"1279","Acacia pubirhachis",1,"198814","Acacia pubirhachis",1,"species","","",NA,"Pedley","Fabaceae","Acacia","Acacia",1,"pubirhachis","pubirhachis",1,"","",NA,"","",NA,"","",NA,"","","https://powo.science.kew.org/taxon/urn:lsid:ipni.org:names:471254-1","","Y","Accepted","Acacia pubirhachis","Acacia pubirhachis","Pedley","198814","species","https://powo.science.kew.org/taxon/urn:lsid:ipni.org:names:471254-1","","Fabaceae","1","1","wcvp","0",""
"1280","Acacia rigescens",1,"198816","Acacia rigescens",1,"species","","",NA,"Tindale & Bedward","Fabaceae","Acacia","Acacia",1,"rigescens","rigescens",1,"","",NA,"","",NA,"","",NA,"","","https://powo.science.kew.org/taxon/urn:lsid:ipni.org:names:992796-1","","Y","Accepted","Acacia rigescens","Acacia rigescens","Tindale & Bedward","198816","species","https://powo.science.kew.org/taxon/urn:lsid:ipni.org:names:992796-1","","Fabaceae","1","1","wcvp","0",""
"1281","Acacia conspersa",1,"198817","Acacia conspersa",1,"species","","",NA,"F.Muell.","Fabaceae","Acacia","Acacia",1,"conspersa","conspersa",1,"","",NA,"","",NA,"","",NA,"","","https://powo.science.kew.org/taxon/urn:lsid:ipni.org:names:470042-1","","Y","Accepted","Acacia conspersa","Acacia conspersa","F.Muell.","198817","species","https://powo.science.kew.org/taxon/urn:lsid:ipni.org:names:470042-1","","Fabaceae","1","1","wcvp","0",""
"1282","Acacia multistipulosa",1,"198818","Acacia multistipulosa",1,"species","","",NA,"Tindale & Bedward","Fabaceae","Acacia","Acacia",1,"multistipulosa","multistipulosa",1,"","",NA,"","",NA,"","",NA,"","","https://powo.science.kew.org/taxon/urn:lsid:ipni.org:names:992795-1","","Y","Accepted","Acacia multistipulosa","Acacia multistipulosa","Tindale & Bedward","198818","species","https://powo.science.kew.org/taxon/urn:lsid:ipni.org:names:992795-1","","Fabaceae","1","1","wcvp","0",""
"1283","Acacia stipuligera",1,"198819","Acacia stipuligera",1,"species","","",NA,"F.Muell.","Fabaceae","Acacia","Acacia",1,"stipuligera","stipuligera",1,"","",NA,"","",NA,"","",NA,"","","https://powo.science.kew.org/taxon/urn:lsid:ipni.org:names:471552-1","","Y","Accepted","Acacia stipuligera","Acacia stipuligera","F.Muell.","198819","species","https://powo.science.kew.org/taxon/urn:lsid:ipni.org:names:471552-1","","Fabaceae","1","1","wcvp","0",""
"1284","Acacia gloeotricha",1,"198824","Acacia gloeotricha",1,"species","","",NA,"A.R.Chapm. & Maslin","Fabaceae","Acacia","Acacia",1,"gloeotricha","gloeotricha",1,"","",NA,"","",NA,"","",NA,"","","https://powo.science.kew.org/taxon/urn:lsid:ipni.org:names:1008321-1","","Y","Accepted","Acacia gloeotricha","Acacia gloeotricha","A.R.Chapm. & Maslin","198824","species","https://powo.science.kew.org/taxon/urn:lsid:ipni.org:names:1008321-1","","Fabaceae","1","1","wcvp","0",""
"1285","Acacia filamentosa",1,"198825","Acacia filamentosa",1,"species","","",NA,"Maslin","Fabaceae","Acacia","Acacia",1,"filamentosa","filamentosa",1,"","",NA,"","",NA,"","",NA,"","","https://powo.science.kew.org/taxon/urn:lsid:ipni.org:names:901322-1","","Y","Accepted","Acacia filamentosa","Acacia filamentosa","Maslin","198825","species","https://powo.science.kew.org/taxon/urn:lsid:ipni.org:names:901322-1","","Fabaceae","1","1","wcvp","0",""
"1286","Acacia filipes",1,"198826","Acacia filipes",1,"species","","",NA,"Pedley","Fabaceae","Acacia","Acacia",1,"filipes","filipes",1,"","",NA,"","",NA,"","",NA,"","","https://powo.science.kew.org/taxon/urn:lsid:ipni.org:names:1007214-1","","Y","Accepted","Acacia filipes","Acacia filipes","Pedley","198826","species","https://powo.science.kew.org/taxon/urn:lsid:ipni.org:names:1007214-1","","Fabaceae","1","1","wcvp","0",""
"1287","Acacia proiantha",1,"198827","Acacia proiantha",1,"species","","",NA,"Pedley","Fabaceae","Acacia","Acacia",1,"proiantha","proiantha",1,"","",NA,"","",NA,"","",NA,"","","https://powo.science.kew.org/taxon/urn:lsid:ipni.org:names:1007217-1","","Y","Accepted","Acacia proiantha","Acacia proiantha","Pedley","198827","species","https://powo.science.kew.org/taxon/urn:lsid:ipni.org:names:1007217-1","","Fabaceae","1","1","wcvp","0",""
"1288","Acacia brockii",1,"198828","Acacia brockii",1,"species","","",NA,"Tindale & Kodela","Fabaceae","Acacia","Acacia",1,"brockii","brockii",1,"","",NA,"","",NA,"","",NA,"","","https://powo.science.kew.org/taxon/urn:lsid:ipni.org:names:968170-1","","Y","Accepted","Acacia brockii","Acacia brockii","Tindale & Kodela","198828","species","https://powo.science.kew.org/taxon/urn:lsid:ipni.org:names:968170-1","","Fabaceae","1","1","wcvp","0",""
"1289","Acacia scopulorum",1,"198829","Acacia scopulorum",1,"species","","",NA,"Pedley","Fabaceae","Acacia","Acacia",1,"scopulorum","scopulorum",1,"","",NA,"","",NA,"","",NA,"","","https://powo.science.kew.org/taxon/urn:lsid:ipni.org:names:1007218-1","","Y","Accepted","Acacia scopulorum","Acacia scopulorum","Pedley","198829","species","https://powo.science.kew.org/taxon/urn:lsid:ipni.org:names:1007218-1","","Fabaceae","1","1","wcvp","0",""
"1290","Acacia gracilenta",1,"198830","Acacia gracilenta",1,"species","","",NA,"Tindale & Kodela","Fabaceae","Acacia","Acacia",1,"gracilenta","gracilenta",1,"","",NA,"","",NA,"","",NA,"","","https://powo.science.kew.org/taxon/urn:lsid:ipni.org:names:968169-1","","Y","Accepted","Acacia gracilenta","Acacia gracilenta","Tindale & Kodela","198830","species","https://powo.science.kew.org/taxon/urn:lsid:ipni.org:names:968169-1","","Fabaceae","1","1","wcvp","0",""
"1291","Acacia linarioides",1,"198831","Acacia linarioides",1,"species","","",NA,"Benth.","Fabaceae","Acacia","Acacia",1,"linarioides","linarioides",1,"","",NA,"","",NA,"","",NA,"","","https://powo.science.kew.org/taxon/urn:lsid:ipni.org:names:470763-1","","Y","Accepted","Acacia linarioides","Acacia linarioides","Benth.","198831","species","https://powo.science.kew.org/taxon/urn:lsid:ipni.org:names:470763-1","","Fabaceae","1","1","wcvp","0",""
"1292","Acacia kelleri",1,"198834","Acacia kelleri",1,"species","","",NA,"F.Muell.","Fabaceae","Acacia","Acacia",1,"kelleri","kelleri",1,"","",NA,"","",NA,"","",NA,"","","https://powo.science.kew.org/taxon/urn:lsid:ipni.org:names:470649-1","","Y","Accepted","Acacia kelleri","Acacia kelleri","F.Muell.","198834","species","https://powo.science.kew.org/taxon/urn:lsid:ipni.org:names:470649-1","","Fabaceae","1","1","wcvp","0",""
"1293","Acacia chrysochaeta",1,"198836","Acacia chrysochaeta",1,"species","","",NA,"Maslin","Fabaceae","Acacia","Acacia",1,"chrysochaeta","chrysochaeta",1,"","",NA,"","",NA,"","",NA,"","","https://powo.science.kew.org/taxon/urn:lsid:ipni.org:names:901319-1","","Y","Accepted","Acacia chrysochaeta","Acacia chrysochaeta","Maslin","198836","species","https://powo.science.kew.org/taxon/urn:lsid:ipni.org:names:901319-1","","Fabaceae","1","1","wcvp","0",""
"1294","Acacia guymeri",1,"198837","Acacia guymeri",1,"species","","",NA,"Tindale","Fabaceae","Acacia","Acacia",1,"guymeri","guymeri",1,"","",NA,"","",NA,"","",NA,"","","https://powo.science.kew.org/taxon/urn:lsid:ipni.org:names:470479-1","","Y","Accepted","Acacia guymeri","Acacia guymeri","Tindale","198837","species","https://powo.science.kew.org/taxon/urn:lsid:ipni.org:names:470479-1","","Fabaceae","1","1","wcvp","0",""
"1295","Acacia jackesiana",1,"198839","Acacia jackesiana",1,"species","","",NA,"Pedley","Fabaceae","Acacia","Acacia",1,"jackesiana","jackesiana",1,"","",NA,"","",NA,"","",NA,"","","https://powo.science.kew.org/taxon/urn:lsid:ipni.org:names:470617-1","","Y","Accepted","Acacia jackesiana","Acacia jackesiana","Pedley","198839","species","https://powo.science.kew.org/taxon/urn:lsid:ipni.org:names:470617-1","","Fabaceae","1","1","wcvp","0",""
"1296","Acacia whitei",1,"198841","Acacia whitei",1,"species","","",NA,"Maiden","Fabaceae","Acacia","Acacia",1,"whitei","whitei",1,"","",NA,"","",NA,"","",NA,"","","https://powo.science.kew.org/taxon/urn:lsid:ipni.org:names:471801-1","","Y","Accepted","Acacia whitei","Acacia whitei","Maiden","198841","species","https://powo.science.kew.org/taxon/urn:lsid:ipni.org:names:471801-1","","Fabaceae","1","1","wcvp","0",""
"1297","Acacia hyaloneura",1,"198843","Acacia hyaloneura",1,"species","","",NA,"Pedley","Fabaceae","Acacia","Acacia",1,"hyaloneura","hyaloneura",1,"","",NA,"","",NA,"","",NA,"","","https://powo.science.kew.org/taxon/urn:lsid:ipni.org:names:470564-1","","Y","Accepted","Acacia hyaloneura","Acacia hyaloneura","Pedley","198843","species","https://powo.science.kew.org/taxon/urn:lsid:ipni.org:names:470564-1","","Fabaceae","1","1","wcvp","0",""
"1298","Acacia subtilinervis",1,"198846","Acacia subtilinervis",1,"species","","",NA,"F.Muell.","Fabaceae","Acacia","Acacia",1,"subtilinervis","subtilinervis",1,"","",NA,"","",NA,"","",NA,"","","https://powo.science.kew.org/taxon/urn:lsid:ipni.org:names:471594-1","","Y","Accepted","Acacia subtilinervis","Acacia subtilinervis","F.Muell.","198846","species","https://powo.science.kew.org/taxon/urn:lsid:ipni.org:names:471594-1","","Fabaceae","1","1","wcvp","0",""
"1299","Acacia lysiphloia",1,"198847","Acacia lysiphloia",1,"species","","",NA,"F.Muell.","Fabaceae","Acacia","Acacia",1,"lysiphloia","lysiphloia",1,"","",NA,"","",NA,"","",NA,"","","https://powo.science.kew.org/taxon/urn:lsid:ipni.org:names:470811-1","","Y","Accepted","Acacia lysiphloia","Acacia lysiphloia","F.Muell.","198847","species","https://powo.science.kew.org/taxon/urn:lsid:ipni.org:names:470811-1","","Fabaceae","1","1","wcvp","0",""
"1300","Acacia chisholmii",1,"1042531","Acacia chisholmii",1,"species","","",NA,"F.M.Bailey","Fabaceae","Acacia","Acacia",1,"chisholmii","chisholmii",1,"","",NA,"","",NA,"","",NA,"","","https://powo.science.kew.org/taxon/urn:lsid:ipni.org:names:469975-1","","Y","Accepted","Acacia chisholmii","Acacia chisholmii","F.M.Bailey","1042531","species","https://powo.science.kew.org/taxon/urn:lsid:ipni.org:names:469975-1","","Fabaceae","1","1","wcvp","0",""
"1301","Acacia gracillima",1,"198852","Acacia gracillima",1,"species","","",NA,"Tindale","Fabaceae","Acacia","Acacia",1,"gracillima","gracillima",1,"","",NA,"","",NA,"","",NA,"","","https://powo.science.kew.org/taxon/urn:lsid:ipni.org:names:470443-1","","Y","Illegitimate","Acacia minniritchi","Acacia minniritchi","I.M.Turner","1309248","species","https://powo.science.kew.org/taxon/urn:lsid:ipni.org:names:77143662-1","","Fabaceae","1","1","wcvp","0",""
"1302","Acacia trachycarpa",1,"198853","Acacia trachycarpa",1,"species","","",NA,"E.Pritz.","Fabaceae","Acacia","Acacia",1,"trachycarpa","trachycarpa",1,"","",NA,"","",NA,"","",NA,"","","https://powo.science.kew.org/taxon/urn:lsid:ipni.org:names:471666-1","","Y","Accepted","Acacia trachycarpa","Acacia trachycarpa","E.Pritz.","198853","species","https://powo.science.kew.org/taxon/urn:lsid:ipni.org:names:471666-1","","Fabaceae","1","1","wcvp","0",""
"1303","Acacia effusa",1,"198856","Acacia effusa",1,"species","","",NA,"Maslin","Fabaceae","Acacia","Acacia",1,"effusa","effusa",1,"","",NA,"","",NA,"","",NA,"","","https://powo.science.kew.org/taxon/urn:lsid:ipni.org:names:899063-1","","Y","Accepted","Acacia effusa","Acacia effusa","Maslin","198856","species","https://powo.science.kew.org/taxon/urn:lsid:ipni.org:names:899063-1","","Fabaceae","1","1","wcvp","0",""
"1304","Acacia helicophylla",1,"198857","Acacia helicophylla",1,"species","","",NA,"Pedley","Fabaceae","Acacia","Acacia",1,"helicophylla","helicophylla",1,"","",NA,"","",NA,"","",NA,"","","https://powo.science.kew.org/taxon/urn:lsid:ipni.org:names:470506-1","","Y","Accepted","Acacia helicophylla","Acacia helicophylla","Pedley","198857","species","https://powo.science.kew.org/taxon/urn:lsid:ipni.org:names:470506-1","","Fabaceae","1","1","wcvp","0",""
"1305","Acacia monticola",1,"198858","Acacia monticola",1,"species","","",NA,"J.M.Black","Fabaceae","Acacia","Acacia",1,"monticola","monticola",1,"","",NA,"","",NA,"","",NA,"","","https://powo.science.kew.org/taxon/urn:lsid:ipni.org:names:470929-1","","Y","Accepted","Acacia monticola","Acacia monticola","J.M.Black","198858","species","https://powo.science.kew.org/taxon/urn:lsid:ipni.org:names:470929-1","","Fabaceae","1","1","wcvp","0",""
"1306","Acacia phlebocarpa",1,"198861","Acacia phlebocarpa",1,"species","","",NA,"F.Muell.","Fabaceae","Acacia","Acacia",1,"phlebocarpa","phlebocarpa",1,"","",NA,"","",NA,"","",NA,"","","https://powo.science.kew.org/taxon/urn:lsid:ipni.org:names:471141-1","","Y","Accepted","Acacia phlebocarpa","Acacia phlebocarpa","F.Muell.","198861","species","https://powo.science.kew.org/taxon/urn:lsid:ipni.org:names:471141-1","","Fabaceae","1","1","wcvp","0",""
"1307","Acacia orthocarpa",1,"198863","Acacia orthocarpa",1,"species","","",NA,"F.Muell.","Fabaceae","Acacia","Acacia",1,"orthocarpa","orthocarpa",1,"","",NA,"","",NA,"","",NA,"","","https://powo.science.kew.org/taxon/urn:lsid:ipni.org:names:471047-1","","Y","Accepted","Acacia orthocarpa","Acacia orthocarpa","F.Muell.","198863","species","https://powo.science.kew.org/taxon/urn:lsid:ipni.org:names:471047-1","","Fabaceae","1","1","wcvp","0",""
"1308","Acacia arida",1,"198868","Acacia arida",1,"species","","",NA,"Benth.","Fabaceae","Acacia","Acacia",1,"arida","arida",1,"","",NA,"","",NA,"","",NA,"","","https://powo.science.kew.org/taxon/urn:lsid:ipni.org:names:469750-1","","Y","Accepted","Acacia arida","Acacia arida","Benth.","198868","species","https://powo.science.kew.org/taxon/urn:lsid:ipni.org:names:469750-1","","Fabaceae","1","1","wcvp","0",""
"1309","Acacia tenuispica",1,"198870","Acacia tenuispica",1,"species","","",NA,"Maslin","Fabaceae","Acacia","Acacia",1,"tenuispica","tenuispica",1,"","",NA,"","",NA,"","",NA,"","","https://powo.science.kew.org/taxon/urn:lsid:ipni.org:names:901329-1","","Y","Accepted","Acacia tenuispica","Acacia tenuispica","Maslin","198870","species","https://powo.science.kew.org/taxon/urn:lsid:ipni.org:names:901329-1","","Fabaceae","1","1","wcvp","0",""
"1310","Acacia lentiginea",1,"198871","Acacia lentiginea",1,"species","","",NA,"Maiden & Blakely","Fabaceae","Acacia","Acacia",1,"lentiginea","lentiginea",1,"","",NA,"","",NA,"","",NA,"","","https://powo.science.kew.org/taxon/urn:lsid:ipni.org:names:470728-1","","Y","Accepted","Acacia lentiginea","Acacia lentiginea","Maiden & Blakely","198871","species","https://powo.science.kew.org/taxon/urn:lsid:ipni.org:names:470728-1","","Fabaceae","1","1","wcvp","0",""
"1311","Acacia delibrata",1,"198872","Acacia delibrata",1,"species","","",NA,"A.Cunn. ex Benth.","Fabaceae","Acacia","Acacia",1,"delibrata","delibrata",1,"","",NA,"","",NA,"","",NA,"","","https://powo.science.kew.org/taxon/urn:lsid:ipni.org:names:470144-1","","Y","Accepted","Acacia delibrata","Acacia delibrata","A.Cunn. ex Benth.","198872","species","https://powo.science.kew.org/taxon/urn:lsid:ipni.org:names:470144-1","","Fabaceae","1","1","wcvp","0",""
"1312","Acacia richardsii",1,"198873","Acacia richardsii",1,"species","","",NA,"Maslin","Fabaceae","Acacia","Acacia",1,"richardsii","richardsii",1,"","",NA,"","",NA,"","",NA,"","","https://powo.science.kew.org/taxon/urn:lsid:ipni.org:names:901327-1","","Y","Accepted","Acacia richardsii","Acacia richardsii","Maslin","198873","species","https://powo.science.kew.org/taxon/urn:lsid:ipni.org:names:901327-1","","Fabaceae","1","1","wcvp","0",""
"1313","Acacia kimberleyensis",1,"1042546","Acacia kimberleyensis",1,"species","","",NA,"W.Fitzg.","Fabaceae","Acacia","Acacia",1,"kimberleyensis","kimberleyensis",1,"","",NA,"","",NA,"","",NA,"","","https://powo.science.kew.org/taxon/urn:lsid:ipni.org:names:470652-1","","Y","Accepted","Acacia kimberleyensis","Acacia kimberleyensis","W.Fitzg.","1042546","species","https://powo.science.kew.org/taxon/urn:lsid:ipni.org:names:470652-1","","Fabaceae","1","1","wcvp","0",""
"1314","Acacia gonocarpa",1,"198874","Acacia gonocarpa",1,"species","","",NA,"F.Muell.","Fabaceae","Acacia","Acacia",1,"gonocarpa","gonocarpa",1,"","",NA,"","",NA,"","",NA,"","","https://powo.science.kew.org/taxon/urn:lsid:ipni.org:names:470434-1","","Y","Accepted","Acacia gonocarpa","Acacia gonocarpa","F.Muell.","198874","species","https://powo.science.kew.org/taxon/urn:lsid:ipni.org:names:470434-1","","Fabaceae","1","1","wcvp","0",""
"1315","Acacia conjunctifolia",1,"198876","Acacia conjunctifolia",1,"species","","",NA,"F.Muell.","Fabaceae","Acacia","Acacia",1,"conjunctifolia","conjunctifolia",1,"","",NA,"","",NA,"","",NA,"","","https://powo.science.kew.org/taxon/urn:lsid:ipni.org:names:470041-1","","Y","Accepted","Acacia conjunctifolia","Acacia conjunctifolia","F.Muell.","198876","species","https://powo.science.kew.org/taxon/urn:lsid:ipni.org:names:470041-1","","Fabaceae","1","1","wcvp","0",""
"1316","Acacia subternata",1,"198879","Acacia subternata",1,"species","","",NA,"F.Muell.","Fabaceae","Acacia","Acacia",1,"subternata","subternata",1,"","",NA,"","",NA,"","",NA,"","","https://powo.science.kew.org/taxon/urn:lsid:ipni.org:names:471591-1","","Y","Accepted","Acacia subternata","Acacia subternata","F.Muell.","198879","species","https://powo.science.kew.org/taxon/urn:lsid:ipni.org:names:471591-1","","Fabaceae","1","1","wcvp","0",""
"1317","Acacia manipularis",1,"198880","Acacia manipularis",1,"species","","",NA,"R.S.Cowan & Maslin","Fabaceae","Acacia","Acacia",1,"manipularis","manipularis",1,"","",NA,"","",NA,"","",NA,"","","https://powo.science.kew.org/taxon/urn:lsid:ipni.org:names:981020-1","","Y","Accepted","Acacia manipularis","Acacia manipularis","R.S.Cowan & Maslin","198880","species","https://powo.science.kew.org/taxon/urn:lsid:ipni.org:names:981020-1","","Fabaceae","1","1","wcvp","0",""
"1318","Acacia delicatula",1,"198881","Acacia delicatula",1,"species","","",NA,"Tindale & Kodela","Fabaceae","Acacia","Acacia",1,"delicatula","delicatula",1,"","",NA,"","",NA,"","",NA,"","","https://powo.science.kew.org/taxon/urn:lsid:ipni.org:names:968168-1","","Y","Accepted","Acacia delicatula","Acacia delicatula","Tindale & Kodela","198881","species","https://powo.science.kew.org/taxon/urn:lsid:ipni.org:names:968168-1","","Fabaceae","1","1","wcvp","0",""
"1319","Acacia yirrkallensis",1,"198882","Acacia yirrkallensis",1,"species","","",NA,"Specht","Fabaceae","Acacia","Acacia",1,"yirrkallensis","yirrkallensis",1,"","",NA,"","",NA,"","",NA,"","","https://powo.science.kew.org/taxon/urn:lsid:ipni.org:names:471823-1","","Y","Accepted","Acacia yirrkallensis","Acacia yirrkallensis","Specht","198882","species","https://powo.science.kew.org/taxon/urn:lsid:ipni.org:names:471823-1","","Fabaceae","1","1","wcvp","0",""
"1320","Acacia minutifolia",1,"198883","Acacia minutifolia",1,"species","","",NA,"F.Muell.","Fabaceae","Acacia","Acacia",1,"minutifolia","minutifolia",1,"","",NA,"","",NA,"","",NA,"","","https://powo.science.kew.org/taxon/urn:lsid:ipni.org:names:470910-1","","Y","Accepted","Acacia minutifolia","Acacia minutifolia","F.Muell.","198883","species","https://powo.science.kew.org/taxon/urn:lsid:ipni.org:names:470910-1","","Fabaceae","1","1","wcvp","0",""
"1321","Acacia abbreviata",1,"198884","Acacia abbreviata",1,"species","","",NA,"Maslin","Fabaceae","Acacia","Acacia",1,"abbreviata","abbreviata",1,"","",NA,"","",NA,"","",NA,"","","https://powo.science.kew.org/taxon/urn:lsid:ipni.org:names:469618-1","","Y","Accepted","Acacia abbreviata","Acacia abbreviata","Maslin","198884","species","https://powo.science.kew.org/taxon/urn:lsid:ipni.org:names:469618-1","","Fabaceae","1","1","wcvp","0",""
"1322","Acacia hilliana",1,"198885","Acacia hilliana",1,"species","","",NA,"Maiden","Fabaceae","Acacia","Acacia",1,"hilliana","hilliana",1,"","",NA,"","",NA,"","",NA,"","","https://powo.science.kew.org/taxon/urn:lsid:ipni.org:names:470522-1","","Y","Accepted","Acacia hilliana","Acacia hilliana","Maiden","198885","species","https://powo.science.kew.org/taxon/urn:lsid:ipni.org:names:470522-1","","Fabaceae","1","1","wcvp","0",""
"1323","Acacia arrecta",1,"198887","Acacia arrecta",1,"species","","",NA,"Maslin","Fabaceae","Acacia","Acacia",1,"arrecta","arrecta",1,"","",NA,"","",NA,"","",NA,"","","https://powo.science.kew.org/taxon/urn:lsid:ipni.org:names:899058-1","","Y","Accepted","Acacia arrecta","Acacia arrecta","Maslin","198887","species","https://powo.science.kew.org/taxon/urn:lsid:ipni.org:names:899058-1","","Fabaceae","1","1","wcvp","0",""
"1324","Acacia nuperrima",1,"198888","Acacia nuperrima",1,"species","","",NA,"Baker f.","Fabaceae","Acacia","Acacia",1,"nuperrima","nuperrima",1,"","",NA,"","",NA,"","",NA,"","","https://powo.science.kew.org/taxon/urn:lsid:ipni.org:names:471006-1","","Y","Accepted","Acacia nuperrima","Acacia nuperrima","Baker f.","198888","species","https://powo.science.kew.org/taxon/urn:lsid:ipni.org:names:471006-1","","Fabaceae","1","1","wcvp","0",""
"1325","Acacia setulifera",1,"198891","Acacia setulifera",1,"species","","",NA,"Benth.","Fabaceae","Acacia","Acacia",1,"setulifera","setulifera",1,"","",NA,"","",NA,"","",NA,"","","https://powo.science.kew.org/taxon/urn:lsid:ipni.org:names:471462-1","","Y","Accepted","Acacia setulifera","Acacia setulifera","Benth.","198891","species","https://powo.science.kew.org/taxon/urn:lsid:ipni.org:names:471462-1","","Fabaceae","1","1","wcvp","0",""
"1326","Acacia stellaticeps",1,"198892","Acacia stellaticeps",1,"species","","",NA,"Kodela, Tindale & D.A.Keith","Fabaceae","Acacia","Acacia",1,"stellaticeps","stellaticeps",1,"","",NA,"","",NA,"","",NA,"","","https://powo.science.kew.org/taxon/urn:lsid:ipni.org:names:1018682-1","","Y","Accepted","Acacia stellaticeps","Acacia stellaticeps","Kodela, Tindale & D.A.Keith","198892","species","https://powo.science.kew.org/taxon/urn:lsid:ipni.org:names:1018682-1","","Fabaceae","1","1","wcvp","0",""
"1327","Acacia translucens",1,"198894","Acacia translucens",1,"species","","",NA,"A.Cunn. ex Hook.","Fabaceae","Acacia","Acacia",1,"translucens","translucens",1,"","",NA,"","",NA,"","",NA,"","","https://powo.science.kew.org/taxon/urn:lsid:ipni.org:names:471668-1","","Y","Accepted","Acacia translucens","Acacia translucens","A.Cunn. ex Hook.","198894","species","https://powo.science.kew.org/taxon/urn:lsid:ipni.org:names:471668-1","","Fabaceae","1","1","wcvp","0",""
"1328","Acacia wickhamii",1,"198898","Acacia wickhamii",1,"species","","",NA,"Benth.","Fabaceae","Acacia","Acacia",1,"wickhamii","wickhamii",1,"","",NA,"","",NA,"","",NA,"","","https://powo.science.kew.org/taxon/urn:lsid:ipni.org:names:471802-1","","Y","Accepted","Acacia wickhamii","Acacia wickhamii","Benth.","198898","species","https://powo.science.kew.org/taxon/urn:lsid:ipni.org:names:471802-1","","Fabaceae","1","1","wcvp","0",""
"1329","Acacia wickhamii subsp. wickhamii",1,"198900","Acacia wickhamii subsp. wickhamii",1,"subspecies","","",NA,"","Fabaceae","Acacia","Acacia",1,"wickhamii","wickhamii",1,"","",NA,"subsp.","wickhamii",1,"","",NA,"","","https://powo.science.kew.org/taxon/urn:lsid:ipni.org:names:77214082-1","","Y","Accepted","Acacia wickhamii subsp. wickhamii","Acacia wickhamii","","198900","subspecies","https://powo.science.kew.org/taxon/urn:lsid:ipni.org:names:77214082-1","","Fabaceae","1","1","wcvp","0",""
"1330","Acacia wickhamii subsp. viscidula",1,"198901","Acacia wickhamii subsp. viscidula",1,"subspecies","","",NA,"(F.Muell.) Tindale, Kodela & D.A.Keith","Fabaceae","Acacia","Acacia",1,"wickhamii","wickhamii",1,"","",NA,"subsp.","viscidula",1,"","",NA,"","","https://powo.science.kew.org/taxon/urn:lsid:ipni.org:names:20001393-1","","Y","Synonym","Acacia calligera","Acacia calligera","(Pedley) Pedley","1375060","species","https://powo.science.kew.org/taxon/urn:lsid:ipni.org:names:77079740-1","","Fabaceae","1","1","wcvp","0",""
"1331","Acacia wickhamii subsp. parviphyllodinea",1,"198903","Acacia wickhamii subsp. parviphyllodinea",1,"subspecies","","",NA,"Tindale, Kodela & D.A.Keith","Fabaceae","Acacia","Acacia",1,"wickhamii","wickhamii",1,"","",NA,"subsp.","parviphyllodinea",1,"","",NA,"","","https://powo.science.kew.org/taxon/urn:lsid:ipni.org:names:20001394-1","","Y","Synonym","Acacia calligera","Acacia calligera","(Pedley) Pedley","1375060","species","https://powo.science.kew.org/taxon/urn:lsid:ipni.org:names:77079740-1","","Fabaceae","1","1","wcvp","0",""
"1332","Acacia wickhamii subsp. cassitera",1,"198905","Acacia wickhamii subsp. cassitera",1,"subspecies","","",NA,"(Pedley) Tindale & Kodela","Fabaceae","Acacia","Acacia",1,"wickhamii","wickhamii",1,"","",NA,"subsp.","cassitera",1,"","",NA,"","","https://powo.science.kew.org/taxon/urn:lsid:ipni.org:names:20001395-1","","Y","Accepted","Acacia wickhamii subsp. cassitera","Acacia wickhamii","(Pedley) Tindale & Kodela","198905","subspecies","https://powo.science.kew.org/taxon/urn:lsid:ipni.org:names:20001395-1","","Fabaceae","1","1","wcvp","0",""
"1333","Acacia sphaerostachya",1,"198908","Acacia sphaerostachya",1,"species","","",NA,"E.Pritz.","Fabaceae","Acacia","Acacia",1,"sphaerostachya","sphaerostachya",1,"","",NA,"","",NA,"","",NA,"","","https://powo.science.kew.org/taxon/urn:lsid:ipni.org:names:471518-1","","Y","Accepted","Acacia sphaerostachya","Acacia sphaerostachya","E.Pritz.","198908","species","https://powo.science.kew.org/taxon/urn:lsid:ipni.org:names:471518-1","","Fabaceae","1","1","wcvp","0",""
"1334","Acacia ancistrocarpa",1,"198909","Acacia ancistrocarpa",1,"species","","",NA,"Maiden & Blakely","Fabaceae","Acacia","Acacia",1,"ancistrocarpa","ancistrocarpa",1,"","",NA,"","",NA,"","",NA,"","","https://powo.science.kew.org/taxon/urn:lsid:ipni.org:names:469708-1","","Y","Accepted","Acacia ancistrocarpa","Acacia ancistrocarpa","Maiden & Blakely","198909","species","https://powo.science.kew.org/taxon/urn:lsid:ipni.org:names:469708-1","","Fabaceae","1","1","wcvp","0",""
"1335","Acacia cataractae",1,"198911","Acacia cataractae",1,"species","","",NA,"Tindale & Kodela","Fabaceae","Acacia","Acacia",1,"cataractae","cataractae",1,"","",NA,"","",NA,"","",NA,"","","https://powo.science.kew.org/taxon/urn:lsid:ipni.org:names:968167-1","","Y","Accepted","Acacia cataractae","Acacia cataractae","Tindale & Kodela","198911","species","https://powo.science.kew.org/taxon/urn:lsid:ipni.org:names:968167-1","","Fabaceae","1","1","wcvp","0",""
"1336","Acacia lazaridis",1,"198912","Acacia lazaridis",1,"species","","",NA,"Pedley","Fabaceae","Acacia","Acacia",1,"lazaridis","lazaridis",1,"","",NA,"","",NA,"","",NA,"","","https://powo.science.kew.org/taxon/urn:lsid:ipni.org:names:907336-1","","Y","Accepted","Acacia lazaridis","Acacia lazaridis","Pedley","198912","species","https://powo.science.kew.org/taxon/urn:lsid:ipni.org:names:907336-1","","Fabaceae","1","1","wcvp","0",""
"1337","Acacia limbata",1,"198917","Acacia limbata",1,"species","","",NA,"F.Muell.","Fabaceae","Acacia","Acacia",1,"limbata","limbata",1,"","",NA,"","",NA,"","",NA,"","","https://powo.science.kew.org/taxon/urn:lsid:ipni.org:names:470762-1","","Y","Accepted","Acacia limbata","Acacia limbata","F.Muell.","198917","species","https://powo.science.kew.org/taxon/urn:lsid:ipni.org:names:470762-1","","Fabaceae","1","1","wcvp","0",""
"1338","Acacia leptophleba",1,"1041089","Acacia leptophleba",1,"species","","",NA,"F.Muell.","Fabaceae","Acacia","Acacia",1,"leptophleba","leptophleba",1,"","",NA,"","",NA,"","",NA,"","","https://powo.science.kew.org/taxon/urn:lsid:ipni.org:names:470739-1","","Y","Accepted","Acacia leptophleba","Acacia leptophleba","F.Muell.","1041089","species","https://powo.science.kew.org/taxon/urn:lsid:ipni.org:names:470739-1","","Fabaceae","1","1","wcvp","0",""
"1339","Acacia argyraea",1,"198920","Acacia argyraea",1,"species","","",NA,"Tindale","Fabaceae","Acacia","Acacia",1,"argyraea","argyraea",1,"","",NA,"","",NA,"","",NA,"","","https://powo.science.kew.org/taxon/urn:lsid:ipni.org:names:469747-1","","Y","Accepted","Acacia argyraea","Acacia argyraea","Tindale","198920","species","https://powo.science.kew.org/taxon/urn:lsid:ipni.org:names:469747-1","","Fabaceae","1","1","wcvp","0",""
"1340","Acacia stigmatophylla",1,"198922","Acacia stigmatophylla",1,"species","","",NA,"A.Cunn. ex Benth.","Fabaceae","Acacia","Acacia",1,"stigmatophylla","stigmatophylla",1,"","",NA,"","",NA,"","",NA,"","","https://powo.science.kew.org/taxon/urn:lsid:ipni.org:names:471548-1","","Y","Accepted","Acacia stigmatophylla","Acacia stigmatophylla","A.Cunn. ex Benth.","198922","species","https://powo.science.kew.org/taxon/urn:lsid:ipni.org:names:471548-1","","Fabaceae","1","1","wcvp","0",""
"1341","Acacia producta",1,"198923","Acacia producta",1,"species","","",NA,"Tindale","Fabaceae","Acacia","Acacia",1,"producta","producta",1,"","",NA,"","",NA,"","",NA,"","","https://powo.science.kew.org/taxon/urn:lsid:ipni.org:names:471211-1","","Y","Accepted","Acacia producta","Acacia producta","Tindale","198923","species","https://powo.science.kew.org/taxon/urn:lsid:ipni.org:names:471211-1","","Fabaceae","1","1","wcvp","0",""
"1342","Acacia praetermissa",1,"198924","Acacia praetermissa",1,"species","","",NA,"Tindale","Fabaceae","Acacia","Acacia",1,"praetermissa","praetermissa",1,"","",NA,"","",NA,"","",NA,"","","https://powo.science.kew.org/taxon/urn:lsid:ipni.org:names:471197-1","","Y","Accepted","Acacia praetermissa","Acacia praetermissa","Tindale","198924","species","https://powo.science.kew.org/taxon/urn:lsid:ipni.org:names:471197-1","","Fabaceae","1","1","wcvp","0",""
"1343","Acacia paula",1,"198925","Acacia paula",1,"species","","",NA,"Tindale & S.J.Davies","Fabaceae","Acacia","Acacia",1,"paula","paula",1,"","",NA,"","",NA,"","",NA,"","","https://powo.science.kew.org/taxon/urn:lsid:ipni.org:names:940328-1","","Y","Accepted","Acacia paula","Acacia paula","Tindale & S.J.Davies","198925","species","https://powo.science.kew.org/taxon/urn:lsid:ipni.org:names:940328-1","","Fabaceae","1","1","wcvp","0",""
"1344","Acacia calyculata",1,"198927","Acacia calyculata",1,"species","","",NA,"A.Cunn. ex Benth.","Fabaceae","Acacia","Acacia",1,"calyculata","calyculata",1,"","",NA,"","",NA,"","",NA,"","","https://powo.science.kew.org/taxon/urn:lsid:ipni.org:names:469923-1","","Y","Accepted","Acacia calyculata","Acacia calyculata","A.Cunn. ex Benth.","198927","species","https://powo.science.kew.org/taxon/urn:lsid:ipni.org:names:469923-1","","Fabaceae","1","1","wcvp","0",""
"1345","Acacia solenota",1,"198931","Acacia solenota",1,"species","","",NA,"Pedley","Fabaceae","Acacia","Acacia",1,"solenota","solenota",1,"","",NA,"","",NA,"","",NA,"","","https://powo.science.kew.org/taxon/urn:lsid:ipni.org:names:1007219-1","","Y","Accepted","Acacia solenota","Acacia solenota","Pedley","198931","species","https://powo.science.kew.org/taxon/urn:lsid:ipni.org:names:1007219-1","","Fabaceae","1","1","wcvp","0",""
"1346","Acacia oncinocarpa",1,"198932","Acacia oncinocarpa",1,"species","","",NA,"Benth.","Fabaceae","Acacia","Acacia",1,"oncinocarpa","oncinocarpa",1,"","",NA,"","",NA,"","",NA,"","","https://powo.science.kew.org/taxon/urn:lsid:ipni.org:names:471037-1","","Y","Accepted","Acacia oncinocarpa","Acacia oncinocarpa","Benth.","198932","species","https://powo.science.kew.org/taxon/urn:lsid:ipni.org:names:471037-1","","Fabaceae","1","1","wcvp","0",""
"1347","Acacia oligoneura",1,"198934","Acacia oligoneura",1,"species","","",NA,"F.Muell.","Fabaceae","Acacia","Acacia",1,"oligoneura","oligoneura",1,"","",NA,"","",NA,"","",NA,"","","https://powo.science.kew.org/taxon/urn:lsid:ipni.org:names:471031-1","","Y","Accepted","Acacia oligoneura","Acacia oligoneura","F.Muell.","198934","species","https://powo.science.kew.org/taxon/urn:lsid:ipni.org:names:471031-1","","Fabaceae","1","1","wcvp","0",""
"1348","Acacia polyadenia",1,"198935","Acacia polyadenia",1,"species","","",NA,"(Pedley) Pedley","Fabaceae","Acacia","Acacia",1,"polyadenia","polyadenia",1,"","",NA,"","",NA,"","",NA,"","","https://powo.science.kew.org/taxon/urn:lsid:ipni.org:names:948160-1","","Y","Accepted","Acacia polyadenia","Acacia polyadenia","(Pedley) Pedley","198935","species","https://powo.science.kew.org/taxon/urn:lsid:ipni.org:names:948160-1","","Fabaceae","1","1","wcvp","0",""
"1349","Acacia drepanocarpa",1,"198938","Acacia drepanocarpa",1,"species","","",NA,"F.Muell.","Fabaceae","Acacia","Acacia",1,"drepanocarpa","drepanocarpa",1,"","",NA,"","",NA,"","",NA,"","","https://powo.science.kew.org/taxon/urn:lsid:ipni.org:names:470212-1","","Y","Accepted","Acacia drepanocarpa","Acacia drepanocarpa","F.Muell.","198938","species","https://powo.science.kew.org/taxon/urn:lsid:ipni.org:names:470212-1","","Fabaceae","1","1","wcvp","0",""
"1350","Acacia drepanocarpa subsp. drepanocarpa",1,"198940","Acacia drepanocarpa subsp. drepanocarpa",1,"subspecies","","",NA,"","Fabaceae","Acacia","Acacia",1,"drepanocarpa","drepanocarpa",1,"","",NA,"subsp.","drepanocarpa",1,"","",NA,"","","https://powo.science.kew.org/taxon/urn:lsid:ipni.org:names:63917-3","","Y","Accepted","Acacia drepanocarpa subsp. drepanocarpa","Acacia drepanocarpa","","198940","subspecies","https://powo.science.kew.org/taxon/urn:lsid:ipni.org:names:63917-3","","Fabaceae","1","1","wcvp","0",""
"1351","Acacia drepanocarpa subsp. latifolia",1,"198942","Acacia drepanocarpa subsp. latifolia",1,"subspecies","","",NA,"Pedley","Fabaceae","Acacia","Acacia",1,"drepanocarpa","drepanocarpa",1,"","",NA,"subsp.","latifolia",1,"","",NA,"","","https://powo.science.kew.org/taxon/urn:lsid:ipni.org:names:884523-1","","Y","Accepted","Acacia drepanocarpa subsp. latifolia","Acacia drepanocarpa","Pedley","198942","subspecies","https://powo.science.kew.org/taxon/urn:lsid:ipni.org:names:884523-1","","Fabaceae","1","1","wcvp","0",""
"1352","Acacia ptychophylla",1,"198944","Acacia ptychophylla",1,"species","","",NA,"F.Muell.","Fabaceae","Acacia","Acacia",1,"ptychophylla","ptychophylla",1,"","",NA,"","",NA,"","",NA,"","","https://powo.science.kew.org/taxon/urn:lsid:ipni.org:names:471249-1","","Y","Accepted","Acacia ptychophylla","Acacia ptychophylla","F.Muell.","198944","species","https://powo.science.kew.org/taxon/urn:lsid:ipni.org:names:471249-1","","Fabaceae","1","1","wcvp","0",""
"1353","Acacia binervia",1,"187255","Acacia binervia",1,"species","","",NA,"(J.C.Wendl.) J.F.Macbr.","Fabaceae","Acacia","Acacia",1,"binervia","binervia",1,"","",NA,"","",NA,"","",NA,"","","https://powo.science.kew.org/taxon/urn:lsid:ipni.org:names:469846-1","","Y","Accepted","Acacia binervia","Acacia binervia","(J.C.Wendl.) J.F.Macbr.","187255","species","https://powo.science.kew.org/taxon/urn:lsid:ipni.org:names:469846-1","","Fabaceae","1","1","wcvp","0",""
"1354","Acacia burrowii",1,"198950","Acacia burrowii",1,"species","","",NA,"Maiden","Fabaceae","Acacia","Acacia",1,"burrowii","burrowii",1,"","",NA,"","",NA,"","",NA,"","","https://powo.science.kew.org/taxon/urn:lsid:ipni.org:names:469896-1","","Y","Accepted","Acacia burrowii","Acacia burrowii","Maiden","198950","species","https://powo.science.kew.org/taxon/urn:lsid:ipni.org:names:469896-1","","Fabaceae","1","1","wcvp","0",""
"1355","Acacia bulgaensis",1,"198952","Acacia bulgaensis",1,"species","","",NA,"Tindale & S.J.Davies","Fabaceae","Acacia","Acacia",1,"bulgaensis","bulgaensis",1,"","",NA,"","",NA,"","",NA,"","","https://powo.science.kew.org/taxon/urn:lsid:ipni.org:names:968205-1","","Y","Accepted","Acacia bulgaensis","Acacia bulgaensis","Tindale & S.J.Davies","198952","species","https://powo.science.kew.org/taxon/urn:lsid:ipni.org:names:968205-1","","Fabaceae","1","1","wcvp","0",""
"1356","Acacia blakei",1,"198953","Acacia blakei",1,"species","","",NA,"Pedley","Fabaceae","Acacia","Acacia",1,"blakei","blakei",1,"","",NA,"","",NA,"","",NA,"","","https://powo.science.kew.org/taxon/urn:lsid:ipni.org:names:469849-1","","Y","Accepted","Acacia blakei","Acacia blakei","Pedley","198953","species","https://powo.science.kew.org/taxon/urn:lsid:ipni.org:names:469849-1","","Fabaceae","1","1","wcvp","0",""
"1357","Acacia blakei subsp. blakei",1,"198955","Acacia blakei subsp. blakei",1,"subspecies","","",NA,"","Fabaceae","Acacia","Acacia",1,"blakei","blakei",1,"","",NA,"subsp.","blakei",1,"","",NA,"","","https://powo.science.kew.org/taxon/urn:lsid:ipni.org:names:167949-3","","Y","Accepted","Acacia blakei subsp. blakei","Acacia blakei","","198955","subspecies","https://powo.science.kew.org/taxon/urn:lsid:ipni.org:names:167949-3","","Fabaceae","1","1","wcvp","0",""
"1358","Acacia blakei subsp. diphylla",1,"198957","Acacia blakei subsp. diphylla",1,"subspecies","","",NA,"(Tindale) Pedley","Fabaceae","Acacia","Acacia",1,"blakei","blakei",1,"","",NA,"subsp.","diphylla",1,"","",NA,"","","https://powo.science.kew.org/taxon/urn:lsid:ipni.org:names:956490-1","","Y","Accepted","Acacia blakei subsp. diphylla","Acacia blakei","(Tindale) Pedley","198957","subspecies","https://powo.science.kew.org/taxon/urn:lsid:ipni.org:names:956490-1","","Fabaceae","1","1","wcvp","0",""
"1359","Acacia matthewii",1,"198960","Acacia matthewii",1,"species","","",NA,"Tindale & S.J.Davies","Fabaceae","Acacia","Acacia",1,"matthewii","matthewii",1,"","",NA,"","",NA,"","",NA,"","","https://powo.science.kew.org/taxon/urn:lsid:ipni.org:names:968206-1","","Y","Accepted","Acacia matthewii","Acacia matthewii","Tindale & S.J.Davies","198960","species","https://powo.science.kew.org/taxon/urn:lsid:ipni.org:names:968206-1","","Fabaceae","1","1","wcvp","0",""
"1360","Acacia meiosperma",1,"198961","Acacia meiosperma",1,"species","","",NA,"(Pedley) Pedley","Fabaceae","Acacia","Acacia",1,"meiosperma","meiosperma",1,"","",NA,"","",NA,"","",NA,"","","https://powo.science.kew.org/taxon/urn:lsid:ipni.org:names:948158-1","","Y","Accepted","Acacia meiosperma","Acacia meiosperma","(Pedley) Pedley","198961","species","https://powo.science.kew.org/taxon/urn:lsid:ipni.org:names:948158-1","","Fabaceae","1","1","wcvp","0",""
"1361","Acacia cheelii",1,"1042543","Acacia cheelii",1,"species","","",NA,"Blakely","Fabaceae","Acacia","Acacia",1,"cheelii","cheelii",1,"","",NA,"","",NA,"","",NA,"","","https://powo.science.kew.org/taxon/urn:lsid:ipni.org:names:469970-1","","Y","Accepted","Acacia cheelii","Acacia cheelii","Blakely","1042543","species","https://powo.science.kew.org/taxon/urn:lsid:ipni.org:names:469970-1","","Fabaceae","1","1","wcvp","0",""
"1362","Acacia striatifolia",1,"198963","Acacia striatifolia",1,"species","","",NA,"Pedley","Fabaceae","Acacia","Acacia",1,"striatifolia","striatifolia",1,"","",NA,"","",NA,"","",NA,"","","https://powo.science.kew.org/taxon/urn:lsid:ipni.org:names:471559-1","","Y","Accepted","Acacia striatifolia","Acacia striatifolia","Pedley","198963","species","https://powo.science.kew.org/taxon/urn:lsid:ipni.org:names:471559-1","","Fabaceae","1","1","wcvp","0",""
"1363","Acacia georgensis",1,"198965","Acacia georgensis",1,"species","","",NA,"Tindale","Fabaceae","Acacia","Acacia",1,"georgensis","georgensis",1,"","",NA,"","",NA,"","",NA,"","","https://powo.science.kew.org/taxon/urn:lsid:ipni.org:names:470391-1","","Y","Accepted","Acacia georgensis","Acacia georgensis","Tindale","198965","species","https://powo.science.kew.org/taxon/urn:lsid:ipni.org:names:470391-1","","Fabaceae","1","1","wcvp","0",""
"1364","Acacia pubifolia",1,"198967","Acacia pubifolia",1,"species","","",NA,"Pedley","Fabaceae","Acacia","Acacia",1,"pubifolia","pubifolia",1,"","",NA,"","",NA,"","",NA,"","","https://powo.science.kew.org/taxon/urn:lsid:ipni.org:names:471253-1","","Y","Accepted","Acacia pubifolia","Acacia pubifolia","Pedley","198967","species","https://powo.science.kew.org/taxon/urn:lsid:ipni.org:names:471253-1","","Fabaceae","1","1","wcvp","0",""
"1365","Acacia spania",1,"198969","Acacia spania",1,"species","","",NA,"Pedley","Fabaceae","Acacia","Acacia",1,"spania","spania",1,"","",NA,"","",NA,"","",NA,"","","https://powo.science.kew.org/taxon/urn:lsid:ipni.org:names:471506-1","","Y","Accepted","Acacia spania","Acacia spania","Pedley","198969","species","https://powo.science.kew.org/taxon/urn:lsid:ipni.org:names:471506-1","","Fabaceae","1","1","wcvp","0",""
"1366","Acacia rhodoxylon",1,"182704","Acacia rhodoxylon",1,"species","","",NA,"Maiden","Fabaceae","Acacia","Acacia",1,"rhodoxylon","rhodoxylon",1,"","",NA,"","",NA,"","",NA,"","","https://powo.science.kew.org/taxon/urn:lsid:ipni.org:names:471321-1","","Y","Accepted","Acacia rhodoxylon","Acacia rhodoxylon","Maiden","182704","species","https://powo.science.kew.org/taxon/urn:lsid:ipni.org:names:471321-1","","Fabaceae","1","1","wcvp","0",""
"1367","Acacia curvinervia",1,"198973","Acacia curvinervia",1,"species","","",NA,"Maiden","Fabaceae","Acacia","Acacia",1,"curvinervia","curvinervia",1,"","",NA,"","",NA,"","",NA,"","","https://powo.science.kew.org/taxon/urn:lsid:ipni.org:names:470102-1","","Y","Synonym","Acacia julifera subsp. curvinervia","Acacia julifera","(Maiden) Pedley","198975","subspecies","https://powo.science.kew.org/taxon/urn:lsid:ipni.org:names:956491-1","","Fabaceae","1","1","wcvp","0",""
"1368","Acacia julifera",1,"198976","Acacia julifera",1,"species","","",NA,"Benth.","Fabaceae","Acacia","Acacia",1,"julifera","julifera",1,"","",NA,"","",NA,"","",NA,"","","https://powo.science.kew.org/taxon/urn:lsid:ipni.org:names:470632-1","","Y","Accepted","Acacia julifera","Acacia julifera","Benth.","198976","species","https://powo.science.kew.org/taxon/urn:lsid:ipni.org:names:470632-1","","Fabaceae","1","1","wcvp","0",""
"1369","Acacia julifera subsp. julifera",1,"198979","Acacia julifera subsp. julifera",1,"subspecies","","",NA,"","Fabaceae","Acacia","Acacia",1,"julifera","julifera",1,"","",NA,"subsp.","julifera",1,"","",NA,"","","https://powo.science.kew.org/taxon/urn:lsid:ipni.org:names:68860-3","","Y","Accepted","Acacia julifera subsp. julifera","Acacia julifera","","198979","subspecies","https://powo.science.kew.org/taxon/urn:lsid:ipni.org:names:68860-3","","Fabaceae","1","1","wcvp","0",""
"1370","Acacia julifera subsp. gilbertensis",1,"198981","Acacia julifera subsp. gilbertensis",1,"subspecies","","",NA,"Pedley","Fabaceae","Acacia","Acacia",1,"julifera","julifera",1,"","",NA,"subsp.","gilbertensis",1,"","",NA,"","","https://powo.science.kew.org/taxon/urn:lsid:ipni.org:names:884532-1","","Y","Accepted","Acacia julifera subsp. gilbertensis","Acacia julifera","Pedley","198981","subspecies","https://powo.science.kew.org/taxon/urn:lsid:ipni.org:names:884532-1","","Fabaceae","1","1","wcvp","0",""
"1371","Acacia pycnostachya",1,"1781790","Acacia pycnostachya",1,"species","","",NA,"F.Muell. ex Benth.","Fabaceae","Acacia","Acacia",1,"pycnostachya","pycnostachya",1,"","",NA,"","",NA,"","",NA,"","","https://powo.science.kew.org/taxon/urn:lsid:ipni.org:names:471278-1","","Y","Accepted","Acacia pycnostachya","Acacia pycnostachya","F.Muell. ex Benth.","1781790","species","https://powo.science.kew.org/taxon/urn:lsid:ipni.org:names:471278-1","","Fabaceae","1","1","wcvp","0",""
"1372","Acacia tenuinervis",1,"198987","Acacia tenuinervis",1,"species","","",NA,"Pedley","Fabaceae","Acacia","Acacia",1,"tenuinervis","tenuinervis",1,"","",NA,"","",NA,"","",NA,"","","https://powo.science.kew.org/taxon/urn:lsid:ipni.org:names:471633-1","","Y","Accepted","Acacia tenuinervis","Acacia tenuinervis","Pedley","198987","species","https://powo.science.kew.org/taxon/urn:lsid:ipni.org:names:471633-1","","Fabaceae","1","1","wcvp","0",""
"1373","Acacia umbellata",1,"198989","Acacia umbellata",1,"species","","",NA,"A.Cunn. ex Benth.","Fabaceae","Acacia","Acacia",1,"umbellata","umbellata",1,"","",NA,"","",NA,"","",NA,"","","https://powo.science.kew.org/taxon/urn:lsid:ipni.org:names:471707-1","","Y","Accepted","Acacia umbellata","Acacia umbellata","A.Cunn. ex Benth.","198989","species","https://powo.science.kew.org/taxon/urn:lsid:ipni.org:names:471707-1","","Fabaceae","1","1","wcvp","0",""
"1374","Acacia leptostachya",1,"183211","Acacia leptostachya",1,"species","","",NA,"Benth.","Fabaceae","Acacia","Acacia",1,"leptostachya","leptostachya",1,"","",NA,"","",NA,"","",NA,"","","https://powo.science.kew.org/taxon/urn:lsid:ipni.org:names:470745-1","","Y","Accepted","Acacia leptostachya","Acacia leptostachya","Benth.","183211","species","https://powo.science.kew.org/taxon/urn:lsid:ipni.org:names:470745-1","","Fabaceae","1","1","wcvp","0",""
"1375","Acacia shirleyi",1,"182712","Acacia shirleyi",1,"species","","",NA,"Maiden","Fabaceae","Acacia","Acacia",1,"shirleyi","shirleyi",1,"","",NA,"","",NA,"","",NA,"","","https://powo.science.kew.org/taxon/urn:lsid:ipni.org:names:471465-1","","Y","Accepted","Acacia shirleyi","Acacia shirleyi","Maiden","182712","species","https://powo.science.kew.org/taxon/urn:lsid:ipni.org:names:471465-1","","Fabaceae","1","1","wcvp","0",""
"1376","Acacia distans",1,"198996","Acacia distans",1,"species","","",NA,"Maslin","Fabaceae","Acacia","Acacia",1,"distans","distans",1,"","",NA,"","",NA,"","",NA,"","","https://powo.science.kew.org/taxon/urn:lsid:ipni.org:names:901320-1","","Y","Accepted","Acacia distans","Acacia distans","Maslin","198996","species","https://powo.science.kew.org/taxon/urn:lsid:ipni.org:names:901320-1","","Fabaceae","1","1","wcvp","0",""
"1377","Acacia petraea",1,"198997","Acacia petraea",1,"species","","",NA,"Pedley","Fabaceae","Acacia","Acacia",1,"petraea","petraea",1,"","",NA,"","",NA,"","",NA,"","","https://powo.science.kew.org/taxon/urn:lsid:ipni.org:names:471135-1","","Y","Accepted","Acacia petraea","Acacia petraea","Pedley","198997","species","https://powo.science.kew.org/taxon/urn:lsid:ipni.org:names:471135-1","","Fabaceae","1","1","wcvp","0",""
"1378","Acacia sparsiflora",1,"183477","Acacia sparsiflora",1,"species","","",NA,"Maiden","Fabaceae","Acacia","Acacia",1,"sparsiflora","sparsiflora",1,"","",NA,"","",NA,"","",NA,"","","https://powo.science.kew.org/taxon/urn:lsid:ipni.org:names:471507-1","","Y","Accepted","Acacia sparsiflora","Acacia sparsiflora","Maiden","183477","species","https://powo.science.kew.org/taxon/urn:lsid:ipni.org:names:471507-1","","Fabaceae","1","1","wcvp","0",""
"1379","Acacia granitica",1,"199000","Acacia granitica",1,"species","","",NA,"Maiden","Fabaceae","Acacia","Acacia",1,"granitica","granitica",1,"","",NA,"","",NA,"","",NA,"","","https://powo.science.kew.org/taxon/urn:lsid:ipni.org:names:470452-1","","Y","Accepted","Acacia granitica","Acacia granitica","Maiden","199000","species","https://powo.science.kew.org/taxon/urn:lsid:ipni.org:names:470452-1","","Fabaceae","1","1","wcvp","0",""
"1380","Acacia doratoxylon",1,"189715","Acacia doratoxylon",1,"species","","",NA,"A.Cunn.","Fabaceae","Acacia","Acacia",1,"doratoxylon","doratoxylon",1,"","",NA,"","",NA,"","",NA,"","","https://powo.science.kew.org/taxon/urn:lsid:ipni.org:names:470208-1","","Y","Accepted","Acacia doratoxylon","Acacia doratoxylon","A.Cunn.","189715","species","https://powo.science.kew.org/taxon/urn:lsid:ipni.org:names:470208-1","","Fabaceae","1","1","wcvp","0",""
"1381","Acacia caroleae",1,"199003","Acacia caroleae",1,"species","","",NA,"Pedley","Fabaceae","Acacia","Acacia",1,"caroleae","caroleae",1,"","",NA,"","",NA,"","",NA,"","","https://powo.science.kew.org/taxon/urn:lsid:ipni.org:names:469947-1","","Y","Accepted","Acacia caroleae","Acacia caroleae","Pedley","199003","species","https://powo.science.kew.org/taxon/urn:lsid:ipni.org:names:469947-1","","Fabaceae","1","1","wcvp","0",""
"1382","Acacia macdonnellensis",0.99094303083965,"199007","Acacia macdonnelliensis",0.99094303083965,"species","","",NA,"Maconochie","Fabaceae","Acacia","Acacia",1,"macdonnellensis","macdonnelliensis",0.9375,"","",NA,"","",NA,"","",NA,"","","https://powo.science.kew.org/taxon/urn:lsid:ipni.org:names:470815-1","","Y","Accepted","Acacia macdonnelliensis","Acacia macdonnelliensis","Maconochie","199007","species","https://powo.science.kew.org/taxon/urn:lsid:ipni.org:names:470815-1","","Fabaceae","1","1","wcvp","0",""
"1383","Acacia macdonnellensis subsp. macdonnellensis",0.98737368185461,"199009","Acacia macdonnelliensis subsp. macdonnelliensis",0.98737368185461,"subspecies","","",NA,"","Fabaceae","Acacia","Acacia",1,"macdonnellensis","macdonnelliensis",0.9375,"","",NA,"subsp.","macdonnelliensis",0.9375,"","",NA,"","","https://powo.science.kew.org/taxon/urn:lsid:ipni.org:names:71940-3","","Y","Accepted","Acacia macdonnelliensis subsp. macdonnelliensis","Acacia macdonnelliensis","","199009","subspecies","https://powo.science.kew.org/taxon/urn:lsid:ipni.org:names:71940-3","","Fabaceae","1","1","wcvp","0",""
"1384","Acacia macdonnellensis subsp. teretifolia",0.99421856919141,"1368702","Acacia macdonnelliensis subsp. teretifolia",0.99421856919141,"subspecies","","",NA,"Maslin","Fabaceae","Acacia","Acacia",1,"macdonnellensis","macdonnelliensis",0.9375,"","",NA,"subsp.","teretifolia",1,"","",NA,"","","https://powo.science.kew.org/taxon/urn:lsid:ipni.org:names:950124-1","","Y","Accepted","Acacia macdonnelliensis subsp. teretifolia","Acacia macdonnelliensis","Maslin","1368702","subspecies","https://powo.science.kew.org/taxon/urn:lsid:ipni.org:names:950124-1","","Fabaceae","1","1","wcvp","0",""
"1385","Acacia ammobia",1,"199011","Acacia ammobia",1,"species","","",NA,"Maconochie","Fabaceae","Acacia","Acacia",1,"ammobia","ammobia",1,"","",NA,"","",NA,"","",NA,"","","https://powo.science.kew.org/taxon/urn:lsid:ipni.org:names:469697-1","","Y","Accepted","Acacia ammobia","Acacia ammobia","Maconochie","199011","species","https://powo.science.kew.org/taxon/urn:lsid:ipni.org:names:469697-1","","Fabaceae","1","1","wcvp","0",""
"1386","Acacia undoolyana",1,"199013","Acacia undoolyana",1,"species","","",NA,"G.J.Leach","Fabaceae","Acacia","Acacia",1,"undoolyana","undoolyana",1,"","",NA,"","",NA,"","",NA,"","","https://powo.science.kew.org/taxon/urn:lsid:ipni.org:names:935516-1","","Y","Accepted","Acacia undoolyana","Acacia undoolyana","G.J.Leach","199013","species","https://powo.science.kew.org/taxon/urn:lsid:ipni.org:names:935516-1","","Fabaceae","1","1","wcvp","0",""
"1387","Acacia lasiocalyx",1,"199014","Acacia lasiocalyx",1,"species","","",NA,"C.R.P.Andrews","Fabaceae","Acacia","Acacia",1,"lasiocalyx","lasiocalyx",1,"","",NA,"","",NA,"","",NA,"","","https://powo.science.kew.org/taxon/urn:lsid:ipni.org:names:470691-1","","Y","Accepted","Acacia lasiocalyx","Acacia lasiocalyx","C.R.P.Andrews","199014","species","https://powo.science.kew.org/taxon/urn:lsid:ipni.org:names:470691-1","","Fabaceae","1","1","wcvp","0",""
"1388","Acacia conniana",1,"199016","Acacia conniana",1,"species","","",NA,"Maslin","Fabaceae","Acacia","Acacia",1,"conniana","conniana",1,"","",NA,"","",NA,"","",NA,"","","https://powo.science.kew.org/taxon/urn:lsid:ipni.org:names:907730-1","","Y","Accepted","Acacia conniana","Acacia conniana","Maslin","199016","species","https://powo.science.kew.org/taxon/urn:lsid:ipni.org:names:907730-1","","Fabaceae","1","1","wcvp","0",""
"1389","Acacia longiphyllodinea",1,"199020","Acacia longiphyllodinea",1,"species","","",NA,"Maiden","Fabaceae","Acacia","Acacia",1,"longiphyllodinea","longiphyllodinea",1,"","",NA,"","",NA,"","",NA,"","","https://powo.science.kew.org/taxon/urn:lsid:ipni.org:names:470784-1","","Y","Accepted","Acacia longiphyllodinea","Acacia longiphyllodinea","Maiden","199020","species","https://powo.science.kew.org/taxon/urn:lsid:ipni.org:names:470784-1","","Fabaceae","1","1","wcvp","0",""
"1390","Acacia signata",1,"199021","Acacia signata",1,"species","","",NA,"F.Muell.","Fabaceae","Acacia","Acacia",1,"signata","signata",1,"","",NA,"","",NA,"","",NA,"","","https://powo.science.kew.org/taxon/urn:lsid:ipni.org:names:471476-1","","Y","Accepted","Acacia signata","Acacia signata","F.Muell.","199021","species","https://powo.science.kew.org/taxon/urn:lsid:ipni.org:names:471476-1","","Fabaceae","1","1","wcvp","0",""
"1391","Acacia yorkrakinensis",1,"199022","Acacia yorkrakinensis",1,"species","","",NA,"C.A.Gardner","Fabaceae","Acacia","Acacia",1,"yorkrakinensis","yorkrakinensis",1,"","",NA,"","",NA,"","",NA,"","","https://powo.science.kew.org/taxon/urn:lsid:ipni.org:names:471824-1","","Y","Accepted","Acacia yorkrakinensis","Acacia yorkrakinensis","C.A.Gardner","199022","species","https://powo.science.kew.org/taxon/urn:lsid:ipni.org:names:471824-1","","Fabaceae","1","1","wcvp","0",""
"1392","Acacia yorkrakinensis subsp. yorkrakinensis",1,"199023","Acacia yorkrakinensis subsp. yorkrakinensis",1,"subspecies","","",NA,"","Fabaceae","Acacia","Acacia",1,"yorkrakinensis","yorkrakinensis",1,"","",NA,"subsp.","yorkrakinensis",1,"","",NA,"","","https://powo.science.kew.org/taxon/urn:lsid:ipni.org:names:77214153-1","","Y","Accepted","Acacia yorkrakinensis subsp. yorkrakinensis","Acacia yorkrakinensis","","199023","subspecies","https://powo.science.kew.org/taxon/urn:lsid:ipni.org:names:77214153-1","","Fabaceae","1","1","wcvp","0",""
"1393","Acacia yorkrakinensis subsp. acrita",1,"199024","Acacia yorkrakinensis subsp. acrita",1,"subspecies","","",NA,"R.S.Cowan & Maslin","Fabaceae","Acacia","Acacia",1,"yorkrakinensis","yorkrakinensis",1,"","",NA,"subsp.","acrita",1,"","",NA,"","","https://powo.science.kew.org/taxon/urn:lsid:ipni.org:names:981018-1","","Y","Accepted","Acacia yorkrakinensis subsp. acrita","Acacia yorkrakinensis","R.S.Cowan & Maslin","199024","subspecies","https://powo.science.kew.org/taxon/urn:lsid:ipni.org:names:981018-1","","Fabaceae","1","1","wcvp","0",""
"1394","Acacia crenulata",1,"199026","Acacia crenulata",1,"species","","",NA,"R.S.Cowan & Maslin","Fabaceae","Acacia","Acacia",1,"crenulata","crenulata",1,"","",NA,"","",NA,"","",NA,"","","https://powo.science.kew.org/taxon/urn:lsid:ipni.org:names:1008290-1","","Y","Accepted","Acacia crenulata","Acacia crenulata","R.S.Cowan & Maslin","199026","species","https://powo.science.kew.org/taxon/urn:lsid:ipni.org:names:1008290-1","","Fabaceae","1","1","wcvp","0",""
"1395","Acacia curranii",1,"199027","Acacia curranii",1,"species","","",NA,"Maiden","Fabaceae","Acacia","Acacia",1,"curranii","curranii",1,"","",NA,"","",NA,"","",NA,"","","https://powo.science.kew.org/taxon/urn:lsid:ipni.org:names:470097-1","","Y","Accepted","Acacia curranii","Acacia curranii","Maiden","199027","species","https://powo.science.kew.org/taxon/urn:lsid:ipni.org:names:470097-1","","Fabaceae","1","1","wcvp","0",""
"1396","Acacia cyperophylla",1,"199029","Acacia cyperophylla",1,"species","","",NA,"F.Muell. ex Benth.","Fabaceae","Acacia","Acacia",1,"cyperophylla","cyperophylla",1,"","",NA,"","",NA,"","",NA,"","","https://powo.science.kew.org/taxon/urn:lsid:ipni.org:names:470116-1","","Y","Accepted","Acacia cyperophylla","Acacia cyperophylla","F.Muell. ex Benth.","199029","species","https://powo.science.kew.org/taxon/urn:lsid:ipni.org:names:470116-1","","Fabaceae","1","1","wcvp","0",""
"1397","Acacia cyperophylla var. cyperophylla",1,"199033","Acacia cyperophylla var. cyperophylla",1,"variety","","",NA,"","Fabaceae","Acacia","Acacia",1,"cyperophylla","cyperophylla",1,"","",NA,"var.","cyperophylla",1,"","",NA,"","","https://powo.science.kew.org/taxon/urn:lsid:ipni.org:names:77213972-1","","Y","Accepted","Acacia cyperophylla var. cyperophylla","Acacia cyperophylla","","199033","variety","https://powo.science.kew.org/taxon/urn:lsid:ipni.org:names:77213972-1","","Fabaceae","1","1","wcvp","0",""
"1398","Acacia cyperophylla var. omearana",1,"1356297","Acacia cyperophylla var. omearana",1,"variety","","",NA,"Maslin","Fabaceae","Acacia","Acacia",1,"cyperophylla","cyperophylla",1,"","",NA,"var.","omearana",1,"","",NA,"","","https://powo.science.kew.org/taxon/urn:lsid:ipni.org:names:965465-1","","Y","Accepted","Acacia cyperophylla var. omearana","Acacia cyperophylla","Maslin","1356297","variety","https://powo.science.kew.org/taxon/urn:lsid:ipni.org:names:965465-1","","Fabaceae","1","1","wcvp","0",""
"1399","Acacia desmondii",1,"199034","Acacia desmondii",1,"species","","",NA,"Maslin","Fabaceae","Acacia","Acacia",1,"desmondii","desmondii",1,"","",NA,"","",NA,"","",NA,"","","https://powo.science.kew.org/taxon/urn:lsid:ipni.org:names:940984-1","","Y","Accepted","Acacia desmondii","Acacia desmondii","Maslin","199034","species","https://powo.science.kew.org/taxon/urn:lsid:ipni.org:names:940984-1","","Fabaceae","1","1","wcvp","0",""
"1400","Acacia rhodophloia",1,"199037","Acacia rhodophloia",1,"species","","",NA,"Maslin","Fabaceae","Acacia","Acacia",1,"rhodophloia","rhodophloia",1,"","",NA,"","",NA,"","",NA,"","","https://powo.science.kew.org/taxon/urn:lsid:ipni.org:names:471320-1","","Y","Accepted","Acacia rhodophloia","Acacia rhodophloia","Maslin","199037","species","https://powo.science.kew.org/taxon/urn:lsid:ipni.org:names:471320-1","","Fabaceae","1","1","wcvp","0",""
"1401","Acacia grasbyi",1,"199038","Acacia grasbyi",1,"species","","",NA,"Maiden","Fabaceae","Acacia","Acacia",1,"grasbyi","grasbyi",1,"","",NA,"","",NA,"","",NA,"","","https://powo.science.kew.org/taxon/urn:lsid:ipni.org:names:470454-1","","Y","Accepted","Acacia grasbyi","Acacia grasbyi","Maiden","199038","species","https://powo.science.kew.org/taxon/urn:lsid:ipni.org:names:470454-1","","Fabaceae","1","1","wcvp","0",""
"1402","Acacia atkinsiana",1,"199039","Acacia atkinsiana",1,"species","","",NA,"Maslin","Fabaceae","Acacia","Acacia",1,"atkinsiana","atkinsiana",1,"","",NA,"","",NA,"","",NA,"","","https://powo.science.kew.org/taxon/urn:lsid:ipni.org:names:899059-1","","Y","Accepted","Acacia atkinsiana","Acacia atkinsiana","Maslin","199039","species","https://powo.science.kew.org/taxon/urn:lsid:ipni.org:names:899059-1","","Fabaceae","1","1","wcvp","0",""
"1403","Acacia aprepta",1,"199041","Acacia aprepta",1,"species","","",NA,"Pedley","Fabaceae","Acacia","Acacia",1,"aprepta","aprepta",1,"","",NA,"","",NA,"","",NA,"","","https://powo.science.kew.org/taxon/urn:lsid:ipni.org:names:469734-1","","Y","Accepted","Acacia aprepta","Acacia aprepta","Pedley","199041","species","https://powo.science.kew.org/taxon/urn:lsid:ipni.org:names:469734-1","","Fabaceae","1","1","wcvp","0",""
"1404","Acacia kempeana",1,"199043","Acacia kempeana",1,"species","","",NA,"F.Muell.","Fabaceae","Acacia","Acacia",1,"kempeana","kempeana",1,"","",NA,"","",NA,"","",NA,"","","https://powo.science.kew.org/taxon/urn:lsid:ipni.org:names:470650-1","","Y","Accepted","Acacia kempeana","Acacia kempeana","F.Muell.","199043","species","https://powo.science.kew.org/taxon/urn:lsid:ipni.org:names:470650-1","","Fabaceae","1","1","wcvp","0",""
"1405","Acacia duriuscula",1,"199046","Acacia duriuscula",1,"species","","",NA,"W.Fitzg.","Fabaceae","Acacia","Acacia",1,"duriuscula","duriuscula",1,"","",NA,"","",NA,"","",NA,"","","https://powo.science.kew.org/taxon/urn:lsid:ipni.org:names:470224-1","","Y","Accepted","Acacia duriuscula","Acacia duriuscula","W.Fitzg.","199046","species","https://powo.science.kew.org/taxon/urn:lsid:ipni.org:names:470224-1","","Fabaceae","1","1","wcvp","0",""
"1406","Acacia stowardii",1,"197463","Acacia stowardii",1,"species","","",NA,"S.Moore","Fabaceae","Acacia","Acacia",1,"stowardii","stowardii",1,"","",NA,"","",NA,"","",NA,"","","https://powo.science.kew.org/taxon/urn:lsid:ipni.org:names:471557-1","","Y","Illegitimate","Acacia chamaeleon","Acacia chamaeleon","Maslin","197460","species","https://powo.science.kew.org/taxon/urn:lsid:ipni.org:names:991286-1","","Fabaceae","1","2","wcvp","4","[HigherTaxa]"
"1407","Acacia adsurgens",1,"199049","Acacia adsurgens",1,"species","","",NA,"Maiden & Blakely","Fabaceae","Acacia","Acacia",1,"adsurgens","adsurgens",1,"","",NA,"","",NA,"","",NA,"","","https://powo.science.kew.org/taxon/urn:lsid:ipni.org:names:469662-1","","Y","Accepted","Acacia adsurgens","Acacia adsurgens","Maiden & Blakely","199049","species","https://powo.science.kew.org/taxon/urn:lsid:ipni.org:names:469662-1","","Fabaceae","1","1","wcvp","0",""
"1408","Acacia tenuissima",1,"1041128","Acacia tenuissima",1,"species","","",NA,"F.Muell.","Fabaceae","Acacia","Acacia",1,"tenuissima","tenuissima",1,"","",NA,"","",NA,"","",NA,"","","https://powo.science.kew.org/taxon/urn:lsid:ipni.org:names:471636-1","","Y","Accepted","Acacia tenuissima","Acacia tenuissima","F.Muell.","1041128","species","https://powo.science.kew.org/taxon/urn:lsid:ipni.org:names:471636-1","","Fabaceae","1","1","wcvp","0",""
"1409","Acacia exilis",1,"199055","Acacia exilis",1,"species","","",NA,"Maslin","Fabaceae","Acacia","Acacia",1,"exilis","exilis",1,"","",NA,"","",NA,"","",NA,"","","https://powo.science.kew.org/taxon/urn:lsid:ipni.org:names:899064-1","","Y","Illegitimate","Acacia exigua","Acacia exigua","I.M.Turner","1309247","species","https://powo.science.kew.org/taxon/urn:lsid:ipni.org:names:77143661-1","","Fabaceae","1","1","wcvp","0",""
"1410","Acacia wanyu",1,"199056","Acacia wanyu",1,"species","","",NA,"Tindale","Fabaceae","Acacia","Acacia",1,"wanyu","wanyu",1,"","",NA,"","",NA,"","",NA,"","","https://powo.science.kew.org/taxon/urn:lsid:ipni.org:names:471791-1","","Y","Accepted","Acacia wanyu","Acacia wanyu","Tindale","199056","species","https://powo.science.kew.org/taxon/urn:lsid:ipni.org:names:471791-1","","Fabaceae","1","1","wcvp","0",""
"1411","Acacia cuthbertsonii",1,"199057","Acacia cuthbertsonii",1,"species","","",NA,"Luehm.","Fabaceae","Acacia","Acacia",1,"cuthbertsonii","cuthbertsonii",1,"","",NA,"","",NA,"","",NA,"","","https://powo.science.kew.org/taxon/urn:lsid:ipni.org:names:470105-1","","Y","Accepted","Acacia cuthbertsonii","Acacia cuthbertsonii","Luehm.","199057","species","https://powo.science.kew.org/taxon/urn:lsid:ipni.org:names:470105-1","","Fabaceae","1","1","wcvp","0",""
"1412","Acacia cuthbertsonii subsp. cuthbertsonii",1,"199059","Acacia cuthbertsonii subsp. cuthbertsonii",1,"subspecies","","",NA,"","Fabaceae","Acacia","Acacia",1,"cuthbertsonii","cuthbertsonii",1,"","",NA,"subsp.","cuthbertsonii",1,"","",NA,"","","https://powo.science.kew.org/taxon/urn:lsid:ipni.org:names:77214051-1","","Y","Accepted","Acacia cuthbertsonii subsp. cuthbertsonii","Acacia cuthbertsonii","","199059","subspecies","https://powo.science.kew.org/taxon/urn:lsid:ipni.org:names:77214051-1","","Fabaceae","1","1","wcvp","0",""
"1413","Acacia cuthbertsonii subsp. linearis",1,"1368691","Acacia cuthbertsonii subsp. linearis",1,"subspecies","","",NA,"R.S.Cowan & Maslin","Fabaceae","Acacia","Acacia",1,"cuthbertsonii","cuthbertsonii",1,"","",NA,"subsp.","linearis",1,"","",NA,"","","https://powo.science.kew.org/taxon/urn:lsid:ipni.org:names:981001-1","","Y","Accepted","Acacia cuthbertsonii subsp. linearis","Acacia cuthbertsonii","R.S.Cowan & Maslin","1368691","subspecies","https://powo.science.kew.org/taxon/urn:lsid:ipni.org:names:981001-1","","Fabaceae","1","1","wcvp","0",""
"1414","Acacia levata",1,"199061","Acacia levata",1,"species","","",NA,"R.S.Cowan & Maslin","Fabaceae","Acacia","Acacia",1,"levata","levata",1,"","",NA,"","",NA,"","",NA,"","","https://powo.science.kew.org/taxon/urn:lsid:ipni.org:names:981010-1","","Y","Accepted","Acacia levata","Acacia levata","R.S.Cowan & Maslin","199061","species","https://powo.science.kew.org/taxon/urn:lsid:ipni.org:names:981010-1","","Fabaceae","1","1","wcvp","0",""
"1415","Acacia pachycarpa",1,"199063","Acacia pachycarpa",1,"species","","",NA,"F.Muell. ex Benth.","Fabaceae","Acacia","Acacia",1,"pachycarpa","pachycarpa",1,"","",NA,"","",NA,"","",NA,"","","https://powo.science.kew.org/taxon/urn:lsid:ipni.org:names:471058-1","","Y","Accepted","Acacia pachycarpa","Acacia pachycarpa","F.Muell. ex Benth.","199063","species","https://powo.science.kew.org/taxon/urn:lsid:ipni.org:names:471058-1","","Fabaceae","1","1","wcvp","0",""
"1416","Acacia intorta",1,"199065","Acacia intorta",1,"species","","",NA,"Maslin","Fabaceae","Acacia","Acacia",1,"intorta","intorta",1,"","",NA,"","",NA,"","",NA,"","","https://powo.science.kew.org/taxon/urn:lsid:ipni.org:names:901324-1","","Y","Accepted","Acacia intorta","Acacia intorta","Maslin","199065","species","https://powo.science.kew.org/taxon/urn:lsid:ipni.org:names:901324-1","","Fabaceae","1","1","wcvp","0",""
"1417","Acacia xiphophylla",1,"199066","Acacia xiphophylla",1,"species","","",NA,"E.Pritz.","Fabaceae","Acacia","Acacia",1,"xiphophylla","xiphophylla",1,"","",NA,"","",NA,"","",NA,"","","https://powo.science.kew.org/taxon/urn:lsid:ipni.org:names:471820-1","","Y","Accepted","Acacia xiphophylla","Acacia xiphophylla","E.Pritz.","199066","species","https://powo.science.kew.org/taxon/urn:lsid:ipni.org:names:471820-1","","Fabaceae","1","1","wcvp","0",""
"1418","Acacia hamersleyensis",1,"199068","Acacia hamersleyensis",1,"species","","",NA,"Maslin","Fabaceae","Acacia","Acacia",1,"hamersleyensis","hamersleyensis",1,"","",NA,"","",NA,"","",NA,"","","https://powo.science.kew.org/taxon/urn:lsid:ipni.org:names:899065-1","","Y","Accepted","Acacia hamersleyensis","Acacia hamersleyensis","Maslin","199068","species","https://powo.science.kew.org/taxon/urn:lsid:ipni.org:names:899065-1","","Fabaceae","1","1","wcvp","0",""
"1419","Acacia daweana",1,"199069","Acacia daweana",1,"species","","",NA,"Maslin","Fabaceae","Acacia","Acacia",1,"daweana","daweana",1,"","",NA,"","",NA,"","",NA,"","","https://powo.science.kew.org/taxon/urn:lsid:ipni.org:names:899062-1","","Y","Accepted","Acacia daweana","Acacia daweana","Maslin","199069","species","https://powo.science.kew.org/taxon/urn:lsid:ipni.org:names:899062-1","","Fabaceae","1","1","wcvp","0",""
"1420","Acacia citrinoviridis",1,"199071","Acacia citrinoviridis",1,"species","","",NA,"Tindale & Maslin","Fabaceae","Acacia","Acacia",1,"citrinoviridis","citrinoviridis",1,"","",NA,"","",NA,"","",NA,"","","https://powo.science.kew.org/taxon/urn:lsid:ipni.org:names:469998-1","","Y","Accepted","Acacia citrinoviridis","Acacia citrinoviridis","Tindale & Maslin","199071","species","https://powo.science.kew.org/taxon/urn:lsid:ipni.org:names:469998-1","","Fabaceae","1","1","wcvp","0",""
"1421","Acacia olgana",1,"199072","Acacia olgana",1,"species","","",NA,"Maconochie","Fabaceae","Acacia","Acacia",1,"olgana","olgana",1,"","",NA,"","",NA,"","",NA,"","","https://powo.science.kew.org/taxon/urn:lsid:ipni.org:names:471030-1","","Y","Accepted","Acacia olgana","Acacia olgana","Maconochie","199072","species","https://powo.science.kew.org/taxon/urn:lsid:ipni.org:names:471030-1","","Fabaceae","1","1","wcvp","0",""
"1422","Acacia xanthocarpa",1,"199074","Acacia xanthocarpa",1,"species","","",NA,"R.S.Cowan & Maslin","Fabaceae","Acacia","Acacia",1,"xanthocarpa","xanthocarpa",1,"","",NA,"","",NA,"","",NA,"","","https://powo.science.kew.org/taxon/urn:lsid:ipni.org:names:981017-1","","Y","Accepted","Acacia xanthocarpa","Acacia xanthocarpa","R.S.Cowan & Maslin","199074","species","https://powo.science.kew.org/taxon/urn:lsid:ipni.org:names:981017-1","","Fabaceae","1","1","wcvp","0",""
"1423","Acacia demissa",1,"199075","Acacia demissa",1,"species","","",NA,"R.S.Cowan & Maslin","Fabaceae","Acacia","Acacia",1,"demissa","demissa",1,"","",NA,"","",NA,"","",NA,"","","https://powo.science.kew.org/taxon/urn:lsid:ipni.org:names:981002-1","","Y","Accepted","Acacia demissa","Acacia demissa","R.S.Cowan & Maslin","199075","species","https://powo.science.kew.org/taxon/urn:lsid:ipni.org:names:981002-1","","Fabaceae","1","1","wcvp","0",""
"1424","Acacia quadrimarginea",1,"199076","Acacia quadrimarginea",1,"species","","",NA,"F.Muell.","Fabaceae","Acacia","Acacia",1,"quadrimarginea","quadrimarginea",1,"","",NA,"","",NA,"","",NA,"","","https://powo.science.kew.org/taxon/urn:lsid:ipni.org:names:471285-1","","Y","Accepted","Acacia quadrimarginea","Acacia quadrimarginea","F.Muell.","199076","species","https://powo.science.kew.org/taxon/urn:lsid:ipni.org:names:471285-1","","Fabaceae","1","1","wcvp","0",""
"1425","Acacia ramulosa",1,"199077","Acacia ramulosa",1,"species","","",NA,"W.Fitzg.","Fabaceae","Acacia","Acacia",1,"ramulosa","ramulosa",1,"","",NA,"","",NA,"","",NA,"","","https://powo.science.kew.org/taxon/urn:lsid:ipni.org:names:471295-1","","Y","Accepted","Acacia ramulosa","Acacia ramulosa","W.Fitzg.","199077","species","https://powo.science.kew.org/taxon/urn:lsid:ipni.org:names:471295-1","","Fabaceae","1","1","wcvp","0",""
"1426","Acacia ramulosa var. ramulosa",1,"199079","Acacia ramulosa var. ramulosa",1,"variety","","",NA,"","Fabaceae","Acacia","Acacia",1,"ramulosa","ramulosa",1,"","",NA,"var.","ramulosa",1,"","",NA,"","","https://powo.science.kew.org/taxon/urn:lsid:ipni.org:names:77213967-1","","Y","Accepted","Acacia ramulosa var. ramulosa","Acacia ramulosa","","199079","variety","https://powo.science.kew.org/taxon/urn:lsid:ipni.org:names:77213967-1","","Fabaceae","1","1","wcvp","0",""
"1427","Acacia ramulosa var. linophylla",1,"199081","Acacia ramulosa var. linophylla",1,"variety","","",NA,"(W.Fitzg.) Pedley","Fabaceae","Acacia","Acacia",1,"ramulosa","ramulosa",1,"","",NA,"var.","linophylla",1,"","",NA,"","","https://powo.science.kew.org/taxon/urn:lsid:ipni.org:names:20001396-1","","Y","Accepted","Acacia ramulosa var. linophylla","Acacia ramulosa","(W.Fitzg.) Pedley","199081","variety","https://powo.science.kew.org/taxon/urn:lsid:ipni.org:names:20001396-1","","Fabaceae","1","1","wcvp","0",""
"1428","Acacia brachystachya",1,"199083","Acacia brachystachya",1,"species","","",NA,"Benth.","Fabaceae","Acacia","Acacia",1,"brachystachya","brachystachya",1,"","",NA,"","",NA,"","",NA,"","","https://powo.science.kew.org/taxon/urn:lsid:ipni.org:names:469872-1","","Y","Accepted","Acacia brachystachya","Acacia brachystachya","Benth.","199083","species","https://powo.science.kew.org/taxon/urn:lsid:ipni.org:names:469872-1","","Fabaceae","1","1","wcvp","0",""
"1429","Acacia clelandii",1,"199088","Acacia clelandii",1,"species","","",NA,"Pedley","Fabaceae","Acacia","Acacia",1,"clelandii","clelandii",1,"","",NA,"","",NA,"","",NA,"","","https://powo.science.kew.org/taxon/urn:lsid:ipni.org:names:20001397-1","","Y","Accepted","Acacia clelandii","Acacia clelandii","Pedley","199088","species","https://powo.science.kew.org/taxon/urn:lsid:ipni.org:names:20001397-1","","Fabaceae","1","1","wcvp","0",""
"1430","Acacia paraneura",1,"199089","Acacia paraneura",1,"species","","",NA,"Randell","Fabaceae","Acacia","Acacia",1,"paraneura","paraneura",1,"","",NA,"","",NA,"","",NA,"","","https://powo.science.kew.org/taxon/urn:lsid:ipni.org:names:960969-1","","Y","Accepted","Acacia paraneura","Acacia paraneura","Randell","199089","species","https://powo.science.kew.org/taxon/urn:lsid:ipni.org:names:960969-1","","Fabaceae","1","1","wcvp","0",""
"1431","Acacia aneura",1,"1041034","Acacia aneura",1,"species","","",NA,"F.Muell. ex Benth.","Fabaceae","Acacia","Acacia",1,"aneura","aneura",1,"","",NA,"","",NA,"","",NA,"","","https://powo.science.kew.org/taxon/urn:lsid:ipni.org:names:469715-1","","Y","Accepted","Acacia aneura","Acacia aneura","F.Muell. ex Benth.","1041034","species","https://powo.science.kew.org/taxon/urn:lsid:ipni.org:names:469715-1","","Fabaceae","1","1","wcvp","0",""
"1432","Acacia aneura var. conifera",1,"1369311","Acacia aneura var. conifera",1,"variety","","",NA,"Randell","Fabaceae","Acacia","Acacia",1,"aneura","aneura",1,"","",NA,"var.","conifera",1,"","",NA,"","","https://powo.science.kew.org/taxon/urn:lsid:ipni.org:names:965779-1","","Y","Synonym","Acacia pteraneura","Acacia pteraneura","Maslin & J.E.Reid","1375080","species","https://powo.science.kew.org/taxon/urn:lsid:ipni.org:names:77123740-1","","Fabaceae","1","1","wcvp","0",""
"1433","Acacia aneura var. macrocarpa",1,"1369312","Acacia aneura var. macrocarpa",1,"variety","","",NA,"Randell","Fabaceae","Acacia","Acacia",1,"aneura","aneura",1,"","",NA,"var.","macrocarpa",1,"","",NA,"","","https://powo.science.kew.org/taxon/urn:lsid:ipni.org:names:965778-1","","Y","Synonym","Acacia macraneura","Acacia macraneura","Maslin & J.E.Reid","1375078","species","https://powo.science.kew.org/taxon/urn:lsid:ipni.org:names:77123738-1","","Fabaceae","1","1","wcvp","0",""
"1434","Acacia aneura var. microcarpa",1,"1342865","Acacia aneura var. microcarpa",1,"variety","","",NA,"Pedley","Fabaceae","Acacia","Acacia",1,"aneura","aneura",1,"","",NA,"var.","microcarpa",1,"","",NA,"","","https://powo.science.kew.org/taxon/urn:lsid:ipni.org:names:20001398-1","","Y","Synonym","Acacia incurvaneura","Acacia incurvaneura","Maslin & J.E.Reid","1302783","species","https://powo.science.kew.org/taxon/urn:lsid:ipni.org:names:77123878-1","","Fabaceae","1","1","wcvp","0",""
"1435","Acacia aneura var. tenuis",1,"1342866","Acacia aneura var. tenuis",1,"variety","","",NA,"Pedley","Fabaceae","Acacia","Acacia",1,"aneura","aneura",1,"","",NA,"var.","tenuis",1,"","",NA,"","","https://powo.science.kew.org/taxon/urn:lsid:ipni.org:names:20001399-1","","Y","Synonym","Acacia aptaneura","Acacia aptaneura","Maslin & J.E.Reid","1302741","species","https://powo.science.kew.org/taxon/urn:lsid:ipni.org:names:77123735-1","","Fabaceae","1","1","wcvp","0",""
"1436","Acacia aneura var. pilbarana",1,"1342867","Acacia aneura var. pilbarana",1,"variety","","",NA,"Pedley","Fabaceae","Acacia","Acacia",1,"aneura","aneura",1,"","",NA,"var.","pilbarana",1,"","",NA,"","","https://powo.science.kew.org/taxon/urn:lsid:ipni.org:names:20001400-1","","Y","Synonym","Acacia aptaneura","Acacia aptaneura","Maslin & J.E.Reid","1302741","species","https://powo.science.kew.org/taxon/urn:lsid:ipni.org:names:77123735-1","","Fabaceae","1","1","wcvp","0",""
"1437","Acacia aneura var. major",1,"1342868","Acacia aneura var. major",1,"variety","","",NA,"Pedley","Fabaceae","Acacia","Acacia",1,"aneura","aneura",1,"","",NA,"var.","major",1,"","",NA,"","","https://powo.science.kew.org/taxon/urn:lsid:ipni.org:names:20001401-1","","Y","Accepted","Acacia aneura var. major","Acacia aneura","Pedley","1342868","variety","https://powo.science.kew.org/taxon/urn:lsid:ipni.org:names:20001401-1","","Fabaceae","1","1","wcvp","0",""
"1438","Acacia aneura var. intermedia",1,"1342869","Acacia aneura var. intermedia",1,"variety","","",NA,"Pedley","Fabaceae","Acacia","Acacia",1,"aneura","aneura",1,"","",NA,"var.","intermedia",1,"","",NA,"","","https://powo.science.kew.org/taxon/urn:lsid:ipni.org:names:20001402-1","","Y","Synonym","Acacia aneura var. aneura","Acacia aneura","","1364432","variety","https://powo.science.kew.org/taxon/urn:lsid:ipni.org:names:57295-3","","Fabaceae","1","1","wcvp","0",""
"1439","Acacia aneura var. aneura",1,"1364432","Acacia aneura var. aneura",1,"variety","","",NA,"","Fabaceae","Acacia","Acacia",1,"aneura","aneura",1,"","",NA,"var.","aneura",1,"","",NA,"","","https://powo.science.kew.org/taxon/urn:lsid:ipni.org:names:57295-3","","Y","Accepted","Acacia aneura var. aneura","Acacia aneura","","1364432","variety","https://powo.science.kew.org/taxon/urn:lsid:ipni.org:names:57295-3","","Fabaceae","1","1","wcvp","0",""
"1440","Acacia aneura var. fuliginea",1,"1342870","Acacia aneura var. fuliginea",1,"variety","","",NA,"Pedley","Fabaceae","Acacia","Acacia",1,"aneura","aneura",1,"","",NA,"var.","fuliginea",1,"","",NA,"","","https://powo.science.kew.org/taxon/urn:lsid:ipni.org:names:20001403-1","","Y","Synonym","Acacia fuscaneura","Acacia fuscaneura","Maslin & J.E.Reid","1302742","species","https://powo.science.kew.org/taxon/urn:lsid:ipni.org:names:77123737-1","","Fabaceae","1","1","wcvp","0",""
"1441","Acacia aneura var. argentea",1,"1342871","Acacia aneura var. argentea",1,"variety","","",NA,"Pedley","Fabaceae","Acacia","Acacia",1,"aneura","aneura",1,"","",NA,"var.","argentea",1,"","",NA,"","","https://powo.science.kew.org/taxon/urn:lsid:ipni.org:names:20001404-1","","Y","Synonym","Acacia caesaneura","Acacia caesaneura","Maslin & J.E.Reid","1375079","species","https://powo.science.kew.org/taxon/urn:lsid:ipni.org:names:77123736-1","","Fabaceae","1","1","wcvp","0",""
"1442","Acacia ayersiana",1,"199091","Acacia ayersiana",1,"species","","",NA,"Maconochie","Fabaceae","Acacia","Acacia",1,"ayersiana","ayersiana",1,"","",NA,"","",NA,"","",NA,"","","https://powo.science.kew.org/taxon/urn:lsid:ipni.org:names:469792-1","","Y","Accepted","Acacia ayersiana","Acacia ayersiana","Maconochie","199091","species","https://powo.science.kew.org/taxon/urn:lsid:ipni.org:names:469792-1","","Fabaceae","1","1","wcvp","0",""
"1443","Acacia minyura",1,"199095","Acacia minyura",1,"species","","",NA,"Randell","Fabaceae","Acacia","Acacia",1,"minyura","minyura",1,"","",NA,"","",NA,"","",NA,"","","https://powo.science.kew.org/taxon/urn:lsid:ipni.org:names:960970-1","","Y","Accepted","Acacia minyura","Acacia minyura","Randell","199095","species","https://powo.science.kew.org/taxon/urn:lsid:ipni.org:names:960970-1","","Fabaceae","1","1","wcvp","0",""
"1444","Acacia craspedocarpa",1,"199096","Acacia craspedocarpa",1,"species","","",NA,"F.Muell.","Fabaceae","Acacia","Acacia",1,"craspedocarpa","craspedocarpa",1,"","",NA,"","",NA,"","",NA,"","","https://powo.science.kew.org/taxon/urn:lsid:ipni.org:names:470070-1","","Y","Accepted","Acacia craspedocarpa","Acacia craspedocarpa","F.Muell.","199096","species","https://powo.science.kew.org/taxon/urn:lsid:ipni.org:names:470070-1","","Fabaceae","1","1","wcvp","0",""
"1445","Acacia catenulata",1,"199098","Acacia catenulata",1,"species","","",NA,"C.T.White","Fabaceae","Acacia","Acacia",1,"catenulata","catenulata",1,"","",NA,"","",NA,"","",NA,"","","https://powo.science.kew.org/taxon/urn:lsid:ipni.org:names:469953-1","","Y","Accepted","Acacia catenulata","Acacia catenulata","C.T.White","199098","species","https://powo.science.kew.org/taxon/urn:lsid:ipni.org:names:469953-1","","Fabaceae","1","1","wcvp","0",""
"1446","Acacia subtessarogona",1,"199100","Acacia subtessarogona",1,"species","","",NA,"Tindale & Maslin","Fabaceae","Acacia","Acacia",1,"subtessarogona","subtessarogona",1,"","",NA,"","",NA,"","",NA,"","","https://powo.science.kew.org/taxon/urn:lsid:ipni.org:names:471592-1","","Y","Accepted","Acacia subtessarogona","Acacia subtessarogona","Tindale & Maslin","199100","species","https://powo.science.kew.org/taxon/urn:lsid:ipni.org:names:471592-1","","Fabaceae","1","1","wcvp","0",""
"1447","Acacia atopa",1,"199101","Acacia atopa",1,"species","","",NA,"Pedley","Fabaceae","Acacia","Acacia",1,"atopa","atopa",1,"","",NA,"","",NA,"","",NA,"","","https://powo.science.kew.org/taxon/urn:lsid:ipni.org:names:20001405-1","","Y","Accepted","Acacia atopa","Acacia atopa","Pedley","199101","species","https://powo.science.kew.org/taxon/urn:lsid:ipni.org:names:20001405-1","","Fabaceae","1","1","wcvp","0",""
"1448","Acacia anastema",1,"199102","Acacia anastema",1,"species","","",NA,"Maslin","Fabaceae","Acacia","Acacia",1,"anastema","anastema",1,"","",NA,"","",NA,"","",NA,"","","https://powo.science.kew.org/taxon/urn:lsid:ipni.org:names:901318-1","","Y","Accepted","Acacia anastema","Acacia anastema","Maslin","199102","species","https://powo.science.kew.org/taxon/urn:lsid:ipni.org:names:901318-1","","Fabaceae","1","1","wcvp","0",""
"1449","Acacia coolgardiensis",1,"199103","Acacia coolgardiensis",1,"species","","",NA,"Maiden","Fabaceae","Acacia","Acacia",1,"coolgardiensis","coolgardiensis",1,"","",NA,"","",NA,"","",NA,"","","https://powo.science.kew.org/taxon/urn:lsid:ipni.org:names:470052-1","","Y","Accepted","Acacia coolgardiensis","Acacia coolgardiensis","Maiden","199103","species","https://powo.science.kew.org/taxon/urn:lsid:ipni.org:names:470052-1","","Fabaceae","1","1","wcvp","0",""
"1450","Acacia coolgardiensis subsp. coolgardiensis",0.59957384396743,"199103","Acacia coolgardiensis",0.59957384396743,"species","","",NA,"Maiden","Fabaceae","Acacia","Acacia",1,"coolgardiensis","coolgardiensis",1,"","",NA,"","",NA,"","",NA,"","subsp. coolgardiensis","https://powo.science.kew.org/taxon/urn:lsid:ipni.org:names:470052-1","","Y","Accepted","Acacia coolgardiensis","Acacia coolgardiensis","Maiden","199103","species","https://powo.science.kew.org/taxon/urn:lsid:ipni.org:names:470052-1","","Fabaceae","1","1","wcvp","1","[Partial]"
"1451","Acacia coolgardiensis subsp. effusa",1,"1368689","Acacia coolgardiensis subsp. effusa",1,"subspecies","","",NA,"R.S.Cowan & Maslin","Fabaceae","Acacia","Acacia",1,"coolgardiensis","coolgardiensis",1,"","",NA,"subsp.","effusa",1,"","",NA,"","","https://powo.science.kew.org/taxon/urn:lsid:ipni.org:names:980999-1","","Y","Synonym","Acacia effusifolia","Acacia effusifolia","Maslin & Buscumb","1021225","species","https://powo.science.kew.org/taxon/urn:lsid:ipni.org:names:77092627-1","","Fabaceae","1","1","wcvp","0",""
"1452","Acacia coolgardiensis subsp. latior",1,"1368690","Acacia coolgardiensis subsp. latior",1,"subspecies","","",NA,"R.S.Cowan & Maslin","Fabaceae","Acacia","Acacia",1,"coolgardiensis","coolgardiensis",1,"","",NA,"subsp.","latior",1,"","",NA,"","","https://powo.science.kew.org/taxon/urn:lsid:ipni.org:names:981000-1","","Y","Synonym","Acacia latior","Acacia latior","(R.S.Cowan & Maslin) Maslin & Buscumb","1021227","species","https://powo.science.kew.org/taxon/urn:lsid:ipni.org:names:77092629-1","","Fabaceae","1","1","wcvp","0",""
"1453","Acacia ampliata",1,"199106","Acacia ampliata",1,"species","","",NA,"R.S.Cowan & Maslin","Fabaceae","Acacia","Acacia",1,"ampliata","ampliata",1,"","",NA,"","",NA,"","",NA,"","","https://powo.science.kew.org/taxon/urn:lsid:ipni.org:names:980998-1","","Y","Accepted","Acacia ampliata","Acacia ampliata","R.S.Cowan & Maslin","199106","species","https://powo.science.kew.org/taxon/urn:lsid:ipni.org:names:980998-1","","Fabaceae","1","1","wcvp","0",""
"1454","Acacia jamesiana",1,"199107","Acacia jamesiana",1,"species","","",NA,"Maslin","Fabaceae","Acacia","Acacia",1,"jamesiana","jamesiana",1,"","",NA,"","",NA,"","",NA,"","","https://powo.science.kew.org/taxon/urn:lsid:ipni.org:names:470620-1","","Y","Accepted","Acacia jamesiana","Acacia jamesiana","Maslin","199107","species","https://powo.science.kew.org/taxon/urn:lsid:ipni.org:names:470620-1","","Fabaceae","1","1","wcvp","0",""
"1455","Acacia resinimarginea",1,"199108","Acacia resinimarginea",1,"species","","",NA,"W.Fitzg.","Fabaceae","Acacia","Acacia",1,"resinimarginea","resinimarginea",1,"","",NA,"","",NA,"","",NA,"","","https://powo.science.kew.org/taxon/urn:lsid:ipni.org:names:471307-1","","Y","Accepted","Acacia resinimarginea","Acacia resinimarginea","W.Fitzg.","199108","species","https://powo.science.kew.org/taxon/urn:lsid:ipni.org:names:471307-1","","Fabaceae","1","1","wcvp","0",""
"1456","Acacia beauverdiana",1,"199110","Acacia beauverdiana",1,"species","","",NA,"Ewart & Sharman","Fabaceae","Acacia","Acacia",1,"beauverdiana","beauverdiana",1,"","",NA,"","",NA,"","",NA,"","","https://powo.science.kew.org/taxon/urn:lsid:ipni.org:names:469818-1","","Y","Accepted","Acacia beauverdiana","Acacia beauverdiana","Ewart & Sharman","199110","species","https://powo.science.kew.org/taxon/urn:lsid:ipni.org:names:469818-1","","Fabaceae","1","1","wcvp","0",""
"1457","Acacia stereophylla",1,"1041124","Acacia stereophylla",1,"species","","",NA,"Meisn.","Fabaceae","Acacia","Acacia",1,"stereophylla","stereophylla",1,"","",NA,"","",NA,"","",NA,"","","https://powo.science.kew.org/taxon/urn:lsid:ipni.org:names:471547-1","","Y","Accepted","Acacia stereophylla","Acacia stereophylla","Meisn.","1041124","species","https://powo.science.kew.org/taxon/urn:lsid:ipni.org:names:471547-1","","Fabaceae","1","1","wcvp","0",""
"1458","Acacia stereophylla var. stereophylla",1,"199112","Acacia stereophylla var. stereophylla",1,"variety","","",NA,"","Fabaceae","Acacia","Acacia",1,"stereophylla","stereophylla",1,"","",NA,"var.","stereophylla",1,"","",NA,"","","https://powo.science.kew.org/taxon/urn:lsid:ipni.org:names:77214005-1","","Y","Accepted","Acacia stereophylla var. stereophylla","Acacia stereophylla","","199112","variety","https://powo.science.kew.org/taxon/urn:lsid:ipni.org:names:77214005-1","","Fabaceae","1","1","wcvp","0",""
"1459","Acacia stereophylla var. cylindrata",1,"1369328","Acacia stereophylla var. cylindrata",1,"variety","","",NA,"R.S.Cowan & Maslin","Fabaceae","Acacia","Acacia",1,"stereophylla","stereophylla",1,"","",NA,"var.","cylindrata",1,"","",NA,"","","https://powo.science.kew.org/taxon/urn:lsid:ipni.org:names:981016-1","","Y","Accepted","Acacia stereophylla var. cylindrata","Acacia stereophylla","R.S.Cowan & Maslin","1369328","variety","https://powo.science.kew.org/taxon/urn:lsid:ipni.org:names:981016-1","","Fabaceae","1","1","wcvp","0",""
"1460","Acacia sibina",1,"199113","Acacia sibina",1,"species","","",NA,"Maslin","Fabaceae","Acacia","Acacia",1,"sibina","sibina",1,"","",NA,"","",NA,"","",NA,"","","https://powo.science.kew.org/taxon/urn:lsid:ipni.org:names:471469-1","","Y","Accepted","Acacia sibina","Acacia sibina","Maslin","199113","species","https://powo.science.kew.org/taxon/urn:lsid:ipni.org:names:471469-1","","Fabaceae","1","1","wcvp","0",""
"1461","Acacia aciphylla",1,"199114","Acacia aciphylla",1,"species","","",NA,"Benth.","Fabaceae","Acacia","Acacia",1,"aciphylla","aciphylla",1,"","",NA,"","",NA,"","",NA,"","","https://powo.science.kew.org/taxon/urn:lsid:ipni.org:names:469636-1","","Y","Accepted","Acacia aciphylla","Acacia aciphylla","Benth.","199114","species","https://powo.science.kew.org/taxon/urn:lsid:ipni.org:names:469636-1","","Fabaceae","1","1","wcvp","0",""
"1462","Acacia incanicarpa",1,"199115","Acacia incanicarpa",1,"species","","",NA,"A.R.Chapm. & Maslin","Fabaceae","Acacia","Acacia",1,"incanicarpa","incanicarpa",1,"","",NA,"","",NA,"","",NA,"","","https://powo.science.kew.org/taxon/urn:lsid:ipni.org:names:1008322-1","","Y","Accepted","Acacia incanicarpa","Acacia incanicarpa","A.R.Chapm. & Maslin","199115","species","https://powo.science.kew.org/taxon/urn:lsid:ipni.org:names:1008322-1","","Fabaceae","1","1","wcvp","0",""
"1463","Acacia tarculensis",1,"199116","Acacia tarculensis",1,"species","","",NA,"J.M.Black","Fabaceae","Acacia","Acacia",1,"tarculensis","tarculensis",1,"","",NA,"","",NA,"","",NA,"","","https://powo.science.kew.org/taxon/urn:lsid:ipni.org:names:471618-1","","Y","Accepted","Acacia tarculensis","Acacia tarculensis","J.M.Black","199116","species","https://powo.science.kew.org/taxon/urn:lsid:ipni.org:names:471618-1","","Fabaceae","1","1","wcvp","0",""
"1464","Acacia symonii",1,"199117","Acacia symonii",1,"species","","",NA,"Whibley","Fabaceae","Acacia","Acacia",1,"symonii","symonii",1,"","",NA,"","",NA,"","",NA,"","","https://powo.science.kew.org/taxon/urn:lsid:ipni.org:names:471609-1","","Y","Accepted","Acacia symonii","Acacia symonii","Whibley","199117","species","https://powo.science.kew.org/taxon/urn:lsid:ipni.org:names:471609-1","","Fabaceae","1","1","wcvp","0",""
"1465","Acacia websteri",1,"199120","Acacia websteri",1,"species","","",NA,"Maiden & Blakely","Fabaceae","Acacia","Acacia",1,"websteri","websteri",1,"","",NA,"","",NA,"","",NA,"","","https://powo.science.kew.org/taxon/urn:lsid:ipni.org:names:471795-1","","Y","Accepted","Acacia websteri","Acacia websteri","Maiden & Blakely","199120","species","https://powo.science.kew.org/taxon/urn:lsid:ipni.org:names:471795-1","","Fabaceae","1","1","wcvp","0",""
"1466","Acacia gibbosa",1,"199121","Acacia gibbosa",1,"species","","",NA,"R.S.Cowan & Maslin","Fabaceae","Acacia","Acacia",1,"gibbosa","gibbosa",1,"","",NA,"","",NA,"","",NA,"","","https://powo.science.kew.org/taxon/urn:lsid:ipni.org:names:981003-1","","Y","Accepted","Acacia gibbosa","Acacia gibbosa","R.S.Cowan & Maslin","199121","species","https://powo.science.kew.org/taxon/urn:lsid:ipni.org:names:981003-1","","Fabaceae","1","1","wcvp","0",""
"1467","Acacia repanda",1,"199122","Acacia repanda",1,"species","","",NA,"R.S.Cowan & Maslin","Fabaceae","Acacia","Acacia",1,"repanda","repanda",1,"","",NA,"","",NA,"","",NA,"","","https://powo.science.kew.org/taxon/urn:lsid:ipni.org:names:981015-1","","Y","Accepted","Acacia repanda","Acacia repanda","R.S.Cowan & Maslin","199122","species","https://powo.science.kew.org/taxon/urn:lsid:ipni.org:names:981015-1","","Fabaceae","1","1","wcvp","0",""
"1468","Acacia ephedroides",1,"199123","Acacia ephedroides",1,"species","","",NA,"Benth.","Fabaceae","Acacia","Acacia",1,"ephedroides","ephedroides",1,"","",NA,"","",NA,"","",NA,"","","https://powo.science.kew.org/taxon/urn:lsid:ipni.org:names:470254-1","","Y","Accepted","Acacia ephedroides","Acacia ephedroides","Benth.","199123","species","https://powo.science.kew.org/taxon/urn:lsid:ipni.org:names:470254-1","","Fabaceae","1","1","wcvp","0",""
"1469","Acacia oncinophylla",1,"199124","Acacia oncinophylla",1,"species","","",NA,"Lindl.","Fabaceae","Acacia","Acacia",1,"oncinophylla","oncinophylla",1,"","",NA,"","",NA,"","",NA,"","","https://powo.science.kew.org/taxon/urn:lsid:ipni.org:names:471038-1","","Y","Accepted","Acacia oncinophylla","Acacia oncinophylla","Lindl.","199124","species","https://powo.science.kew.org/taxon/urn:lsid:ipni.org:names:471038-1","","Fabaceae","1","1","wcvp","0",""
"1470","Acacia oncinophylla subsp. oncinophylla",1,"199125","Acacia oncinophylla subsp. oncinophylla",1,"subspecies","","",NA,"","Fabaceae","Acacia","Acacia",1,"oncinophylla","oncinophylla",1,"","",NA,"subsp.","oncinophylla",1,"","",NA,"","","https://powo.science.kew.org/taxon/urn:lsid:ipni.org:names:74588-3","","Y","Accepted","Acacia oncinophylla subsp. oncinophylla","Acacia oncinophylla","","199125","subspecies","https://powo.science.kew.org/taxon/urn:lsid:ipni.org:names:74588-3","","Fabaceae","1","1","wcvp","0",""
"1471","Acacia oncinophylla subsp. patulifolia",1,"1368710","Acacia oncinophylla subsp. patulifolia",1,"subspecies","","",NA,"R.S.Cowan & Maslin","Fabaceae","Acacia","Acacia",1,"oncinophylla","oncinophylla",1,"","",NA,"subsp.","patulifolia",1,"","",NA,"","","https://powo.science.kew.org/taxon/urn:lsid:ipni.org:names:981014-1","","Y","Accepted","Acacia oncinophylla subsp. patulifolia","Acacia oncinophylla","R.S.Cowan & Maslin","1368710","subspecies","https://powo.science.kew.org/taxon/urn:lsid:ipni.org:names:981014-1","","Fabaceae","1","1","wcvp","0",""
"1472","Acacia fauntleroyi",1,"199126","Acacia fauntleroyi",1,"species","","",NA,"(Maiden) Maiden & Blakely","Fabaceae","Acacia","Acacia",1,"fauntleroyi","fauntleroyi",1,"","",NA,"","",NA,"","",NA,"","","https://powo.science.kew.org/taxon/urn:lsid:ipni.org:names:470313-1","","Y","Accepted","Acacia fauntleroyi","Acacia fauntleroyi","(Maiden) Maiden & Blakely","199126","species","https://powo.science.kew.org/taxon/urn:lsid:ipni.org:names:470313-1","","Fabaceae","1","1","wcvp","0",""
"1473","Acacia inophloia",1,"1042553","Acacia inophloia",1,"species","","",NA,"Maiden & Blakely","Fabaceae","Acacia","Acacia",1,"inophloia","inophloia",1,"","",NA,"","",NA,"","",NA,"","","https://powo.science.kew.org/taxon/urn:lsid:ipni.org:names:470592-1","","Y","Accepted","Acacia inophloia","Acacia inophloia","Maiden & Blakely","1042553","species","https://powo.science.kew.org/taxon/urn:lsid:ipni.org:names:470592-1","","Fabaceae","1","1","wcvp","0",""
"1474","Acacia palustris",1,"199130","Acacia palustris",1,"species","","",NA,"Luehm.","Fabaceae","Acacia","Acacia",1,"palustris","palustris",1,"","",NA,"","",NA,"","",NA,"","","https://powo.science.kew.org/taxon/urn:lsid:ipni.org:names:471070-1","","Y","Accepted","Acacia palustris","Acacia palustris","Luehm.","199130","species","https://powo.science.kew.org/taxon/urn:lsid:ipni.org:names:471070-1","","Fabaceae","1","1","wcvp","0",""
"1475","Acacia acuminata",1,"182663","Acacia acuminata",1,"species","","",NA,"Benth.","Fabaceae","Acacia","Acacia",1,"acuminata","acuminata",1,"","",NA,"","",NA,"","",NA,"","","https://powo.science.kew.org/taxon/urn:lsid:ipni.org:names:469642-1","","Y","Accepted","Acacia acuminata","Acacia acuminata","Benth.","182663","species","https://powo.science.kew.org/taxon/urn:lsid:ipni.org:names:469642-1","","Fabaceae","1","1","wcvp","0",""
"1476","Acacia acuminata subsp. acuminata",0.59957384396743,"182663","Acacia acuminata",0.59957384396743,"species","","",NA,"Benth.","Fabaceae","Acacia","Acacia",1,"acuminata","acuminata",1,"","",NA,"","",NA,"","",NA,"","subsp. acuminata","https://powo.science.kew.org/taxon/urn:lsid:ipni.org:names:469642-1","","Y","Accepted","Acacia acuminata","Acacia acuminata","Benth.","182663","species","https://powo.science.kew.org/taxon/urn:lsid:ipni.org:names:469642-1","","Fabaceae","1","1","wcvp","1","[Partial]"
"1477","Acacia acuminata subsp. burkittii",1,"1598627","Acacia acuminata subsp. burkittii",1,"subspecies","","",NA,"(F.Muell. ex Benth.) Kodela & Tindale","Fabaceae","Acacia","Acacia",1,"acuminata","acuminata",1,"","",NA,"subsp.","burkittii",1,"","",NA,"","","https://powo.science.kew.org/taxon/urn:lsid:ipni.org:names:1001709-1","","Y","Synonym","Acacia burkittii","Acacia burkittii","F.Muell. ex Benth.","199134","species","https://powo.science.kew.org/taxon/urn:lsid:ipni.org:names:469894-1","","Fabaceae","1","1","wcvp","0",""
"1478","Acacia oldfieldii",1,"199136","Acacia oldfieldii",1,"species","","",NA,"F.Muell.","Fabaceae","Acacia","Acacia",1,"oldfieldii","oldfieldii",1,"","",NA,"","",NA,"","",NA,"","","https://powo.science.kew.org/taxon/urn:lsid:ipni.org:names:471028-1","","Y","Accepted","Acacia oldfieldii","Acacia oldfieldii","F.Muell.","199136","species","https://powo.science.kew.org/taxon/urn:lsid:ipni.org:names:471028-1","","Fabaceae","1","1","wcvp","0",""
"1479","Acacia drepanophylla",1,"199137","Acacia drepanophylla",1,"species","","",NA,"Maslin","Fabaceae","Acacia","Acacia",1,"drepanophylla","drepanophylla",1,"","",NA,"","",NA,"","",NA,"","","https://powo.science.kew.org/taxon/urn:lsid:ipni.org:names:901321-1","","Y","Accepted","Acacia drepanophylla","Acacia drepanophylla","Maslin","199137","species","https://powo.science.kew.org/taxon/urn:lsid:ipni.org:names:901321-1","","Fabaceae","1","1","wcvp","0",""
"1480","Acacia jibberdingensis",1,"199138","Acacia jibberdingensis",1,"species","","",NA,"Maiden & Blakely","Fabaceae","Acacia","Acacia",1,"jibberdingensis","jibberdingensis",1,"","",NA,"","",NA,"","",NA,"","","https://powo.science.kew.org/taxon/urn:lsid:ipni.org:names:470625-1","","Y","Accepted","Acacia jibberdingensis","Acacia jibberdingensis","Maiden & Blakely","199138","species","https://powo.science.kew.org/taxon/urn:lsid:ipni.org:names:470625-1","","Fabaceae","1","1","wcvp","0",""
"1481","Acacia sessilispica",1,"199140","Acacia sessilispica",1,"species","","",NA,"Maiden & Blakely","Fabaceae","Acacia","Acacia",1,"sessilispica","sessilispica",1,"","",NA,"","",NA,"","",NA,"","","https://powo.science.kew.org/taxon/urn:lsid:ipni.org:names:471456-1","","Y","Accepted","Acacia sessilispica","Acacia sessilispica","Maiden & Blakely","199140","species","https://powo.science.kew.org/taxon/urn:lsid:ipni.org:names:471456-1","","Fabaceae","1","1","wcvp","0",""
"1482","Acacia multispicata",1,"199142","Acacia multispicata",1,"species","","",NA,"Benth.","Fabaceae","Acacia","Acacia",1,"multispicata","multispicata",1,"","",NA,"","",NA,"","",NA,"","","https://powo.science.kew.org/taxon/urn:lsid:ipni.org:names:470950-1","","Y","Accepted","Acacia multispicata","Acacia multispicata","Benth.","199142","species","https://powo.science.kew.org/taxon/urn:lsid:ipni.org:names:470950-1","","Fabaceae","1","1","wcvp","0",""
"1483","Acacia singula",1,"199143","Acacia singula",1,"species","","",NA,"R.S.Cowan & Maslin","Fabaceae","Acacia","Acacia",1,"singula","singula",1,"","",NA,"","",NA,"","",NA,"","","https://powo.science.kew.org/taxon/urn:lsid:ipni.org:names:981011-1","","Y","Accepted","Acacia singula","Acacia singula","R.S.Cowan & Maslin","199143","species","https://powo.science.kew.org/taxon/urn:lsid:ipni.org:names:981011-1","","Fabaceae","1","1","wcvp","0",""
"1484","Acacia arcuatilis",1,"199144","Acacia arcuatilis",1,"species","","",NA,"R.S.Cowan & Maslin","Fabaceae","Acacia","Acacia",1,"arcuatilis","arcuatilis",1,"","",NA,"","",NA,"","",NA,"","","https://powo.science.kew.org/taxon/urn:lsid:ipni.org:names:1008313-1","","Y","Accepted","Acacia arcuatilis","Acacia arcuatilis","R.S.Cowan & Maslin","199144","species","https://powo.science.kew.org/taxon/urn:lsid:ipni.org:names:1008313-1","","Fabaceae","1","1","wcvp","0",""
"1485","Acacia aprica",1,"1246863","Acacia aprica",1,"species","","",NA,"Maslin & A.R.Chapm.","Fabaceae","Acacia","Acacia",1,"aprica","aprica",1,"","",NA,"","",NA,"","",NA,"","","https://powo.science.kew.org/taxon/urn:lsid:ipni.org:names:1008312-1","","Y","Accepted","Acacia aprica","Acacia aprica","Maslin & A.R.Chapm.","1246863","species","https://powo.science.kew.org/taxon/urn:lsid:ipni.org:names:1008312-1","","Fabaceae","1","1","wcvp","0",""
"1486","Acacia merinthophora",1,"199145","Acacia merinthophora",1,"species","","",NA,"E.Pritz.","Fabaceae","Acacia","Acacia",1,"merinthophora","merinthophora",1,"","",NA,"","",NA,"","",NA,"","","https://powo.science.kew.org/taxon/urn:lsid:ipni.org:names:470879-1","","Y","Accepted","Acacia merinthophora","Acacia merinthophora","E.Pritz.","199145","species","https://powo.science.kew.org/taxon/urn:lsid:ipni.org:names:470879-1","","Fabaceae","1","1","wcvp","0",""
"1487","Acacia filifolia",1,"199148","Acacia filifolia",1,"species","","",NA,"Benth.","Fabaceae","Acacia","Acacia",1,"filifolia","filifolia",1,"","",NA,"","",NA,"","",NA,"","","https://powo.science.kew.org/taxon/urn:lsid:ipni.org:names:470326-1","","Y","Accepted","Acacia filifolia","Acacia filifolia","Benth.","199148","species","https://powo.science.kew.org/taxon/urn:lsid:ipni.org:names:470326-1","","Fabaceae","1","1","wcvp","0",""
"1488","Acacia tratmaniana",1,"199149","Acacia tratmaniana",1,"species","","",NA,"W.Fitzg.","Fabaceae","Acacia","Acacia",1,"tratmaniana","tratmaniana",1,"","",NA,"","",NA,"","",NA,"","","https://powo.science.kew.org/taxon/urn:lsid:ipni.org:names:471670-1","","Y","Accepted","Acacia tratmaniana","Acacia tratmaniana","W.Fitzg.","199149","species","https://powo.science.kew.org/taxon/urn:lsid:ipni.org:names:471670-1","","Fabaceae","1","1","wcvp","0",""
"1489","Acacia isoneura subsp. isoneura",1,"199152","Acacia isoneura subsp. isoneura",1,"subspecies","","",NA,"","Fabaceae","Acacia","Acacia",1,"isoneura","isoneura",1,"","",NA,"subsp.","isoneura",1,"","",NA,"","","https://powo.science.kew.org/taxon/urn:lsid:ipni.org:names:77214047-1","","Y","Accepted","Acacia isoneura subsp. isoneura","Acacia isoneura","","199152","subspecies","https://powo.science.kew.org/taxon/urn:lsid:ipni.org:names:77214047-1","","Fabaceae","1","1","wcvp","0",""
"1490","Acacia isoneura subsp. nimia",1,"1246872","Acacia isoneura subsp. nimia",1,"subspecies","","",NA,"Maslin & A.R.Chapm.","Fabaceae","Acacia","Acacia",1,"isoneura","isoneura",1,"","",NA,"subsp.","nimia",1,"","",NA,"","","https://powo.science.kew.org/taxon/urn:lsid:ipni.org:names:1008317-1","","Y","Accepted","Acacia isoneura subsp. nimia","Acacia isoneura","Maslin & A.R.Chapm.","1246872","subspecies","https://powo.science.kew.org/taxon/urn:lsid:ipni.org:names:1008317-1","","Fabaceae","1","1","wcvp","0",""
"1491","Acacia kerryana",1,"199153","Acacia kerryana",1,"species","","",NA,"Maslin","Fabaceae","Acacia","Acacia",1,"kerryana","kerryana",1,"","",NA,"","",NA,"","",NA,"","","https://powo.science.kew.org/taxon/urn:lsid:ipni.org:names:899066-1","","Y","Accepted","Acacia kerryana","Acacia kerryana","Maslin","199153","species","https://powo.science.kew.org/taxon/urn:lsid:ipni.org:names:899066-1","","Fabaceae","1","1","wcvp","0",""
"1492","Acacia microneura",1,"1041095","Acacia microneura",1,"species","","",NA,"Meisn.","Fabaceae","Acacia","Acacia",1,"microneura","microneura",1,"","",NA,"","",NA,"","",NA,"","","https://powo.science.kew.org/taxon/urn:lsid:ipni.org:names:470899-1","","Y","Accepted","Acacia microneura","Acacia microneura","Meisn.","1041095","species","https://powo.science.kew.org/taxon/urn:lsid:ipni.org:names:470899-1","","Fabaceae","1","1","wcvp","0",""
"1493","Acacia lirellata",1,"199157","Acacia lirellata",1,"species","","",NA,"Maslin & A.R.Chapm.","Fabaceae","Acacia","Acacia",1,"lirellata","lirellata",1,"","",NA,"","",NA,"","",NA,"","","https://powo.science.kew.org/taxon/urn:lsid:ipni.org:names:1008318-1","","Y","Accepted","Acacia lirellata","Acacia lirellata","Maslin & A.R.Chapm.","199157","species","https://powo.science.kew.org/taxon/urn:lsid:ipni.org:names:1008318-1","","Fabaceae","1","1","wcvp","0",""
"1494","Acacia lirellata subsp. lirellata",1,"199158","Acacia lirellata subsp. lirellata",1,"subspecies","","",NA,"","Fabaceae","Acacia","Acacia",1,"lirellata","lirellata",1,"","",NA,"subsp.","lirellata",1,"","",NA,"","","https://powo.science.kew.org/taxon/urn:lsid:ipni.org:names:77214006-1","","Y","Accepted","Acacia lirellata subsp. lirellata","Acacia lirellata","","199158","subspecies","https://powo.science.kew.org/taxon/urn:lsid:ipni.org:names:77214006-1","","Fabaceae","1","1","wcvp","0",""
"1495","Acacia lirellata subsp. compressa",1,"1246873","Acacia lirellata subsp. compressa",1,"subspecies","","",NA,"Maslin & A.R.Chapm.","Fabaceae","Acacia","Acacia",1,"lirellata","lirellata",1,"","",NA,"subsp.","compressa",1,"","",NA,"","","https://powo.science.kew.org/taxon/urn:lsid:ipni.org:names:1008319-1","","Y","Accepted","Acacia lirellata subsp. compressa","Acacia lirellata","Maslin & A.R.Chapm.","1246873","subspecies","https://powo.science.kew.org/taxon/urn:lsid:ipni.org:names:1008319-1","","Fabaceae","1","1","wcvp","0",""
"1496","Acacia tetraneura",1,"1246874","Acacia tetraneura",1,"species","","",NA,"Maslin & A.R.Chapm.","Fabaceae","Acacia","Acacia",1,"tetraneura","tetraneura",1,"","",NA,"","",NA,"","",NA,"","","https://powo.science.kew.org/taxon/urn:lsid:ipni.org:names:1008320-1","","Y","Accepted","Acacia tetraneura","Acacia tetraneura","Maslin & A.R.Chapm.","1246874","species","https://powo.science.kew.org/taxon/urn:lsid:ipni.org:names:1008320-1","","Fabaceae","1","1","wcvp","0",""
"1497","Acacia cochlocarpa",1,"1041049","Acacia cochlocarpa",1,"species","","",NA,"Meisn.","Fabaceae","Acacia","Acacia",1,"cochlocarpa","cochlocarpa",1,"","",NA,"","",NA,"","",NA,"","","https://powo.science.kew.org/taxon/urn:lsid:ipni.org:names:470012-1","","Y","Accepted","Acacia cochlocarpa","Acacia cochlocarpa","Meisn.","1041049","species","https://powo.science.kew.org/taxon/urn:lsid:ipni.org:names:470012-1","","Fabaceae","1","1","wcvp","0",""
"1498","Acacia cochlocarpa subsp. cochlocarpa",1,"199160","Acacia cochlocarpa subsp. cochlocarpa",1,"subspecies","","",NA,"","Fabaceae","Acacia","Acacia",1,"cochlocarpa","cochlocarpa",1,"","",NA,"subsp.","cochlocarpa",1,"","",NA,"","","https://powo.science.kew.org/taxon/urn:lsid:ipni.org:names:77214053-1","","Y","Accepted","Acacia cochlocarpa subsp. cochlocarpa","Acacia cochlocarpa","","199160","subspecies","https://powo.science.kew.org/taxon/urn:lsid:ipni.org:names:77214053-1","","Fabaceae","1","1","wcvp","0",""
"1499","Acacia cochlocarpa subsp. velutinosa",1,"1246868","Acacia cochlocarpa subsp. velutinosa",1,"subspecies","","",NA,"Maslin & A.R.Chapm.","Fabaceae","Acacia","Acacia",1,"cochlocarpa","cochlocarpa",1,"","",NA,"subsp.","velutinosa",1,"","",NA,"","","https://powo.science.kew.org/taxon/urn:lsid:ipni.org:names:1008314-1","","Y","Accepted","Acacia cochlocarpa subsp. velutinosa","Acacia cochlocarpa","Maslin & A.R.Chapm.","1246868","subspecies","https://powo.science.kew.org/taxon/urn:lsid:ipni.org:names:1008314-1","","Fabaceae","1","1","wcvp","0",""
"1500","Acacia neurophylla",1,"199161","Acacia neurophylla",1,"species","","",NA,"W.Fitzg.","Fabaceae","Acacia","Acacia",1,"neurophylla","neurophylla",1,"","",NA,"","",NA,"","",NA,"","","https://powo.science.kew.org/taxon/urn:lsid:ipni.org:names:470985-1","","Y","Accepted","Acacia neurophylla","Acacia neurophylla","W.Fitzg.","199161","species","https://powo.science.kew.org/taxon/urn:lsid:ipni.org:names:470985-1","","Fabaceae","1","1","wcvp","0",""
"1501","Acacia neurophylla subsp. neurophylla",1,"199162","Acacia neurophylla subsp. neurophylla",1,"subspecies","","",NA,"","Fabaceae","Acacia","Acacia",1,"neurophylla","neurophylla",1,"","",NA,"subsp.","neurophylla",1,"","",NA,"","","https://powo.science.kew.org/taxon/urn:lsid:ipni.org:names:77213996-1","","Y","Accepted","Acacia neurophylla subsp. neurophylla","Acacia neurophylla","","199162","subspecies","https://powo.science.kew.org/taxon/urn:lsid:ipni.org:names:77213996-1","","Fabaceae","1","1","wcvp","0",""
"1502","Acacia neurophylla subsp. erugata",1,"1368708","Acacia neurophylla subsp. erugata",1,"subspecies","","",NA,"R.S.Cowan & Maslin","Fabaceae","Acacia","Acacia",1,"neurophylla","neurophylla",1,"","",NA,"subsp.","erugata",1,"","",NA,"","","https://powo.science.kew.org/taxon/urn:lsid:ipni.org:names:981013-1","","Y","Accepted","Acacia neurophylla subsp. erugata","Acacia neurophylla","R.S.Cowan & Maslin","1368708","subspecies","https://powo.science.kew.org/taxon/urn:lsid:ipni.org:names:981013-1","","Fabaceae","1","1","wcvp","0",""
"1503","Acacia incongesta",1,"199164","Acacia incongesta",1,"species","","",NA,"R.S.Cowan & Maslin","Fabaceae","Acacia","Acacia",1,"incongesta","incongesta",1,"","",NA,"","",NA,"","",NA,"","","https://powo.science.kew.org/taxon/urn:lsid:ipni.org:names:981012-1","","Y","Accepted","Acacia incongesta","Acacia incongesta","R.S.Cowan & Maslin","199164","species","https://powo.science.kew.org/taxon/urn:lsid:ipni.org:names:981012-1","","Fabaceae","1","1","wcvp","0",""
"1504","Acacia anfractuosa",1,"199165","Acacia anfractuosa",1,"species","","",NA,"Maslin","Fabaceae","Acacia","Acacia",1,"anfractuosa","anfractuosa",1,"","",NA,"","",NA,"","",NA,"","","https://powo.science.kew.org/taxon/urn:lsid:ipni.org:names:469716-1","","Y","Accepted","Acacia anfractuosa","Acacia anfractuosa","Maslin","199165","species","https://powo.science.kew.org/taxon/urn:lsid:ipni.org:names:469716-1","","Fabaceae","1","1","wcvp","0",""
"1505","Acacia sciophanes",1,"199166","Acacia sciophanes",1,"species","","",NA,"Maslin","Fabaceae","Acacia","Acacia",1,"sciophanes","sciophanes",1,"","",NA,"","",NA,"","",NA,"","","https://powo.science.kew.org/taxon/urn:lsid:ipni.org:names:471414-1","","Y","Accepted","Acacia sciophanes","Acacia sciophanes","Maslin","199166","species","https://powo.science.kew.org/taxon/urn:lsid:ipni.org:names:471414-1","","Fabaceae","1","1","wcvp","0",""
"1506","Acacia epedunculata",1,"199167","Acacia epedunculata",1,"species","","",NA,"R.S.Cowan & Maslin","Fabaceae","Acacia","Acacia",1,"epedunculata","epedunculata",1,"","",NA,"","",NA,"","",NA,"","","https://powo.science.kew.org/taxon/urn:lsid:ipni.org:names:981006-1","","Y","Accepted","Acacia epedunculata","Acacia epedunculata","R.S.Cowan & Maslin","199167","species","https://powo.science.kew.org/taxon/urn:lsid:ipni.org:names:981006-1","","Fabaceae","1","1","wcvp","0",""
"1507","Acacia heteroneura",1,"199168","Acacia heteroneura",1,"species","","",NA,"Benth.","Fabaceae","Acacia","Acacia",1,"heteroneura","heteroneura",1,"","",NA,"","",NA,"","",NA,"","","https://powo.science.kew.org/taxon/urn:lsid:ipni.org:names:470518-1","","Y","Accepted","Acacia heteroneura","Acacia heteroneura","Benth.","199168","species","https://powo.science.kew.org/taxon/urn:lsid:ipni.org:names:470518-1","","Fabaceae","1","1","wcvp","0",""
"1508","Acacia heteroneura var. heteroneura",1,"199169","Acacia heteroneura var. heteroneura",1,"variety","","",NA,"","Fabaceae","Acacia","Acacia",1,"heteroneura","heteroneura",1,"","",NA,"var.","heteroneura",1,"","",NA,"","","https://powo.science.kew.org/taxon/urn:lsid:ipni.org:names:77213977-1","","Y","Accepted","Acacia heteroneura var. heteroneura","Acacia heteroneura","","199169","variety","https://powo.science.kew.org/taxon/urn:lsid:ipni.org:names:77213977-1","","Fabaceae","1","1","wcvp","0",""
"1509","Acacia heteroneura var. jutsonii",1,"199170","Acacia heteroneura var. jutsonii",1,"variety","","",NA,"(Maiden) R.S.Cowan & Maslin","Fabaceae","Acacia","Acacia",1,"heteroneura","heteroneura",1,"","",NA,"var.","jutsonii",1,"","",NA,"","","https://powo.science.kew.org/taxon/urn:lsid:ipni.org:names:981007-1","","Y","Accepted","Acacia heteroneura var. jutsonii","Acacia heteroneura","(Maiden) R.S.Cowan & Maslin","199170","variety","https://powo.science.kew.org/taxon/urn:lsid:ipni.org:names:981007-1","","Fabaceae","1","1","wcvp","0",""
"1510","Acacia heteroneura var. petila",1,"1369318","Acacia heteroneura var. petila",1,"variety","","",NA,"R.S.Cowan & Maslin","Fabaceae","Acacia","Acacia",1,"heteroneura","heteroneura",1,"","",NA,"var.","petila",1,"","",NA,"","","https://powo.science.kew.org/taxon/urn:lsid:ipni.org:names:981008-1","","Y","Accepted","Acacia heteroneura var. petila","Acacia heteroneura","R.S.Cowan & Maslin","1369318","variety","https://powo.science.kew.org/taxon/urn:lsid:ipni.org:names:981008-1","","Fabaceae","1","1","wcvp","0",""
"1511","Acacia heteroneura var. prolixa",1,"1204976","Acacia heteroneura var. prolixa",1,"variety","","",NA,"R.S.Cowan & Maslin","Fabaceae","Acacia","Acacia",1,"heteroneura","heteroneura",1,"","",NA,"var.","prolixa",1,"","",NA,"","","https://powo.science.kew.org/taxon/urn:lsid:ipni.org:names:981009-1","","Y","Accepted","Acacia heteroneura var. prolixa","Acacia heteroneura","R.S.Cowan & Maslin","1204976","variety","https://powo.science.kew.org/taxon/urn:lsid:ipni.org:names:981009-1","","Fabaceae","1","1","wcvp","0",""
"1512","Acacia desertorum",1,"199173","Acacia desertorum",1,"species","","",NA,"Maiden & Blakely","Fabaceae","Acacia","Acacia",1,"desertorum","desertorum",1,"","",NA,"","",NA,"","",NA,"","","https://powo.science.kew.org/taxon/urn:lsid:ipni.org:names:470162-1","","Y","Accepted","Acacia desertorum","Acacia desertorum","Maiden & Blakely","199173","species","https://powo.science.kew.org/taxon/urn:lsid:ipni.org:names:470162-1","","Fabaceae","1","1","wcvp","0",""
"1513","Acacia desertorum var. desertorum",1,"199174","Acacia desertorum var. desertorum",1,"variety","","",NA,"","Fabaceae","Acacia","Acacia",1,"desertorum","desertorum",1,"","",NA,"var.","desertorum",1,"","",NA,"","","https://powo.science.kew.org/taxon/urn:lsid:ipni.org:names:77214023-1","","Y","Accepted","Acacia desertorum var. desertorum","Acacia desertorum","","199174","variety","https://powo.science.kew.org/taxon/urn:lsid:ipni.org:names:77214023-1","","Fabaceae","1","1","wcvp","0",""
"1514","Acacia desertorum var. nudipes",1,"1369315","Acacia desertorum var. nudipes",1,"variety","","",NA,"R.S.Cowan & Maslin","Fabaceae","Acacia","Acacia",1,"desertorum","desertorum",1,"","",NA,"var.","nudipes",1,"","",NA,"","","https://powo.science.kew.org/taxon/urn:lsid:ipni.org:names:981005-1","","Y","Accepted","Acacia desertorum var. nudipes","Acacia desertorum","R.S.Cowan & Maslin","1369315","variety","https://powo.science.kew.org/taxon/urn:lsid:ipni.org:names:981005-1","","Fabaceae","1","1","wcvp","0",""
"1515","Acacia cylindrica",1,"199175","Acacia cylindrica",1,"species","","",NA,"R.S.Cowan & Maslin","Fabaceae","Acacia","Acacia",1,"cylindrica","cylindrica",1,"","",NA,"","",NA,"","",NA,"","","https://powo.science.kew.org/taxon/urn:lsid:ipni.org:names:981004-1","","Y","Accepted","Acacia cylindrica","Acacia cylindrica","R.S.Cowan & Maslin","199175","species","https://powo.science.kew.org/taxon/urn:lsid:ipni.org:names:981004-1","","Fabaceae","1","1","wcvp","0",""
"1516","Acacia denticulosa",1,"199176","Acacia denticulosa",1,"species","","",NA,"F.Muell.","Fabaceae","Acacia","Acacia",1,"denticulosa","denticulosa",1,"","",NA,"","",NA,"","",NA,"","","https://powo.science.kew.org/taxon/urn:lsid:ipni.org:names:470154-1","","Y","Accepted","Acacia denticulosa","Acacia denticulosa","F.Muell.","199176","species","https://powo.science.kew.org/taxon/urn:lsid:ipni.org:names:470154-1","","Fabaceae","1","1","wcvp","0",""
"1517","Acacia obtusifolia",1,"182701","Acacia obtusifolia",1,"species","","",NA,"A.Cunn.","Fabaceae","Acacia","Acacia",1,"obtusifolia","obtusifolia",1,"","",NA,"","",NA,"","",NA,"","","https://powo.science.kew.org/taxon/urn:lsid:ipni.org:names:471020-1","","Y","Accepted","Acacia obtusifolia","Acacia obtusifolia","A.Cunn.","182701","species","https://powo.science.kew.org/taxon/urn:lsid:ipni.org:names:471020-1","","Fabaceae","1","1","wcvp","0",""
"1518","Acacia phlebophylla",1,"1254177","Acacia phlebophylla",1,"species","","",NA,"F.Muell. ex H.B.Will.","Fabaceae","Acacia","Acacia",1,"phlebophylla","phlebophylla",1,"","",NA,"","",NA,"","",NA,"","","https://powo.science.kew.org/taxon/urn:lsid:ipni.org:names:76171-3","","Y","Accepted","Acacia phlebophylla","Acacia phlebophylla","F.Muell. ex H.B.Will.","1254177","species","https://powo.science.kew.org/taxon/urn:lsid:ipni.org:names:76171-3","","Fabaceae","1","1","wcvp","0",""
"1519","Acacia alpina",1,"199181","Acacia alpina",1,"species","","",NA,"F.Muell.","Fabaceae","Acacia","Acacia",1,"alpina","alpina",1,"","",NA,"","",NA,"","",NA,"","","https://powo.science.kew.org/taxon/urn:lsid:ipni.org:names:469682-1","","Y","Accepted","Acacia alpina","Acacia alpina","F.Muell.","199181","species","https://powo.science.kew.org/taxon/urn:lsid:ipni.org:names:469682-1","","Fabaceae","1","1","wcvp","0",""
"1520","Acacia mucronata",1,"1254114","Acacia mucronata",1,"species","","",NA,"Willd. ex H.L.Wendl.","Fabaceae","Acacia","Acacia",1,"mucronata","mucronata",1,"","",NA,"","",NA,"","",NA,"","","https://powo.science.kew.org/taxon/urn:lsid:ipni.org:names:20001406-1","","Y","Accepted","Acacia mucronata","Acacia mucronata","Willd. ex H.L.Wendl.","1254114","species","https://powo.science.kew.org/taxon/urn:lsid:ipni.org:names:20001406-1","","Fabaceae","1","1","wcvp","0",""
"1521","Acacia mucronata subsp. dependens",1,"199188","Acacia mucronata subsp. dependens",1,"subspecies","","",NA,"(Hook.f.) Court","Fabaceae","Acacia","Acacia",1,"mucronata","mucronata",1,"","",NA,"subsp.","dependens",1,"","",NA,"","","https://powo.science.kew.org/taxon/urn:lsid:ipni.org:names:20001407-1","","Y","Accepted","Acacia mucronata subsp. dependens","Acacia mucronata","(Hook.f.) Court","199188","subspecies","https://powo.science.kew.org/taxon/urn:lsid:ipni.org:names:20001407-1","","Fabaceae","1","1","wcvp","0",""
"1522","Acacia mucronata subsp. longifolia",1,"199193","Acacia mucronata subsp. longifolia",1,"subspecies","","",NA,"(Benth.) Court","Fabaceae","Acacia","Acacia",1,"mucronata","mucronata",1,"","",NA,"subsp.","longifolia",1,"","",NA,"","","https://powo.science.kew.org/taxon/urn:lsid:ipni.org:names:20001408-1","","Y","Accepted","Acacia mucronata subsp. longifolia","Acacia mucronata","(Benth.) Court","199193","subspecies","https://powo.science.kew.org/taxon/urn:lsid:ipni.org:names:20001408-1","","Fabaceae","1","1","wcvp","0",""
"1523","Acacia longifolia",1,"206231","Acacia longifolia",1,"species","","",NA,"(Andrews) Willd.","Fabaceae","Acacia","Acacia",1,"longifolia","longifolia",1,"","",NA,"","",NA,"","",NA,"","","https://powo.science.kew.org/taxon/urn:lsid:ipni.org:names:470782-1","","Y","Accepted","Acacia longifolia","Acacia longifolia","(Andrews) Willd.","206231","species","https://powo.science.kew.org/taxon/urn:lsid:ipni.org:names:470782-1","","Fabaceae","1","1","wcvp","0",""
"1524","Acacia longifolia subsp. longifolia",0.59957384396743,"206231","Acacia longifolia",0.59957384396743,"species","","",NA,"(Andrews) Willd.","Fabaceae","Acacia","Acacia",1,"longifolia","longifolia",1,"","",NA,"","",NA,"","",NA,"","subsp. longifolia","https://powo.science.kew.org/taxon/urn:lsid:ipni.org:names:470782-1","","Y","Accepted","Acacia longifolia","Acacia longifolia","(Andrews) Willd.","206231","species","https://powo.science.kew.org/taxon/urn:lsid:ipni.org:names:470782-1","","Fabaceae","1","1","wcvp","1","[Partial]"
"1525","Acacia longifolia subsp. sophorae",1,"199204","Acacia longifolia subsp. sophorae",1,"subspecies","","",NA,"(Labill.) Court","Fabaceae","Acacia","Acacia",1,"longifolia","longifolia",1,"","",NA,"subsp.","sophorae",1,"","",NA,"","","https://powo.science.kew.org/taxon/urn:lsid:ipni.org:names:20001409-1","","Y","Synonym","Acacia sophorae","Acacia sophorae","(Labill.) R.Br.","189726","species","https://powo.science.kew.org/taxon/urn:lsid:ipni.org:names:80238-3","","Fabaceae","1","1","wcvp","0",""
"1526","Acacia floribunda",1,"189720","Acacia floribunda",1,"species","","",NA,"(Vent.) Willd.","Fabaceae","Acacia","Acacia",1,"floribunda","floribunda",1,"","",NA,"","",NA,"","",NA,"","","https://powo.science.kew.org/taxon/urn:lsid:ipni.org:names:470346-1","","Y","Accepted","Acacia floribunda","Acacia floribunda","(Vent.) Willd.","189720","species","https://powo.science.kew.org/taxon/urn:lsid:ipni.org:names:470346-1","","Fabaceae","1","1","wcvp","0",""
"1527","Acacia maidenii",1,"199468","Acacia maidenii",1,"species","","",NA,"F.Muell.","Fabaceae","Acacia","Acacia",1,"maidenii","maidenii",1,"","",NA,"","",NA,"","",NA,"","","https://powo.science.kew.org/taxon/urn:lsid:ipni.org:names:470831-1","","Y","Accepted","Acacia maidenii","Acacia maidenii","F.Muell.","199468","species","https://powo.science.kew.org/taxon/urn:lsid:ipni.org:names:470831-1","","Fabaceae","1","1","wcvp","0",""
"1528","Acacia dallachiana",1,"199223","Acacia dallachiana",1,"species","","",NA,"F.Muell.","Fabaceae","Acacia","Acacia",1,"dallachiana","dallachiana",1,"","",NA,"","",NA,"","",NA,"","","https://powo.science.kew.org/taxon/urn:lsid:ipni.org:names:470121-1","","Y","Accepted","Acacia dallachiana","Acacia dallachiana","F.Muell.","199223","species","https://powo.science.kew.org/taxon/urn:lsid:ipni.org:names:470121-1","","Fabaceae","1","1","wcvp","0",""
"1529","Acacia orites",1,"199224","Acacia orites",1,"species","","",NA,"Pedley","Fabaceae","Acacia","Acacia",1,"orites","orites",1,"","",NA,"","",NA,"","",NA,"","","https://powo.science.kew.org/taxon/urn:lsid:ipni.org:names:471044-1","","Y","Accepted","Acacia orites","Acacia orites","Pedley","199224","species","https://powo.science.kew.org/taxon/urn:lsid:ipni.org:names:471044-1","","Fabaceae","1","1","wcvp","0",""
"1530","Acacia longissima",1,"199226","Acacia longissima",1,"species","","",NA,"H.L.Wendl.","Fabaceae","Acacia","Acacia",1,"longissima","longissima",1,"","",NA,"","",NA,"","",NA,"","","https://powo.science.kew.org/taxon/urn:lsid:ipni.org:names:470787-1","","Y","Accepted","Acacia longissima","Acacia longissima","H.L.Wendl.","199226","species","https://powo.science.kew.org/taxon/urn:lsid:ipni.org:names:470787-1","","Fabaceae","1","1","wcvp","0",""
"1531","Acacia courtii",1,"1253783","Acacia courtii",1,"species","","",NA,"Tindale & Hersc.","Fabaceae","Acacia","Acacia",1,"courtii","courtii",1,"","",NA,"","",NA,"","",NA,"","","https://powo.science.kew.org/taxon/urn:lsid:ipni.org:names:940262-1","","Y","Accepted","Acacia courtii","Acacia courtii","Tindale & Hersc.","1253783","species","https://powo.science.kew.org/taxon/urn:lsid:ipni.org:names:940262-1","","Fabaceae","1","1","wcvp","0",""
"1532","Acacia oxycedrus",1,"182728","Acacia oxycedrus",1,"species","","",NA,"Sieber ex DC.","Fabaceae","Acacia","Acacia",1,"oxycedrus","oxycedrus",1,"","",NA,"","",NA,"","",NA,"","","https://powo.science.kew.org/taxon/urn:lsid:ipni.org:names:471053-1","","Y","Accepted","Acacia oxycedrus","Acacia oxycedrus","Sieber ex DC.","182728","species","https://powo.science.kew.org/taxon/urn:lsid:ipni.org:names:471053-1","","Fabaceae","1","1","wcvp","0",""
"1533","Acacia verticillata",1,"171586","Acacia verticillata",1,"species","","",NA,"(L'Hér.) Willd.","Fabaceae","Acacia","Acacia",1,"verticillata","verticillata",1,"","",NA,"","",NA,"","",NA,"","","https://powo.science.kew.org/taxon/urn:lsid:ipni.org:names:471751-1","","Y","Accepted","Acacia verticillata","Acacia verticillata","(L'Hér.) Willd.","171586","species","https://powo.science.kew.org/taxon/urn:lsid:ipni.org:names:471751-1","","Fabaceae","1","1","wcvp","0",""
"1534","Acacia verticillata subsp. verticillata",1,"199238","Acacia verticillata subsp. verticillata",1,"subspecies","","",NA,"","Fabaceae","Acacia","Acacia",1,"verticillata","verticillata",1,"","",NA,"subsp.","verticillata",1,"","",NA,"","","https://powo.science.kew.org/taxon/urn:lsid:ipni.org:names:77214097-1","","Y","Accepted","Acacia verticillata subsp. verticillata","Acacia verticillata","","199238","subspecies","https://powo.science.kew.org/taxon/urn:lsid:ipni.org:names:77214097-1","","Fabaceae","1","1","wcvp","0",""
"1535","Acacia verticillata subsp. ruscifolia",1,"199241","Acacia verticillata subsp. ruscifolia",1,"subspecies","","",NA,"(A.Cunn. ex G.Don) Court","Fabaceae","Acacia","Acacia",1,"verticillata","verticillata",1,"","",NA,"subsp.","ruscifolia",1,"","",NA,"","","https://powo.science.kew.org/taxon/urn:lsid:ipni.org:names:20001410-1","","Y","Accepted","Acacia verticillata subsp. ruscifolia","Acacia verticillata","(A.Cunn. ex G.Don) Court","199241","subspecies","https://powo.science.kew.org/taxon/urn:lsid:ipni.org:names:20001410-1","","Fabaceae","1","1","wcvp","0",""
"1536","Acacia verticillata subsp. cephalantha",1,"199247","Acacia verticillata subsp. cephalantha",1,"subspecies","","",NA,"(F.Muell.) Court","Fabaceae","Acacia","Acacia",1,"verticillata","verticillata",1,"","",NA,"subsp.","cephalantha",1,"","",NA,"","","https://powo.science.kew.org/taxon/urn:lsid:ipni.org:names:20001411-1","","Y","Accepted","Acacia verticillata subsp. cephalantha","Acacia verticillata","(F.Muell.) Court","199247","subspecies","https://powo.science.kew.org/taxon/urn:lsid:ipni.org:names:20001411-1","","Fabaceae","1","1","wcvp","0",""
"1537","Acacia verticillata subsp. ovoidea",1,"199250","Acacia verticillata subsp. ovoidea",1,"subspecies","","",NA,"(Benth.) Court","Fabaceae","Acacia","Acacia",1,"verticillata","verticillata",1,"","",NA,"subsp.","ovoidea",1,"","",NA,"","","https://powo.science.kew.org/taxon/urn:lsid:ipni.org:names:20001412-1","","Y","Accepted","Acacia verticillata subsp. ovoidea","Acacia verticillata","(Benth.) Court","199250","subspecies","https://powo.science.kew.org/taxon/urn:lsid:ipni.org:names:20001412-1","","Fabaceae","1","1","wcvp","0",""
"1538","Acacia riceana",1,"197629","Acacia riceana",1,"species","","",NA,"Hensl.","Fabaceae","Acacia","Acacia",1,"riceana","riceana",1,"","",NA,"","",NA,"","",NA,"","","https://powo.science.kew.org/taxon/urn:lsid:ipni.org:names:471324-1","","Y","Accepted","Acacia riceana","Acacia riceana","Hensl.","197629","species","https://powo.science.kew.org/taxon/urn:lsid:ipni.org:names:471324-1","","Fabaceae","1","1","wcvp","0",""
"1539","Acacia axillaris",1,"199257","Acacia axillaris",1,"species","","",NA,"Benth.","Fabaceae","Acacia","Acacia",1,"axillaris","axillaris",1,"","",NA,"","",NA,"","",NA,"","","https://powo.science.kew.org/taxon/urn:lsid:ipni.org:names:469791-1","","Y","Accepted","Acacia axillaris","Acacia axillaris","Benth.","199257","species","https://powo.science.kew.org/taxon/urn:lsid:ipni.org:names:469791-1","","Fabaceae","1","1","wcvp","0",""
"1540","Acacia rhigiophylla",1,"199261","Acacia rhigiophylla",1,"species","","",NA,"F.Muell. ex Benth.","Fabaceae","Acacia","Acacia",1,"rhigiophylla","rhigiophylla",1,"","",NA,"","",NA,"","",NA,"","","https://powo.science.kew.org/taxon/urn:lsid:ipni.org:names:471318-1","","Y","Accepted","Acacia rhigiophylla","Acacia rhigiophylla","F.Muell. ex Benth.","199261","species","https://powo.science.kew.org/taxon/urn:lsid:ipni.org:names:471318-1","","Fabaceae","1","1","wcvp","0",""
"1541","Acacia triptera",1,"199262","Acacia triptera",1,"species","","",NA,"Benth.","Fabaceae","Acacia","Acacia",1,"triptera","triptera",1,"","",NA,"","",NA,"","",NA,"","","https://powo.science.kew.org/taxon/urn:lsid:ipni.org:names:471686-1","","Y","Accepted","Acacia triptera","Acacia triptera","Benth.","199262","species","https://powo.science.kew.org/taxon/urn:lsid:ipni.org:names:471686-1","","Fabaceae","1","1","wcvp","0",""
"1542","Acacia hippuroides",1,"199264","Acacia hippuroides",1,"species","","",NA,"Heward ex Benth.","Fabaceae","Acacia","Acacia",1,"hippuroides","hippuroides",1,"","",NA,"","",NA,"","",NA,"","","https://powo.science.kew.org/taxon/urn:lsid:ipni.org:names:470524-1","","Y","Accepted","Acacia hippuroides","Acacia hippuroides","Heward ex Benth.","199264","species","https://powo.science.kew.org/taxon/urn:lsid:ipni.org:names:470524-1","","Fabaceae","1","1","wcvp","0",""
"1543","Acacia spondylophylla",1,"199265","Acacia spondylophylla",1,"species","","",NA,"F.Muell.","Fabaceae","Acacia","Acacia",1,"spondylophylla","spondylophylla",1,"","",NA,"","",NA,"","",NA,"","","https://powo.science.kew.org/taxon/urn:lsid:ipni.org:names:471530-1","","Y","Accepted","Acacia spondylophylla","Acacia spondylophylla","F.Muell.","199265","species","https://powo.science.kew.org/taxon/urn:lsid:ipni.org:names:471530-1","","Fabaceae","1","1","wcvp","0",""
"1544","Acacia adoxa",1,"199267","Acacia adoxa",1,"species","","",NA,"Pedley","Fabaceae","Acacia","Acacia",1,"adoxa","adoxa",1,"","",NA,"","",NA,"","",NA,"","","https://powo.science.kew.org/taxon/urn:lsid:ipni.org:names:469658-1","","Y","Accepted","Acacia adoxa","Acacia adoxa","Pedley","199267","species","https://powo.science.kew.org/taxon/urn:lsid:ipni.org:names:469658-1","","Fabaceae","1","1","wcvp","0",""
"1545","Acacia adoxa var. adoxa",1,"199268","Acacia adoxa var. adoxa",1,"variety","","",NA,"","Fabaceae","Acacia","Acacia",1,"adoxa","adoxa",1,"","",NA,"var.","adoxa",1,"","",NA,"","","https://powo.science.kew.org/taxon/urn:lsid:ipni.org:names:56645-3","","Y","Accepted","Acacia adoxa var. adoxa","Acacia adoxa","","199268","variety","https://powo.science.kew.org/taxon/urn:lsid:ipni.org:names:56645-3","","Fabaceae","1","1","wcvp","0",""
"1546","Acacia adoxa var. subglabra",1,"1369310","Acacia adoxa var. subglabra",1,"variety","","",NA,"Pedley","Fabaceae","Acacia","Acacia",1,"adoxa","adoxa",1,"","",NA,"var.","subglabra",1,"","",NA,"","","https://powo.science.kew.org/taxon/urn:lsid:ipni.org:names:884512-1","","Y","Accepted","Acacia adoxa var. subglabra","Acacia adoxa","Pedley","1369310","variety","https://powo.science.kew.org/taxon/urn:lsid:ipni.org:names:884512-1","","Fabaceae","1","1","wcvp","0",""
"1547","Acacia orthotricha",1,"199270","Acacia orthotricha",1,"species","","",NA,"Pedley","Fabaceae","Acacia","Acacia",1,"orthotricha","orthotricha",1,"","",NA,"","",NA,"","",NA,"","","https://powo.science.kew.org/taxon/urn:lsid:ipni.org:names:471048-1","","Y","Accepted","Acacia orthotricha","Acacia orthotricha","Pedley","199270","species","https://powo.science.kew.org/taxon/urn:lsid:ipni.org:names:471048-1","","Fabaceae","1","1","wcvp","0",""
"1548","Acacia chippendalei",1,"199271","Acacia chippendalei",1,"species","","",NA,"Pedley","Fabaceae","Acacia","Acacia",1,"chippendalei","chippendalei",1,"","",NA,"","",NA,"","",NA,"","","https://powo.science.kew.org/taxon/urn:lsid:ipni.org:names:469974-1","","Y","Accepted","Acacia chippendalei","Acacia chippendalei","Pedley","199271","species","https://powo.science.kew.org/taxon/urn:lsid:ipni.org:names:469974-1","","Fabaceae","1","1","wcvp","0",""
"1549","Acacia lycopodiifolia",1,"199273","Acacia lycopodiifolia",1,"species","","",NA,"A.Cunn. ex Hook.","Fabaceae","Acacia","Acacia",1,"lycopodiifolia","lycopodiifolia",1,"","",NA,"","",NA,"","",NA,"","","https://powo.science.kew.org/taxon/urn:lsid:ipni.org:names:71802-3","","Y","Accepted","Acacia lycopodiifolia","Acacia lycopodiifolia","A.Cunn. ex Hook.","199273","species","https://powo.science.kew.org/taxon/urn:lsid:ipni.org:names:71802-3","","Fabaceae","1","1","wcvp","0",""
"1550","Acacia anasilla",1,"199278","Acacia anasilla",1,"species","","",NA,"A.S.George","Fabaceae","Acacia","Acacia",1,"anasilla","anasilla",1,"","",NA,"","",NA,"","",NA,"","","https://powo.science.kew.org/taxon/urn:lsid:ipni.org:names:1010662-1","","Y","Accepted","Acacia anasilla","Acacia anasilla","A.S.George","199278","species","https://powo.science.kew.org/taxon/urn:lsid:ipni.org:names:1010662-1","","Fabaceae","1","1","wcvp","0",""
"1551","Acacia capillaris",1,"199279","Acacia capillaris",1,"species","","",NA,"A.S.George","Fabaceae","Acacia","Acacia",1,"capillaris","capillaris",1,"","",NA,"","",NA,"","",NA,"","","https://powo.science.kew.org/taxon/urn:lsid:ipni.org:names:1010663-1","","Y","Accepted","Acacia capillaris","Acacia capillaris","A.S.George","199279","species","https://powo.science.kew.org/taxon/urn:lsid:ipni.org:names:1010663-1","","Fabaceae","1","1","wcvp","0",""
"1552","Acacia smeringa",1,"199281","Acacia smeringa",1,"species","","",NA,"A.S.George","Fabaceae","Acacia","Acacia",1,"smeringa","smeringa",1,"","",NA,"","",NA,"","",NA,"","","https://powo.science.kew.org/taxon/urn:lsid:ipni.org:names:1010667-1","","Y","Accepted","Acacia smeringa","Acacia smeringa","A.S.George","199281","species","https://powo.science.kew.org/taxon/urn:lsid:ipni.org:names:1010667-1","","Fabaceae","1","1","wcvp","0",""
"1553","Acacia repens",1,"199282","Acacia repens",1,"species","","",NA,"A.S.George","Fabaceae","Acacia","Acacia",1,"repens","repens",1,"","",NA,"","",NA,"","",NA,"","","https://powo.science.kew.org/taxon/urn:lsid:ipni.org:names:1010666-1","","Y","Accepted","Acacia repens","Acacia repens","A.S.George","199282","species","https://powo.science.kew.org/taxon/urn:lsid:ipni.org:names:1010666-1","","Fabaceae","1","1","wcvp","0",""
"1554","Acacia hypermeces",1,"199283","Acacia hypermeces",1,"species","","",NA,"A.S.George","Fabaceae","Acacia","Acacia",1,"hypermeces","hypermeces",1,"","",NA,"","",NA,"","",NA,"","","https://powo.science.kew.org/taxon/urn:lsid:ipni.org:names:1010664-1","","Y","Accepted","Acacia hypermeces","Acacia hypermeces","A.S.George","199283","species","https://powo.science.kew.org/taxon/urn:lsid:ipni.org:names:1010664-1","","Fabaceae","1","1","wcvp","0",""
"1555","Acacia mitodes",1,"199284","Acacia mitodes",1,"species","","",NA,"A.S.George","Fabaceae","Acacia","Acacia",1,"mitodes","mitodes",1,"","",NA,"","",NA,"","",NA,"","","https://powo.science.kew.org/taxon/urn:lsid:ipni.org:names:1010665-1","","Y","Accepted","Acacia mitodes","Acacia mitodes","A.S.George","199284","species","https://powo.science.kew.org/taxon/urn:lsid:ipni.org:names:1010665-1","","Fabaceae","1","1","wcvp","0",""
"1556","Acacia zatrichota",1,"199285","Acacia zatrichota",1,"species","","",NA,"A.S.George","Fabaceae","Acacia","Acacia",1,"zatrichota","zatrichota",1,"","",NA,"","",NA,"","",NA,"","","https://powo.science.kew.org/taxon/urn:lsid:ipni.org:names:1010668-1","","Y","Accepted","Acacia zatrichota","Acacia zatrichota","A.S.George","199285","species","https://powo.science.kew.org/taxon/urn:lsid:ipni.org:names:1010668-1","","Fabaceae","1","1","wcvp","0",""
"1557","Acacia perryi",1,"199286","Acacia perryi",1,"species","","",NA,"Pedley","Fabaceae","Acacia","Acacia",1,"perryi","perryi",1,"","",NA,"","",NA,"","",NA,"","","https://powo.science.kew.org/taxon/urn:lsid:ipni.org:names:471127-1","","Y","Accepted","Acacia perryi","Acacia perryi","Pedley","199286","species","https://powo.science.kew.org/taxon/urn:lsid:ipni.org:names:471127-1","","Fabaceae","1","1","wcvp","0",""
"1558","Acacia asperulacea",1,"199288","Acacia asperulacea",1,"species","","",NA,"F.Muell.","Fabaceae","Acacia","Acacia",1,"asperulacea","asperulacea",1,"","",NA,"","",NA,"","",NA,"","","https://powo.science.kew.org/taxon/urn:lsid:ipni.org:names:469766-1","","Y","Accepted","Acacia asperulacea","Acacia asperulacea","F.Muell.","199288","species","https://powo.science.kew.org/taxon/urn:lsid:ipni.org:names:469766-1","","Fabaceae","1","1","wcvp","0",""
"1559","Acacia longipedunculata",1,"199293","Acacia longipedunculata",1,"species","","",NA,"Pedley","Fabaceae","Acacia","Acacia",1,"longipedunculata","longipedunculata",1,"","",NA,"","",NA,"","",NA,"","","https://powo.science.kew.org/taxon/urn:lsid:ipni.org:names:470783-1","","Y","Accepted","Acacia longipedunculata","Acacia longipedunculata","Pedley","199293","species","https://powo.science.kew.org/taxon/urn:lsid:ipni.org:names:470783-1","","Fabaceae","1","1","wcvp","0",""
"1560","Acacia porcata",1,"1254188","Acacia porcata",1,"species","","",NA,"P.I.Forst.","Fabaceae","Acacia","Acacia",1,"porcata","porcata",1,"","",NA,"","",NA,"","",NA,"","","https://powo.science.kew.org/taxon/urn:lsid:ipni.org:names:940112-1","","Y","Accepted","Acacia porcata","Acacia porcata","P.I.Forst.","1254188","species","https://powo.science.kew.org/taxon/urn:lsid:ipni.org:names:940112-1","","Fabaceae","1","1","wcvp","0",""
"1561","Acacia galioides",1,"199296","Acacia galioides",1,"species","","",NA,"Benth.","Fabaceae","Acacia","Acacia",1,"galioides","galioides",1,"","",NA,"","",NA,"","",NA,"","","https://powo.science.kew.org/taxon/urn:lsid:ipni.org:names:470381-1","","Y","Accepted","Acacia galioides","Acacia galioides","Benth.","199296","species","https://powo.science.kew.org/taxon/urn:lsid:ipni.org:names:470381-1","","Fabaceae","1","1","wcvp","0",""
"1562","Acacia galioides var. galioides",0.59957384396743,"199296","Acacia galioides",0.59957384396743,"species","","",NA,"Benth.","Fabaceae","Acacia","Acacia",1,"galioides","galioides",1,"","",NA,"","",NA,"","",NA,"","var. galioides","https://powo.science.kew.org/taxon/urn:lsid:ipni.org:names:470381-1","","Y","Accepted","Acacia galioides","Acacia galioides","Benth.","199296","species","https://powo.science.kew.org/taxon/urn:lsid:ipni.org:names:470381-1","","Fabaceae","1","1","wcvp","1","[Partial]"
"1563","Acacia galioides var. glabriflora",1,"199300","Acacia galioides var. glabriflora",1,"variety","","",NA,"(Domin) Pedley","Fabaceae","Acacia","Acacia",1,"galioides","galioides",1,"","",NA,"var.","glabriflora",1,"","",NA,"","","https://powo.science.kew.org/taxon/urn:lsid:ipni.org:names:884530-1","","Y","Synonym","Acacia galioides","Acacia galioides","Benth.","199296","species","https://powo.science.kew.org/taxon/urn:lsid:ipni.org:names:470381-1","","Fabaceae","1","1","wcvp","0",""
"1564","Acacia galioides var. leioclada",1,"1369317","Acacia galioides var. leioclada",1,"variety","","",NA,"(Domin) Pedley","Fabaceae","Acacia","Acacia",1,"galioides","galioides",1,"","",NA,"var.","leioclada",1,"","",NA,"","","https://powo.science.kew.org/taxon/urn:lsid:ipni.org:names:884531-1","","Y","Synonym","Acacia galioides","Acacia galioides","Benth.","199296","species","https://powo.science.kew.org/taxon/urn:lsid:ipni.org:names:470381-1","","Fabaceae","1","1","wcvp","0",""
"1565","Acacia pentadenia",1,"182746","Acacia pentadenia",1,"species","","",NA,"Lindl.","Fabaceae","Acacia","Acacia",1,"pentadenia","pentadenia",1,"","",NA,"","",NA,"","",NA,"","","https://powo.science.kew.org/taxon/urn:lsid:ipni.org:names:471115-1","","Y","Accepted","Acacia pentadenia","Acacia pentadenia","Lindl.","182746","species","https://powo.science.kew.org/taxon/urn:lsid:ipni.org:names:471115-1","","Fabaceae","1","1","wcvp","0",""
"1566","Acacia subracemosa",1,"199304","Acacia subracemosa",1,"species","","",NA,"Maslin","Fabaceae","Acacia","Acacia",1,"subracemosa","subracemosa",1,"","",NA,"","",NA,"","",NA,"","","https://powo.science.kew.org/taxon/urn:lsid:ipni.org:names:471587-1","","Y","Accepted","Acacia subracemosa","Acacia subracemosa","Maslin","199304","species","https://powo.science.kew.org/taxon/urn:lsid:ipni.org:names:471587-1","","Fabaceae","1","1","wcvp","0",""
"1567","Acacia nigricans",1,"199305","Acacia nigricans",1,"species","","",NA,"(Labill.) R.Br.","Fabaceae","Acacia","Acacia",1,"nigricans","nigricans",1,"","",NA,"","",NA,"","",NA,"","","https://powo.science.kew.org/taxon/urn:lsid:ipni.org:names:73665-3","","Y","Accepted","Acacia nigricans","Acacia nigricans","(Labill.) R.Br.","199305","species","https://powo.science.kew.org/taxon/urn:lsid:ipni.org:names:73665-3","","Fabaceae","1","1","wcvp","0",""
"1568","Acacia leioderma",1,"199312","Acacia leioderma",1,"species","","",NA,"Maslin","Fabaceae","Acacia","Acacia",1,"leioderma","leioderma",1,"","",NA,"","",NA,"","",NA,"","","https://powo.science.kew.org/taxon/urn:lsid:ipni.org:names:470723-1","","Y","Accepted","Acacia leioderma","Acacia leioderma","Maslin","199312","species","https://powo.science.kew.org/taxon/urn:lsid:ipni.org:names:470723-1","","Fabaceae","1","1","wcvp","0",""
"1569","Acacia empelioclada",1,"199313","Acacia empelioclada",1,"species","","",NA,"Maslin","Fabaceae","Acacia","Acacia",1,"empelioclada","empelioclada",1,"","",NA,"","",NA,"","",NA,"","","https://powo.science.kew.org/taxon/urn:lsid:ipni.org:names:470247-1","","Y","Accepted","Acacia empelioclada","Acacia empelioclada","Maslin","199313","species","https://powo.science.kew.org/taxon/urn:lsid:ipni.org:names:470247-1","","Fabaceae","1","1","wcvp","0",""
"1570","Acacia browniana",1,"1041043","Acacia browniana",1,"species","","",NA,"H.L.Wendl.","Fabaceae","Acacia","Acacia",1,"browniana","browniana",1,"","",NA,"","",NA,"","",NA,"","","https://powo.science.kew.org/taxon/urn:lsid:ipni.org:names:469883-1","","Y","Accepted","Acacia browniana","Acacia browniana","H.L.Wendl.","1041043","species","https://powo.science.kew.org/taxon/urn:lsid:ipni.org:names:469883-1","","Fabaceae","1","1","wcvp","0",""
"1571","Acacia browniana var. browniana",1,"182741","Acacia browniana var. browniana",1,"variety","","",NA,"","Fabaceae","Acacia","Acacia",1,"browniana","browniana",1,"","",NA,"var.","browniana",1,"","",NA,"","","https://powo.science.kew.org/taxon/urn:lsid:ipni.org:names:59773-3","","Y","Accepted","Acacia browniana var. browniana","Acacia browniana","","182741","variety","https://powo.science.kew.org/taxon/urn:lsid:ipni.org:names:59773-3","","Fabaceae","1","1","wcvp","0",""
"1572","Acacia browniana var. obscura",1,"199320","Acacia browniana var. obscura",1,"variety","","",NA,"(A.DC.) Maslin","Fabaceae","Acacia","Acacia",1,"browniana","browniana",1,"","",NA,"var.","obscura",1,"","",NA,"","","https://powo.science.kew.org/taxon/urn:lsid:ipni.org:names:884518-1","","Y","Accepted","Acacia browniana var. obscura","Acacia browniana","(A.DC.) Maslin","199320","variety","https://powo.science.kew.org/taxon/urn:lsid:ipni.org:names:884518-1","","Fabaceae","1","1","wcvp","0",""
"1573","Acacia browniana var. endlicheri",1,"199322","Acacia browniana var. endlicheri",1,"variety","","",NA,"(Meisn.) Maslin","Fabaceae","Acacia","Acacia",1,"browniana","browniana",1,"","",NA,"var.","endlicheri",1,"","",NA,"","","https://powo.science.kew.org/taxon/urn:lsid:ipni.org:names:884515-1","","Y","Accepted","Acacia browniana var. endlicheri","Acacia browniana","(Meisn.) Maslin","199322","variety","https://powo.science.kew.org/taxon/urn:lsid:ipni.org:names:884515-1","","Fabaceae","1","1","wcvp","0",""
"1574","Acacia browniana var. intermedia",1,"199324","Acacia browniana var. intermedia",1,"variety","","",NA,"(E.Pritz.) Maslin","Fabaceae","Acacia","Acacia",1,"browniana","browniana",1,"","",NA,"var.","intermedia",1,"","",NA,"","","https://powo.science.kew.org/taxon/urn:lsid:ipni.org:names:884517-1","","Y","Accepted","Acacia browniana var. intermedia","Acacia browniana","(E.Pritz.) Maslin","199324","variety","https://powo.science.kew.org/taxon/urn:lsid:ipni.org:names:884517-1","","Fabaceae","1","1","wcvp","0",""
"1575","Acacia browniana var. glaucescens",1,"1369314","Acacia browniana var. glaucescens",1,"variety","","",NA,"Maslin","Fabaceae","Acacia","Acacia",1,"browniana","browniana",1,"","",NA,"var.","glaucescens",1,"","",NA,"","","https://powo.science.kew.org/taxon/urn:lsid:ipni.org:names:884516-1","","Y","Accepted","Acacia browniana var. glaucescens","Acacia browniana","Maslin","1369314","variety","https://powo.science.kew.org/taxon/urn:lsid:ipni.org:names:884516-1","","Fabaceae","1","1","wcvp","0",""
"1576","Acacia lateriticola",1,"1042934","Acacia lateriticola",1,"species","","",NA,"Maslin","Fabaceae","Acacia","Acacia",1,"lateriticola","lateriticola",1,"","",NA,"","",NA,"","",NA,"","","https://powo.science.kew.org/taxon/urn:lsid:ipni.org:names:470696-1","","Y","Accepted","Acacia lateriticola","Acacia lateriticola","Maslin","1042934","species","https://powo.science.kew.org/taxon/urn:lsid:ipni.org:names:470696-1","","Fabaceae","1","1","wcvp","0",""
"1577","Acacia grisea",1,"199330","Acacia grisea",1,"species","","",NA,"S.Moore","Fabaceae","Acacia","Acacia",1,"grisea","grisea",1,"","",NA,"","",NA,"","",NA,"","","https://powo.science.kew.org/taxon/urn:lsid:ipni.org:names:470462-1","","Y","Accepted","Acacia grisea","Acacia grisea","S.Moore","199330","species","https://powo.science.kew.org/taxon/urn:lsid:ipni.org:names:470462-1","","Fabaceae","1","1","wcvp","0",""
"1578","Acacia moirii",1,"199331","Acacia moirii",1,"species","","",NA,"E.Pritz.","Fabaceae","Acacia","Acacia",1,"moirii","moirii",1,"","",NA,"","",NA,"","",NA,"","","https://powo.science.kew.org/taxon/urn:lsid:ipni.org:names:470917-1","","Y","Accepted","Acacia moirii","Acacia moirii","E.Pritz.","199331","species","https://powo.science.kew.org/taxon/urn:lsid:ipni.org:names:470917-1","","Fabaceae","1","1","wcvp","0",""
"1579","Acacia moirii subsp. moirii",1,"183754","Acacia moirii subsp. moirii",1,"subspecies","","",NA,"","Fabaceae","Acacia","Acacia",1,"moirii","moirii",1,"","",NA,"subsp.","moirii",1,"","",NA,"","","https://powo.science.kew.org/taxon/urn:lsid:ipni.org:names:72725-3","","Y","Accepted","Acacia moirii subsp. moirii","Acacia moirii","","183754","subspecies","https://powo.science.kew.org/taxon/urn:lsid:ipni.org:names:72725-3","","Fabaceae","1","1","wcvp","0",""
"1580","Acacia moirii subsp. dasycarpa",1,"1368703","Acacia moirii subsp. dasycarpa",1,"subspecies","","",NA,"Maslin","Fabaceae","Acacia","Acacia",1,"moirii","moirii",1,"","",NA,"subsp.","dasycarpa",1,"","",NA,"","","https://powo.science.kew.org/taxon/urn:lsid:ipni.org:names:884547-1","","Y","Accepted","Acacia moirii subsp. dasycarpa","Acacia moirii","Maslin","1368703","subspecies","https://powo.science.kew.org/taxon/urn:lsid:ipni.org:names:884547-1","","Fabaceae","1","1","wcvp","0",""
"1581","Acacia moirii subsp. recurvistipula",1,"1368704","Acacia moirii subsp. recurvistipula",1,"subspecies","","",NA,"Maslin","Fabaceae","Acacia","Acacia",1,"moirii","moirii",1,"","",NA,"subsp.","recurvistipula",1,"","",NA,"","","https://powo.science.kew.org/taxon/urn:lsid:ipni.org:names:884548-1","","Y","Accepted","Acacia moirii subsp. recurvistipula","Acacia moirii","Maslin","1368704","subspecies","https://powo.science.kew.org/taxon/urn:lsid:ipni.org:names:884548-1","","Fabaceae","1","1","wcvp","0",""
"1582","Acacia newbeyi",1,"199333","Acacia newbeyi",1,"species","","",NA,"Maslin","Fabaceae","Acacia","Acacia",1,"newbeyi","newbeyi",1,"","",NA,"","",NA,"","",NA,"","","https://powo.science.kew.org/taxon/urn:lsid:ipni.org:names:470986-1","","Y","Accepted","Acacia newbeyi","Acacia newbeyi","Maslin","199333","species","https://powo.science.kew.org/taxon/urn:lsid:ipni.org:names:470986-1","","Fabaceae","1","1","wcvp","0",""
"1583","Acacia depressa",1,"199334","Acacia depressa",1,"species","","",NA,"Maslin","Fabaceae","Acacia","Acacia",1,"depressa","depressa",1,"","",NA,"","",NA,"","",NA,"","","https://powo.science.kew.org/taxon/urn:lsid:ipni.org:names:470159-1","","Y","Accepted","Acacia depressa","Acacia depressa","Maslin","199334","species","https://powo.science.kew.org/taxon/urn:lsid:ipni.org:names:470159-1","","Fabaceae","1","1","wcvp","0",""
"1584","Acacia amputata",1,"199336","Acacia amputata",1,"species","","",NA,"Maslin","Fabaceae","Acacia","Acacia",1,"amputata","amputata",1,"","",NA,"","",NA,"","",NA,"","","https://powo.science.kew.org/taxon/urn:lsid:ipni.org:names:1008324-1","","Y","Accepted","Acacia amputata","Acacia amputata","Maslin","199336","species","https://powo.science.kew.org/taxon/urn:lsid:ipni.org:names:1008324-1","","Fabaceae","1","1","wcvp","0",""
"1585","Acacia pulchella",1,"182702","Acacia pulchella",1,"species","","",NA,"R.Br.","Fabaceae","Acacia","Acacia",1,"pulchella","pulchella",1,"","",NA,"","",NA,"","",NA,"","","https://powo.science.kew.org/taxon/urn:lsid:ipni.org:names:471259-1","","Y","Accepted","Acacia pulchella","Acacia pulchella","R.Br.","182702","species","https://powo.science.kew.org/taxon/urn:lsid:ipni.org:names:471259-1","","Fabaceae","1","1","wcvp","0",""
"1586","Acacia pulchella var. pulchella",1,"183475","Acacia pulchella var. pulchella",1,"variety","","",NA,"","Fabaceae","Acacia","Acacia",1,"pulchella","pulchella",1,"","",NA,"var.","pulchella",1,"","",NA,"","","https://powo.science.kew.org/taxon/urn:lsid:ipni.org:names:77214022-1","","Y","Accepted","Acacia pulchella var. pulchella","Acacia pulchella","","183475","variety","https://powo.science.kew.org/taxon/urn:lsid:ipni.org:names:77214022-1","","Fabaceae","1","1","wcvp","0",""
"1587","Acacia pulchella var. reflexa",1,"1369325","Acacia pulchella var. reflexa",1,"variety","","",NA,"Maslin","Fabaceae","Acacia","Acacia",1,"pulchella","pulchella",1,"","",NA,"var.","reflexa",1,"","",NA,"","","https://powo.science.kew.org/taxon/urn:lsid:ipni.org:names:884555-1","","Y","Accepted","Acacia pulchella var. reflexa","Acacia pulchella","Maslin","1369325","variety","https://powo.science.kew.org/taxon/urn:lsid:ipni.org:names:884555-1","","Fabaceae","1","1","wcvp","0",""
"1588","Acacia pulchella var. glaberrima",1,"1047635","Acacia pulchella var. glaberrima",1,"variety","","",NA,"Meisn.","Fabaceae","Acacia","Acacia",1,"pulchella","pulchella",1,"","",NA,"var.","glaberrima",1,"","",NA,"","","https://powo.science.kew.org/taxon/urn:lsid:ipni.org:names:77550-3","","Y","Accepted","Acacia pulchella var. glaberrima","Acacia pulchella","Meisn.","1047635","variety","https://powo.science.kew.org/taxon/urn:lsid:ipni.org:names:77550-3","","Fabaceae","1","1","wcvp","0",""
"1589","Acacia pulchella var. goadbyi",1,"199352","Acacia pulchella var. goadbyi",1,"variety","","",NA,"(Domin) Maslin","Fabaceae","Acacia","Acacia",1,"pulchella","pulchella",1,"","",NA,"var.","goadbyi",1,"","",NA,"","","https://powo.science.kew.org/taxon/urn:lsid:ipni.org:names:884554-1","","Y","Accepted","Acacia pulchella var. goadbyi","Acacia pulchella","(Domin) Maslin","199352","variety","https://powo.science.kew.org/taxon/urn:lsid:ipni.org:names:884554-1","","Fabaceae","1","1","wcvp","0",""
"1590","Acacia megacephala",1,"182697","Acacia megacephala",1,"species","","",NA,"Maslin","Fabaceae","Acacia","Acacia",1,"megacephala","megacephala",1,"","",NA,"","",NA,"","",NA,"","","https://powo.science.kew.org/taxon/urn:lsid:ipni.org:names:470864-1","","Y","Accepted","Acacia megacephala","Acacia megacephala","Maslin","182697","species","https://powo.science.kew.org/taxon/urn:lsid:ipni.org:names:470864-1","","Fabaceae","1","1","wcvp","0",""
"1591","Acacia fagonioides",1,"1041065","Acacia fagonioides",1,"species","","",NA,"Benth.","Fabaceae","Acacia","Acacia",1,"fagonioides","fagonioides",1,"","",NA,"","",NA,"","",NA,"","","https://powo.science.kew.org/taxon/urn:lsid:ipni.org:names:470296-1","","Y","Accepted","Acacia fagonioides","Acacia fagonioides","Benth.","1041065","species","https://powo.science.kew.org/taxon/urn:lsid:ipni.org:names:470296-1","","Fabaceae","1","1","wcvp","0",""
"1592","Acacia epacantha",1,"199356","Acacia epacantha",1,"species","","",NA,"(Maslin) Maslin","Fabaceae","Acacia","Acacia",1,"epacantha","epacantha",1,"","",NA,"","",NA,"","",NA,"","","https://powo.science.kew.org/taxon/urn:lsid:ipni.org:names:470253-1","","Y","Accepted","Acacia epacantha","Acacia epacantha","(Maslin) Maslin","199356","species","https://powo.science.kew.org/taxon/urn:lsid:ipni.org:names:470253-1","","Fabaceae","1","1","wcvp","0",""
"1593","Acacia lasiocarpa",1,"199358","Acacia lasiocarpa",1,"species","","",NA,"Benth.","Fabaceae","Acacia","Acacia",1,"lasiocarpa","lasiocarpa",1,"","",NA,"","",NA,"","",NA,"","","https://powo.science.kew.org/taxon/urn:lsid:ipni.org:names:470692-1","","Y","Accepted","Acacia lasiocarpa","Acacia lasiocarpa","Benth.","199358","species","https://powo.science.kew.org/taxon/urn:lsid:ipni.org:names:470692-1","","Fabaceae","1","1","wcvp","0",""
"1594","Acacia lasiocarpa var. lasiocarpa",1,"199359","Acacia lasiocarpa var. lasiocarpa",1,"variety","","",NA,"","Fabaceae","Acacia","Acacia",1,"lasiocarpa","lasiocarpa",1,"","",NA,"var.","lasiocarpa",1,"","",NA,"","","https://powo.science.kew.org/taxon/urn:lsid:ipni.org:names:69277-3","","Y","Accepted","Acacia lasiocarpa var. lasiocarpa","Acacia lasiocarpa","","199359","variety","https://powo.science.kew.org/taxon/urn:lsid:ipni.org:names:69277-3","","Fabaceae","1","1","wcvp","0",""
"1595","Acacia lasiocarpa var. sedifolia",1,"1627081","Acacia lasiocarpa var. sedifolia",1,"variety","","",NA,"(Meisn.) Maslin","Fabaceae","Acacia","Acacia",1,"lasiocarpa","lasiocarpa",1,"","",NA,"var.","sedifolia",1,"","",NA,"","","https://powo.science.kew.org/taxon/urn:lsid:ipni.org:names:884537-1","","Y","Accepted","Acacia lasiocarpa var. sedifolia","Acacia lasiocarpa","(Meisn.) Maslin","1627081","variety","https://powo.science.kew.org/taxon/urn:lsid:ipni.org:names:884537-1","","Fabaceae","1","1","wcvp","0",""
"1596","Acacia lasiocarpa var. bracteolata",1,"1369320","Acacia lasiocarpa var. bracteolata",1,"variety","","",NA,"Maslin","Fabaceae","Acacia","Acacia",1,"lasiocarpa","lasiocarpa",1,"","",NA,"var.","bracteolata",1,"","",NA,"","","https://powo.science.kew.org/taxon/urn:lsid:ipni.org:names:884535-1","","Y","Accepted","Acacia lasiocarpa var. bracteolata","Acacia lasiocarpa","Maslin","1369320","variety","https://powo.science.kew.org/taxon/urn:lsid:ipni.org:names:884535-1","","Fabaceae","1","1","wcvp","0",""
"1597","Acacia guinetii",1,"1047974","Acacia guinetii",1,"species","","",NA,"Maslin","Fabaceae","Acacia","Acacia",1,"guinetii","guinetii",1,"","",NA,"","",NA,"","",NA,"","","https://powo.science.kew.org/taxon/urn:lsid:ipni.org:names:470473-1","","Y","Accepted","Acacia guinetii","Acacia guinetii","Maslin","1047974","species","https://powo.science.kew.org/taxon/urn:lsid:ipni.org:names:470473-1","","Fabaceae","1","1","wcvp","0",""
"1598","Acacia plicata",1,"199369","Acacia plicata",1,"species","","",NA,"Maslin","Fabaceae","Acacia","Acacia",1,"plicata","plicata",1,"","",NA,"","",NA,"","",NA,"","","https://powo.science.kew.org/taxon/urn:lsid:ipni.org:names:471171-1","","Y","Accepted","Acacia plicata","Acacia plicata","Maslin","199369","species","https://powo.science.kew.org/taxon/urn:lsid:ipni.org:names:471171-1","","Fabaceae","1","1","wcvp","0",""
"1599","Acacia drewiana",1,"199370","Acacia drewiana",1,"species","","",NA,"W.Fitzg","Fabaceae","Acacia","Acacia",1,"drewiana","drewiana",1,"","",NA,"","",NA,"","",NA,"","","https://powo.science.kew.org/taxon/urn:lsid:ipni.org:names:470214-1","","Y","Accepted","Acacia drewiana","Acacia drewiana","W.Fitzg","199370","species","https://powo.science.kew.org/taxon/urn:lsid:ipni.org:names:470214-1","","Fabaceae","1","1","wcvp","0",""
"1600","Acacia drewiana subsp. drewiana",1,"199371","Acacia drewiana subsp. drewiana",1,"subspecies","","",NA,"","Fabaceae","Acacia","Acacia",1,"drewiana","drewiana",1,"","",NA,"subsp.","drewiana",1,"","",NA,"","","https://powo.science.kew.org/taxon/urn:lsid:ipni.org:names:63952-3","","Y","Accepted","Acacia drewiana subsp. drewiana","Acacia drewiana","","199371","subspecies","https://powo.science.kew.org/taxon/urn:lsid:ipni.org:names:63952-3","","Fabaceae","1","1","wcvp","0",""
"1601","Acacia drewiana subsp. minor",1,"1368693","Acacia drewiana subsp. minor",1,"subspecies","","",NA,"Maslin","Fabaceae","Acacia","Acacia",1,"drewiana","drewiana",1,"","",NA,"subsp.","minor",1,"","",NA,"","","https://powo.science.kew.org/taxon/urn:lsid:ipni.org:names:884524-1","","Y","Accepted","Acacia drewiana subsp. minor","Acacia drewiana","Maslin","1368693","subspecies","https://powo.science.kew.org/taxon/urn:lsid:ipni.org:names:884524-1","","Fabaceae","1","1","wcvp","0",""
"1602","Acacia anarthros",1,"1428696","Acacia anarthros",1,"species","","",NA,"Maslin","Fabaceae","Acacia","Acacia",1,"anarthros","anarthros",1,"","",NA,"","",NA,"","",NA,"","","https://powo.science.kew.org/taxon/urn:lsid:ipni.org:names:469704-1","","Y","Accepted","Acacia anarthros","Acacia anarthros","Maslin","1428696","species","https://powo.science.kew.org/taxon/urn:lsid:ipni.org:names:469704-1","","Fabaceae","1","1","wcvp","0",""
"1603","Acacia preissiana",1,"199374","Acacia preissiana",1,"species","","",NA,"(Meisn.) Maslin","Fabaceae","Acacia","Acacia",1,"preissiana","preissiana",1,"","",NA,"","",NA,"","",NA,"","","https://powo.science.kew.org/taxon/urn:lsid:ipni.org:names:471203-1","","Y","Accepted","Acacia preissiana","Acacia preissiana","(Meisn.) Maslin","199374","species","https://powo.science.kew.org/taxon/urn:lsid:ipni.org:names:471203-1","","Fabaceae","1","1","wcvp","0",""
"1604","Acacia tayloriana",1,"199377","Acacia tayloriana",1,"species","","",NA,"F.Muell.","Fabaceae","Acacia","Acacia",1,"tayloriana","tayloriana",1,"","",NA,"","",NA,"","",NA,"","","https://powo.science.kew.org/taxon/urn:lsid:ipni.org:names:471624-1","","Y","Accepted","Acacia tayloriana","Acacia tayloriana","F.Muell.","199377","species","https://powo.science.kew.org/taxon/urn:lsid:ipni.org:names:471624-1","","Fabaceae","1","1","wcvp","0",""
"1605","Acacia drummondii",1,"199378","Acacia drummondii",1,"species","","",NA,"Lindl.","Fabaceae","Acacia","Acacia",1,"drummondii","drummondii",1,"","",NA,"","",NA,"","",NA,"","","https://powo.science.kew.org/taxon/urn:lsid:ipni.org:names:470215-1","","Y","Accepted","Acacia drummondii","Acacia drummondii","Lindl.","199378","species","https://powo.science.kew.org/taxon/urn:lsid:ipni.org:names:470215-1","","Fabaceae","1","1","wcvp","0",""
"1606","Acacia drummondii subsp. drummondii",1,"199381","Acacia drummondii subsp. drummondii",1,"subspecies","","",NA,"","Fabaceae","Acacia","Acacia",1,"drummondii","drummondii",1,"","",NA,"subsp.","drummondii",1,"","",NA,"","","https://powo.science.kew.org/taxon/urn:lsid:ipni.org:names:77214050-1","","Y","Accepted","Acacia drummondii subsp. drummondii","Acacia drummondii","","199381","subspecies","https://powo.science.kew.org/taxon/urn:lsid:ipni.org:names:77214050-1","","Fabaceae","1","1","wcvp","0",""
"1607","Acacia drummondii subsp. affinis",1,"183213","Acacia drummondii subsp. affinis",1,"subspecies","","",NA,"(Maslin) Maslin","Fabaceae","Acacia","Acacia",1,"drummondii","drummondii",1,"","",NA,"subsp.","affinis",1,"","",NA,"","","https://powo.science.kew.org/taxon/urn:lsid:ipni.org:names:884526-1","","Y","Accepted","Acacia drummondii subsp. affinis","Acacia drummondii","(Maslin) Maslin","183213","subspecies","https://powo.science.kew.org/taxon/urn:lsid:ipni.org:names:884526-1","","Fabaceae","1","1","wcvp","0",""
"1608","Acacia drummondii subsp. candolleana",1,"199382","Acacia drummondii subsp. candolleana",1,"subspecies","","",NA,"(Meisn.) Maslin","Fabaceae","Acacia","Acacia",1,"drummondii","drummondii",1,"","",NA,"subsp.","candolleana",1,"","",NA,"","","https://powo.science.kew.org/taxon/urn:lsid:ipni.org:names:884527-1","","Y","Accepted","Acacia drummondii subsp. candolleana","Acacia drummondii","(Meisn.) Maslin","199382","subspecies","https://powo.science.kew.org/taxon/urn:lsid:ipni.org:names:884527-1","","Fabaceae","1","1","wcvp","0",""
"1609","Acacia drummondii subsp. elegans",1,"182726","Acacia drummondii subsp. elegans",1,"subspecies","","",NA,"Maslin","Fabaceae","Acacia","Acacia",1,"drummondii","drummondii",1,"","",NA,"subsp.","elegans",1,"","",NA,"","","https://powo.science.kew.org/taxon/urn:lsid:ipni.org:names:884528-1","","Y","Accepted","Acacia drummondii subsp. elegans","Acacia drummondii","Maslin","182726","subspecies","https://powo.science.kew.org/taxon/urn:lsid:ipni.org:names:884528-1","","Fabaceae","1","1","wcvp","0",""
"1610","Acacia varia",1,"199388","Acacia varia",1,"species","","",NA,"Maslin","Fabaceae","Acacia","Acacia",1,"varia","varia",1,"","",NA,"","",NA,"","",NA,"","","https://powo.science.kew.org/taxon/urn:lsid:ipni.org:names:471731-1","","Y","Accepted","Acacia varia","Acacia varia","Maslin","199388","species","https://powo.science.kew.org/taxon/urn:lsid:ipni.org:names:471731-1","","Fabaceae","1","1","wcvp","0",""
"1611","Acacia varia var. varia",1,"199389","Acacia varia var. varia",1,"variety","","",NA,"","Fabaceae","Acacia","Acacia",1,"varia","varia",1,"","",NA,"var.","varia",1,"","",NA,"","","https://powo.science.kew.org/taxon/urn:lsid:ipni.org:names:82567-3","","Y","Accepted","Acacia varia var. varia","Acacia varia","","199389","variety","https://powo.science.kew.org/taxon/urn:lsid:ipni.org:names:82567-3","","Fabaceae","1","1","wcvp","0",""
"1612","Acacia varia var. crassinervis",1,"1369329","Acacia varia var. crassinervis",1,"variety","","",NA,"Maslin","Fabaceae","Acacia","Acacia",1,"varia","varia",1,"","",NA,"var.","crassinervis",1,"","",NA,"","","https://powo.science.kew.org/taxon/urn:lsid:ipni.org:names:884563-1","","Y","Accepted","Acacia varia var. crassinervis","Acacia varia","Maslin","1369329","variety","https://powo.science.kew.org/taxon/urn:lsid:ipni.org:names:884563-1","","Fabaceae","1","1","wcvp","0",""
"1613","Acacia varia var. parviflora",1,"199390","Acacia varia var. parviflora",1,"variety","","",NA,"(Benth.) Maslin","Fabaceae","Acacia","Acacia",1,"varia","varia",1,"","",NA,"var.","parviflora",1,"","",NA,"","","https://powo.science.kew.org/taxon/urn:lsid:ipni.org:names:884564-1","","Y","Accepted","Acacia varia var. parviflora","Acacia varia","(Benth.) Maslin","199390","variety","https://powo.science.kew.org/taxon/urn:lsid:ipni.org:names:884564-1","","Fabaceae","1","1","wcvp","0",""
"1614","Acacia luteola",1,"182694","Acacia luteola",1,"species","","",NA,"Maslin","Fabaceae","Acacia","Acacia",1,"luteola","luteola",1,"","",NA,"","",NA,"","",NA,"","","https://powo.science.kew.org/taxon/urn:lsid:ipni.org:names:470808-1","","Y","Accepted","Acacia luteola","Acacia luteola","Maslin","182694","species","https://powo.science.kew.org/taxon/urn:lsid:ipni.org:names:470808-1","","Fabaceae","1","1","wcvp","0",""
"1615","Acacia gilbertii",1,"1041069","Acacia gilbertii",1,"species","","",NA,"Meisn.","Fabaceae","Acacia","Acacia",1,"gilbertii","gilbertii",1,"","",NA,"","",NA,"","",NA,"","","https://powo.science.kew.org/taxon/urn:lsid:ipni.org:names:470395-1","","Y","Accepted","Acacia gilbertii","Acacia gilbertii","Meisn.","1041069","species","https://powo.science.kew.org/taxon/urn:lsid:ipni.org:names:470395-1","","Fabaceae","1","1","wcvp","0",""
"1616","Inga tomentosa",1,"163859","Inga tomentosa",1,"species","","",NA,"Benth.","Fabaceae","Inga","Inga",1,"tomentosa","tomentosa",1,"","",NA,"","",NA,"","",NA,"","","https://powo.science.kew.org/taxon/urn:lsid:ipni.org:names:128792-2","","Y","Accepted","Inga tomentosa","Inga tomentosa","Benth.","163859","species","https://powo.science.kew.org/taxon/urn:lsid:ipni.org:names:128792-2","","Fabaceae","1","1","wcvp","0",""
"1617","Inga pallida",1,"163791","Inga pallida",1,"species","","",NA,"Rusby","Fabaceae","Inga","Inga",1,"pallida","pallida",1,"","",NA,"","",NA,"","",NA,"","","https://powo.science.kew.org/taxon/urn:lsid:ipni.org:names:128653-2","","Y","Accepted","Inga pallida","Inga pallida","Rusby","163791","species","https://powo.science.kew.org/taxon/urn:lsid:ipni.org:names:128653-2","","Fabaceae","1","1","wcvp","0",""
"1618","Inga lineata",1,"163753","Inga lineata",1,"species","","",NA,"Benth.","Fabaceae","Inga","Inga",1,"lineata","lineata",1,"","",NA,"","",NA,"","",NA,"","","https://powo.science.kew.org/taxon/urn:lsid:ipni.org:names:128583-2","","Y","Accepted","Inga lineata","Inga lineata","Benth.","163753","species","https://powo.science.kew.org/taxon/urn:lsid:ipni.org:names:128583-2","","Fabaceae","1","1","wcvp","0",""
"1619","Inga coruscans",1,"163299","Inga coruscans",1,"species","","",NA,"Humb. & Bonpl. ex Willd.","Fabaceae","Inga","Inga",1,"coruscans","coruscans",1,"","",NA,"","",NA,"","",NA,"","","https://powo.science.kew.org/taxon/urn:lsid:ipni.org:names:128458-2","","Y","Accepted","Inga coruscans","Inga coruscans","Humb. & Bonpl. ex Willd.","163299","species","https://powo.science.kew.org/taxon/urn:lsid:ipni.org:names:128458-2","","Fabaceae","1","1","wcvp","0",""
"1620","Inga yacoana",1,"163878","Inga yacoana",1,"species","","",NA,"J.F.Macbr.","Fabaceae","Inga","Inga",1,"yacoana","yacoana",1,"","",NA,"","",NA,"","",NA,"","","https://powo.science.kew.org/taxon/urn:lsid:ipni.org:names:128830-2","","Y","Accepted","Inga yacoana","Inga yacoana","J.F.Macbr.","163878","species","https://powo.science.kew.org/taxon/urn:lsid:ipni.org:names:128830-2","","Fabaceae","1","1","wcvp","0",""
"1621","Inga laurina",1,"180979","Inga laurina",1,"species","","",NA,"(Sw.) Willd.","Fabaceae","Inga","Inga",1,"laurina","laurina",1,"","",NA,"","",NA,"","",NA,"","","https://powo.science.kew.org/taxon/urn:lsid:ipni.org:names:1199545-2","","Y","Accepted","Inga laurina","Inga laurina","(Sw.) Willd.","180979","species","https://powo.science.kew.org/taxon/urn:lsid:ipni.org:names:1199545-2","","Fabaceae","1","1","wcvp","0",""
"1622","Inga belizensis",1,"163257","Inga belizensis",1,"species","","",NA,"Standl.","Fabaceae","Inga","Inga",1,"belizensis","belizensis",1,"","",NA,"","",NA,"","",NA,"","","https://powo.science.kew.org/taxon/urn:lsid:ipni.org:names:128381-2","","Y","Accepted","Inga belizensis","Inga belizensis","Standl.","163257","species","https://powo.science.kew.org/taxon/urn:lsid:ipni.org:names:128381-2","","Fabaceae","1","1","wcvp","0",""
"1623","Inga lopadadenia",1,"163758","Inga lopadadenia",1,"species","","",NA,"Harms","Fabaceae","Inga","Inga",1,"lopadadenia","lopadadenia",1,"","",NA,"","",NA,"","",NA,"","","https://powo.science.kew.org/taxon/urn:lsid:ipni.org:names:128591-2","","Y","Accepted","Inga lopadadenia","Inga lopadadenia","Harms","163758","species","https://powo.science.kew.org/taxon/urn:lsid:ipni.org:names:128591-2","","Fabaceae","1","1","wcvp","0",""
"1624","Inga coragypsea",1,"163297","Inga coragypsea",1,"species","","",NA,"L.Uribe","Fabaceae","Inga","Inga",1,"coragypsea","coragypsea",1,"","",NA,"","",NA,"","",NA,"","","https://powo.science.kew.org/taxon/urn:lsid:ipni.org:names:128455-2","","Y","Accepted","Inga coragypsea","Inga coragypsea","L.Uribe","163297","species","https://powo.science.kew.org/taxon/urn:lsid:ipni.org:names:128455-2","","Fabaceae","1","1","wcvp","0",""
"1625","Inga longispica",1,"163757","Inga longispica",1,"species","","",NA,"Standl.","Fabaceae","Inga","Inga",1,"longispica","longispica",1,"","",NA,"","",NA,"","",NA,"","","https://powo.science.kew.org/taxon/urn:lsid:ipni.org:names:128590-2","","Y","Accepted","Inga longispica","Inga longispica","Standl.","163757","species","https://powo.science.kew.org/taxon/urn:lsid:ipni.org:names:128590-2","","Fabaceae","1","1","wcvp","0",""
"1626","Inga cylindrica",1,"171463","Inga cylindrica",1,"species","","",NA,"(Vell.) Mart.","Fabaceae","Inga","Inga",1,"cylindrica","cylindrica",1,"","",NA,"","",NA,"","",NA,"","","https://powo.science.kew.org/taxon/urn:lsid:ipni.org:names:1090709-2","","Y","Accepted","Inga cylindrica","Inga cylindrica","(Vell.) Mart.","171463","species","https://powo.science.kew.org/taxon/urn:lsid:ipni.org:names:1090709-2","","Fabaceae","1","1","wcvp","0",""
"1627","Inga interfluminensis",1,"1037779","Inga interfluminensis",1,"species","","",NA,"L.Uribe","Fabaceae","Inga","Inga",1,"interfluminensis","interfluminensis",1,"","",NA,"","",NA,"","",NA,"","","https://powo.science.kew.org/taxon/urn:lsid:ipni.org:names:128551-2","","Y","Accepted","Inga interfluminensis","Inga interfluminensis","L.Uribe","1037779","species","https://powo.science.kew.org/taxon/urn:lsid:ipni.org:names:128551-2","","Fabaceae","1","1","wcvp","0",""
"1628","Inga marginata",1,"180980","Inga marginata",1,"species","","",NA,"Willd.","Fabaceae","Inga","Inga",1,"marginata","marginata",1,"","",NA,"","",NA,"","",NA,"","","https://powo.science.kew.org/taxon/urn:lsid:ipni.org:names:128599-2","","Y","Accepted","Inga marginata","Inga marginata","Willd.","180980","species","https://powo.science.kew.org/taxon/urn:lsid:ipni.org:names:128599-2","","Fabaceae","1","1","wcvp","0",""
"1629","Inga dominicensis",1,"163310","Inga dominicensis",1,"species","","",NA,"Benth.","Fabaceae","Inga","Inga",1,"dominicensis","dominicensis",1,"","",NA,"","",NA,"","",NA,"","","https://powo.science.kew.org/taxon/urn:lsid:ipni.org:names:128471-2","","Y","Accepted","Inga dominicensis","Inga dominicensis","Benth.","163310","species","https://powo.science.kew.org/taxon/urn:lsid:ipni.org:names:128471-2","","Fabaceae","1","1","wcvp","0",""
"1630","Inga microcoma",1,"181276","Inga microcoma",1,"species","","",NA,"Harms","Fabaceae","Inga","Inga",1,"microcoma","microcoma",1,"","",NA,"","",NA,"","",NA,"","","https://powo.science.kew.org/taxon/urn:lsid:ipni.org:names:128615-2","","Y","Accepted","Inga microcoma","Inga microcoma","Harms","181276","species","https://powo.science.kew.org/taxon/urn:lsid:ipni.org:names:128615-2","","Fabaceae","1","1","wcvp","0",""
"1631","Inga salicifoliola",0.97265030347668,"1220774","Inga salicifolia",0.97265030347668,"species","","",NA,"T.D.Penn.","Fabaceae","Inga","Inga",1,"salicifoliola","salicifolia",0.84615384615385,"","",NA,"","",NA,"","",NA,"","","https://powo.science.kew.org/taxon/urn:lsid:ipni.org:names:313733-2","","","Accepted","Inga salicifolia","Inga salicifolia","T.D.Penn.","1220774","species","https://powo.science.kew.org/taxon/urn:lsid:ipni.org:names:313733-2","","Fabaceae","1","1","wcvp","0",""
"1632","Inga cordatoalata",1,"163298","Inga cordatoalata",1,"species","","",NA,"Ducke","Fabaceae","Inga","Inga",1,"cordatoalata","cordatoalata",1,"","",NA,"","",NA,"","",NA,"","","https://powo.science.kew.org/taxon/urn:lsid:ipni.org:names:128456-2","","Y","Accepted","Inga cordatoalata","Inga cordatoalata","Ducke","163298","species","https://powo.science.kew.org/taxon/urn:lsid:ipni.org:names:128456-2","","Fabaceae","1","1","wcvp","0",""
"1633","Inga martinicensis",1,"180967","Inga martinicensis",1,"species","","",NA,"C.Presl","Fabaceae","Inga","Inga",1,"martinicensis","martinicensis",1,"","",NA,"","",NA,"","",NA,"","","https://powo.science.kew.org/taxon/urn:lsid:ipni.org:names:128602-2","","Y","Accepted","Inga martinicensis","Inga martinicensis","C.Presl","180967","species","https://powo.science.kew.org/taxon/urn:lsid:ipni.org:names:128602-2","","Fabaceae","1","1","wcvp","0",""
"1634","Inga mendoncaei",1,"163768","Inga mendoncaei",1,"species","","",NA,"Harms","Fabaceae","Inga","Inga",1,"mendoncaei","mendoncaei",1,"","",NA,"","",NA,"","",NA,"","","https://powo.science.kew.org/taxon/urn:lsid:ipni.org:names:128610-2","","Y","Accepted","Inga mendoncaei","Inga mendoncaei","Harms","163768","species","https://powo.science.kew.org/taxon/urn:lsid:ipni.org:names:128610-2","","Fabaceae","1","1","wcvp","0",""
"1635","Inga brachyrhachis",1,"163266","Inga brachyrhachis",1,"species","","",NA,"Harms","Fabaceae","Inga","Inga",1,"brachyrhachis","brachyrhachis",1,"","",NA,"","",NA,"","",NA,"","","https://powo.science.kew.org/taxon/urn:lsid:ipni.org:names:128393-2","","Y","Accepted","Inga brachyrhachis","Inga brachyrhachis","Harms","163266","species","https://powo.science.kew.org/taxon/urn:lsid:ipni.org:names:128393-2","","Fabaceae","1","1","wcvp","0",""
"1636","Inga leptingoides",1,"163751","Inga leptingoides",1,"species","","",NA,"Amshoff","Fabaceae","Inga","Inga",1,"leptingoides","leptingoides",1,"","",NA,"","",NA,"","",NA,"","","https://powo.science.kew.org/taxon/urn:lsid:ipni.org:names:128579-2","","Y","Accepted","Inga leptingoides","Inga leptingoides","Amshoff","163751","species","https://powo.science.kew.org/taxon/urn:lsid:ipni.org:names:128579-2","","Fabaceae","1","1","wcvp","0",""
"1637","Inga alba",1,"171460","Inga alba",1,"species","","",NA,"(Sw.) Willd.","Fabaceae","Inga","Inga",1,"alba","alba",1,"","",NA,"","",NA,"","",NA,"","","https://powo.science.kew.org/taxon/urn:lsid:ipni.org:names:1129244-2","","Y","Accepted","Inga alba","Inga alba","(Sw.) Willd.","171460","species","https://powo.science.kew.org/taxon/urn:lsid:ipni.org:names:1129244-2","","Fabaceae","1","1","wcvp","0",""
"1638","Inga auristellae",1,"163250","Inga auristellae",1,"species","","",NA,"Harms","Fabaceae","Inga","Inga",1,"auristellae","auristellae",1,"","",NA,"","",NA,"","",NA,"","","https://powo.science.kew.org/taxon/urn:lsid:ipni.org:names:128375-2","","Y","Accepted","Inga auristellae","Inga auristellae","Harms","163250","species","https://powo.science.kew.org/taxon/urn:lsid:ipni.org:names:128375-2","","Fabaceae","1","1","wcvp","0",""
"1639","Inga bourgonii",0.98210117101673,"723904","Inga bourgoni",0.98210117101673,"species","","",NA,"(Aubl.) DC.","Fabaceae","Inga","Inga",1,"bourgonii","bourgoni",0.88888888888889,"","",NA,"","",NA,"","",NA,"","","https://powo.science.kew.org/taxon/urn:lsid:ipni.org:names:500286-1","","Y","Accepted","Inga bourgoni","Inga bourgoni","(Aubl.) DC.","723904","species","https://powo.science.kew.org/taxon/urn:lsid:ipni.org:names:500286-1","","Fabaceae","1","1","wcvp","0",""
"1640","Inga microcalyx",1,"163772","Inga microcalyx",1,"species","","",NA,"Spruce ex Benth.","Fabaceae","Inga","Inga",1,"microcalyx","microcalyx",1,"","",NA,"","",NA,"","",NA,"","","https://powo.science.kew.org/taxon/urn:lsid:ipni.org:names:128614-2","","Y","Accepted","Inga microcalyx","Inga microcalyx","Spruce ex Benth.","163772","species","https://powo.science.kew.org/taxon/urn:lsid:ipni.org:names:128614-2","","Fabaceae","1","1","wcvp","0",""
"1641","Inga alata",1,"163242","Inga alata",1,"species","","",NA,"Benoist","Fabaceae","Inga","Inga",1,"alata","alata",1,"","",NA,"","",NA,"","",NA,"","","https://powo.science.kew.org/taxon/urn:lsid:ipni.org:names:128360-2","","Y","Accepted","Inga alata","Inga alata","Benoist","163242","species","https://powo.science.kew.org/taxon/urn:lsid:ipni.org:names:128360-2","","Fabaceae","1","1","wcvp","0",""
"1642","Inga pezizifera",1,"163797","Inga pezizifera",1,"species","","",NA,"Benth.","Fabaceae","Inga","Inga",1,"pezizifera","pezizifera",1,"","",NA,"","",NA,"","",NA,"","","https://powo.science.kew.org/taxon/urn:lsid:ipni.org:names:128673-2","","Y","Accepted","Inga pezizifera","Inga pezizifera","Benth.","163797","species","https://powo.science.kew.org/taxon/urn:lsid:ipni.org:names:128673-2","","Fabaceae","1","1","wcvp","0",""
"1643","Inga duckei",1,"163312","Inga duckei",1,"species","","",NA,"Huber","Fabaceae","Inga","Inga",1,"duckei","duckei",1,"","",NA,"","",NA,"","",NA,"","","https://powo.science.kew.org/taxon/urn:lsid:ipni.org:names:128474-2","","Y","Accepted","Inga duckei","Inga duckei","Huber","163312","species","https://powo.science.kew.org/taxon/urn:lsid:ipni.org:names:128474-2","","Fabaceae","1","1","wcvp","0",""
"1644","Inga samanensis",1,"1038292","Inga samanensis",1,"species","","",NA,"L.Uribe","Fabaceae","Inga","Inga",1,"samanensis","samanensis",1,"","",NA,"","",NA,"","",NA,"","","https://powo.science.kew.org/taxon/urn:lsid:ipni.org:names:128728-2","","Y","Accepted","Inga samanensis","Inga samanensis","L.Uribe","1038292","species","https://powo.science.kew.org/taxon/urn:lsid:ipni.org:names:128728-2","","Fabaceae","1","1","wcvp","0",""
"1645","Inga ulei",1,"163862","Inga ulei",1,"species","","",NA,"Harms","Fabaceae","Inga","Inga",1,"ulei","ulei",1,"","",NA,"","",NA,"","",NA,"","","https://powo.science.kew.org/taxon/urn:lsid:ipni.org:names:128800-2","","Y","Accepted","Inga ulei","Inga ulei","Harms","163862","species","https://powo.science.kew.org/taxon/urn:lsid:ipni.org:names:128800-2","","Fabaceae","1","1","wcvp","0",""
"1646","Inga flagelliformis",1,"171467","Inga flagelliformis",1,"species","","",NA,"(Vell.) Mart.","Fabaceae","Inga","Inga",1,"flagelliformis","flagelliformis",1,"","",NA,"","",NA,"","",NA,"","","https://powo.science.kew.org/taxon/urn:lsid:ipni.org:names:500442-1","","Y","Accepted","Inga flagelliformis","Inga flagelliformis","(Vell.) Mart.","171467","species","https://powo.science.kew.org/taxon/urn:lsid:ipni.org:names:500442-1","","Fabaceae","1","1","wcvp","0",""
"1647","Inga sertulifera",1,"171477","Inga sertulifera",1,"species","","",NA,"DC.","Fabaceae","Inga","Inga",1,"sertulifera","sertulifera",1,"","",NA,"","",NA,"","",NA,"","","https://powo.science.kew.org/taxon/urn:lsid:ipni.org:names:500808-1","","Y","Accepted","Inga sertulifera","Inga sertulifera","DC.","171477","species","https://powo.science.kew.org/taxon/urn:lsid:ipni.org:names:500808-1","","Fabaceae","1","1","wcvp","0",""
"1648","Inga sertulifera subsp. sertulifera",1,"205759","Inga sertulifera subsp. sertulifera",1,"subspecies","","",NA,"","Fabaceae","Inga","Inga",1,"sertulifera","sertulifera",1,"","",NA,"subsp.","sertulifera",1,"","",NA,"","","https://powo.science.kew.org/taxon/urn:lsid:ipni.org:names:77172987-1","","Y","Accepted","Inga sertulifera subsp. sertulifera","Inga sertulifera","","205759","subspecies","https://powo.science.kew.org/taxon/urn:lsid:ipni.org:names:77172987-1","","Fabaceae","1","1","wcvp","0",""
"1649","Inga sertulifera subsp. leptopus",1,"205760","Inga sertulifera subsp. leptopus",1,"subspecies","","",NA,"(Benth.) T.D.Penn.","Fabaceae","Inga","Inga",1,"sertulifera","sertulifera",1,"","",NA,"subsp.","leptopus",1,"","",NA,"","","https://powo.science.kew.org/taxon/urn:lsid:ipni.org:names:994640-1","","Y","Accepted","Inga sertulifera subsp. leptopus","Inga sertulifera","(Benth.) T.D.Penn.","205760","subspecies","https://powo.science.kew.org/taxon/urn:lsid:ipni.org:names:994640-1","","Fabaceae","1","1","wcvp","0",""
"1650","Inga paraensis",1,"163793","Inga paraensis",1,"species","","",NA,"Ducke","Fabaceae","Inga","Inga",1,"paraensis","paraensis",1,"","",NA,"","",NA,"","",NA,"","","https://powo.science.kew.org/taxon/urn:lsid:ipni.org:names:128661-2","","Y","Accepted","Inga paraensis","Inga paraensis","Ducke","163793","species","https://powo.science.kew.org/taxon/urn:lsid:ipni.org:names:128661-2","","Fabaceae","1","1","wcvp","0",""
"1651","Inga xinguensis",1,"163877","Inga xinguensis",1,"species","","",NA,"Ducke","Fabaceae","Inga","Inga",1,"xinguensis","xinguensis",1,"","",NA,"","",NA,"","",NA,"","","https://powo.science.kew.org/taxon/urn:lsid:ipni.org:names:128829-2","","Y","Accepted","Inga xinguensis","Inga xinguensis","Ducke","163877","species","https://powo.science.kew.org/taxon/urn:lsid:ipni.org:names:128829-2","","Fabaceae","1","1","wcvp","0",""
"1652","Inga jefensis",1,"177544","Inga jefensis",1,"species","","",NA,"Liesner & D'Arcy","Fabaceae","Inga","Inga",1,"jefensis","jefensis",1,"","",NA,"","",NA,"","",NA,"","","https://powo.science.kew.org/taxon/urn:lsid:ipni.org:names:278809-2","","Y","Accepted","Inga jefensis","Inga jefensis","Liesner & D'Arcy","177544","species","https://powo.science.kew.org/taxon/urn:lsid:ipni.org:names:278809-2","","Fabaceae","1","1","wcvp","0",""
"1653","Inga porcata",1,"205761","Inga porcata",1,"species","","",NA,"T.D.Penn.","Fabaceae","Inga","Inga",1,"porcata","porcata",1,"","",NA,"","",NA,"","",NA,"","","https://powo.science.kew.org/taxon/urn:lsid:ipni.org:names:313735-2","","Y","Accepted","Inga porcata","Inga porcata","T.D.Penn.","205761","species","https://powo.science.kew.org/taxon/urn:lsid:ipni.org:names:313735-2","","Fabaceae","1","1","wcvp","0",""
"1654","Inga exfoliata",1,"205764","Inga exfoliata",1,"species","","",NA,"T.D.Penn. & F.C.P.García","Fabaceae","Inga","Inga",1,"exfoliata","exfoliata",1,"","",NA,"","",NA,"","",NA,"","","https://powo.science.kew.org/taxon/urn:lsid:ipni.org:names:313736-2","","Y","Accepted","Inga exfoliata","Inga exfoliata","T.D.Penn. & F.C.P.García","205764","species","https://powo.science.kew.org/taxon/urn:lsid:ipni.org:names:313736-2","","Fabaceae","1","1","wcvp","0",""
"1655","Inga lateriflora",1,"163743","Inga lateriflora",1,"species","","",NA,"Miq.","Fabaceae","Inga","Inga",1,"lateriflora","lateriflora",1,"","",NA,"","",NA,"","",NA,"","","https://powo.science.kew.org/taxon/urn:lsid:ipni.org:names:128568-2","","Y","Accepted","Inga lateriflora","Inga lateriflora","Miq.","163743","species","https://powo.science.kew.org/taxon/urn:lsid:ipni.org:names:128568-2","","Fabaceae","1","1","wcvp","0",""
"1656","Inga heterophylla",1,"163336","Inga heterophylla",1,"species","","",NA,"Willd.","Fabaceae","Inga","Inga",1,"heterophylla","heterophylla",1,"","",NA,"","",NA,"","",NA,"","","https://powo.science.kew.org/taxon/urn:lsid:ipni.org:names:128535-2","","Y","Accepted","Inga heterophylla","Inga heterophylla","Willd.","163336","species","https://powo.science.kew.org/taxon/urn:lsid:ipni.org:names:128535-2","","Fabaceae","1","1","wcvp","0",""
"1657","Inga virgultosa",1,"163872","Inga virgultosa",1,"species","","",NA,"Desv.","Fabaceae","Inga","Inga",1,"virgultosa","virgultosa",1,"","",NA,"","",NA,"","",NA,"","","https://powo.science.kew.org/taxon/urn:lsid:ipni.org:names:128822-2","","Y","Accepted","Inga virgultosa","Inga virgultosa","Desv.","163872","species","https://powo.science.kew.org/taxon/urn:lsid:ipni.org:names:128822-2","","Fabaceae","1","1","wcvp","0",""
"1658","Inga sellowiana",1,"163828","Inga sellowiana",1,"species","","",NA,"Benth.","Fabaceae","Inga","Inga",1,"sellowiana","sellowiana",1,"","",NA,"","",NA,"","",NA,"","","https://powo.science.kew.org/taxon/urn:lsid:ipni.org:names:128740-2","","Y","Accepted","Inga sellowiana","Inga sellowiana","Benth.","163828","species","https://powo.science.kew.org/taxon/urn:lsid:ipni.org:names:128740-2","","Fabaceae","1","1","wcvp","0",""
"1659","Inga panurensis",1,"163792","Inga panurensis",1,"species","","",NA,"Spruce ex Benth.","Fabaceae","Inga","Inga",1,"panurensis","panurensis",1,"","",NA,"","",NA,"","",NA,"","","https://powo.science.kew.org/taxon/urn:lsid:ipni.org:names:128660-2","","Y","Accepted","Inga panurensis","Inga panurensis","Spruce ex Benth.","163792","species","https://powo.science.kew.org/taxon/urn:lsid:ipni.org:names:128660-2","","Fabaceae","1","1","wcvp","0",""
"1660","Inga acicularis",1,"205762","Inga acicularis",1,"species","","",NA,"T.D.Penn.","Fabaceae","Inga","Inga",1,"acicularis","acicularis",1,"","",NA,"","",NA,"","",NA,"","","https://powo.science.kew.org/taxon/urn:lsid:ipni.org:names:313738-2","","Y","Accepted","Inga acicularis","Inga acicularis","T.D.Penn.","205762","species","https://powo.science.kew.org/taxon/urn:lsid:ipni.org:names:313738-2","","Fabaceae","1","1","wcvp","0",""
"1661","Inga augusti",1,"723898","Inga augusti",1,"species","","",NA,"Harms","Fabaceae","Inga","Inga",1,"augusti","augusti",1,"","",NA,"","",NA,"","",NA,"","","https://powo.science.kew.org/taxon/urn:lsid:ipni.org:names:128374-2","","Y","Accepted","Inga augusti","Inga augusti","Harms","723898","species","https://powo.science.kew.org/taxon/urn:lsid:ipni.org:names:128374-2","","Fabaceae","1","1","wcvp","0",""
"1662","Inga goniocalyx",1,"163327","Inga goniocalyx",1,"species","","",NA,"Britton & Killip","Fabaceae","Inga","Inga",1,"goniocalyx","goniocalyx",1,"","",NA,"","",NA,"","",NA,"","","https://powo.science.kew.org/taxon/urn:lsid:ipni.org:names:128517-2","","Y","Accepted","Inga goniocalyx","Inga goniocalyx","Britton & Killip","163327","species","https://powo.science.kew.org/taxon/urn:lsid:ipni.org:names:128517-2","","Fabaceae","1","1","wcvp","0",""
"1663","Inga umbellifera",1,"1575353","Inga umbellifera",1,"species","","",NA,"(Vahl) Steud.","Fabaceae","Inga","Inga",1,"umbellifera","umbellifera",1,"","",NA,"","",NA,"","",NA,"","","https://powo.science.kew.org/taxon/urn:lsid:ipni.org:names:1035636-2","","Y","Accepted","Inga umbellifera","Inga umbellifera","(Vahl) Steud.","1575353","species","https://powo.science.kew.org/taxon/urn:lsid:ipni.org:names:1035636-2","","Fabaceae","1","1","wcvp","0",""
"1664","Inga nubium",1,"205772","Inga nubium",1,"species","","",NA,"Poncy","Fabaceae","Inga","Inga",1,"nubium","nubium",1,"","",NA,"","",NA,"","",NA,"","","https://powo.science.kew.org/taxon/urn:lsid:ipni.org:names:302692-2","","Y","Accepted","Inga nubium","Inga nubium","Poncy","205772","species","https://powo.science.kew.org/taxon/urn:lsid:ipni.org:names:302692-2","","Fabaceae","1","1","wcvp","0",""
"1665","Inga polita",1,"163804","Inga polita",1,"species","","",NA,"Killip","Fabaceae","Inga","Inga",1,"polita","polita",1,"","",NA,"","",NA,"","",NA,"","","https://powo.science.kew.org/taxon/urn:lsid:ipni.org:names:500709-1","","Y","Accepted","Inga polita","Inga polita","Killip","163804","species","https://powo.science.kew.org/taxon/urn:lsid:ipni.org:names:500709-1","","Fabaceae","1","1","wcvp","0",""
"1666","Inga brevipes",1,"163273","Inga brevipes",1,"species","","",NA,"Benth.","Fabaceae","Inga","Inga",1,"brevipes","brevipes",1,"","",NA,"","",NA,"","",NA,"","","https://powo.science.kew.org/taxon/urn:lsid:ipni.org:names:128399-2","","Y","Accepted","Inga brevipes","Inga brevipes","Benth.","163273","species","https://powo.science.kew.org/taxon/urn:lsid:ipni.org:names:128399-2","","Fabaceae","1","1","wcvp","0",""
"1667","Inga cynometrifolia",1,"163303","Inga cynometrifolia",1,"species","","",NA,"Harms","Fabaceae","Inga","Inga",1,"cynometrifolia","cynometrifolia",1,"","",NA,"","",NA,"","",NA,"","","https://powo.science.kew.org/taxon/urn:lsid:ipni.org:names:128463-2","","Y","Accepted","Inga cynometrifolia","Inga cynometrifolia","Harms","163303","species","https://powo.science.kew.org/taxon/urn:lsid:ipni.org:names:128463-2","","Fabaceae","1","1","wcvp","0",""
"1668","Inga tocacheana",1,"175900","Inga tocacheana",1,"species","","",NA,"D.R.Simpson","Fabaceae","Inga","Inga",1,"tocacheana","tocacheana",1,"","",NA,"","",NA,"","",NA,"","","https://powo.science.kew.org/taxon/urn:lsid:ipni.org:names:128791-2","","Y","Accepted","Inga tocacheana","Inga tocacheana","D.R.Simpson","175900","species","https://powo.science.kew.org/taxon/urn:lsid:ipni.org:names:128791-2","","Fabaceae","1","1","wcvp","0",""
"1669","Inga tenuis",1,"1040774","Inga tenuis",1,"species","","",NA,"(Vell.) Mart.","Fabaceae","Inga","Inga",1,"tenuis","tenuis",1,"","",NA,"","",NA,"","",NA,"","","https://powo.science.kew.org/taxon/urn:lsid:ipni.org:names:1203375-2","","Y","Accepted","Inga tenuis","Inga tenuis","(Vell.) Mart.","1040774","species","https://powo.science.kew.org/taxon/urn:lsid:ipni.org:names:1203375-2","","Fabaceae","1","1","wcvp","0",""
"1670","Inga gracilifolia",1,"163330","Inga gracilifolia",1,"species","","",NA,"Ducke","Fabaceae","Inga","Inga",1,"gracilifolia","gracilifolia",1,"","",NA,"","",NA,"","",NA,"","","https://powo.science.kew.org/taxon/urn:lsid:ipni.org:names:128520-2","","Y","Accepted","Inga gracilifolia","Inga gracilifolia","Ducke","163330","species","https://powo.science.kew.org/taxon/urn:lsid:ipni.org:names:128520-2","","Fabaceae","1","1","wcvp","0",""
"1671","Inga yasuniana",1,"205738","Inga yasuniana",1,"species","","",NA,"T.D.Penn.","Fabaceae","Inga","Inga",1,"yasuniana","yasuniana",1,"","",NA,"","",NA,"","",NA,"","","https://powo.science.kew.org/taxon/urn:lsid:ipni.org:names:313740-2","","Y","Accepted","Inga yasuniana","Inga yasuniana","T.D.Penn.","205738","species","https://powo.science.kew.org/taxon/urn:lsid:ipni.org:names:313740-2","","Fabaceae","1","1","wcvp","0",""
"1672","Inga bicoloriflora",1,"163258","Inga bicoloriflora",1,"species","","",NA,"Ducke","Fabaceae","Inga","Inga",1,"bicoloriflora","bicoloriflora",1,"","",NA,"","",NA,"","",NA,"","","https://powo.science.kew.org/taxon/urn:lsid:ipni.org:names:128382-2","","Y","Accepted","Inga bicoloriflora","Inga bicoloriflora","Ducke","163258","species","https://powo.science.kew.org/taxon/urn:lsid:ipni.org:names:128382-2","","Fabaceae","1","1","wcvp","0",""
"1673","Inga filiformis",1,"205773","Inga filiformis",1,"species","","",NA,"N.Zamora","Fabaceae","Inga","Inga",1,"filiformis","filiformis",1,"","",NA,"","",NA,"","",NA,"","","https://powo.science.kew.org/taxon/urn:lsid:ipni.org:names:278805-2","","Y","Accepted","Inga filiformis","Inga filiformis","N.Zamora","205773","species","https://powo.science.kew.org/taxon/urn:lsid:ipni.org:names:278805-2","","Fabaceae","1","1","wcvp","0",""
"1674","Inga unica",1,"205771","Inga unica",1,"species","","",NA,"Barneby & J.W.Grimes","Fabaceae","Inga","Inga",1,"unica","unica",1,"","",NA,"","",NA,"","",NA,"","","https://powo.science.kew.org/taxon/urn:lsid:ipni.org:names:301597-2","","Y","Accepted","Inga unica","Inga unica","Barneby & J.W.Grimes","205771","species","https://powo.science.kew.org/taxon/urn:lsid:ipni.org:names:301597-2","","Fabaceae","1","1","wcvp","0",""
"1675","Inga enterolobioides",1,"205766","Inga enterolobioides",1,"species","","",NA,"T.D.Penn.","Fabaceae","Inga","Inga",1,"enterolobioides","enterolobioides",1,"","",NA,"","",NA,"","",NA,"","","https://powo.science.kew.org/taxon/urn:lsid:ipni.org:names:313741-2","","Y","Accepted","Inga enterolobioides","Inga enterolobioides","T.D.Penn.","205766","species","https://powo.science.kew.org/taxon/urn:lsid:ipni.org:names:313741-2","","Fabaceae","1","1","wcvp","0",""
"1676","Inga arenicola",1,"205767","Inga arenicola",1,"species","","",NA,"T.D.Penn.","Fabaceae","Inga","Inga",1,"arenicola","arenicola",1,"","",NA,"","",NA,"","",NA,"","","https://powo.science.kew.org/taxon/urn:lsid:ipni.org:names:313742-2","","Y","Accepted","Inga arenicola","Inga arenicola","T.D.Penn.","205767","species","https://powo.science.kew.org/taxon/urn:lsid:ipni.org:names:313742-2","","Fabaceae","1","1","wcvp","0",""
"1677","Inga graciliflora",1,"163329","Inga graciliflora",1,"species","","",NA,"Benth.","Fabaceae","Inga","Inga",1,"graciliflora","graciliflora",1,"","",NA,"","",NA,"","",NA,"","","https://powo.science.kew.org/taxon/urn:lsid:ipni.org:names:128518-2","","Y","Accepted","Inga graciliflora","Inga graciliflora","Benth.","163329","species","https://powo.science.kew.org/taxon/urn:lsid:ipni.org:names:128518-2","","Fabaceae","1","1","wcvp","0",""
"1678","Inga obidensis",1,"163782","Inga obidensis",1,"species","","",NA,"Ducke","Fabaceae","Inga","Inga",1,"obidensis","obidensis",1,"","",NA,"","",NA,"","",NA,"","","https://powo.science.kew.org/taxon/urn:lsid:ipni.org:names:128639-2","","Y","Accepted","Inga obidensis","Inga obidensis","Ducke","163782","species","https://powo.science.kew.org/taxon/urn:lsid:ipni.org:names:128639-2","","Fabaceae","1","1","wcvp","0",""
"1679","Inga bullatorugosa",1,"163276","Inga bullatorugosa",1,"species","","",NA,"Ducke","Fabaceae","Inga","Inga",1,"bullatorugosa","bullatorugosa",1,"","",NA,"","",NA,"","",NA,"","","https://powo.science.kew.org/taxon/urn:lsid:ipni.org:names:128404-2","","Y","Accepted","Inga bullatorugosa","Inga bullatorugosa","Ducke","163276","species","https://powo.science.kew.org/taxon/urn:lsid:ipni.org:names:128404-2","","Fabaceae","1","1","wcvp","0",""
"1680","Inga umbratica",1,"1038304","Inga umbratica",1,"species","","",NA,"Poepp.","Fabaceae","Inga","Inga",1,"umbratica","umbratica",1,"","",NA,"","",NA,"","",NA,"","","https://powo.science.kew.org/taxon/urn:lsid:ipni.org:names:500893-1","","Y","Accepted","Inga umbratica","Inga umbratica","Poepp.","1038304","species","https://powo.science.kew.org/taxon/urn:lsid:ipni.org:names:500893-1","","Fabaceae","1","1","wcvp","0",""
"1681","Inga brachystachys",1,"163268","Inga brachystachys",1,"species","","",NA,"Ducke","Fabaceae","Inga","Inga",1,"brachystachys","brachystachys",1,"","",NA,"","",NA,"","",NA,"","","https://powo.science.kew.org/taxon/urn:lsid:ipni.org:names:288863-2","","Y","Accepted","Inga brachystachys","Inga brachystachys","Ducke","163268","species","https://powo.science.kew.org/taxon/urn:lsid:ipni.org:names:288863-2","","Fabaceae","1","1","wcvp","0",""
"1682","Inga lallensis",1,"163740","Inga lallensis",1,"species","","",NA,"Spruce ex Benth.","Fabaceae","Inga","Inga",1,"lallensis","lallensis",1,"","",NA,"","",NA,"","",NA,"","","https://powo.science.kew.org/taxon/urn:lsid:ipni.org:names:128564-2","","Y","Accepted","Inga lallensis","Inga lallensis","Spruce ex Benth.","163740","species","https://powo.science.kew.org/taxon/urn:lsid:ipni.org:names:128564-2","","Fabaceae","1","1","wcvp","0",""
"1683","Inga macarenensis",1,"163761","Inga macarenensis",1,"species","","",NA,"Philipson","Fabaceae","Inga","Inga",1,"macarenensis","macarenensis",1,"","",NA,"","",NA,"","",NA,"","","https://powo.science.kew.org/taxon/urn:lsid:ipni.org:names:128594-2","","Y","Accepted","Inga macarenensis","Inga macarenensis","Philipson","163761","species","https://powo.science.kew.org/taxon/urn:lsid:ipni.org:names:128594-2","","Fabaceae","1","1","wcvp","0",""
"1684","Inga huberi",1,"163343","Inga huberi",1,"species","","",NA,"Ducke","Fabaceae","Inga","Inga",1,"huberi","huberi",1,"","",NA,"","",NA,"","",NA,"","","https://powo.science.kew.org/taxon/urn:lsid:ipni.org:names:128544-2","","Y","Accepted","Inga huberi","Inga huberi","Ducke","163343","species","https://powo.science.kew.org/taxon/urn:lsid:ipni.org:names:128544-2","","Fabaceae","1","1","wcvp","0",""
"1685","Inga tenuistipula",1,"163854","Inga tenuistipula",1,"species","","",NA,"Ducke","Fabaceae","Inga","Inga",1,"tenuistipula","tenuistipula",1,"","",NA,"","",NA,"","",NA,"","","https://powo.science.kew.org/taxon/urn:lsid:ipni.org:names:128784-2","","Y","Accepted","Inga tenuistipula","Inga tenuistipula","Ducke","163854","species","https://powo.science.kew.org/taxon/urn:lsid:ipni.org:names:128784-2","","Fabaceae","1","1","wcvp","0",""
"1686","Inga bijuga",1,"163259","Inga bijuga",1,"species","","",NA,"Schery","Fabaceae","Inga","Inga",1,"bijuga","bijuga",1,"","",NA,"","",NA,"","",NA,"","","https://powo.science.kew.org/taxon/urn:lsid:ipni.org:names:128383-2","","Y","Accepted","Inga bijuga","Inga bijuga","Schery","163259","species","https://powo.science.kew.org/taxon/urn:lsid:ipni.org:names:128383-2","","Fabaceae","1","1","wcvp","0",""
"1687","Inga exilis",1,"205768","Inga exilis",1,"species","","",NA,"T.D.Penn.","Fabaceae","Inga","Inga",1,"exilis","exilis",1,"","",NA,"","",NA,"","",NA,"","","https://powo.science.kew.org/taxon/urn:lsid:ipni.org:names:313743-2","","Y","Accepted","Inga exilis","Inga exilis","T.D.Penn.","205768","species","https://powo.science.kew.org/taxon/urn:lsid:ipni.org:names:313743-2","","Fabaceae","1","1","wcvp","0",""
"1688","Inga tessmannii",1,"163856","Inga tessmannii",1,"species","","",NA,"Harms","Fabaceae","Inga","Inga",1,"tessmannii","tessmannii",1,"","",NA,"","",NA,"","",NA,"","","https://powo.science.kew.org/taxon/urn:lsid:ipni.org:names:128785-2","","Y","Accepted","Inga tessmannii","Inga tessmannii","Harms","163856","species","https://powo.science.kew.org/taxon/urn:lsid:ipni.org:names:128785-2","","Fabaceae","1","1","wcvp","0",""
"1689","Inga glomeriflora",1,"163325","Inga glomeriflora",1,"species","","",NA,"Ducke","Fabaceae","Inga","Inga",1,"glomeriflora","glomeriflora",1,"","",NA,"","",NA,"","",NA,"","","https://powo.science.kew.org/taxon/urn:lsid:ipni.org:names:128515-2","","Y","Accepted","Inga glomeriflora","Inga glomeriflora","Ducke","163325","species","https://powo.science.kew.org/taxon/urn:lsid:ipni.org:names:128515-2","","Fabaceae","1","1","wcvp","0",""
"1690","Inga golfodulcensis",1,"205769","Inga golfodulcensis",1,"species","","",NA,"N.Zamora","Fabaceae","Inga","Inga",1,"golfodulcensis","golfodulcensis",1,"","",NA,"","",NA,"","",NA,"","","https://powo.science.kew.org/taxon/urn:lsid:ipni.org:names:278806-2","","Y","Accepted","Inga golfodulcensis","Inga golfodulcensis","N.Zamora","205769","species","https://powo.science.kew.org/taxon/urn:lsid:ipni.org:names:278806-2","","Fabaceae","1","1","wcvp","0",""
"1691","Inga fanchoniana",1,"176815","Inga fanchoniana",1,"species","","",NA,"Poncy","Fabaceae","Inga","Inga",1,"fanchoniana","fanchoniana",1,"","",NA,"","",NA,"","",NA,"","","https://powo.science.kew.org/taxon/urn:lsid:ipni.org:names:278804-2","","Y","Accepted","Inga fanchoniana","Inga fanchoniana","Poncy","176815","species","https://powo.science.kew.org/taxon/urn:lsid:ipni.org:names:278804-2","","Fabaceae","1","1","wcvp","0",""
"1692","Inga retinocarpa",1,"205770","Inga retinocarpa",1,"species","","",NA,"Poncy","Fabaceae","Inga","Inga",1,"retinocarpa","retinocarpa",1,"","",NA,"","",NA,"","",NA,"","","https://powo.science.kew.org/taxon/urn:lsid:ipni.org:names:306270-2","","Y","Accepted","Inga retinocarpa","Inga retinocarpa","Poncy","205770","species","https://powo.science.kew.org/taxon/urn:lsid:ipni.org:names:306270-2","","Fabaceae","1","1","wcvp","0",""
"1693","Inga pachyphylla",1,"163790","Inga pachyphylla",1,"species","","",NA,"Harms","Fabaceae","Inga","Inga",1,"pachyphylla","pachyphylla",1,"","",NA,"","",NA,"","",NA,"","","https://powo.science.kew.org/taxon/urn:lsid:ipni.org:names:128652-2","","Y","Accepted","Inga pachyphylla","Inga pachyphylla","Harms","163790","species","https://powo.science.kew.org/taxon/urn:lsid:ipni.org:names:128652-2","","Fabaceae","1","1","wcvp","0",""
"1694","Inga tarapotensis",1,"163851","Inga tarapotensis",1,"species","","",NA,"Spruce ex Benth.","Fabaceae","Inga","Inga",1,"tarapotensis","tarapotensis",1,"","",NA,"","",NA,"","",NA,"","","https://powo.science.kew.org/taxon/urn:lsid:ipni.org:names:128778-2","","Y","Accepted","Inga tarapotensis","Inga tarapotensis","Spruce ex Benth.","163851","species","https://powo.science.kew.org/taxon/urn:lsid:ipni.org:names:128778-2","","Fabaceae","1","1","wcvp","0",""
"1695","Inga jinicuil",1,"1755803","Inga jinicuil",1,"species","","",NA,"Schltdl.","Fabaceae","Inga","Inga",1,"jinicuil","jinicuil",1,"","",NA,"","",NA,"","",NA,"","","https://powo.science.kew.org/taxon/urn:lsid:ipni.org:names:500507-1","","Y","No opinion","","","","","","","","","1","1","wcvp","0",""
"1696","Inga cinnamomea",1,"163291","Inga cinnamomea",1,"species","","",NA,"Spruce ex Benth.","Fabaceae","Inga","Inga",1,"cinnamomea","cinnamomea",1,"","",NA,"","",NA,"","",NA,"","","https://powo.science.kew.org/taxon/urn:lsid:ipni.org:names:128442-2","","Y","Accepted","Inga cinnamomea","Inga cinnamomea","Spruce ex Benth.","163291","species","https://powo.science.kew.org/taxon/urn:lsid:ipni.org:names:128442-2","","Fabaceae","1","1","wcvp","0",""
"1697","Inga rusbyi",1,"163820","Inga rusbyi",1,"species","","",NA,"Pittier","Fabaceae","Inga","Inga",1,"rusbyi","rusbyi",1,"","",NA,"","",NA,"","",NA,"","","https://powo.science.kew.org/taxon/urn:lsid:ipni.org:names:128722-2","","Y","Accepted","Inga rusbyi","Inga rusbyi","Pittier","163820","species","https://powo.science.kew.org/taxon/urn:lsid:ipni.org:names:128722-2","","Fabaceae","1","1","wcvp","0",""
"1698","Inga allenii",1,"162462","Inga allenii",1,"species","","",NA,"J.Leon","Fabaceae","Inga","Inga",1,"allenii","allenii",1,"","",NA,"","",NA,"","",NA,"","","https://powo.science.kew.org/taxon/urn:lsid:ipni.org:names:128364-2","","Y","Accepted","Inga allenii","Inga allenii","J.Leon","162462","species","https://powo.science.kew.org/taxon/urn:lsid:ipni.org:names:128364-2","","Fabaceae","1","1","wcvp","0",""
"1699","Inga lentiscifolia",1,"163749","Inga lentiscifolia",1,"species","","",NA,"Benth.","Fabaceae","Inga","Inga",1,"lentiscifolia","lentiscifolia",1,"","",NA,"","",NA,"","",NA,"","","https://powo.science.kew.org/taxon/urn:lsid:ipni.org:names:128577-2","","Y","Accepted","Inga lentiscifolia","Inga lentiscifolia","Benth.","163749","species","https://powo.science.kew.org/taxon/urn:lsid:ipni.org:names:128577-2","","Fabaceae","1","1","wcvp","0",""
"1700","Inga lanceifolia",1,"163741","Inga lanceifolia",1,"species","","",NA,"Benth.","Fabaceae","Inga","Inga",1,"lanceifolia","lanceifolia",1,"","",NA,"","",NA,"","",NA,"","","https://powo.science.kew.org/taxon/urn:lsid:ipni.org:names:128566-2","","Y","Accepted","Inga lanceifolia","Inga lanceifolia","Benth.","163741","species","https://powo.science.kew.org/taxon/urn:lsid:ipni.org:names:128566-2","","Fabaceae","1","1","wcvp","0",""
"1701","Inga multinervis",1,"205774","Inga multinervis",1,"species","","",NA,"T.D.Penn.","Fabaceae","Inga","Inga",1,"multinervis","multinervis",1,"","",NA,"","",NA,"","",NA,"","","https://powo.science.kew.org/taxon/urn:lsid:ipni.org:names:313745-2","","Y","Accepted","Inga multinervis","Inga multinervis","T.D.Penn.","205774","species","https://powo.science.kew.org/taxon/urn:lsid:ipni.org:names:313745-2","","Fabaceae","1","1","wcvp","0",""
"1702","Inga acrocephala",1,"163237","Inga acrocephala",1,"species","","",NA,"Steud.","Fabaceae","Inga","Inga",1,"acrocephala","acrocephala",1,"","",NA,"","",NA,"","",NA,"","","https://powo.science.kew.org/taxon/urn:lsid:ipni.org:names:128354-2","","Y","Accepted","Inga acrocephala","Inga acrocephala","Steud.","163237","species","https://powo.science.kew.org/taxon/urn:lsid:ipni.org:names:128354-2","","Fabaceae","1","1","wcvp","0",""
"1703","Inga gracilior",1,"163331","Inga gracilior",1,"species","","",NA,"Sprague","Fabaceae","Inga","Inga",1,"gracilior","gracilior",1,"","",NA,"","",NA,"","",NA,"","","https://powo.science.kew.org/taxon/urn:lsid:ipni.org:names:128521-2","","Y","Accepted","Inga gracilior","Inga gracilior","Sprague","163331","species","https://powo.science.kew.org/taxon/urn:lsid:ipni.org:names:128521-2","","Fabaceae","1","1","wcvp","0",""
"1704","Inga acreana",1,"163236","Inga acreana",1,"species","","",NA,"Harms","Fabaceae","Inga","Inga",1,"acreana","acreana",1,"","",NA,"","",NA,"","",NA,"","","https://powo.science.kew.org/taxon/urn:lsid:ipni.org:names:128353-2","","Y","Accepted","Inga acreana","Inga acreana","Harms","163236","species","https://powo.science.kew.org/taxon/urn:lsid:ipni.org:names:128353-2","","Fabaceae","1","1","wcvp","0",""
"1705","Inga silanchensis",1,"205776","Inga silanchensis",1,"species","","",NA,"T.D.Penn.","Fabaceae","Inga","Inga",1,"silanchensis","silanchensis",1,"","",NA,"","",NA,"","",NA,"","","https://powo.science.kew.org/taxon/urn:lsid:ipni.org:names:313746-2","","Y","Accepted","Inga silanchensis","Inga silanchensis","T.D.Penn.","205776","species","https://powo.science.kew.org/taxon/urn:lsid:ipni.org:names:313746-2","","Fabaceae","1","1","wcvp","0",""
"1706","Inga mortoniana",1,"162471","Inga mortoniana",1,"species","","",NA,"J.Leon","Fabaceae","Inga","Inga",1,"mortoniana","mortoniana",1,"","",NA,"","",NA,"","",NA,"","","https://powo.science.kew.org/taxon/urn:lsid:ipni.org:names:128626-2","","Y","Accepted","Inga mortoniana","Inga mortoniana","J.Leon","162471","species","https://powo.science.kew.org/taxon/urn:lsid:ipni.org:names:128626-2","","Fabaceae","1","1","wcvp","0",""
"1707","Inga melinonis",1,"175917","Inga melinonis",1,"species","","",NA,"Sagot","Fabaceae","Inga","Inga",1,"melinonis","melinonis",1,"","",NA,"","",NA,"","",NA,"","","https://powo.science.kew.org/taxon/urn:lsid:ipni.org:names:278813-2","","Y","Synonym","Inga ruiziana","Inga ruiziana","G.Don","163819","species","https://powo.science.kew.org/taxon/urn:lsid:ipni.org:names:128721-2","","Fabaceae","1","1","wcvp","0",""
"1708","Inga ruiziana",1,"163819","Inga ruiziana",1,"species","","",NA,"G.Don","Fabaceae","Inga","Inga",1,"ruiziana","ruiziana",1,"","",NA,"","",NA,"","",NA,"","","https://powo.science.kew.org/taxon/urn:lsid:ipni.org:names:128721-2","","Y","Accepted","Inga ruiziana","Inga ruiziana","G.Don","163819","species","https://powo.science.kew.org/taxon/urn:lsid:ipni.org:names:128721-2","","Fabaceae","1","1","wcvp","0",""
"1709","Inga maynensis",1,"163765","Inga maynensis",1,"species","","",NA,"Benth.","Fabaceae","Inga","Inga",1,"maynensis","maynensis",1,"","",NA,"","",NA,"","",NA,"","","https://powo.science.kew.org/taxon/urn:lsid:ipni.org:names:500595-1","","Y","Accepted","Inga maynensis","Inga maynensis","Benth.","163765","species","https://powo.science.kew.org/taxon/urn:lsid:ipni.org:names:500595-1","","Fabaceae","1","1","wcvp","0",""
"1710","Inga vismiifolia",1,"163873","Inga vismiifolia",1,"species","","",NA,"Poepp.","Fabaceae","Inga","Inga",1,"vismiifolia","vismiifolia",1,"","",NA,"","",NA,"","",NA,"","","https://powo.science.kew.org/taxon/urn:lsid:ipni.org:names:500919-1","","Y","Accepted","Inga vismiifolia","Inga vismiifolia","Poepp.","163873","species","https://powo.science.kew.org/taxon/urn:lsid:ipni.org:names:500919-1","","Fabaceae","1","1","wcvp","0",""
"1711","Inga nobilis",1,"163779","Inga nobilis",1,"species","","",NA,"Willd.","Fabaceae","Inga","Inga",1,"nobilis","nobilis",1,"","",NA,"","",NA,"","",NA,"","","https://powo.science.kew.org/taxon/urn:lsid:ipni.org:names:128633-2","","Y","Accepted","Inga nobilis","Inga nobilis","Willd.","163779","species","https://powo.science.kew.org/taxon/urn:lsid:ipni.org:names:128633-2","","Fabaceae","1","1","wcvp","0",""
"1712","Inga nobilis subsp. nobilis",1,"205780","Inga nobilis subsp. nobilis",1,"subspecies","","",NA,"","Fabaceae","Inga","Inga",1,"nobilis","nobilis",1,"","",NA,"subsp.","nobilis",1,"","",NA,"","","https://powo.science.kew.org/taxon/urn:lsid:ipni.org:names:77173038-1","","Y","Accepted","Inga nobilis subsp. nobilis","Inga nobilis","","205780","subspecies","https://powo.science.kew.org/taxon/urn:lsid:ipni.org:names:77173038-1","","Fabaceae","1","1","wcvp","0",""
"1713","Inga nobilis subsp. quaternata",1,"205782","Inga nobilis subsp. quaternata",1,"subspecies","","",NA,"(Poepp.) T.D.Penn.","Fabaceae","Inga","Inga",1,"nobilis","nobilis",1,"","",NA,"subsp.","quaternata",1,"","",NA,"","","https://powo.science.kew.org/taxon/urn:lsid:ipni.org:names:994650-1","","Y","Accepted","Inga nobilis subsp. quaternata","Inga nobilis","(Poepp.) T.D.Penn.","205782","subspecies","https://powo.science.kew.org/taxon/urn:lsid:ipni.org:names:994650-1","","Fabaceae","1","1","wcvp","0",""
"1714","Inga amboroensis",1,"205788","Inga amboroensis",1,"species","","",NA,"T.D.Penn.","Fabaceae","Inga","Inga",1,"amboroensis","amboroensis",1,"","",NA,"","",NA,"","",NA,"","","https://powo.science.kew.org/taxon/urn:lsid:ipni.org:names:994651-1","","Y","Accepted","Inga amboroensis","Inga amboroensis","T.D.Penn.","205788","species","https://powo.science.kew.org/taxon/urn:lsid:ipni.org:names:994651-1","","Fabaceae","1","1","wcvp","0",""
"1715","Inga flexuosa",1,"173648","Inga flexuosa",1,"species","","",NA,"Schltdl.","Fabaceae","Inga","Inga",1,"flexuosa","flexuosa",1,"","",NA,"","",NA,"","",NA,"","","https://powo.science.kew.org/taxon/urn:lsid:ipni.org:names:500443-1","","Y","Accepted","Inga flexuosa","Inga flexuosa","Schltdl.","173648","species","https://powo.science.kew.org/taxon/urn:lsid:ipni.org:names:500443-1","","Fabaceae","1","1","wcvp","0",""
"1716","Inga densiflora",1,"163306","Inga densiflora",1,"species","","",NA,"Benth.","Fabaceae","Inga","Inga",1,"densiflora","densiflora",1,"","",NA,"","",NA,"","",NA,"","","https://powo.science.kew.org/taxon/urn:lsid:ipni.org:names:128466-2","","Y","Accepted","Inga densiflora","Inga densiflora","Benth.","163306","species","https://powo.science.kew.org/taxon/urn:lsid:ipni.org:names:128466-2","","Fabaceae","1","1","wcvp","0",""
"1717","Inga micheliana",1,"163769","Inga micheliana",1,"species","","",NA,"Harms","Fabaceae","Inga","Inga",1,"micheliana","micheliana",1,"","",NA,"","",NA,"","",NA,"","","https://powo.science.kew.org/taxon/urn:lsid:ipni.org:names:128612-2","","Y","Synonym","Inga flexuosa","Inga flexuosa","Schltdl.","173648","species","https://powo.science.kew.org/taxon/urn:lsid:ipni.org:names:500443-1","","Fabaceae","1","1","wcvp","0",""
"1718","Inga andersonii",1,"1706670","Inga andersonii",1,"species","","",NA,"McVaugh","Fabaceae","Inga","Inga",1,"andersonii","andersonii",1,"","",NA,"","",NA,"","",NA,"","","https://powo.science.kew.org/taxon/urn:lsid:ipni.org:names:278800-2","","Y","Accepted","Inga x andersonii","Inga x andersonii","McVaugh","1706670","species","https://powo.science.kew.org/taxon/urn:lsid:ipni.org:names:278800-2","","Fabaceae","1","1","wcvp","0",""
"1719","Inga manabiensis",1,"205789","Inga manabiensis",1,"species","","",NA,"T.D.Penn.","Fabaceae","Inga","Inga",1,"manabiensis","manabiensis",1,"","",NA,"","",NA,"","",NA,"","","https://powo.science.kew.org/taxon/urn:lsid:ipni.org:names:313749-2","","Y","Accepted","Inga manabiensis","Inga manabiensis","T.D.Penn.","205789","species","https://powo.science.kew.org/taxon/urn:lsid:ipni.org:names:313749-2","","Fabaceae","1","1","wcvp","0",""
"1720","Inga striolata",1,"205790","Inga striolata",1,"species","","",NA,"T.D.Penn.","Fabaceae","Inga","Inga",1,"striolata","striolata",1,"","",NA,"","",NA,"","",NA,"","","https://powo.science.kew.org/taxon/urn:lsid:ipni.org:names:313750-2","","Y","Accepted","Inga striolata","Inga striolata","T.D.Penn.","205790","species","https://powo.science.kew.org/taxon/urn:lsid:ipni.org:names:313750-2","","Fabaceae","1","1","wcvp","0",""
"1721","Inga barbourii",1,"163256","Inga barbourii",1,"species","","",NA,"Standl.","Fabaceae","Inga","Inga",1,"barbourii","barbourii",1,"","",NA,"","",NA,"","",NA,"","","https://powo.science.kew.org/taxon/urn:lsid:ipni.org:names:128380-2","","Y","Accepted","Inga barbourii","Inga barbourii","Standl.","163256","species","https://powo.science.kew.org/taxon/urn:lsid:ipni.org:names:128380-2","","Fabaceae","1","1","wcvp","0",""
"1722","Inga stenophylla",1,"163842","Inga stenophylla",1,"species","","",NA,"Standl.","Fabaceae","Inga","Inga",1,"stenophylla","stenophylla",1,"","",NA,"","",NA,"","",NA,"","","https://powo.science.kew.org/taxon/urn:lsid:ipni.org:names:128762-2","","Y","Accepted","Inga stenophylla","Inga stenophylla","Standl.","163842","species","https://powo.science.kew.org/taxon/urn:lsid:ipni.org:names:128762-2","","Fabaceae","1","1","wcvp","0",""
"1723","Inga virescens",1,"163871","Inga virescens",1,"species","","",NA,"Benth.","Fabaceae","Inga","Inga",1,"virescens","virescens",1,"","",NA,"","",NA,"","",NA,"","","https://powo.science.kew.org/taxon/urn:lsid:ipni.org:names:128821-2","","Y","Accepted","Inga virescens","Inga virescens","Benth.","163871","species","https://powo.science.kew.org/taxon/urn:lsid:ipni.org:names:128821-2","","Fabaceae","1","1","wcvp","0",""
"1724","Inga maritima",1,"163764","Inga maritima",1,"species","","",NA,"Benth.","Fabaceae","Inga","Inga",1,"maritima","maritima",1,"","",NA,"","",NA,"","",NA,"","","https://powo.science.kew.org/taxon/urn:lsid:ipni.org:names:128601-2","","Y","Accepted","Inga maritima","Inga maritima","Benth.","163764","species","https://powo.science.kew.org/taxon/urn:lsid:ipni.org:names:128601-2","","Fabaceae","1","1","wcvp","0",""
"1725","Inga chartacea",1,"163287","Inga chartacea",1,"species","","",NA,"Poepp.","Fabaceae","Inga","Inga",1,"chartacea","chartacea",1,"","",NA,"","",NA,"","",NA,"","","https://powo.science.kew.org/taxon/urn:lsid:ipni.org:names:128432-2","","Y","Accepted","Inga chartacea","Inga chartacea","Poepp.","163287","species","https://powo.science.kew.org/taxon/urn:lsid:ipni.org:names:128432-2","","Fabaceae","1","1","wcvp","0",""
"1726","Inga lacustris",1,"205791","Inga lacustris",1,"species","","",NA,"M.Sousa","Fabaceae","Inga","Inga",1,"lacustris","lacustris",1,"","",NA,"","",NA,"","",NA,"","","https://powo.science.kew.org/taxon/urn:lsid:ipni.org:names:305515-2","","Y","Accepted","Inga lacustris","Inga lacustris","M.Sousa","205791","species","https://powo.science.kew.org/taxon/urn:lsid:ipni.org:names:305515-2","","Fabaceae","1","1","wcvp","0",""
"1727","Inga santaremnensis",1,"163825","Inga santaremnensis",1,"species","","",NA,"Ducke","Fabaceae","Inga","Inga",1,"santaremnensis","santaremnensis",1,"","",NA,"","",NA,"","",NA,"","","https://powo.science.kew.org/taxon/urn:lsid:ipni.org:names:128731-2","","Y","Accepted","Inga santaremnensis","Inga santaremnensis","Ducke","163825","species","https://powo.science.kew.org/taxon/urn:lsid:ipni.org:names:128731-2","","Fabaceae","1","1","wcvp","0",""
"1728","Inga longifoliola",1,"1038276","Inga longifoliola",1,"species","","",NA,"R.S.Cowan.","Fabaceae","Inga","Inga",1,"longifoliola","longifoliola",1,"","",NA,"","",NA,"","",NA,"","","https://powo.science.kew.org/taxon/urn:lsid:ipni.org:names:128587-2","","Y","Accepted","Inga longifoliola","Inga longifoliola","R.S.Cowan.","1038276","species","https://powo.science.kew.org/taxon/urn:lsid:ipni.org:names:128587-2","","Fabaceae","1","1","wcvp","0",""
"1729","Inga peduncularis",1,"165366","Inga peduncularis",1,"species","","",NA,"Benth.","Fabaceae","Inga","Inga",1,"peduncularis","peduncularis",1,"","",NA,"","",NA,"","",NA,"","","https://powo.science.kew.org/taxon/urn:lsid:ipni.org:names:128670-2","","Y","Accepted","Inga peduncularis","Inga peduncularis","Benth.","165366","species","https://powo.science.kew.org/taxon/urn:lsid:ipni.org:names:128670-2","","Fabaceae","1","1","wcvp","0",""
"1730","Inga tayronaensis",1,"205792","Inga tayronaensis",1,"species","","",NA,"T.D.Penn.","Fabaceae","Inga","Inga",1,"tayronaensis","tayronaensis",1,"","",NA,"","",NA,"","",NA,"","","https://powo.science.kew.org/taxon/urn:lsid:ipni.org:names:313753-2","","Y","Accepted","Inga tayronaensis","Inga tayronaensis","T.D.Penn.","205792","species","https://powo.science.kew.org/taxon/urn:lsid:ipni.org:names:313753-2","","Fabaceae","1","1","wcvp","0",""
"1731","Inga tenuicalyx",1,"205793","Inga tenuicalyx",1,"species","","",NA,"T.D.Penn.","Fabaceae","Inga","Inga",1,"tenuicalyx","tenuicalyx",1,"","",NA,"","",NA,"","",NA,"","","https://powo.science.kew.org/taxon/urn:lsid:ipni.org:names:313754-2","","Y","Accepted","Inga tenuicalyx","Inga tenuicalyx","T.D.Penn.","205793","species","https://powo.science.kew.org/taxon/urn:lsid:ipni.org:names:313754-2","","Fabaceae","1","1","wcvp","0",""
"1732","Inga stenoptera",1,"163844","Inga stenoptera",1,"species","","",NA,"Benth.","Fabaceae","Inga","Inga",1,"stenoptera","stenoptera",1,"","",NA,"","",NA,"","",NA,"","","https://powo.science.kew.org/taxon/urn:lsid:ipni.org:names:128764-2","","Y","Accepted","Inga stenoptera","Inga stenoptera","Benth.","163844","species","https://powo.science.kew.org/taxon/urn:lsid:ipni.org:names:128764-2","","Fabaceae","1","1","wcvp","0",""
"1733","Inga punctata",1,"179656","Inga punctata",1,"species","","",NA,"Willd.","Fabaceae","Inga","Inga",1,"punctata","punctata",1,"","",NA,"","",NA,"","",NA,"","","https://powo.science.kew.org/taxon/urn:lsid:ipni.org:names:128693-2","","Y","Accepted","Inga punctata","Inga punctata","Willd.","179656","species","https://powo.science.kew.org/taxon/urn:lsid:ipni.org:names:128693-2","","Fabaceae","1","1","wcvp","0",""
"1734","Inga ilta",1,"205794","Inga ilta",1,"species","","",NA,"T.D.Penn.","Fabaceae","Inga","Inga",1,"ilta","ilta",1,"","",NA,"","",NA,"","",NA,"","","https://powo.science.kew.org/taxon/urn:lsid:ipni.org:names:313755-2","","Y","Accepted","Inga ilta","Inga ilta","T.D.Penn.","205794","species","https://powo.science.kew.org/taxon/urn:lsid:ipni.org:names:313755-2","","Fabaceae","1","1","wcvp","0",""
"1735","Inga leiocalycina",1,"163747","Inga leiocalycina",1,"species","","",NA,"Benth.","Fabaceae","Inga","Inga",1,"leiocalycina","leiocalycina",1,"","",NA,"","",NA,"","",NA,"","","https://powo.science.kew.org/taxon/urn:lsid:ipni.org:names:128575-2","","Y","Synonym","Inga laevigata","Inga laevigata","M.Martens & Galeotti","723966","species","https://powo.science.kew.org/taxon/urn:lsid:ipni.org:names:500531-1","","Fabaceae","1","1","wcvp","0",""
"1736","Inga suaveolens",1,"163848","Inga suaveolens",1,"species","","",NA,"Ducke","Fabaceae","Inga","Inga",1,"suaveolens","suaveolens",1,"","",NA,"","",NA,"","",NA,"","","https://powo.science.kew.org/taxon/urn:lsid:ipni.org:names:128770-2","","Y","Accepted","Inga suaveolens","Inga suaveolens","Ducke","163848","species","https://powo.science.kew.org/taxon/urn:lsid:ipni.org:names:128770-2","","Fabaceae","1","1","wcvp","0",""
"1737","Inga pinetorum",1,"163800","Inga pinetorum",1,"species","","",NA,"Pittier","Fabaceae","Inga","Inga",1,"pinetorum","pinetorum",1,"","",NA,"","",NA,"","",NA,"","","https://powo.science.kew.org/taxon/urn:lsid:ipni.org:names:128676-2","","Y","Accepted","Inga pinetorum","Inga pinetorum","Pittier","163800","species","https://powo.science.kew.org/taxon/urn:lsid:ipni.org:names:128676-2","","Fabaceae","1","1","wcvp","0",""
"1738","Inga huastecana",1,"205795","Inga huastecana",1,"species","","",NA,"M.Sousa","Fabaceae","Inga","Inga",1,"huastecana","huastecana",1,"","",NA,"","",NA,"","",NA,"","","https://powo.science.kew.org/taxon/urn:lsid:ipni.org:names:303651-2","","Y","Accepted","Inga huastecana","Inga huastecana","M.Sousa","205795","species","https://powo.science.kew.org/taxon/urn:lsid:ipni.org:names:303651-2","","Fabaceae","1","1","wcvp","0",""
"1739","Inga dwyeri",1,"205797","Inga dwyeri",1,"species","","",NA,"M.Sousa","Fabaceae","Inga","Inga",1,"dwyeri","dwyeri",1,"","",NA,"","",NA,"","",NA,"","","https://powo.science.kew.org/taxon/urn:lsid:ipni.org:names:306641-2","","Y","Accepted","Inga dwyeri","Inga dwyeri","M.Sousa","205797","species","https://powo.science.kew.org/taxon/urn:lsid:ipni.org:names:306641-2","","Fabaceae","1","1","wcvp","0",""
"1740","Inga cecropietorum",1,"163286","Inga cecropietorum",1,"species","","",NA,"Ducke","Fabaceae","Inga","Inga",1,"cecropietorum","cecropietorum",1,"","",NA,"","",NA,"","",NA,"","","https://powo.science.kew.org/taxon/urn:lsid:ipni.org:names:128429-2","","Y","Accepted","Inga cecropietorum","Inga cecropietorum","Ducke","163286","species","https://powo.science.kew.org/taxon/urn:lsid:ipni.org:names:128429-2","","Fabaceae","1","1","wcvp","0",""
"1741","Inga latipes",1,"163745","Inga latipes",1,"species","","",NA,"Pittier","Fabaceae","Inga","Inga",1,"latipes","latipes",1,"","",NA,"","",NA,"","",NA,"","","https://powo.science.kew.org/taxon/urn:lsid:ipni.org:names:128572-2","","Y","Accepted","Inga latipes","Inga latipes","Pittier","163745","species","https://powo.science.kew.org/taxon/urn:lsid:ipni.org:names:128572-2","","Fabaceae","1","1","wcvp","0",""
"1742","Inga lenticellata",1,"163748","Inga lenticellata",1,"species","","",NA,"Benth.","Fabaceae","Inga","Inga",1,"lenticellata","lenticellata",1,"","",NA,"","",NA,"","",NA,"","","https://powo.science.kew.org/taxon/urn:lsid:ipni.org:names:128576-2","","Y","Accepted","Inga lenticellata","Inga lenticellata","Benth.","163748","species","https://powo.science.kew.org/taxon/urn:lsid:ipni.org:names:128576-2","","Fabaceae","1","1","wcvp","0",""
"1743","Inga capitata",1,"163282","Inga capitata",1,"species","","",NA,"Desv.","Fabaceae","Inga","Inga",1,"capitata","capitata",1,"","",NA,"","",NA,"","",NA,"","","https://powo.science.kew.org/taxon/urn:lsid:ipni.org:names:128414-2","","Y","Accepted","Inga capitata","Inga capitata","Desv.","163282","species","https://powo.science.kew.org/taxon/urn:lsid:ipni.org:names:128414-2","","Fabaceae","1","1","wcvp","0",""
"1744","Inga stipularis",1,"163847","Inga stipularis",1,"species","","",NA,"DC.","Fabaceae","Inga","Inga",1,"stipularis","stipularis",1,"","",NA,"","",NA,"","",NA,"","","https://powo.science.kew.org/taxon/urn:lsid:ipni.org:names:500843-1","","Y","Accepted","Inga stipularis","Inga stipularis","DC.","163847","species","https://powo.science.kew.org/taxon/urn:lsid:ipni.org:names:500843-1","","Fabaceae","1","1","wcvp","0",""
"1745","Inga spectabilis",1,"171479","Inga spectabilis",1,"species","","",NA,"(Vahl) Willd.","Fabaceae","Inga","Inga",1,"spectabilis","spectabilis",1,"","",NA,"","",NA,"","",NA,"","","https://powo.science.kew.org/taxon/urn:lsid:ipni.org:names:1122303-2","","Y","Accepted","Inga spectabilis","Inga spectabilis","(Vahl) Willd.","171479","species","https://powo.science.kew.org/taxon/urn:lsid:ipni.org:names:1122303-2","","Fabaceae","1","1","wcvp","0",""
"1746","Inga splendens",1,"163838","Inga splendens",1,"species","","",NA,"Willd.","Fabaceae","Inga","Inga",1,"splendens","splendens",1,"","",NA,"","",NA,"","",NA,"","","https://powo.science.kew.org/taxon/urn:lsid:ipni.org:names:128749-2","","Y","Accepted","Inga splendens","Inga splendens","Willd.","163838","species","https://powo.science.kew.org/taxon/urn:lsid:ipni.org:names:128749-2","","Fabaceae","1","1","wcvp","0",""
"1747","Inga psittacorum",1,"1038290","Inga psittacorum",1,"species","","",NA,"L.Uribe","Fabaceae","Inga","Inga",1,"psittacorum","psittacorum",1,"","",NA,"","",NA,"","",NA,"","","https://powo.science.kew.org/taxon/urn:lsid:ipni.org:names:128690-2","","Y","Accepted","Inga psittacorum","Inga psittacorum","L.Uribe","1038290","species","https://powo.science.kew.org/taxon/urn:lsid:ipni.org:names:128690-2","","Fabaceae","1","1","wcvp","0",""
"1748","Inga skutchii",1,"163833","Inga skutchii",1,"species","","",NA,"Standl.","Fabaceae","Inga","Inga",1,"skutchii","skutchii",1,"","",NA,"","",NA,"","",NA,"","","https://powo.science.kew.org/taxon/urn:lsid:ipni.org:names:128855-2","","Y","Accepted","Inga skutchii","Inga skutchii","Standl.","163833","species","https://powo.science.kew.org/taxon/urn:lsid:ipni.org:names:128855-2","","Fabaceae","1","1","wcvp","0",""
"1749","Inga cuspidata",1,"205798","Inga cuspidata",1,"species","","",NA,"M.Sousa","Fabaceae","Inga","Inga",1,"cuspidata","cuspidata",1,"","",NA,"","",NA,"","",NA,"","","https://powo.science.kew.org/taxon/urn:lsid:ipni.org:names:300000-2","","Y","Accepted","Inga cuspidata","Inga cuspidata","M.Sousa","205798","species","https://powo.science.kew.org/taxon/urn:lsid:ipni.org:names:300000-2","","Fabaceae","1","1","wcvp","0",""
"1750","Inga multijuga",1,"163777","Inga multijuga",1,"species","","",NA,"Benth.","Fabaceae","Inga","Inga",1,"multijuga","multijuga",1,"","",NA,"","",NA,"","",NA,"","","https://powo.science.kew.org/taxon/urn:lsid:ipni.org:names:128628-2","","Y","Accepted","Inga multijuga","Inga multijuga","Benth.","163777","species","https://powo.science.kew.org/taxon/urn:lsid:ipni.org:names:128628-2","","Fabaceae","1","1","wcvp","0",""
"1751","Inga multijuga subsp. multijuga",1,"205799","Inga multijuga subsp. multijuga",1,"subspecies","","",NA,"","Fabaceae","Inga","Inga",1,"multijuga","multijuga",1,"","",NA,"subsp.","multijuga",1,"","",NA,"","","https://powo.science.kew.org/taxon/urn:lsid:ipni.org:names:77173204-1","","Y","Accepted","Inga multijuga subsp. multijuga","Inga multijuga","","205799","subspecies","https://powo.science.kew.org/taxon/urn:lsid:ipni.org:names:77173204-1","","Fabaceae","1","1","wcvp","0",""
"1752","Inga multijuga subsp. aestuariorum",1,"205800","Inga multijuga subsp. aestuariorum",1,"subspecies","","",NA,"(Pittier) T.D.Penn.","Fabaceae","Inga","Inga",1,"multijuga","multijuga",1,"","",NA,"subsp.","aestuariorum",1,"","",NA,"","","https://powo.science.kew.org/taxon/urn:lsid:ipni.org:names:994659-1","","Y","Accepted","Inga multijuga subsp. aestuariorum","Inga multijuga","(Pittier) T.D.Penn.","205800","subspecies","https://powo.science.kew.org/taxon/urn:lsid:ipni.org:names:994659-1","","Fabaceae","1","1","wcvp","0",""
"1753","Inga multijuga subsp. mexicana",1,"1368929","Inga multijuga subsp. mexicana",1,"subspecies","","",NA,"T.D.Penn.","Fabaceae","Inga","Inga",1,"multijuga","multijuga",1,"","",NA,"subsp.","mexicana",1,"","",NA,"","","https://powo.science.kew.org/taxon/urn:lsid:ipni.org:names:313759-2","","Y","Synonym","Inga mexicana","Inga mexicana","(T.D.Penn.) M.Sousa","1022269","species","https://powo.science.kew.org/taxon/urn:lsid:ipni.org:names:60453024-2","","Fabaceae","1","1","wcvp","0",""
"1754","Inga thibaudiana",1,"163857","Inga thibaudiana",1,"species","","",NA,"DC.","Fabaceae","Inga","Inga",1,"thibaudiana","thibaudiana",1,"","",NA,"","",NA,"","",NA,"","","https://powo.science.kew.org/taxon/urn:lsid:ipni.org:names:128789-2","","Y","Accepted","Inga thibaudiana","Inga thibaudiana","DC.","163857","species","https://powo.science.kew.org/taxon/urn:lsid:ipni.org:names:128789-2","","Fabaceae","1","1","wcvp","0",""
"1755","Inga thibaudiana subsp. thibaudiana",1,"205802","Inga thibaudiana subsp. thibaudiana",1,"subspecies","","",NA,"","Fabaceae","Inga","Inga",1,"thibaudiana","thibaudiana",1,"","",NA,"subsp.","thibaudiana",1,"","",NA,"","","https://powo.science.kew.org/taxon/urn:lsid:ipni.org:names:77172974-1","","Y","Accepted","Inga thibaudiana subsp. thibaudiana","Inga thibaudiana","","205802","subspecies","https://powo.science.kew.org/taxon/urn:lsid:ipni.org:names:77172974-1","","Fabaceae","1","1","wcvp","0",""
"1756","Inga thibaudiana subsp. peltadenia",1,"205804","Inga thibaudiana subsp. peltadenia",1,"subspecies","","",NA,"(Harms) T.D.Penn.","Fabaceae","Inga","Inga",1,"thibaudiana","thibaudiana",1,"","",NA,"subsp.","peltadenia",1,"","",NA,"","","https://powo.science.kew.org/taxon/urn:lsid:ipni.org:names:994661-1","","Y","Accepted","Inga thibaudiana subsp. peltadenia","Inga thibaudiana","(Harms) T.D.Penn.","205804","subspecies","https://powo.science.kew.org/taxon/urn:lsid:ipni.org:names:994661-1","","Fabaceae","1","1","wcvp","0",""
"1757","Inga thibaudiana subsp. russotomentella",1,"205805","Inga thibaudiana subsp. russotomentella",1,"subspecies","","",NA,"(Malme) T.D.Penn.","Fabaceae","Inga","Inga",1,"thibaudiana","thibaudiana",1,"","",NA,"subsp.","russotomentella",1,"","",NA,"","","https://powo.science.kew.org/taxon/urn:lsid:ipni.org:names:994662-1","","Y","Accepted","Inga thibaudiana subsp. russotomentella","Inga thibaudiana","(Malme) T.D.Penn.","205805","subspecies","https://powo.science.kew.org/taxon/urn:lsid:ipni.org:names:994662-1","","Fabaceae","1","1","wcvp","0",""
"1758","Inga interrupta",1,"205807","Inga interrupta",1,"species","","",NA,"L.Cárdenas & De Martino","Fabaceae","Inga","Inga",1,"interrupta","interrupta",1,"","",NA,"","",NA,"","",NA,"","","https://powo.science.kew.org/taxon/urn:lsid:ipni.org:names:313761-2","","Y","Accepted","Inga interrupta","Inga interrupta","L.Cárdenas & De Martino","205807","species","https://powo.science.kew.org/taxon/urn:lsid:ipni.org:names:313761-2","","Fabaceae","1","1","wcvp","0",""
"1759","Inga killipiana",1,"163738","Inga killipiana",1,"species","","",NA,"J.F.Macbr.","Fabaceae","Inga","Inga",1,"killipiana","killipiana",1,"","",NA,"","",NA,"","",NA,"","","https://powo.science.kew.org/taxon/urn:lsid:ipni.org:names:128561-2","","Y","Accepted","Inga killipiana","Inga killipiana","J.F.Macbr.","163738","species","https://powo.science.kew.org/taxon/urn:lsid:ipni.org:names:128561-2","","Fabaceae","1","1","wcvp","0",""
"1760","Inga aliena",1,"163243","Inga aliena",1,"species","","",NA,"J.F.Macbr.","Fabaceae","Inga","Inga",1,"aliena","aliena",1,"","",NA,"","",NA,"","",NA,"","","https://powo.science.kew.org/taxon/urn:lsid:ipni.org:names:128363-2","","Y","Accepted","Inga aliena","Inga aliena","J.F.Macbr.","163243","species","https://powo.science.kew.org/taxon/urn:lsid:ipni.org:names:128363-2","","Fabaceae","1","1","wcvp","0",""
"1761","Inga venusta",1,"163868","Inga venusta",1,"species","","",NA,"Standl.","Fabaceae","Inga","Inga",1,"venusta","venusta",1,"","",NA,"","",NA,"","",NA,"","","https://powo.science.kew.org/taxon/urn:lsid:ipni.org:names:128812-2","","Y","Accepted","Inga venusta","Inga venusta","Standl.","163868","species","https://powo.science.kew.org/taxon/urn:lsid:ipni.org:names:128812-2","","Fabaceae","1","1","wcvp","0",""
"1762","Inga acuminata",1,"171459","Inga acuminata",1,"species","","",NA,"Benth.","Fabaceae","Inga","Inga",1,"acuminata","acuminata",1,"","",NA,"","",NA,"","",NA,"","","https://powo.science.kew.org/taxon/urn:lsid:ipni.org:names:313763-2","","Y","Accepted","Inga acuminata","Inga acuminata","Benth.","171459","species","https://powo.science.kew.org/taxon/urn:lsid:ipni.org:names:313763-2","","Fabaceae","1","1","wcvp","0",""
"1763","Inga chrysantha",1,"163290","Inga chrysantha",1,"species","","",NA,"Ducke","Fabaceae","Inga","Inga",1,"chrysantha","chrysantha",1,"","",NA,"","",NA,"","",NA,"","","https://powo.science.kew.org/taxon/urn:lsid:ipni.org:names:128438-2","","Y","Accepted","Inga chrysantha","Inga chrysantha","Ducke","163290","species","https://powo.science.kew.org/taxon/urn:lsid:ipni.org:names:128438-2","","Fabaceae","1","1","wcvp","0",""
"1764","Inga rhynchocalyx",1,"163816","Inga rhynchocalyx",1,"species","","",NA,"Sandwith","Fabaceae","Inga","Inga",1,"rhynchocalyx","rhynchocalyx",1,"","",NA,"","",NA,"","",NA,"","","https://powo.science.kew.org/taxon/urn:lsid:ipni.org:names:128709-2","","Y","Accepted","Inga rhynchocalyx","Inga rhynchocalyx","Sandwith","163816","species","https://powo.science.kew.org/taxon/urn:lsid:ipni.org:names:128709-2","","Fabaceae","1","1","wcvp","0",""
"1765","Inga neblinensis",1,"182052","Inga neblinensis",1,"species","","",NA,"L.Cardenas & De Martino","Fabaceae","Inga","Inga",1,"neblinensis","neblinensis",1,"","",NA,"","",NA,"","",NA,"","","https://powo.science.kew.org/taxon/urn:lsid:ipni.org:names:278814-2","","Y","Accepted","Inga neblinensis","Inga neblinensis","L.Cardenas & De Martino","182052","species","https://powo.science.kew.org/taxon/urn:lsid:ipni.org:names:278814-2","","Fabaceae","1","1","wcvp","0",""
"1766","Inga leptocarpa",1,"205808","Inga leptocarpa",1,"species","","",NA,"T.D.Penn.","Fabaceae","Inga","Inga",1,"leptocarpa","leptocarpa",1,"","",NA,"","",NA,"","",NA,"","","https://powo.science.kew.org/taxon/urn:lsid:ipni.org:names:313764-2","","Y","Accepted","Inga leptocarpa","Inga leptocarpa","T.D.Penn.","205808","species","https://powo.science.kew.org/taxon/urn:lsid:ipni.org:names:313764-2","","Fabaceae","1","1","wcvp","0",""
"1767","Inga megaphylla",1,"205809","Inga megaphylla",1,"species","","",NA,"Poncy & Vester","Fabaceae","Inga","Inga",1,"megaphylla","megaphylla",1,"","",NA,"","",NA,"","",NA,"","","https://powo.science.kew.org/taxon/urn:lsid:ipni.org:names:300332-2","","Y","Accepted","Inga megaphylla","Inga megaphylla","Poncy & Vester","205809","species","https://powo.science.kew.org/taxon/urn:lsid:ipni.org:names:300332-2","","Fabaceae","1","1","wcvp","0",""
"1768","Inga pilosula",1,"163799","Inga pilosula",1,"species","","",NA,"(Rich.) J.F.Macbr.","Fabaceae","Inga","Inga",1,"pilosula","pilosula",1,"","",NA,"","",NA,"","",NA,"","","https://powo.science.kew.org/taxon/urn:lsid:ipni.org:names:128675-2","","Y","Accepted","Inga pilosula","Inga pilosula","(Rich.) J.F.Macbr.","163799","species","https://powo.science.kew.org/taxon/urn:lsid:ipni.org:names:128675-2","","Fabaceae","1","1","wcvp","0",""
"1769","Inga ciliata",1,"173634","Inga ciliata",1,"species","","",NA,"C.Presl","Fabaceae","Inga","Inga",1,"ciliata","ciliata",1,"","",NA,"","",NA,"","",NA,"","","https://powo.science.kew.org/taxon/urn:lsid:ipni.org:names:128440-2","","Y","Accepted","Inga ciliata","Inga ciliata","C.Presl","173634","species","https://powo.science.kew.org/taxon/urn:lsid:ipni.org:names:128440-2","","Fabaceae","1","1","wcvp","0",""
"1770","Inga ciliata subsp. ciliata",1,"205810","Inga ciliata subsp. ciliata",1,"subspecies","","",NA,"","Fabaceae","Inga","Inga",1,"ciliata","ciliata",1,"","",NA,"subsp.","ciliata",1,"","",NA,"","","https://powo.science.kew.org/taxon/urn:lsid:ipni.org:names:77173014-1","","Y","Accepted","Inga ciliata subsp. ciliata","Inga ciliata","","205810","subspecies","https://powo.science.kew.org/taxon/urn:lsid:ipni.org:names:77173014-1","","Fabaceae","1","1","wcvp","0",""
"1771","Inga ciliata subsp. subcapitata",1,"1368927","Inga ciliata subsp. subcapitata",1,"subspecies","","",NA,"T.D.Penn.","Fabaceae","Inga","Inga",1,"ciliata","ciliata",1,"","",NA,"subsp.","subcapitata",1,"","",NA,"","","https://powo.science.kew.org/taxon/urn:lsid:ipni.org:names:313766-2","","Y","Accepted","Inga ciliata subsp. subcapitata","Inga ciliata","T.D.Penn.","1368927","subspecies","https://powo.science.kew.org/taxon/urn:lsid:ipni.org:names:313766-2","","Fabaceae","1","1","wcvp","0",""
"1772","Inga bollandii",1,"163263","Inga bollandii",1,"species","","",NA,"Sprague & Sandwith","Fabaceae","Inga","Inga",1,"bollandii","bollandii",1,"","",NA,"","",NA,"","",NA,"","","https://powo.science.kew.org/taxon/urn:lsid:ipni.org:names:128389-2","","Y","Accepted","Inga bollandii","Inga bollandii","Sprague & Sandwith","163263","species","https://powo.science.kew.org/taxon/urn:lsid:ipni.org:names:128389-2","","Fabaceae","1","1","wcvp","0",""
"1773","Inga cabelo",1,"205814","Inga cabelo",1,"species","","",NA,"T.D.Penn.","Fabaceae","Inga","Inga",1,"cabelo","cabelo",1,"","",NA,"","",NA,"","",NA,"","","https://powo.science.kew.org/taxon/urn:lsid:ipni.org:names:313767-2","","Y","Accepted","Inga cabelo","Inga cabelo","T.D.Penn.","205814","species","https://powo.science.kew.org/taxon/urn:lsid:ipni.org:names:313767-2","","Fabaceae","1","1","wcvp","0",""
"1774","Inga cookii",1,"163296","Inga cookii",1,"species","","",NA,"Pittier","Fabaceae","Inga","Inga",1,"cookii","cookii",1,"","",NA,"","",NA,"","",NA,"","","https://powo.science.kew.org/taxon/urn:lsid:ipni.org:names:128454-2","","Y","Accepted","Inga cookii","Inga cookii","Pittier","163296","species","https://powo.science.kew.org/taxon/urn:lsid:ipni.org:names:128454-2","","Fabaceae","1","1","wcvp","0",""
"1775","Inga disticha",1,"163307","Inga disticha",1,"species","","",NA,"Benth.","Fabaceae","Inga","Inga",1,"disticha","disticha",1,"","",NA,"","",NA,"","",NA,"","","https://powo.science.kew.org/taxon/urn:lsid:ipni.org:names:128468-2","","Y","Accepted","Inga disticha","Inga disticha","Benth.","163307","species","https://powo.science.kew.org/taxon/urn:lsid:ipni.org:names:128468-2","","Fabaceae","1","1","wcvp","0",""
"1776","Inga platyptera",1,"163801","Inga platyptera",1,"species","","",NA,"Benth.","Fabaceae","Inga","Inga",1,"platyptera","platyptera",1,"","",NA,"","",NA,"","",NA,"","","https://powo.science.kew.org/taxon/urn:lsid:ipni.org:names:128679-2","","Y","Accepted","Inga platyptera","Inga platyptera","Benth.","163801","species","https://powo.science.kew.org/taxon/urn:lsid:ipni.org:names:128679-2","","Fabaceae","1","1","wcvp","0",""
"1777","Inga leptantha",1,"163750","Inga leptantha",1,"species","","",NA,"Benth.","Fabaceae","Inga","Inga",1,"leptantha","leptantha",1,"","",NA,"","",NA,"","",NA,"","","https://powo.science.kew.org/taxon/urn:lsid:ipni.org:names:128578-2","","Y","Accepted","Inga leptantha","Inga leptantha","Benth.","163750","species","https://powo.science.kew.org/taxon/urn:lsid:ipni.org:names:128578-2","","Fabaceae","1","1","wcvp","0",""
"1778","Inga pseudoinvolucrata",1,"205816","Inga pseudoinvolucrata",1,"species","","",NA,"M.Sousa","Fabaceae","Inga","Inga",1,"pseudoinvolucrata","pseudoinvolucrata",1,"","",NA,"","",NA,"","",NA,"","","https://powo.science.kew.org/taxon/urn:lsid:ipni.org:names:306938-2","","Y","Accepted","Inga pseudoinvolucrata","Inga pseudoinvolucrata","M.Sousa","205816","species","https://powo.science.kew.org/taxon/urn:lsid:ipni.org:names:306938-2","","Fabaceae","1","1","wcvp","0",""
"1779","Inga bracteifera",1,"205817","Inga bracteifera",1,"species","","",NA,"N.Zamora & T.D.Penn.","Fabaceae","Inga","Inga",1,"bracteifera","bracteifera",1,"","",NA,"","",NA,"","",NA,"","","https://powo.science.kew.org/taxon/urn:lsid:ipni.org:names:313768-2","","Y","Accepted","Inga bracteifera","Inga bracteifera","N.Zamora & T.D.Penn.","205817","species","https://powo.science.kew.org/taxon/urn:lsid:ipni.org:names:313768-2","","Fabaceae","1","1","wcvp","0",""
"1780","Inga tenuiloba",1,"205818","Inga tenuiloba",1,"species","","",NA,"N.Zamora & T.D.Penn.","Fabaceae","Inga","Inga",1,"tenuiloba","tenuiloba",1,"","",NA,"","",NA,"","",NA,"","","https://powo.science.kew.org/taxon/urn:lsid:ipni.org:names:313769-2","","Y","Accepted","Inga tenuiloba","Inga tenuiloba","N.Zamora & T.D.Penn.","205818","species","https://powo.science.kew.org/taxon/urn:lsid:ipni.org:names:313769-2","","Fabaceae","1","1","wcvp","0",""
"1781","Inga suborbicularis",1,"205819","Inga suborbicularis",1,"species","","",NA,"T.D.Penn.","Fabaceae","Inga","Inga",1,"suborbicularis","suborbicularis",1,"","",NA,"","",NA,"","",NA,"","","https://powo.science.kew.org/taxon/urn:lsid:ipni.org:names:313770-2","","Y","Accepted","Inga suborbicularis","Inga suborbicularis","T.D.Penn.","205819","species","https://powo.science.kew.org/taxon/urn:lsid:ipni.org:names:313770-2","","Fabaceae","1","1","wcvp","0",""
"1782","Inga vulpina",1,"163875","Inga vulpina",1,"species","","",NA,"Mart. ex Benth.","Fabaceae","Inga","Inga",1,"vulpina","vulpina",1,"","",NA,"","",NA,"","",NA,"","","https://powo.science.kew.org/taxon/urn:lsid:ipni.org:names:500921-1","","Y","Accepted","Inga vulpina","Inga vulpina","Mart. ex Benth.","163875","species","https://powo.science.kew.org/taxon/urn:lsid:ipni.org:names:500921-1","","Fabaceae","1","1","wcvp","0",""
"1783","Inga barbata",1,"163255","Inga barbata",1,"species","","",NA,"Benth.","Fabaceae","Inga","Inga",1,"barbata","barbata",1,"","",NA,"","",NA,"","",NA,"","","https://powo.science.kew.org/taxon/urn:lsid:ipni.org:names:128379-2","","Y","Accepted","Inga barbata","Inga barbata","Benth.","163255","species","https://powo.science.kew.org/taxon/urn:lsid:ipni.org:names:128379-2","","Fabaceae","1","1","wcvp","0",""
"1784","Inga dasycarpa",1,"205820","Inga dasycarpa",1,"species","","",NA,"M.Sousa","Fabaceae","Inga","Inga",1,"dasycarpa","dasycarpa",1,"","",NA,"","",NA,"","",NA,"","","https://powo.science.kew.org/taxon/urn:lsid:ipni.org:names:303261-2","","Y","Accepted","Inga dasycarpa","Inga dasycarpa","M.Sousa","205820","species","https://powo.science.kew.org/taxon/urn:lsid:ipni.org:names:303261-2","","Fabaceae","1","1","wcvp","0",""
"1785","Inga approximata",1,"205821","Inga approximata",1,"species","","",NA,"T.D.Penn.","Fabaceae","Inga","Inga",1,"approximata","approximata",1,"","",NA,"","",NA,"","",NA,"","","https://powo.science.kew.org/taxon/urn:lsid:ipni.org:names:313771-2","","Y","Accepted","Inga approximata","Inga approximata","T.D.Penn.","205821","species","https://powo.science.kew.org/taxon/urn:lsid:ipni.org:names:313771-2","","Fabaceae","1","1","wcvp","0",""
"1786","Inga ismaelis",1,"205822","Inga ismaelis",1,"species","","",NA,"M.Sousa","Fabaceae","Inga","Inga",1,"ismaelis","ismaelis",1,"","",NA,"","",NA,"","",NA,"","","https://powo.science.kew.org/taxon/urn:lsid:ipni.org:names:306642-2","","Y","Accepted","Inga ismaelis","Inga ismaelis","M.Sousa","205822","species","https://powo.science.kew.org/taxon/urn:lsid:ipni.org:names:306642-2","","Fabaceae","1","1","wcvp","0",""
"1787","Inga hispida",1,"163341","Inga hispida",1,"species","","",NA,"Schott ex Benth.","Fabaceae","Inga","Inga",1,"hispida","hispida",1,"","",NA,"","",NA,"","",NA,"","","https://powo.science.kew.org/taxon/urn:lsid:ipni.org:names:128540-2","","Y","Accepted","Inga hispida","Inga hispida","Schott ex Benth.","163341","species","https://powo.science.kew.org/taxon/urn:lsid:ipni.org:names:128540-2","","Fabaceae","1","1","wcvp","0",""
"1788","Inga saffordiana",1,"163822","Inga saffordiana",1,"species","","",NA,"Pittier","Fabaceae","Inga","Inga",1,"saffordiana","saffordiana",1,"","",NA,"","",NA,"","",NA,"","","https://powo.science.kew.org/taxon/urn:lsid:ipni.org:names:128724-2","","Y","Accepted","Inga saffordiana","Inga saffordiana","Pittier","163822","species","https://powo.science.kew.org/taxon/urn:lsid:ipni.org:names:128724-2","","Fabaceae","1","1","wcvp","0",""
"1789","Inga japurensis",1,"205823","Inga japurensis",1,"species","","",NA,"T.D.Penn.","Fabaceae","Inga","Inga",1,"japurensis","japurensis",1,"","",NA,"","",NA,"","",NA,"","","https://powo.science.kew.org/taxon/urn:lsid:ipni.org:names:313772-2","","Y","Accepted","Inga japurensis","Inga japurensis","T.D.Penn.","205823","species","https://powo.science.kew.org/taxon/urn:lsid:ipni.org:names:313772-2","","Fabaceae","1","1","wcvp","0",""
"1790","Inga jimenezii",1,"205824","Inga jimenezii",1,"species","","",NA,"N.Zamora","Fabaceae","Inga","Inga",1,"jimenezii","jimenezii",1,"","",NA,"","",NA,"","",NA,"","","https://powo.science.kew.org/taxon/urn:lsid:ipni.org:names:278810-2","","Y","Accepted","Inga jimenezii","Inga jimenezii","N.Zamora","205824","species","https://powo.science.kew.org/taxon/urn:lsid:ipni.org:names:278810-2","","Fabaceae","1","1","wcvp","0",""
"1791","Inga villosissima",1,"163870","Inga villosissima",1,"species","","",NA,"Benth.","Fabaceae","Inga","Inga",1,"villosissima","villosissima",1,"","",NA,"","",NA,"","",NA,"","","https://powo.science.kew.org/taxon/urn:lsid:ipni.org:names:128820-2","","Y","Accepted","Inga villosissima","Inga villosissima","Benth.","163870","species","https://powo.science.kew.org/taxon/urn:lsid:ipni.org:names:128820-2","","Fabaceae","1","1","wcvp","0",""
"1792","Inga multicaulis",1,"163776","Inga multicaulis",1,"species","","",NA,"Spruce ex Benth.","Fabaceae","Inga","Inga",1,"multicaulis","multicaulis",1,"","",NA,"","",NA,"","",NA,"","","https://powo.science.kew.org/taxon/urn:lsid:ipni.org:names:128627-2","","Y","Accepted","Inga multicaulis","Inga multicaulis","Spruce ex Benth.","163776","species","https://powo.science.kew.org/taxon/urn:lsid:ipni.org:names:128627-2","","Fabaceae","1","1","wcvp","0",""
"1793","Inga leonis",1,"205825","Inga leonis",1,"species","","",NA,"N.Zamora","Fabaceae","Inga","Inga",1,"leonis","leonis",1,"","",NA,"","",NA,"","",NA,"","","https://powo.science.kew.org/taxon/urn:lsid:ipni.org:names:278811-2","","Y","Accepted","Inga leonis","Inga leonis","N.Zamora","205825","species","https://powo.science.kew.org/taxon/urn:lsid:ipni.org:names:278811-2","","Fabaceae","1","1","wcvp","0",""
"1794","Inga setosa",1,"163831","Inga setosa",1,"species","","",NA,"G.Don","Fabaceae","Inga","Inga",1,"setosa","setosa",1,"","",NA,"","",NA,"","",NA,"","","https://powo.science.kew.org/taxon/urn:lsid:ipni.org:names:128746-2","","Y","Accepted","Inga setosa","Inga setosa","G.Don","163831","species","https://powo.science.kew.org/taxon/urn:lsid:ipni.org:names:128746-2","","Fabaceae","1","1","wcvp","0",""
"1795","Inga tonduzii",1,"163860","Inga tonduzii",1,"species","","",NA,"Donn.Sm.","Fabaceae","Inga","Inga",1,"tonduzii","tonduzii",1,"","",NA,"","",NA,"","",NA,"","","https://powo.science.kew.org/taxon/urn:lsid:ipni.org:names:128793-2","","Y","Accepted","Inga tonduzii","Inga tonduzii","Donn.Sm.","163860","species","https://powo.science.kew.org/taxon/urn:lsid:ipni.org:names:128793-2","","Fabaceae","1","1","wcvp","0",""
"1796","Inga fastuosa",1,"171466","Inga fastuosa",1,"species","","",NA,"(Jacq.) Willd.","Fabaceae","Inga","Inga",1,"fastuosa","fastuosa",1,"","",NA,"","",NA,"","",NA,"","","https://powo.science.kew.org/taxon/urn:lsid:ipni.org:names:1040744-2","","Y","Accepted","Inga fastuosa","Inga fastuosa","(Jacq.) Willd.","171466","species","https://powo.science.kew.org/taxon/urn:lsid:ipni.org:names:1040744-2","","Fabaceae","1","1","wcvp","0",""
"1797","Inga megalobotrys",1,"205827","Inga megalobotrys",1,"species","","",NA,"T.D.Penn.","Fabaceae","Inga","Inga",1,"megalobotrys","megalobotrys",1,"","",NA,"","",NA,"","",NA,"","","https://powo.science.kew.org/taxon/urn:lsid:ipni.org:names:313774-2","","Y","Accepted","Inga megalobotrys","Inga megalobotrys","T.D.Penn.","205827","species","https://powo.science.kew.org/taxon/urn:lsid:ipni.org:names:313774-2","","Fabaceae","1","1","wcvp","0",""
"1798","Inga fosteriana",1,"205828","Inga fosteriana",1,"species","","",NA,"T.D.Penn.","Fabaceae","Inga","Inga",1,"fosteriana","fosteriana",1,"","",NA,"","",NA,"","",NA,"","","https://powo.science.kew.org/taxon/urn:lsid:ipni.org:names:313775-2","","Y","Accepted","Inga fosteriana","Inga fosteriana","T.D.Penn.","205828","species","https://powo.science.kew.org/taxon/urn:lsid:ipni.org:names:313775-2","","Fabaceae","1","1","wcvp","0",""
"1799","Inga grandis",1,"205829","Inga grandis",1,"species","","",NA,"T.D.Penn.","Fabaceae","Inga","Inga",1,"grandis","grandis",1,"","",NA,"","",NA,"","",NA,"","","https://powo.science.kew.org/taxon/urn:lsid:ipni.org:names:313777-2","","Y","Accepted","Inga grandis","Inga grandis","T.D.Penn.","205829","species","https://powo.science.kew.org/taxon/urn:lsid:ipni.org:names:313777-2","","Fabaceae","1","1","wcvp","0",""
"1800","Inga pluricarpellata",1,"205830","Inga pluricarpellata",1,"species","","",NA,"T.D.Penn.","Fabaceae","Inga","Inga",1,"pluricarpellata","pluricarpellata",1,"","",NA,"","",NA,"","",NA,"","","https://powo.science.kew.org/taxon/urn:lsid:ipni.org:names:313778-2","","Y","Accepted","Inga pluricarpellata","Inga pluricarpellata","T.D.Penn.","205830","species","https://powo.science.kew.org/taxon/urn:lsid:ipni.org:names:313778-2","","Fabaceae","1","1","wcvp","0",""
"1801","Inga steinbachii",1,"163840","Inga steinbachii",1,"species","","",NA,"Harms","Fabaceae","Inga","Inga",1,"steinbachii","steinbachii",1,"","",NA,"","",NA,"","",NA,"","","https://powo.science.kew.org/taxon/urn:lsid:ipni.org:names:128760-2","","Y","Accepted","Inga steinbachii","Inga steinbachii","Harms","163840","species","https://powo.science.kew.org/taxon/urn:lsid:ipni.org:names:128760-2","","Fabaceae","1","1","wcvp","0",""
"1802","Inga goldmanii",1,"163326","Inga goldmanii",1,"species","","",NA,"Pittier","Fabaceae","Inga","Inga",1,"goldmanii","goldmanii",1,"","",NA,"","",NA,"","",NA,"","","https://powo.science.kew.org/taxon/urn:lsid:ipni.org:names:128516-2","","Y","Accepted","Inga goldmanii","Inga goldmanii","Pittier","163326","species","https://powo.science.kew.org/taxon/urn:lsid:ipni.org:names:128516-2","","Fabaceae","1","1","wcvp","0",""
"1803","Inga canonegrensis",1,"205831","Inga canonegrensis",1,"species","","",NA,"N.Zamora & T.D.Penn.","Fabaceae","Inga","Inga",1,"canonegrensis","canonegrensis",1,"","",NA,"","",NA,"","",NA,"","","https://powo.science.kew.org/taxon/urn:lsid:ipni.org:names:313779-2","","Y","Accepted","Inga canonegrensis","Inga canonegrensis","N.Zamora & T.D.Penn.","205831","species","https://powo.science.kew.org/taxon/urn:lsid:ipni.org:names:313779-2","","Fabaceae","1","1","wcvp","0",""
"1804","Inga davidsei",1,"205832","Inga davidsei",1,"species","","",NA,"M.Sousa","Fabaceae","Inga","Inga",1,"davidsei","davidsei",1,"","",NA,"","",NA,"","",NA,"","","https://powo.science.kew.org/taxon/urn:lsid:ipni.org:names:303889-2","","Y","Accepted","Inga davidsei","Inga davidsei","M.Sousa","205832","species","https://powo.science.kew.org/taxon/urn:lsid:ipni.org:names:303889-2","","Fabaceae","1","1","wcvp","0",""
"1805","Inga sessilis",1,"171478","Inga sessilis",1,"species","","",NA,"Mart.","Fabaceae","Inga","Inga",1,"sessilis","sessilis",1,"","",NA,"","",NA,"","",NA,"","","https://powo.science.kew.org/taxon/urn:lsid:ipni.org:names:1102067-2","","Y","Accepted","Inga sessilis","Inga sessilis","Mart.","171478","species","https://powo.science.kew.org/taxon/urn:lsid:ipni.org:names:1102067-2","","Fabaceae","1","1","wcvp","0",""
"1806","Inga spiralis",1,"177545","Inga spiralis",1,"species","","",NA,"Liesner & D'Arcy","Fabaceae","Inga","Inga",1,"spiralis","spiralis",1,"","",NA,"","",NA,"","",NA,"","","https://powo.science.kew.org/taxon/urn:lsid:ipni.org:names:278820-2","","Y","Accepted","Inga spiralis","Inga spiralis","Liesner & D'Arcy","177545","species","https://powo.science.kew.org/taxon/urn:lsid:ipni.org:names:278820-2","","Fabaceae","1","1","wcvp","0",""
"1807","Inga litoralis",1,"205833","Inga litoralis",1,"species","","",NA,"N.Zamora","Fabaceae","Inga","Inga",1,"litoralis","litoralis",1,"","",NA,"","",NA,"","",NA,"","","https://powo.science.kew.org/taxon/urn:lsid:ipni.org:names:959003-1","","Y","Accepted","Inga litoralis","Inga litoralis","N.Zamora","205833","species","https://powo.science.kew.org/taxon/urn:lsid:ipni.org:names:959003-1","","Fabaceae","1","1","wcvp","0",""
"1808","Inga calderonii",1,"182247","Inga calderonii",1,"species","","",NA,"Standl.","Fabaceae","Inga","Inga",1,"calderonii","calderonii",1,"","",NA,"","",NA,"","",NA,"","","https://powo.science.kew.org/taxon/urn:lsid:ipni.org:names:128408-2","","Y","Accepted","Inga calderonii","Inga calderonii","Standl.","182247","species","https://powo.science.kew.org/taxon/urn:lsid:ipni.org:names:128408-2","","Fabaceae","1","1","wcvp","0",""
"1809","Inga herrerae",1,"205834","Inga herrerae",1,"species","","",NA,"N.Zamora","Fabaceae","Inga","Inga",1,"herrerae","herrerae",1,"","",NA,"","",NA,"","",NA,"","","https://powo.science.kew.org/taxon/urn:lsid:ipni.org:names:278808-2","","Y","Accepted","Inga herrerae","Inga herrerae","N.Zamora","205834","species","https://powo.science.kew.org/taxon/urn:lsid:ipni.org:names:278808-2","","Fabaceae","1","1","wcvp","0",""
"1810","Inga chiapensis",1,"205835","Inga chiapensis",1,"species","","",NA,"Miranda ex M.Sousa","Fabaceae","Inga","Inga",1,"chiapensis","chiapensis",1,"","",NA,"","",NA,"","",NA,"","","https://powo.science.kew.org/taxon/urn:lsid:ipni.org:names:304148-2","","Y","Accepted","Inga chiapensis","Inga chiapensis","Miranda ex M.Sousa","205835","species","https://powo.science.kew.org/taxon/urn:lsid:ipni.org:names:304148-2","","Fabaceae","1","1","wcvp","0",""
"1811","Inga fendleriana",1,"163321","Inga fendleriana",1,"species","","",NA,"Benth.","Fabaceae","Inga","Inga",1,"fendleriana","fendleriana",1,"","",NA,"","",NA,"","",NA,"","","https://powo.science.kew.org/taxon/urn:lsid:ipni.org:names:500432-1","","Y","Accepted","Inga fendleriana","Inga fendleriana","Benth.","163321","species","https://powo.science.kew.org/taxon/urn:lsid:ipni.org:names:500432-1","","Fabaceae","1","1","wcvp","0",""
"1812","Inga sierrae",1,"163832","Inga sierrae",1,"species","","",NA,"Britton & Killip","Fabaceae","Inga","Inga",1,"sierrae","sierrae",1,"","",NA,"","",NA,"","",NA,"","","https://powo.science.kew.org/taxon/urn:lsid:ipni.org:names:128854-2","","Y","Accepted","Inga sierrae","Inga sierrae","Britton & Killip","163832","species","https://powo.science.kew.org/taxon/urn:lsid:ipni.org:names:128854-2","","Fabaceae","1","1","wcvp","0",""
"1813","Inga macrantha",1,"1038278","Inga macrantha",1,"species","","",NA,"J.R.Johnst.","Fabaceae","Inga","Inga",1,"macrantha","macrantha",1,"","",NA,"","",NA,"","",NA,"","","https://powo.science.kew.org/taxon/urn:lsid:ipni.org:names:128595-2","","Y","Accepted","Inga macrantha","Inga macrantha","J.R.Johnst.","1038278","species","https://powo.science.kew.org/taxon/urn:lsid:ipni.org:names:128595-2","","Fabaceae","1","1","wcvp","0",""
"1814","Inga exalata",1,"162469","Inga exalata",1,"species","","",NA,"T.S.Elias","Fabaceae","Inga","Inga",1,"exalata","exalata",1,"","",NA,"","",NA,"","",NA,"","","https://powo.science.kew.org/taxon/urn:lsid:ipni.org:names:128494-2","","Y","Accepted","Inga exalata","Inga exalata","T.S.Elias","162469","species","https://powo.science.kew.org/taxon/urn:lsid:ipni.org:names:128494-2","","Fabaceae","1","1","wcvp","0",""
"1815","Inga exalata subsp. exalata",0.59957384396743,"162469","Inga exalata",0.59957384396743,"species","","",NA,"T.S.Elias","Fabaceae","Inga","Inga",1,"exalata","exalata",1,"","",NA,"","",NA,"","",NA,"","subsp. exalata","https://powo.science.kew.org/taxon/urn:lsid:ipni.org:names:128494-2","","Y","Accepted","Inga exalata","Inga exalata","T.S.Elias","162469","species","https://powo.science.kew.org/taxon/urn:lsid:ipni.org:names:128494-2","","Fabaceae","1","1","wcvp","1","[Partial]"
"1816","Inga exalata subsp. umbilicata",1,"1368928","Inga exalata subsp. umbilicata",1,"subspecies","","",NA,"N.Zamora & T.D.Penn.","Fabaceae","Inga","Inga",1,"exalata","exalata",1,"","",NA,"subsp.","umbilicata",1,"","",NA,"","","https://powo.science.kew.org/taxon/urn:lsid:ipni.org:names:313781-2","","Y","Synonym","Inga umbilicata","Inga umbilicata","(N.Zamora & T.D.Penn.) N.Zamora","1642401","species","https://powo.science.kew.org/taxon/urn:lsid:ipni.org:names:77221963-1","","Fabaceae","1","1","wcvp","0",""
"1817","Inga extra-nodis",1,"205838","Inga extra-nodis",1,"species","","",NA,"T.D.Penn.","Fabaceae","Inga","Inga",1,"extra-nodis","extra-nodis",1,"","",NA,"","",NA,"","",NA,"","","https://powo.science.kew.org/taxon/urn:lsid:ipni.org:names:313782-2","","Y","Accepted","Inga extra-nodis","Inga extra-nodis","T.D.Penn.","205838","species","https://powo.science.kew.org/taxon/urn:lsid:ipni.org:names:313782-2","","Fabaceae","1","1","wcvp","0",""
"1818","Inga cabrerae",1,"205839","Inga cabrerae",1,"species","","",NA,"M.Sousa","Fabaceae","Inga","Inga",1,"cabrerae","cabrerae",1,"","",NA,"","",NA,"","",NA,"","","https://powo.science.kew.org/taxon/urn:lsid:ipni.org:names:301703-2","","Y","Accepted","Inga cabrerae","Inga cabrerae","M.Sousa","205839","species","https://powo.science.kew.org/taxon/urn:lsid:ipni.org:names:301703-2","","Fabaceae","1","1","wcvp","0",""
"1819","Inga hayesii",1,"176087","Inga hayesii",1,"species","","",NA,"Benth.","Fabaceae","Inga","Inga",1,"hayesii","hayesii",1,"","",NA,"","",NA,"","",NA,"","","https://powo.science.kew.org/taxon/urn:lsid:ipni.org:names:128532-2","","Y","Accepted","Inga hayesii","Inga hayesii","Benth.","176087","species","https://powo.science.kew.org/taxon/urn:lsid:ipni.org:names:128532-2","","Fabaceae","1","1","wcvp","0",""
"1820","Inga rubiginosa",1,"180440","Inga rubiginosa",1,"species","","",NA,"(Rich.) DC.","Fabaceae","Inga","Inga",1,"rubiginosa","rubiginosa",1,"","",NA,"","",NA,"","",NA,"","","https://powo.science.kew.org/taxon/urn:lsid:ipni.org:names:1068738-2","","Y","Accepted","Inga rubiginosa","Inga rubiginosa","(Rich.) DC.","180440","species","https://powo.science.kew.org/taxon/urn:lsid:ipni.org:names:1068738-2","","Fabaceae","1","1","wcvp","0",""
"1821","Inga cayennensis",1,"163285","Inga cayennensis",1,"species","","",NA,"Sagot ex Benth.","Fabaceae","Inga","Inga",1,"cayennensis","cayennensis",1,"","",NA,"","",NA,"","",NA,"","","https://powo.science.kew.org/taxon/urn:lsid:ipni.org:names:128427-2","","Y","Accepted","Inga cayennensis","Inga cayennensis","Sagot ex Benth.","163285","species","https://powo.science.kew.org/taxon/urn:lsid:ipni.org:names:128427-2","","Fabaceae","1","1","wcvp","0",""
"1822","Inga sinacae",1,"205840","Inga sinacae",1,"species","","",NA,"M.Sousa & Ibarra-Manr.","Fabaceae","Inga","Inga",1,"sinacae","sinacae",1,"","",NA,"","",NA,"","",NA,"","","https://powo.science.kew.org/taxon/urn:lsid:ipni.org:names:968922-1","","Y","Accepted","Inga sinacae","Inga sinacae","M.Sousa & Ibarra-Manr.","205840","species","https://powo.science.kew.org/taxon/urn:lsid:ipni.org:names:968922-1","","Fabaceae","1","1","wcvp","0",""
"1823","Inga poeppigiana",1,"163803","Inga poeppigiana",1,"species","","",NA,"Benth.","Fabaceae","Inga","Inga",1,"poeppigiana","poeppigiana",1,"","",NA,"","",NA,"","",NA,"","","https://powo.science.kew.org/taxon/urn:lsid:ipni.org:names:128681-2","","Y","Accepted","Inga poeppigiana","Inga poeppigiana","Benth.","163803","species","https://powo.science.kew.org/taxon/urn:lsid:ipni.org:names:128681-2","","Fabaceae","1","1","wcvp","0",""
"1824","Inga calanthoides",1,"163278","Inga calanthoides",1,"species","","",NA,"Amshoff","Fabaceae","Inga","Inga",1,"calanthoides","calanthoides",1,"","",NA,"","",NA,"","",NA,"","","https://powo.science.kew.org/taxon/urn:lsid:ipni.org:names:128406-2","","Y","Accepted","Inga calanthoides","Inga calanthoides","Amshoff","163278","species","https://powo.science.kew.org/taxon/urn:lsid:ipni.org:names:128406-2","","Fabaceae","1","1","wcvp","0",""
"1825","Inga calcicola",1,"205841","Inga calcicola",1,"species","","",NA,"M.Sousa","Fabaceae","Inga","Inga",1,"calcicola","calcicola",1,"","",NA,"","",NA,"","",NA,"","","https://powo.science.kew.org/taxon/urn:lsid:ipni.org:names:305411-2","","Y","Accepted","Inga calcicola","Inga calcicola","M.Sousa","205841","species","https://powo.science.kew.org/taxon/urn:lsid:ipni.org:names:305411-2","","Fabaceae","1","1","wcvp","0",""
"1826","Inga calantha",1,"163277","Inga calantha",1,"species","","",NA,"Ducke","Fabaceae","Inga","Inga",1,"calantha","calantha",1,"","",NA,"","",NA,"","",NA,"","","https://powo.science.kew.org/taxon/urn:lsid:ipni.org:names:128405-2","","Y","Accepted","Inga calantha","Inga calantha","Ducke","163277","species","https://powo.science.kew.org/taxon/urn:lsid:ipni.org:names:128405-2","","Fabaceae","1","1","wcvp","0",""
"1827","Inga micradenia",1,"163771","Inga micradenia",1,"species","","",NA,"Spruce ex Benth.","Fabaceae","Inga","Inga",1,"micradenia","micradenia",1,"","",NA,"","",NA,"","",NA,"","","https://powo.science.kew.org/taxon/urn:lsid:ipni.org:names:128613-2","","Y","Accepted","Inga micradenia","Inga micradenia","Spruce ex Benth.","163771","species","https://powo.science.kew.org/taxon/urn:lsid:ipni.org:names:128613-2","","Fabaceae","1","1","wcvp","0",""
"1828","Inga grandiflora",1,"202506","Inga grandiflora",1,"species","","",NA,"Wall.","Fabaceae","Inga","Inga",1,"grandiflora","grandiflora",1,"","",NA,"","",NA,"","",NA,"","","https://powo.science.kew.org/taxon/urn:lsid:ipni.org:names:500472-1","","Y","Invalid","Serianthes grandiflora","Serianthes grandiflora","Benth.","183346","species","https://powo.science.kew.org/taxon/urn:lsid:ipni.org:names:518385-1","","Fabaceae","1","3","wcvp","4","[HigherTaxa]"
"1829","Inga suberosa",1,"205842","Inga suberosa",1,"species","","",NA,"T.D.Penn.","Fabaceae","Inga","Inga",1,"suberosa","suberosa",1,"","",NA,"","",NA,"","",NA,"","","https://powo.science.kew.org/taxon/urn:lsid:ipni.org:names:313785-2","","Y","Accepted","Inga suberosa","Inga suberosa","T.D.Penn.","205842","species","https://powo.science.kew.org/taxon/urn:lsid:ipni.org:names:313785-2","","Fabaceae","1","1","wcvp","0",""
"1830","Inga velutina",1,"163866","Inga velutina",1,"species","","",NA,"Willd.","Fabaceae","Inga","Inga",1,"velutina","velutina",1,"","",NA,"","",NA,"","",NA,"","","https://powo.science.kew.org/taxon/urn:lsid:ipni.org:names:128810-2","","Y","Accepted","Inga velutina","Inga velutina","Willd.","163866","species","https://powo.science.kew.org/taxon/urn:lsid:ipni.org:names:128810-2","","Fabaceae","1","1","wcvp","0",""
"1831","Inga pruriens",1,"163806","Inga pruriens",1,"species","","",NA,"Poepp.","Fabaceae","Inga","Inga",1,"pruriens","pruriens",1,"","",NA,"","",NA,"","",NA,"","","https://powo.science.kew.org/taxon/urn:lsid:ipni.org:names:128687-2","","Y","Accepted","Inga pruriens","Inga pruriens","Poepp.","163806","species","https://powo.science.kew.org/taxon/urn:lsid:ipni.org:names:128687-2","","Fabaceae","1","1","wcvp","0",""
"1832","Inga plumifera",1,"163802","Inga plumifera",1,"species","","",NA,"Spruce ex Benth.","Fabaceae","Inga","Inga",1,"plumifera","plumifera",1,"","",NA,"","",NA,"","",NA,"","","https://powo.science.kew.org/taxon/urn:lsid:ipni.org:names:128680-2","","Y","Accepted","Inga plumifera","Inga plumifera","Spruce ex Benth.","163802","species","https://powo.science.kew.org/taxon/urn:lsid:ipni.org:names:128680-2","","Fabaceae","1","1","wcvp","0",""
"1833","Inga expansa",1,"165883","Inga expansa",1,"species","","",NA,"Rusby","Fabaceae","Inga","Inga",1,"expansa","expansa",1,"","",NA,"","",NA,"","",NA,"","","https://powo.science.kew.org/taxon/urn:lsid:ipni.org:names:128496-2","","Y","Accepted","Inga expansa","Inga expansa","Rusby","165883","species","https://powo.science.kew.org/taxon/urn:lsid:ipni.org:names:128496-2","","Fabaceae","1","1","wcvp","0",""
"1834","Inga lomatophylla",1,"180076","Inga lomatophylla",1,"species","","",NA,"(Benth.) Pittier","Fabaceae","Inga","Inga",1,"lomatophylla","lomatophylla",1,"","",NA,"","",NA,"","",NA,"","","https://powo.science.kew.org/taxon/urn:lsid:ipni.org:names:128584-2","","Y","Accepted","Inga lomatophylla","Inga lomatophylla","(Benth.) Pittier","180076","species","https://powo.science.kew.org/taxon/urn:lsid:ipni.org:names:128584-2","","Fabaceae","1","1","wcvp","0",""
"1835","Inga blanchetiana",1,"163260","Inga blanchetiana",1,"species","","",NA,"Benth.","Fabaceae","Inga","Inga",1,"blanchetiana","blanchetiana",1,"","",NA,"","",NA,"","",NA,"","","https://powo.science.kew.org/taxon/urn:lsid:ipni.org:names:128386-2","","Y","Accepted","Inga blanchetiana","Inga blanchetiana","Benth.","163260","species","https://powo.science.kew.org/taxon/urn:lsid:ipni.org:names:128386-2","","Fabaceae","1","1","wcvp","0",""
"1836","Inga stipulacea",1,"163846","Inga stipulacea",1,"species","","",NA,"G.Don","Fabaceae","Inga","Inga",1,"stipulacea","stipulacea",1,"","",NA,"","",NA,"","",NA,"","","https://powo.science.kew.org/taxon/urn:lsid:ipni.org:names:128767-2","","Y","Accepted","Inga stipulacea","Inga stipulacea","G.Don","163846","species","https://powo.science.kew.org/taxon/urn:lsid:ipni.org:names:128767-2","","Fabaceae","1","1","wcvp","0",""
"1837","Inga obtusata",1,"163785","Inga obtusata",1,"species","","",NA,"Spruce ex Benth.","Fabaceae","Inga","Inga",1,"obtusata","obtusata",1,"","",NA,"","",NA,"","",NA,"","","https://powo.science.kew.org/taxon/urn:lsid:ipni.org:names:128644-2","","Y","Accepted","Inga obtusata","Inga obtusata","Spruce ex Benth.","163785","species","https://powo.science.kew.org/taxon/urn:lsid:ipni.org:names:128644-2","","Fabaceae","1","1","wcvp","0",""
"1838","Inga longiflora",1,"163754","Inga longiflora",1,"species","","",NA,"Spruce ex Benth.","Fabaceae","Inga","Inga",1,"longiflora","longiflora",1,"","",NA,"","",NA,"","",NA,"","","https://powo.science.kew.org/taxon/urn:lsid:ipni.org:names:128586-2","","Y","Accepted","Inga longiflora","Inga longiflora","Spruce ex Benth.","163754","species","https://powo.science.kew.org/taxon/urn:lsid:ipni.org:names:128586-2","","Fabaceae","1","1","wcvp","0",""
"1839","Inga mucuna",1,"171470","Inga mucuna",1,"species","","",NA,"Walp.","Fabaceae","Inga","Inga",1,"mucuna","mucuna",1,"","",NA,"","",NA,"","",NA,"","","https://powo.science.kew.org/taxon/urn:lsid:ipni.org:names:500629-1","","Y","Accepted","Inga mucuna","Inga mucuna","Walp.","171470","species","https://powo.science.kew.org/taxon/urn:lsid:ipni.org:names:500629-1","","Fabaceae","1","1","wcvp","0",""
"1840","Inga caudata",1,"163284","Inga caudata",1,"species","","",NA,"Killip","Fabaceae","Inga","Inga",1,"caudata","caudata",1,"","",NA,"","",NA,"","",NA,"","","https://powo.science.kew.org/taxon/urn:lsid:ipni.org:names:128425-2","","Y","Accepted","Inga caudata","Inga caudata","Killip","163284","species","https://powo.science.kew.org/taxon/urn:lsid:ipni.org:names:128425-2","","Fabaceae","1","1","wcvp","0",""
"1841","Inga aptera",1,"205843","Inga aptera",1,"species","","",NA,"(Vinha) T.D.Penn.","Fabaceae","Inga","Inga",1,"aptera","aptera",1,"","",NA,"","",NA,"","",NA,"","","https://powo.science.kew.org/taxon/urn:lsid:ipni.org:names:1023848-2","","Y","Accepted","Inga aptera","Inga aptera","(Vinha) T.D.Penn.","205843","species","https://powo.science.kew.org/taxon/urn:lsid:ipni.org:names:1023848-2","","Fabaceae","1","1","wcvp","0",""
"1842","Inga congesta",1,"205845","Inga congesta",1,"species","","",NA,"T.D.Penn.","Fabaceae","Inga","Inga",1,"congesta","congesta",1,"","",NA,"","",NA,"","",NA,"","","https://powo.science.kew.org/taxon/urn:lsid:ipni.org:names:994686-1","","Y","Accepted","Inga congesta","Inga congesta","T.D.Penn.","205845","species","https://powo.science.kew.org/taxon/urn:lsid:ipni.org:names:994686-1","","Fabaceae","1","1","wcvp","0",""
"1843","Inga pleiogyna",1,"205846","Inga pleiogyna",1,"species","","",NA,"T.D.Penn.","Fabaceae","Inga","Inga",1,"pleiogyna","pleiogyna",1,"","",NA,"","",NA,"","",NA,"","","https://powo.science.kew.org/taxon/urn:lsid:ipni.org:names:994687-1","","Y","Accepted","Inga pleiogyna","Inga pleiogyna","T.D.Penn.","205846","species","https://powo.science.kew.org/taxon/urn:lsid:ipni.org:names:994687-1","","Fabaceae","1","1","wcvp","0",""
"1844","Inga grazielae",1,"205848","Inga grazielae",1,"species","","",NA,"(Vinha) T.D.Penn.","Fabaceae","Inga","Inga",1,"grazielae","grazielae",1,"","",NA,"","",NA,"","",NA,"","","https://powo.science.kew.org/taxon/urn:lsid:ipni.org:names:1012531-1","","Y","Accepted","Inga grazielae","Inga grazielae","(Vinha) T.D.Penn.","205848","species","https://powo.science.kew.org/taxon/urn:lsid:ipni.org:names:1012531-1","","Fabaceae","1","1","wcvp","0",""
"1845","Inga edwallii",1,"205850","Inga edwallii",1,"species","","",NA,"(Harms) T.D.Penn.","Fabaceae","Inga","Inga",1,"edwallii","edwallii",1,"","",NA,"","",NA,"","",NA,"","","https://powo.science.kew.org/taxon/urn:lsid:ipni.org:names:994688-1","","Y","Accepted","Inga edwallii","Inga edwallii","(Harms) T.D.Penn.","205850","species","https://powo.science.kew.org/taxon/urn:lsid:ipni.org:names:994688-1","","Fabaceae","1","1","wcvp","0",""
"1846","Inga globularis",1,"205855","Inga globularis",1,"species","","",NA,"T.D.Penn.","Fabaceae","Inga","Inga",1,"globularis","globularis",1,"","",NA,"","",NA,"","",NA,"","","https://powo.science.kew.org/taxon/urn:lsid:ipni.org:names:994689-1","","Y","Accepted","Inga globularis","Inga globularis","T.D.Penn.","205855","species","https://powo.science.kew.org/taxon/urn:lsid:ipni.org:names:994689-1","","Fabaceae","1","1","wcvp","0",""
"1847","Inga pedunculata",1,"205856","Inga pedunculata",1,"species","","",NA,"(Vinha) T.D.Penn.","Fabaceae","Inga","Inga",1,"pedunculata","pedunculata",1,"","",NA,"","",NA,"","",NA,"","","https://powo.science.kew.org/taxon/urn:lsid:ipni.org:names:1180734-2","","Y","Accepted","Inga pedunculata","Inga pedunculata","(Vinha) T.D.Penn.","205856","species","https://powo.science.kew.org/taxon/urn:lsid:ipni.org:names:1180734-2","","Fabaceae","1","1","wcvp","0",""
"1848","Inga cardozana",1,"205857","Inga cardozana",1,"species","","",NA,"L.Cárdenas","Fabaceae","Inga","Inga",1,"cardozana","cardozana",1,"","",NA,"","",NA,"","",NA,"","","https://powo.science.kew.org/taxon/urn:lsid:ipni.org:names:301676-2","","Y","Accepted","Inga cardozana","Inga cardozana","L.Cárdenas","205857","species","https://powo.science.kew.org/taxon/urn:lsid:ipni.org:names:301676-2","","Fabaceae","1","1","wcvp","0",""
"1849","Inga pauciflora",1,"171474","Inga pauciflora",1,"species","","",NA,"Walp. & Duchass.","Fabaceae","Inga","Inga",1,"pauciflora","pauciflora",1,"","",NA,"","",NA,"","",NA,"","","https://powo.science.kew.org/taxon/urn:lsid:ipni.org:names:500682-1","","Y","Accepted","Inga pauciflora","Inga pauciflora","Walp. & Duchass.","171474","species","https://powo.science.kew.org/taxon/urn:lsid:ipni.org:names:500682-1","","Fabaceae","1","1","wcvp","0",""
"1850","Inga balsapambensis",1,"205859","Inga balsapambensis",1,"species","","",NA,"T.D.Penn.","Fabaceae","Inga","Inga",1,"balsapambensis","balsapambensis",1,"","",NA,"","",NA,"","",NA,"","","https://powo.science.kew.org/taxon/urn:lsid:ipni.org:names:313862-2","","Y","Accepted","Inga balsapambensis","Inga balsapambensis","T.D.Penn.","205859","species","https://powo.science.kew.org/taxon/urn:lsid:ipni.org:names:313862-2","","Fabaceae","1","1","wcvp","0",""
"1851","Inga saltensis",1,"163823","Inga saltensis",1,"species","","",NA,"Burkart","Fabaceae","Inga","Inga",1,"saltensis","saltensis",1,"","",NA,"","",NA,"","",NA,"","","https://powo.science.kew.org/taxon/urn:lsid:ipni.org:names:128725-2","","Y","Accepted","Inga saltensis","Inga saltensis","Burkart","163823","species","https://powo.science.kew.org/taxon/urn:lsid:ipni.org:names:128725-2","","Fabaceae","1","1","wcvp","0",""
"1852","Inga cocleensis",1,"163292","Inga cocleensis",1,"species","","",NA,"Pittier","Fabaceae","Inga","Inga",1,"cocleensis","cocleensis",1,"","",NA,"","",NA,"","",NA,"","","https://powo.science.kew.org/taxon/urn:lsid:ipni.org:names:128446-2","","Y","Accepted","Inga cocleensis","Inga cocleensis","Pittier","163292","species","https://powo.science.kew.org/taxon/urn:lsid:ipni.org:names:128446-2","","Fabaceae","1","1","wcvp","0",""
"1853","Inga ornata",1,"173644","Inga ornata",1,"species","","",NA,"Kunth","Fabaceae","Inga","Inga",1,"ornata","ornata",1,"","",NA,"","",NA,"","",NA,"","","https://powo.science.kew.org/taxon/urn:lsid:ipni.org:names:500662-1","","Y","Accepted","Inga ornata","Inga ornata","Kunth","173644","species","https://powo.science.kew.org/taxon/urn:lsid:ipni.org:names:500662-1","","Fabaceae","1","1","wcvp","0",""
"1854","Inga duquei",1,"163313","Inga duquei",1,"species","","",NA,"Harms","Fabaceae","Inga","Inga",1,"duquei","duquei",1,"","",NA,"","",NA,"","",NA,"","","https://powo.science.kew.org/taxon/urn:lsid:ipni.org:names:128476-2","","Y","Synonym","Inga ursi","Inga ursi","Pittier","163865","species","https://powo.science.kew.org/taxon/urn:lsid:ipni.org:names:128808-2","","Fabaceae","1","1","wcvp","0",""
"1855","Inga vera",1,"171482","Inga vera",1,"species","","",NA,"Willd.","Fabaceae","Inga","Inga",1,"vera","vera",1,"","",NA,"","",NA,"","",NA,"","","https://powo.science.kew.org/taxon/urn:lsid:ipni.org:names:1006087-2","","Y","Accepted","Inga vera","Inga vera","Willd.","171482","species","https://powo.science.kew.org/taxon/urn:lsid:ipni.org:names:1006087-2","","Fabaceae","1","1","wcvp","0",""
"1856","Inga vera subsp. vera",1,"177535","Inga vera subsp. vera",1,"subspecies","","",NA,"","Fabaceae","Inga","Inga",1,"vera","vera",1,"","",NA,"subsp.","vera",1,"","",NA,"","","https://powo.science.kew.org/taxon/urn:lsid:ipni.org:names:77173196-1","","Y","Accepted","Inga vera subsp. vera","Inga vera","","177535","subspecies","https://powo.science.kew.org/taxon/urn:lsid:ipni.org:names:77173196-1","","Fabaceae","1","1","wcvp","0",""
"1857","Inga vera subsp. affinis",1,"205862","Inga vera subsp. affinis",1,"subspecies","","",NA,"(Dc.) T.D.Penn.","Fabaceae","Inga","Inga",1,"vera","vera",1,"","",NA,"subsp.","affinis",1,"","",NA,"","","https://powo.science.kew.org/taxon/urn:lsid:ipni.org:names:994692-1","","Y","Synonym","Inga affinis","Inga affinis","DC.","163239","species","https://powo.science.kew.org/taxon/urn:lsid:ipni.org:names:128358-2","","Fabaceae","1","1","wcvp","0",""
"1858","Inga vera subsp. eriocarpa",1,"175899","Inga vera subsp. eriocarpa",1,"subspecies","","",NA,"(Benth.) J.León","Fabaceae","Inga","Inga",1,"vera","vera",1,"","",NA,"subsp.","eriocarpa",1,"","",NA,"","","https://powo.science.kew.org/taxon/urn:lsid:ipni.org:names:128813-2","","Y","Accepted","Inga vera subsp. eriocarpa","Inga vera","(Benth.) J.León","175899","subspecies","https://powo.science.kew.org/taxon/urn:lsid:ipni.org:names:128813-2","","Fabaceae","1","1","wcvp","0",""
"1859","Inga ingoides",1,"171468","Inga ingoides",1,"species","","",NA,"(Rich.) Willd.","Fabaceae","Inga","Inga",1,"ingoides","ingoides",1,"","",NA,"","",NA,"","",NA,"","","https://powo.science.kew.org/taxon/urn:lsid:ipni.org:names:1131764-2","","Y","Accepted","Inga ingoides","Inga ingoides","(Rich.) Willd.","171468","species","https://powo.science.kew.org/taxon/urn:lsid:ipni.org:names:1131764-2","","Fabaceae","1","1","wcvp","0",""
"1860","Inga adenophyila",0.98599670627294,"163238","Inga adenophylla",0.98599670627294,"species","","",NA,"Pittier","Fabaceae","Inga","Inga",1,"adenophyila","adenophylla",0.90909090909091,"","",NA,"","",NA,"","",NA,"","","https://powo.science.kew.org/taxon/urn:lsid:ipni.org:names:128355-2","","Y","Accepted","Inga adenophylla","Inga adenophylla","Pittier","163238","species","https://powo.science.kew.org/taxon/urn:lsid:ipni.org:names:128355-2","","Fabaceae","1","1","wcvp","0",""
"1861","Inga stenopoda",1,"163843","Inga stenopoda",1,"species","","",NA,"Pittier","Fabaceae","Inga","Inga",1,"stenopoda","stenopoda",1,"","",NA,"","",NA,"","",NA,"","","https://powo.science.kew.org/taxon/urn:lsid:ipni.org:names:128763-2","","Y","Accepted","Inga stenopoda","Inga stenopoda","Pittier","163843","species","https://powo.science.kew.org/taxon/urn:lsid:ipni.org:names:128763-2","","Fabaceae","1","1","wcvp","0",""
"1862","Inga chocoensis",1,"162466","Inga chocoensis",1,"species","","",NA,"Killip ex T.S.Elias","Fabaceae","Inga","Inga",1,"chocoensis","chocoensis",1,"","",NA,"","",NA,"","",NA,"","","https://powo.science.kew.org/taxon/urn:lsid:ipni.org:names:128436-2","","Y","Accepted","Inga chocoensis","Inga chocoensis","Killip ex T.S.Elias","162466","species","https://powo.science.kew.org/taxon/urn:lsid:ipni.org:names:128436-2","","Fabaceae","1","1","wcvp","0",""
"1863","Inga carinata",1,"205870","Inga carinata",1,"species","","",NA,"T.D.Penn.","Fabaceae","Inga","Inga",1,"carinata","carinata",1,"","",NA,"","",NA,"","",NA,"","","https://powo.science.kew.org/taxon/urn:lsid:ipni.org:names:313863-2","","Y","Accepted","Inga carinata","Inga carinata","T.D.Penn.","205870","species","https://powo.science.kew.org/taxon/urn:lsid:ipni.org:names:313863-2","","Fabaceae","1","1","wcvp","0",""
"1864","Inga xalapensis",1,"177786","Inga xalapensis",1,"species","","",NA,"Benth.","Fabaceae","Inga","Inga",1,"xalapensis","xalapensis",1,"","",NA,"","",NA,"","",NA,"","","https://powo.science.kew.org/taxon/urn:lsid:ipni.org:names:128828-2","","Y","Accepted","Inga xalapensis","Inga xalapensis","Benth.","177786","species","https://powo.science.kew.org/taxon/urn:lsid:ipni.org:names:128828-2","","Fabaceae","1","1","wcvp","0",""
"1865","Inga oerstediana",1,"1038284","Inga oerstediana",1,"species","","",NA,"Benth.","Fabaceae","Inga","Inga",1,"oerstediana","oerstediana",1,"","",NA,"","",NA,"","",NA,"","","https://powo.science.kew.org/taxon/urn:lsid:ipni.org:names:128647-2","","Y","Accepted","Inga oerstediana","Inga oerstediana","Benth.","1038284","species","https://powo.science.kew.org/taxon/urn:lsid:ipni.org:names:128647-2","","Fabaceae","1","1","wcvp","0",""
"1866","Inga edulis",1,"173721","Inga edulis",1,"species","","",NA,"Mart.","Fabaceae","Inga","Inga",1,"edulis","edulis",1,"","",NA,"","",NA,"","",NA,"","","https://powo.science.kew.org/taxon/urn:lsid:ipni.org:names:128478-2","","Y","Accepted","Inga edulis","Inga edulis","Mart.","173721","species","https://powo.science.kew.org/taxon/urn:lsid:ipni.org:names:128478-2","","Fabaceae","1","1","wcvp","0",""
"1867","Inga insignis",1,"163345","Inga insignis",1,"species","","",NA,"Kunth","Fabaceae","Inga","Inga",1,"insignis","insignis",1,"","",NA,"","",NA,"","",NA,"","","https://powo.science.kew.org/taxon/urn:lsid:ipni.org:names:128550-2","","Y","Accepted","Inga insignis","Inga insignis","Kunth","163345","species","https://powo.science.kew.org/taxon/urn:lsid:ipni.org:names:128550-2","","Fabaceae","1","1","wcvp","0",""
"1868","Inga subnuda",1,"163849","Inga subnuda",1,"species","","",NA,"Salzm. ex Benth.","Fabaceae","Inga","Inga",1,"subnuda","subnuda",1,"","",NA,"","",NA,"","",NA,"","","https://powo.science.kew.org/taxon/urn:lsid:ipni.org:names:128771-2","","Y","Accepted","Inga subnuda","Inga subnuda","Salzm. ex Benth.","163849","species","https://powo.science.kew.org/taxon/urn:lsid:ipni.org:names:128771-2","","Fabaceae","1","1","wcvp","0",""
"1869","Inga subnuda subsp. subnuda",1,"1232249","Inga subnuda subsp. subnuda",1,"subspecies","","",NA,"","Fabaceae","Inga","Inga",1,"subnuda","subnuda",1,"","",NA,"subsp.","subnuda",1,"","",NA,"","","https://powo.science.kew.org/taxon/urn:lsid:ipni.org:names:77173236-1","","Y","Accepted","Inga subnuda subsp. subnuda","Inga subnuda","","1232249","subspecies","https://powo.science.kew.org/taxon/urn:lsid:ipni.org:names:77173236-1","","Fabaceae","1","1","wcvp","0",""
"1870","Inga subnuda subsp. luschnathiana",0.99274138290395,"1592140","Inga subnuda subsp. lushnathiana",0.99274138290395,"subspecies","","",NA,"(Benth.) T.D.Penn.","Fabaceae","Inga","Inga",1,"subnuda","subnuda",1,"","",NA,"subsp.","lushnathiana",0.92307692307692,"","",NA,"","","https://powo.science.kew.org/taxon/urn:lsid:ipni.org:names:994694-1","","Y","Accepted","Inga subnuda subsp. lushnathiana","Inga subnuda","(Benth.) T.D.Penn.","1592140","subspecies","https://powo.science.kew.org/taxon/urn:lsid:ipni.org:names:994694-1","","Fabaceae","1","1","wcvp","0",""
"1871","Inga longipes",1,"163756","Inga longipes",1,"species","","",NA,"Benth.","Fabaceae","Inga","Inga",1,"longipes","longipes",1,"","",NA,"","",NA,"","",NA,"","","https://powo.science.kew.org/taxon/urn:lsid:ipni.org:names:128589-2","","Y","Accepted","Inga longipes","Inga longipes","Benth.","163756","species","https://powo.science.kew.org/taxon/urn:lsid:ipni.org:names:128589-2","","Fabaceae","1","1","wcvp","0",""
"1872","Inga feuillei",1,"189900","Inga feuillei",1,"species","","",NA,"DC.","Fabaceae","Inga","Inga",1,"feuillei","feuillei",1,"","",NA,"","",NA,"","",NA,"","","https://powo.science.kew.org/taxon/urn:lsid:ipni.org:names:128507-2","","Y","Accepted","Inga feuillei","Inga feuillei","DC.","189900","species","https://powo.science.kew.org/taxon/urn:lsid:ipni.org:names:128507-2","","Fabaceae","1","1","wcvp","0",""
"1873","Inga sapindoides",1,"180955","Inga sapindoides",1,"species","","",NA,"Willd.","Fabaceae","Inga","Inga",1,"sapindoides","sapindoides",1,"","",NA,"","",NA,"","",NA,"","","https://powo.science.kew.org/taxon/urn:lsid:ipni.org:names:128732-2","","Y","Accepted","Inga sapindoides","Inga sapindoides","Willd.","180955","species","https://powo.science.kew.org/taxon/urn:lsid:ipni.org:names:128732-2","","Fabaceae","1","1","wcvp","0",""
"1874","Inga striata",1,"171480","Inga striata",1,"species","","",NA,"Benth.","Fabaceae","Inga","Inga",1,"striata","striata",1,"","",NA,"","",NA,"","",NA,"","","https://powo.science.kew.org/taxon/urn:lsid:ipni.org:names:500844-1","","Y","Accepted","Inga striata","Inga striata","Benth.","171480","species","https://powo.science.kew.org/taxon/urn:lsid:ipni.org:names:500844-1","","Fabaceae","1","1","wcvp","0",""
"1875","Inga macrophylla",1,"163763","Inga macrophylla",1,"species","","",NA,"Humb. & Bonpl. ex Willd.","Fabaceae","Inga","Inga",1,"macrophylla","macrophylla",1,"","",NA,"","",NA,"","",NA,"","","https://powo.science.kew.org/taxon/urn:lsid:ipni.org:names:128596-2","","Y","Accepted","Inga macrophylla","Inga macrophylla","Humb. & Bonpl. ex Willd.","163763","species","https://powo.science.kew.org/taxon/urn:lsid:ipni.org:names:128596-2","","Fabaceae","1","1","wcvp","0",""
"1876","Inga bullata",1,"163275","Inga bullata",1,"species","","",NA,"Benth.","Fabaceae","Inga","Inga",1,"bullata","bullata",1,"","",NA,"","",NA,"","",NA,"","","https://powo.science.kew.org/taxon/urn:lsid:ipni.org:names:128402-2","","Y","Accepted","Inga bullata","Inga bullata","Benth.","163275","species","https://powo.science.kew.org/taxon/urn:lsid:ipni.org:names:128402-2","","Fabaceae","1","1","wcvp","0",""
"1877","Inga cordistipula",1,"171462","Inga cordistipula",1,"species","","",NA,"Mart.","Fabaceae","Inga","Inga",1,"cordistipula","cordistipula",1,"","",NA,"","",NA,"","",NA,"","","https://powo.science.kew.org/taxon/urn:lsid:ipni.org:names:1153642-2","","Y","Accepted","Inga cordistipula","Inga cordistipula","Mart.","171462","species","https://powo.science.kew.org/taxon/urn:lsid:ipni.org:names:1153642-2","","Fabaceae","1","1","wcvp","0",""
"1878","Inga praegnans",1,"205873","Inga praegnans",1,"species","","",NA,"T.D.Penn.","Fabaceae","Inga","Inga",1,"praegnans","praegnans",1,"","",NA,"","",NA,"","",NA,"","","https://powo.science.kew.org/taxon/urn:lsid:ipni.org:names:313871-2","","Y","Accepted","Inga praegnans","Inga praegnans","T.D.Penn.","205873","species","https://powo.science.kew.org/taxon/urn:lsid:ipni.org:names:313871-2","","Fabaceae","1","1","wcvp","0",""
"1879","Inga urceolata",1,"205874","Inga urceolata",1,"species","","",NA,"N.Zamora","Fabaceae","Inga","Inga",1,"urceolata","urceolata",1,"","",NA,"","",NA,"","",NA,"","","https://powo.science.kew.org/taxon/urn:lsid:ipni.org:names:278821-2","","Y","Accepted","Inga urceolata","Inga urceolata","N.Zamora","205874","species","https://powo.science.kew.org/taxon/urn:lsid:ipni.org:names:278821-2","","Fabaceae","1","1","wcvp","0",""
"1880","Inga gereauana",1,"205875","Inga gereauana",1,"species","","",NA,"(Pipoly & R.Vásquez) T.D.Penn.","Fabaceae","Inga","Inga",1,"gereauana","gereauana",1,"","",NA,"","",NA,"","",NA,"","","https://powo.science.kew.org/taxon/urn:lsid:ipni.org:names:1198246-2","","Y","Accepted","Inga gereauana","Inga gereauana","(Pipoly & R.Vásquez) T.D.Penn.","205875","species","https://powo.science.kew.org/taxon/urn:lsid:ipni.org:names:1198246-2","","Fabaceae","1","1","wcvp","0",""
"1881","Inga sarayacuensis",1,"205877","Inga sarayacuensis",1,"species","","",NA,"T.D.Penn.","Fabaceae","Inga","Inga",1,"sarayacuensis","sarayacuensis",1,"","",NA,"","",NA,"","",NA,"","","https://powo.science.kew.org/taxon/urn:lsid:ipni.org:names:313872-2","","Y","Accepted","Inga sarayacuensis","Inga sarayacuensis","T.D.Penn.","205877","species","https://powo.science.kew.org/taxon/urn:lsid:ipni.org:names:313872-2","","Fabaceae","1","1","wcvp","0",""
"1882","Inga involucrata",1,"1037780","Inga involucrata",1,"species","","",NA,"R.S.Cowan","Fabaceae","Inga","Inga",1,"involucrata","involucrata",1,"","",NA,"","",NA,"","",NA,"","","https://powo.science.kew.org/taxon/urn:lsid:ipni.org:names:128553-2","","Y","Accepted","Inga involucrata","Inga involucrata","R.S.Cowan","1037780","species","https://powo.science.kew.org/taxon/urn:lsid:ipni.org:names:128553-2","","Fabaceae","1","1","wcvp","0",""
"1883","Inga bella",1,"205879","Inga bella",1,"species","","",NA,"M.Sousa","Fabaceae","Inga","Inga",1,"bella","bella",1,"","",NA,"","",NA,"","",NA,"","","https://powo.science.kew.org/taxon/urn:lsid:ipni.org:names:301885-2","","Y","Accepted","Inga bella","Inga bella","M.Sousa","205879","species","https://powo.science.kew.org/taxon/urn:lsid:ipni.org:names:301885-2","","Fabaceae","1","1","wcvp","0",""
"1884","Inga inflata",1,"163344","Inga inflata",1,"species","","",NA,"Ducke","Fabaceae","Inga","Inga",1,"inflata","inflata",1,"","",NA,"","",NA,"","",NA,"","","https://powo.science.kew.org/taxon/urn:lsid:ipni.org:names:128548-2","","Y","Accepted","Inga inflata","Inga inflata","Ducke","163344","species","https://powo.science.kew.org/taxon/urn:lsid:ipni.org:names:128548-2","","Fabaceae","1","1","wcvp","0",""
"1885","Inga portobellensis",1,"171475","Inga portobellensis",1,"species","","",NA,"Beurl.","Fabaceae","Inga","Inga",1,"portobellensis","portobellensis",1,"","",NA,"","",NA,"","",NA,"","","https://powo.science.kew.org/taxon/urn:lsid:ipni.org:names:500713-1","","Y","Accepted","Inga portobellensis","Inga portobellensis","Beurl.","171475","species","https://powo.science.kew.org/taxon/urn:lsid:ipni.org:names:500713-1","","Fabaceae","1","1","wcvp","0",""
"1886","Inga jaunechensis",1,"176071","Inga jaunechensis",1,"species","","",NA,"A.H.Gentry","Fabaceae","Inga","Inga",1,"jaunechensis","jaunechensis",1,"","",NA,"","",NA,"","",NA,"","","https://powo.science.kew.org/taxon/urn:lsid:ipni.org:names:128554-2","","Y","Accepted","Inga jaunechensis","Inga jaunechensis","A.H.Gentry","176071","species","https://powo.science.kew.org/taxon/urn:lsid:ipni.org:names:128554-2","","Fabaceae","1","1","wcvp","0",""
"1887","Inga angustifolia",1,"171461","Inga angustifolia",1,"species","","",NA,"Willd.","Fabaceae","Inga","Inga",1,"angustifolia","angustifolia",1,"","",NA,"","",NA,"","",NA,"","","https://powo.science.kew.org/taxon/urn:lsid:ipni.org:names:500229-1","","Y","Synonym","Inga acuminata","Inga acuminata","Benth.","171459","species","https://powo.science.kew.org/taxon/urn:lsid:ipni.org:names:313763-2","","Fabaceae","1","1","wcvp","0",""
"1888","Inga bonplandiana",1,"163264","Inga bonplandiana",1,"species","","",NA,"Kunth","Fabaceae","Inga","Inga",1,"bonplandiana","bonplandiana",1,"","",NA,"","",NA,"","",NA,"","","https://powo.science.kew.org/taxon/urn:lsid:ipni.org:names:128390-2","","Y","Synonym","Inga sapindoides","Inga sapindoides","Willd.","180955","species","https://powo.science.kew.org/taxon/urn:lsid:ipni.org:names:128732-2","","Fabaceae","1","1","wcvp","0",""
"1889","Inga polyantha",1,"163805","Inga polyantha",1,"species","","",NA,"Ducke","Fabaceae","Inga","Inga",1,"polyantha","polyantha",1,"","",NA,"","",NA,"","",NA,"","","https://powo.science.kew.org/taxon/urn:lsid:ipni.org:names:128683-2","","Y","Accepted","Inga polyantha","Inga polyantha","Ducke","163805","species","https://powo.science.kew.org/taxon/urn:lsid:ipni.org:names:128683-2","","Fabaceae","1","1","wcvp","0",""
"1890","Inga rhoifolia",1,"724022","Inga rhoifolia",1,"species","","",NA,"Planch.","Fabaceae","Inga","Inga",1,"rhoifolia","rhoifolia",1,"","",NA,"","",NA,"","",NA,"","","https://powo.science.kew.org/taxon/urn:lsid:ipni.org:names:500755-1","","Y","Invalid","Inga vulpina","Inga vulpina","Mart. ex Benth.","163875","species","https://powo.science.kew.org/taxon/urn:lsid:ipni.org:names:500921-1","","Fabaceae","1","2","wcvp","4","[HigherTaxa]"
"1891","Inga stenocalyx",1,"163841","Inga stenocalyx",1,"species","","",NA,"Spruce ex Benth.","Fabaceae","Inga","Inga",1,"stenocalyx","stenocalyx",1,"","",NA,"","",NA,"","",NA,"","","https://powo.science.kew.org/taxon/urn:lsid:ipni.org:names:128761-2","","Y","Accepted","Inga stenocalyx","Inga stenocalyx","Spruce ex Benth.","163841","species","https://powo.science.kew.org/taxon/urn:lsid:ipni.org:names:128761-2","","Fabaceae","1","1","wcvp","0",""
"1892","Inga vestita",1,"163869","Inga vestita",1,"species","","",NA,"Benth.","Fabaceae","Inga","Inga",1,"vestita","vestita",1,"","",NA,"","",NA,"","",NA,"","","https://powo.science.kew.org/taxon/urn:lsid:ipni.org:names:128819-2","","Y","Accepted","Inga vestita","Inga vestita","Benth.","163869","species","https://powo.science.kew.org/taxon/urn:lsid:ipni.org:names:128819-2","","Fabaceae","1","1","wcvp","0",""
