"filename","created_at","taxon","taxon_original","method","habit","root_system","height_min","height_low","height_high","height_max","height_unit","inflorescence_type","inflorescence_shape","inflorescence_length_min","inflorescence_length_low","inflorescence_length_high","inflorescence_length_max","inflorescence_length_unit","inflorescence_width_min","inflorescence_width_low","inflorescence_width_high","inflorescence_width_max","inflorescence_width_unit","inflorescence_peduncle_length_min","inflorescence_peduncle_length_low","inflorescence_peduncle_length_high","inflorescence_peduncle_length_max","inflorescence_peduncle_length_unit","flower_merosity","pedicel_length_min","pedicel_length_low","pedicel_length_high","pedicel_length_max","pedicel_length_unit","pedicel_width_min","pedicel_width_low","pedicel_width_high","pedicel_width_max","pedicel_width_unit","bisexual_flowers_presence","male_flowers_presence","heteromorphic_flower_presence","sterile_flower_presence","calyx_shape","calyx_length_min","calyx_length_low","calyx_length_high","calyx_length_max","calyx_length_unit","calyx_lobe_length_min","calyx_lobe_length_low","calyx_lobe_length_high","calyx_lobe_length_max","calyx_lobe_length_unit.","corolla_length_min","corolla_length_low","corolla_length_high","corolla_length_max","corolla_length_unit","corolla_lobe_length_min","corolla_lobe_length_low","corolla_lobe_length_high","corolla_lobe_length_max","corolla_lobe_length_unit","corolla_lobe_width_min","corolla_lobe_width_low","corolla_lobe_width_high","corolla_lobe_width_max","corolla_lobe_width_unit","stamen_count","filament_length_min","filament_length_low","filament_length_high","filament_length_max","filament_length_unit","filament_color","anther_gland_presence","stemonozone_presence","stamen_tube_presence","staminal_tube_presence","intrastaminal_nectary_presence","nectary_presence","obs"
"Barneby_1998_Silk_Tree_Guanacaste_Monkey_s_Earring_Part_III_treatment_0022.txt","2025-10-02T16:55:29.206627","Calliandra_californica","Calliandra californica","automatic","shrubs",NA,0.5,0.8,2,NA,"m","capitula",NA,NA,NA,NA,NA,NA,NA,NA,NA,NA,NA,4,6,17,20,"mm","5",0.15,NA,0.6,0.8,"mm",0.3,NA,0.6,NA,"mm",NA,"some staminate only","homomorphic",NA,"campanulate or hemispherical",1,1.2,1.7,NA,"mm",NA,NA,NA,NA,NA,5.5,5.8,7.2,NA,"mm",1.6,1.8,2.4,NA,"mm",NA,NA,NA,NA,NA,"17(30)",NA,NA,NA,NA,NA,"red-crimson",NA,"present",NA,NA,NA,"",NA
"Barneby_1998_Silk_Tree_Guanacaste_Monkey_s_Earring_Part_III_treatment_0035.txt","2025-10-02T17:03:44.737853","Calliandra_bella","Calliandra bella","automatic","arborescent shrubs",NA,NA,2,6,NA,"m","capituliform racemes",NA,NA,NA,NA,NA,NA,NA,NA,NA,NA,NA,2,2.5,7.5,NA,"cm",NA,0.7,0.7,2.4,NA,"mm",0.6,0.6,1.5,NA,"mm",NA,NA,"yes",NA,"campanulate",2,2,4.3,4.3,"mm",0.4,0.4,"1",1,"mm",NA,7,9,NA,"mm",NA,2.8,3.7,NA,"mm",NA,NA,NA,NA,NA,NA,NA,3.5,5.8,NA,"cm","white",NA,"present",NA,NA,"absent","",NA
"Barneby_1998_Silk_Tree_Guanacaste_Monkey_s_Earring_Part_III_treatment_0037.txt","2025-10-02T17:05:03.883037","Calliandra_dysantha","Calliandra dysantha","automatic","subshrubs","xylopodium",1.5,2,14,20,"dm","capitula",NA,NA,2,3.5,NA,"cm",NA,NA,NA,NA,NA,NA,NA,NA,NA,NA,"5",0.8,NA,5.2,NA,"mm",NA,NA,NA,NA,NA,NA,"yes","yes",NA,"turbinate",4,4,7.5,8,"mm",0.4,0.4,"3",NA,"mm",8.5,10,14,15,"mm",NA,NA,NA,NA,NA,NA,NA,NA,NA,NA,NA,3.3,3.3,5.7,6.5,"cm","blood-red",NA,"present",NA,NA,"absent","",NA
"Barneby_1998_Silk_Tree_Guanacaste_Monkey_s_Earring_Part_III_treatment_0063.txt","2025-10-02T17:21:19.583063","Calliandra_caeciliae","Calliandra caeciliae","automatic","frees",NA,NA,2,6,NA,"m","capitula",NA,NA,NA,NA,NA,NA,NA,NA,NA,NA,NA,1,NA,15,17,"mm","4 (5)-merous",0.1,NA,0.5,NA,"mm",0.4,NA,0.6,NA,"mm",NA,"staminate","variably homoor heteromorphic",NA,"campanulate or deeply campanulate",1.2,1.2,2.1,2.8,"mm",0.1,0.1,"0.25",0.25,"mm",NA,NA,NA,NA,"mm",NA,0.8,1.5,NA,"mm",NA,NA,NA,NA,NA,NA,NA,22,29,NA,"mm","pallid proximally, carmine",NA,NA,NA,NA,NA,"",NA
"Barneby_1998_Silk_Tree_Guanacaste_Monkey_s_Earring_Part_III_treatment_0082.txt","2025-10-02T17:33:10.305449","Calliandra_mollissima","Calliandra mollissima","automatic","shrubs and treefets",NA,2,NA,4,NA,"m","capitula",NA,NA,11,27,NA,"mm",NA,NA,NA,NA,NA,6,11,27,NA,"mm","4 (5)-merous",NA,NA,NA,NA,NA,NA,NA,NA,NA,NA,NA,NA,"present",NA,"campanulate",1.4,1.4,2,2,"mm",0.15,0.15,"0.4",0.4,"mm",NA,4.3,5.4,NA,"mm",NA,0.6,1.6,NA,"mm",NA,NA,NA,NA,NA,NA,NA,26,33,NA,"mm","white",NA,"present",NA,NA,"present","",NA
"Barneby_1998_Silk_Tree_Guanacaste_Monkey_s_Earring_Part_III_treatment_0109.txt","2025-10-02T17:49:39.922003","Calliandra_brenesii","Calliandra brenesii","automatic","shrubs",NA,NA,2,3,NA,"m","capitula",NA,NA,NA,NA,NA,NA,NA,NA,NA,NA,NA,NA,2.8,2.5,NA,"cm","3-4-merous",0.3,0.3,0.9,NA,"mm",0.4,0.4,0.6,NA,"mm",NA,NA,NA,NA,"campanulate",2.8,2.8,3,3,"mm",0.3,0.3,"0.9",0.9,"mm",NA,9,10.5,NA,"mm",NA,2,3.2,NA,"mm",NA,NA,NA,NA,NA,NA,NA,2.9,3.6,NA,"cm","scarlet",NA,"present",NA,NA,"present","",NA
"Barneby_1998_Silk_Tree_Guanacaste_Monkey_s_Earring_Part_III_treatment_0112.txt","2025-10-02T17:51:30.971338","Calliandra_longipes","Calliandra longipes","automatic","subshrubs","rhizomes",NA,1,3,NA,"dm","capitula",NA,NA,NA,NA,NA,NA,NA,NA,NA,NA,"mm",6,NA,18,NA,"cm",NA,0.3,0.3,0.8,0.8,"mm",0.6,0.6,0.8,0.8,"mm",NA,NA,"homomorsphic",NA,NA,2.4,2.4,2.7,2.7,"mm",0.45,0.45,"1.2",1.2,"mm",8.5,NA,13.3,NA,"mm",2.4,NA,2.8,NA,"mm",NA,NA,NA,NA,NA,NA,21,21,33,33,"mm","whitish",NA,"present","present",NA,"no","",NA
"Barneby_1998_Silk_Tree_Guanacaste_Monkey_s_Earring_Part_III_treatment_0122.txt","2025-10-02T17:58:55.195029","Calliandra_brevicaulis","Callandra brevicaulis","automatic","subshrubs","lignescent rootstock",NA,1,4,7,"dm","capitula","umbelliform",NA,NA,NA,NA,NA,NA,NA,NA,NA,NA,2.5,NA,10.5,NA,"cm","5",NA,5,26,NA,"mm",NA,0.4,1.1,NA,"mm",NA,NA,"dimorphic",NA,"narrowly or openly campanulate",3,3,5.2,6,"mm",0.4,0.8,"1.4",1.4,"mm",8.2,9,14,NA,"mm",NA,2.5,4.5,NA,"mm",NA,NA,NA,NA,NA,"34",4.5,4.5,6,7,"cm",NA,NA,"present",NA,NA,"no","",NA
"Barneby_1998_Silk_Tree_Guanacaste_Monkey_s_Earring_Part_III_treatment_0127.txt","2025-10-02T18:01:58.247088","Calliandra_bahiana","Calliandra bahiana","automatic","shrubs",NA,NA,1.6,3,NA,"m","capitula",NA,NA,NA,NA,NA,NA,NA,NA,NA,NA,NA,NA,NA,NA,NA,"cm","4 (5)-merous",0.6,NA,1,NA,"mm",2.5,NA,3.7,NA,"mm",NA,NA,NA,NA,"shallowly campanulate",3,NA,8,NA,"mm",NA,0.6,"1.2",2,"mm",NA,9,13,14,"mm",NA,4.5,5.5,7,"mm",NA,NA,NA,NA,NA,NA,2.8,3.2,4.4,NA,"mm","white rubescent",NA,"present",NA,"present","absent","",NA
"Barneby_1998_Silk_Tree_Guanacaste_Monkey_s_Earring_Part_III_treatment_0160.txt","2025-10-02T18:23:06.158558","Calliandra_erubescens","Calliandra erubescens","automatic","Shrubs",NA,NA,1.5,3,NA,"m",NA,NA,NA,NA,NA,NA,NA,NA,NA,NA,NA,NA,1.5,NA,5,NA,"cm","2444-merous",NA,0.6,0.7,NA,"mm",NA,1,2,NA,"mm",NA,NA,NA,NA,"shallowly campanulate",1.4,1.4,1.7,1.7,"mm",0.3,0.3,"0.5",0.5,"mm",NA,5,6.2,NA,"mm",NA,2,3,NA,"mm",NA,NA,NA,NA,NA,NA,NA,2.4,3,NA,"cm","rubescent",NA,"present",NA,"present","absent","",NA
"Barneby_1998_Silk_Tree_Guanacaste_Monkey_s_Earring_Part_III_treatment_0182.txt","2025-10-02T18:37:17.071226","Calliandra_comosa","Calliandra comosa","automatic",NA,NA,NA,NA,NA,NA,NA,NA,NA,NA,NA,NA,NA,NA,NA,NA,NA,NA,NA,NA,NA,NA,NA,NA,NA,NA,NA,NA,NA,NA,NA,NA,NA,NA,NA,NA,NA,NA,NA,NA,NA,NA,NA,NA,NA,NA,NA,NA,NA,NA,NA,NA,NA,NA,NA,NA,NA,NA,NA,NA,NA,NA,NA,NA,NA,NA,NA,NA,NA,NA,NA,NA,NA,NA,NA,NA,NA,"",NA
"Barneby_and_Grimes_1996_Silk_Tree_Guanacaste_Monkey_s_Earring_Part_I_treatment_0008.txt","2025-10-02T18:44:21.731954","Hydrochorea_leucocalyx","Balizia leucocalyx","automatic","trees",NA,NA,12,33,NA,"m","","",NA,NA,NA,NA,"",NA,NA,NA,NA,"",NA,NA,NA,NA,"","",NA,NA,NA,NA,"",NA,NA,NA,NA,"","","","","","",NA,NA,NA,NA,"",NA,NA,NA,NA,"",NA,NA,NA,NA,"",NA,NA,NA,NA,"",NA,NA,NA,NA,"",NA,NA,NA,NA,NA,"","",NA,"","","","","",NA
"Barneby_and_Grimes_1996_Silk_Tree_Guanacaste_Monkey_s_Earring_Part_I_treatment_0014.txt","2025-10-02T18:48:13.147735","Jupunba_longipedunculata","Abarema longipedunculata","automatic","shrubs and srees",NA,2,NA,20,NA,"m","capitula",NA,NA,NA,NA,NA,NA,NA,NA,NA,NA,NA,3,5,12.5,NA,"cm","5-merous",NA,NA,NA,NA,NA,NA,NA,NA,NA,NA,NA,NA,NA,NA,"narrowly campanulate",5,NA,7.3,NA,"mm",0.6,NA,"1.8",NA,"mm",NA,8,9.5,NA,"mm",NA,2,NA,NA,"mm",NA,NA,NA,NA,NA,"36",NA,NA,NA,NA,NA,NA,NA,"present",NA,NA,NA,"",NA
"Barneby_and_Grimes_1996_Silk_Tree_Guanacaste_Monkey_s_Earring_Part_I_treatment_0020.txt","2025-10-02T18:51:58.664616","Jupunba_ganymedea","Abarema ganymedea","automatic","trees",NA,NA,NA,20,NA,"m","capitula",NA,NA,NA,10,NA,"mm",NA,12,25,NA,"mm",1.5,NA,4,NA,"cm","S-merous",NA,0.5,0.8,NA,"mm",NA,NA,NA,NA,NA,NA,"present","present",NA,NA,NA,1.1,1.1,NA,"mm",0.3,0.3,"0.5",0.5,"mm",NA,4,4.2,NA,"mm",NA,1.7,1.7,NA,"mm",NA,0.7,0.7,NA,"mm","10",NA,NA,15.5,NA,"mm",NA,NA,"present",NA,NA,NA,"",NA
"Barneby_and_Grimes_1996_Silk_Tree_Guanacaste_Monkey_s_Earring_Part_I_treatment_0032.txt","2025-10-02T18:59:28.591799","Jupunba_adenophora","Abarema adenophora","automatic","Macrophyllidious trees",NA,NA,12,30,NA,"m","","",NA,NA,NA,NA,"",NA,NA,NA,NA,"",NA,NA,NA,NA,"","",NA,NA,NA,NA,"",NA,NA,NA,NA,"","","","","","",NA,NA,NA,NA,"",NA,NA,NA,NA,"",NA,NA,NA,NA,"",NA,NA,NA,NA,"",NA,NA,NA,NA,"",NA,NA,NA,NA,NA,"","",NA,"","","","","",NA
"Barneby_and_Grimes_1996_Silk_Tree_Guanacaste_Monkey_s_Earring_Part_I_treatment_0040.txt","2025-10-02T19:04:31.505427","Jupunba_cochleata","Abarema cochleata","automatic","tree",NA,2,3,NA,25,"m","capitula",NA,NA,NA,NA,NA,NA,NA,NA,NA,NA,NA,NA,NA,NA,NA,"cm","5-merous",0.8,1,2.8,NA,"mm",NA,NA,NA,NA,NA,NA,NA,"yes",NA,"turbinate-campanulate, obtusely 5-angulate",1.8,1.8,2.4,2.8,"mm",0.25,0.25,"0.5",0.5,"mm",NA,4.5,5.4,6.3,"mm",NA,1.2,1.4,1.9,"mm",NA,NA,NA,NA,NA,NA,NA,NA,NA,NA,NA,NA,NA,"present",NA,"present",NA,"",NA
"Barneby_and_Grimes_1996_Silk_Tree_Guanacaste_Monkey_s_Earring_Part_I_treatment_0041.txt","2025-10-02T19:05:07.598048","Jupunba_cochleata","Abarema cochleata var. cochleata","automatic","tree",NA,NA,NA,NA,NA,NA,NA,NA,NA,NA,NA,NA,NA,NA,NA,NA,NA,NA,NA,NA,NA,NA,NA,NA,NA,NA,NA,NA,NA,NA,NA,NA,NA,NA,NA,NA,NA,NA,NA,NA,NA,NA,NA,NA,NA,NA,NA,NA,NA,NA,NA,NA,NA,NA,NA,NA,NA,NA,NA,NA,NA,NA,NA,NA,NA,NA,NA,NA,NA,NA,NA,NA,NA,NA,NA,NA,"",NA
"Barneby_and_Grimes_1996_Silk_Tree_Guanacaste_Monkey_s_Earring_Part_I_treatment_0044.txt","2025-10-02T19:07:00.606874","Punjuba_lehmannii","Abarema lehmannii","automatic","Macrophyllidious srees",NA,NA,7,12,NA,"m","spikes",NA,"5",NA,13,NA,"cm",NA,NA,NA,NA,NA,NA,1.5,3.5,NA,"cm","5-merous",NA,NA,0.3,NA,"mm",NA,NA,NA,NA,NA,NA,NA,NA,NA,"campanulate",NA,1.2,1.5,NA,"mm",0.2,NA,"0.8",NA,"mm",4,4.5,7,NA,"mm",0.8,NA,1.5,NA,"mm",0.55,NA,1.1,NA,"mm","40",NA,NA,NA,NA,"mm",NA,NA,"present",NA,NA,NA,"",NA
"Barneby_and_Grimes_1996_Silk_Tree_Guanacaste_Monkey_s_Earring_Part_I_treatment_0050.txt","2025-10-02T19:10:50.120847","Jupunba_turbinata","Abarema turbinata","automatic",NA,NA,NA,NA,NA,NA,NA,"capitulum",NA,NA,1,2,NA,"cm",NA,NA,NA,NA,NA,NA,7,17,NA,"cm",NA,NA,NA,1.5,NA,"mm",NA,NA,NA,NA,NA,NA,NA,"yes",NA,"turbinate",3.5,3.5,4.5,4.5,"mm",NA,NA,NA,NA,NA,NA,6.5,6.5,NA,"mm",NA,NA,NA,NA,NA,NA,NA,NA,NA,NA,NA,NA,NA,NA,NA,NA,NA,NA,NA,NA,NA,NA,"",NA
"Barneby_and_Grimes_1996_Silk_Tree_Guanacaste_Monkey_s_Earring_Part_I_treatment_0059.txt","2025-10-02T19:16:32.780607","Jupunba_oppositifolia","Abarema oppositifolia","automatic","trees",NA,NA,3,12,NA,"m","capitula",NA,NA,3,5,NA,"mm",NA,NA,NA,NA,NA,3,3,9,9,"cm","5-merous",1,1,2,2,"mm",NA,NA,NA,NA,NA,NA,NA,NA,NA,NA,3.4,3.4,4.2,4.2,"mm",0.4,0.4,"0.7",0.7,"mm",NA,6,7.2,NA,"mm",NA,2.4,2.9,NA,"mm",NA,1.2,1.5,NA,"mm","47",NA,12,15,NA,"mm",NA,NA,"present",NA,NA,NA,"",NA
"Barneby_and_Grimes_1996_Silk_Tree_Guanacaste_Monkey_s_Earring_Part_I_treatment_0061.txt","2025-10-02T19:17:44.316474","Jupunba_abbottii","Abarema abbottii","automatic","trees",NA,4,NA,12,NA,"m","","",NA,NA,NA,NA,"",NA,NA,NA,NA,"",NA,NA,NA,NA,"","",NA,NA,NA,NA,"",NA,NA,NA,NA,"","","","","","",NA,NA,NA,NA,"",NA,NA,NA,NA,"",NA,NA,NA,NA,"",NA,NA,NA,NA,"",NA,NA,NA,NA,"",NA,NA,NA,NA,NA,"","",NA,"","","","","",NA
"Barneby_and_Grimes_1996_Silk_Tree_Guanacaste_Monkey_s_Earring_Part_I_treatment_0062.txt","2025-10-02T19:18:18.466183","Abarema_levelii","Abarema levelii","automatic","trees",NA,NA,8,10,NA,"m","capitula",NA,NA,4,10,NA,"cm",NA,NA,NA,NA,NA,NA,20,33,NA,"mm","5-merous",NA,NA,NA,NA,NA,NA,NA,NA,NA,NA,NA,NA,"yes",NA,"campanulate",3,3,3.5,NA,"mm",NA,NA,"0.5",NA,"mm",11.5,11.5,15.5,15.5,"mm",NA,4,4,NA,"mm",NA,1.3,1.3,NA,"mm","30",NA,NA,NA,NA,NA,"white",NA,"present",NA,"present",NA,"",NA
"Barneby_and_Grimes_1996_Silk_Tree_Guanacaste_Monkey_s_Earring_Part_I_treatment_0069.txt","2025-10-02T19:22:32.702167","Hesperalbizia_occidentalis","Hesperalbizia occidentalis","automatic","frees",NA,NA,20,NA,30,"m","capitula",NA,NA,NA,NA,NA,NA,NA,NA,NA,NA,NA,2,3,6.5,NA,"cm","5-merous",NA,NA,NA,NA,NA,NA,NA,NA,NA,NA,NA,NA,"present",NA,"campanulate",2.2,2.2,3.3,3.3,"mm",NA,0.5,"0.6",NA,"mm",8.5,8.5,10,10,"mm",1,1,2.8,2.8,"mm",NA,NA,NA,NA,NA,NA,NA,20,24,NA,"mm","white",NA,"present",NA,NA,NA,"",NA
"Barneby_and_Grimes_1996_Silk_Tree_Guanacaste_Monkey_s_Earring_Part_I_treatment_0070.txt","2025-10-02T19:23:10.776031","Pseudosamanea_guachapele","Pseudosamanea guachapele","automatic","trees",NA,8,NA,25,30,"m","capitula",NA,NA,NA,NA,NA,NA,2,NA,5,NA,"mm",2.5,3,7.5,8.5,"cm","5-merous or randomly 6-7-merous",11,11,22,NA,"mm",0.3,0.3,0.5,0.65,"mm",NA,NA,"the fls strongly heteromorphic",NA,"narrowly campanulate or vase-shaped from turbinate base, cylindrocampanulate",4,4.5,7,NA,"mm",0.6,0.8,"1.9",NA,"mm",NA,9.5,11,NA,"mm",NA,1,3,NA,"mm",NA,NA,NA,NA,NA,NA,24,30,42,NA,"mm","white",NA,"present",NA,NA,NA,"",NA
"Barneby_and_Grimes_1996_Silk_Tree_Guanacaste_Monkey_s_Earring_Part_I_treatment_0072.txt","2025-10-02T19:24:24.798126","Samanea_saman","Samanea saman","automatic","tree",NA,NA,25,30,50,"m","capitula","hemispherical",NA,NA,NA,NA,NA,NA,NA,NA,NA,NA,3.5,4,8.5,NA,"cm","5-9-merous",1,1,3.5,5.5,"mm",0.3,0.3,0.6,0.7,"mm",NA,NA,"yes",NA,"slenderly vase-shaped",4.4,4.8,7,7.8,"mm",0.6,NA,"1.3",NA,"mm",9,9,13,13.5,"mm",1.4,1.4,3.7,NA,"mm",1,1,1.7,NA,"mm",NA,26,28,37,42,"mm","white proximally, pink or red distally",NA,"present",NA,NA,NA,"",NA
"Barneby_and_Grimes_1996_Silk_Tree_Guanacaste_Monkey_s_Earring_Part_I_treatment_0075.txt","2025-10-02T19:26:15.085810","Blanchetiodendron_blanchetii","Blanchetiodendron blanchetii","automatic","tree",NA,8,0,12,NA,"m","capitula",NA,"2",2,6,NA,"cm",NA,NA,NA,NA,NA,NA,8,13,NA,"mm","5-merous",1.5,NA,6,NA,"mm",0.2,NA,0.5,NA,"mm",NA,NA,"yes",NA,"turbinate-campanulate or somewhat urn-shaped",2,2,3,3,"mm",0.1,0.1,"0.25",0.25,"mm",NA,4,5,NA,"mm",NA,1.4,2.2,NA,"mm",NA,1,1.2,NA,"mm",NA,NA,11,16,NA,"mm","white",NA,"present","present",NA,NA,"",NA
"Barneby_and_Grimes_1996_Silk_Tree_Guanacaste_Monkey_s_Earring_Part_I_treatment_0088.txt","2025-10-02T19:34:32.248574","Chloroleucon_foliolosum","Chloroleucon foliolosum","automatic","arborescent shrubs",NA,NA,3,8,10,"m","capitula","hemispherical",NA,NA,NA,NA,NA,NA,NA,NA,NA,NA,NA,8,19,NA,"mm","5- merous",NA,NA,NA,NA,NA,NA,NA,NA,NA,NA,NA,NA,"present",NA,"campanulate",0.9,0.9,1.7,1.7,"mm",0.1,0.1,"0.2",0.2,"mm",NA,3.2,5.2,NA,"mm",0.7,NA,2,NA,"mm",0.4,NA,1,NA,"mm",NA,NA,10,14.5,NA,"mm",NA,NA,NA,NA,"present",NA,"",NA
"Barneby_and_Grimes_1996_Silk_Tree_Guanacaste_Monkey_s_Earring_Part_I_treatment_0100.txt","2025-10-02T19:42:12.527084","Gretheria_campylacantha","Havardia campylacanthus","automatic","arborescent shrubs and trees",NA,2,NA,14,NA,"m","capitula",NA,NA,NA,NA,NA,NA,NA,NA,NA,NA,NA,1.3,2,4,NA,"cm","5-merous",NA,NA,NA,NA,NA,NA,NA,NA,NA,NA,NA,NA,NA,NA,"deeply campanulate",NA,2.5,3.4,NA,"mm",NA,0.4,"0.8",NA,"mm",NA,5,5,NA,"mm",NA,0.8,1,NA,"mm",NA,NA,NA,NA,NA,NA,NA,9,11.5,NA,"mm",NA,NA,"present",NA,NA,NA,"",NA
"Barneby_and_Grimes_1996_Silk_Tree_Guanacaste_Monkey_s_Earring_Part_I_treatment_0101.txt","2025-10-02T19:42:50.217199","Havardia_pallens","Havardia pallens","automatic","trees or bushy treelets",NA,2,NA,9,12,"m","capitula","hemispherical",NA,NA,NA,NA,NA,NA,NA,NA,NA,NA,NA,NA,NA,NA,"mm","5(randomly 6)-merous",NA,NA,NA,NA,NA,NA,NA,NA,NA,NA,NA,NA,NA,NA,"shallowly campanulate or hemispherical",NA,NA,1.9,NA,"mm",NA,0.2,"0.5",NA,"mm",3.5,4,5.3,6.3,"mm",1,1.2,2,NA,"mm",0.6,NA,1.1,NA,"mm",NA,NA,10.5,14.5,NA,"mm",NA,NA,"present",NA,NA,NA,"",NA
"Barneby_and_Grimes_1996_Silk_Tree_Guanacaste_Monkey_s_Earring_Part_I_treatment_0102.txt","2025-10-02T19:43:29.779132","Havardia_albicans","Havardia albicans","automatic","trees",NA,NA,4.5,12,NA,"m","capitula",NA,NA,NA,NA,NA,NA,NA,NA,NA,NA,NA,NA,7,12,NA,"mm","4-merous",NA,NA,NA,NA,NA,NA,NA,NA,NA,NA,NA,NA,NA,NA,"subhemispherical",1.7,1.7,2,2,"mm",NA,0.25,"0.4",NA,"mm",NA,NA,NA,NA,NA,NA,NA,NA,NA,NA,NA,NA,NA,NA,NA,NA,NA,10,12.5,NA,"mm","white",NA,"present",NA,NA,NA,"",NA
"Barneby_and_Grimes_1996_Silk_Tree_Guanacaste_Monkey_s_Earring_Part_I_treatment_0108.txt","2025-10-02T19:47:24.700533","Painteria_elachistophylla","Painteria elachistophylla","automatic","shrubs",NA,NA,3,12,25,"dm","capitula or short spikes",NA,NA,NA,NA,NA,"mm",NA,NA,NA,NA,"mm",0,NA,3,7,"mm","5—7-merous",0,NA,3,7,"mm",NA,NA,NA,NA,NA,NA,NA,NA,NA,"campanulate or hemispherical",0.9,0.9,1.5,1.5,"mm",NA,0.1,"0.35",NA,"mm",NA,NA,NA,NA,NA,NA,NA,NA,NA,NA,NA,NA,NA,NA,NA,"70",NA,NA,NA,NA,NA,"white",NA,"present",NA,NA,NA,"",NA
"Barneby_and_Grimes_1996_Silk_Tree_Guanacaste_Monkey_s_Earring_Part_I_treatment_0122.txt","2025-10-02T19:56:21.826260","Macrosamanea_simabifolia","Macrosamanea simabifolia","automatic","shrubs",NA,2,NA,6,8,"m","capitula",NA,NA,NA,NA,NA,NA,NA,NA,NA,NA,"mm",2,2.5,5,NA,"cm",NA,NA,NA,NA,NA,NA,NA,NA,NA,NA,NA,NA,NA,NA,NA,"cylindric or slightly dilated above middle",5,5,6.5,6.5,"mm",0.8,0.8,"1.3",1.3,"mm",13,13,22,22,"mm",2,2,4,4,"mm",NA,NA,NA,NA,NA,NA,NA,NA,NA,NA,NA,NA,NA,NA,NA,NA,NA,"",NA
"Barneby_and_Grimes_1996_Silk_Tree_Guanacaste_Monkey_s_Earring_Part_I_treatment_0129.txt","2025-10-02T20:00:52.340961","Pseudalbizzia_tomentosa","Albizia tomentosa","automatic","trees",NA,2,3,25,30,"m","capitula",NA,NA,NA,NA,NA,NA,NA,NA,NA,NA,NA,NA,12,26,NA,"mm","5-merous",0,0.3,0.8,NA,"mm",0.3,NA,0.6,NA,"mm",NA,NA,"yes",NA,"turbinate, broadly campanulate",1.4,1.4,3,3,"mm",0.2,0.2,"0.6",0.6,"mm",3,4,5,5.7,"mm",1.1,1.1,1.8,1.8,"mm",NA,NA,NA,NA,"mm",NA,NA,9.5,17,NA,"mm","white",NA,"present",NA,NA,NA,"",NA
"Barneby_and_Grimes_1996_Silk_Tree_Guanacaste_Monkey_s_Earring_Part_I_treatment_0130.txt","2025-10-02T20:01:30.917705","Pseudalbizzia_sinaloensis","Albizia sinaloensis","automatic","trees",NA,NA,NA,20,NA,"m","capitula","subhemispherical",NA,1.5,NA,NA,"mm",NA,NA,NA,NA,NA,NA,10,35,NA,"mm","5-merous",NA,NA,NA,NA,NA,NA,NA,NA,NA,NA,NA,NA,"homomorphic",NA,"turbinate-campanulate",NA,2,2,NA,"mm",NA,0.5,"0.5",NA,"mm",NA,3.8,3.8,NA,"mm",NA,0.9,1,NA,"mm",NA,0.7,0.7,NA,"mm","36",NA,5,5.5,NA,"mm",NA,NA,NA,"present",NA,NA,"",NA
"Barneby_and_Grimes_1996_Silk_Tree_Guanacaste_Monkey_s_Earring_Part_I_treatment_0138.txt","2025-10-02T20:06:45.492122","Pseudosamanea_carbonaria","Albizia carbonaria","automatic","Trees",NA,NA,4,6,30,"m","capitula",NA,NA,11,16,NA,"mm",NA,NA,NA,NA,NA,NA,1.8,4.6,NA,"cm","S-merous",1.5,NA,4,NA,"mm",NA,NA,NA,NA,NA,NA,NA,"yes",NA,"narrowly campanulate",2.3,2.5,3.5,NA,"mm",0.6,0.6,"1.2",1.2,"mm",4,4.4,6.4,NA,"mm",1.1,1.4,2.1,NA,"mm",NA,NA,NA,NA,NA,NA,NA,13,16.5,NA,"mm","white",NA,"present","present",NA,NA,"",NA
"Barneby_and_Grimes_1996_Silk_Tree_Guanacaste_Monkey_s_Earring_Part_I_treatment_0148.txt","2025-10-02T20:13:02.798748","Pseudalbizzia_decandra","Albizia decandra","automatic","Trees",NA,20,NA,30,NA,"m",NA,NA,NA,NA,NA,NA,NA,NA,NA,NA,NA,NA,NA,11,19,NA,"mm","5- or 6-merous",0.1,NA,1.2,NA,"mm",NA,NA,NA,NA,NA,NA,NA,"TRUE",NA,"campanulate",NA,1,1.2,NA,"mm",NA,0.1,"0.2",NA,"mm",NA,3.6,3.8,NA,"mm",NA,1.3,2,NA,"mm",NA,0.8,1,NA,"mm","10",11,11,17,17,"mm",NA,NA,"present",NA,NA,NA,"",NA
"Barneby_and_Grimes_1996_Silk_Tree_Guanacaste_Monkey_s_Earring_Part_I_treatment_0152.txt","2025-10-02T20:15:33.608199","Albizia_julibrissin","Albizia julibrissin","automatic","trees",NA,NA,6,12,NA,"m","pseudoraceme of capitula",NA,"3",NA,9,NA,"cm",NA,NA,NA,NA,NA,NA,NA,NA,NA,NA,NA,NA,NA,0.8,NA,"mm",NA,NA,NA,NA,NA,"bisexual","staminate","dimorphic",NA,"campanulate or deeply campannlate",2.2,2.2,4.2,4.5,"mm",NA,0.3,"0.7",NA,"mm",7,7,11,11,"mm",NA,1.3,2.6,NA,"mm",NA,0.9,1.2,NA,"mm",NA,24,24,38,38,"mm","pink or pinkish orange",NA,"the stemonozone 1 mm or less","the filament-tube far-exserted",NA,NA,"",NA
"Barneby_and_Grimes_1996_Silk_Tree_Guanacaste_Monkey_s_Earring_Part_I_treatment_0153.txt","2025-10-02T20:16:10.632952","Albizia_procera","Albizia procera","automatic","tree",NA,NA,2,4,25,"m","capitula","subglobose",NA,NA,NA,NA,NA,NA,NA,NA,NA,NA,7,NA,19,NA,"mm","5-merous",NA,7,19,NA,"mm",NA,NA,NA,NA,NA,NA,NA,NA,NA,"deeply campanulate",2.6,2.6,3.3,3.3,"mm",0.2,0.2,"0.6",0.6,"mm",NA,5.5,6.7,NA,"mm",NA,1.2,2.2,NA,"mm",NA,NA,NA,NA,NA,"30",9,9,11,11,"mm","whitish",NA,"present",NA,"present",NA,"",NA
"Barneby_and_Grimes_1996_Silk_Tree_Guanacaste_Monkey_s_Earring_Part_I_treatment_0156.txt","2025-10-02T20:18:06.511233","Paraserianthes_lophantha","Paraserianthes lophantha","automatic","trees",NA,NA,NA,8,NA,"m","racemes",NA,NA,45,70,NA,"mm",NA,NA,NA,NA,NA,1,1,2,2,"cm","5-merous",NA,NA,NA,NA,"mm",NA,NA,NA,NA,NA,NA,NA,"homomorphic",NA,"shallowly campanulate",2.2,2.2,3,3,"mm",0.6,0.6,"1",1,"mm",5,5,7.2,NA,"mm",NA,1.4,3,NA,"mm",NA,1.1,1.8,NA,"mm","96",NA,13,16.5,NA,"mm","greenishor lemon-yellow",NA,"obscure",NA,NA,NA,"",NA
"Barneby_and_Grimes_1997_Silk_Tree_Guanacaste_Monkey_s_Earring_Part_II_treatment_0011.txt","2025-10-02T20:26:15.163473","Pithecellobium_dulce","Pithecellobium dulce","automatic","tree",NA,NA,2,18,NA,"m","capitula","subspherical",NA,NA,NA,NA,NA,NA,NA,NA,NA,NA,4,NA,20,24,"mm","5-merous",4,NA,20,24,"mm",0.35,0.4,0.6,NA,"mm","present","present",NA,NA,"campanulate or turbinate-campanulate",1.1,1.3,2,2.2,"mm",NA,NA,NA,NA,NA,NA,NA,NA,NA,NA,NA,0.7,1.6,NA,"mm",NA,0.7,1.1,NA,"mm","26",NA,NA,NA,NA,NA,NA,NA,"present",NA,NA,NA,"",NA
"Barneby_and_Grimes_1997_Silk_Tree_Guanacaste_Monkey_s_Earring_Part_II_treatment_0018.txt","2025-10-02T20:30:32.803117","Pithecellobium_furcatum","Pithecellobium furcatum","automatic","trees and arborescent shrubs",NA,3,NA,12,NA,"m","spikes",NA,NA,4,12,NA,"mm",NA,NA,NA,NA,NA,0.4,NA,3,NA,"cm","S-merous",0.4,NA,3,NA,"cm",NA,NA,NA,NA,NA,NA,NA,NA,NA,"cylindric or cylindro-campanulate",4.5,4.5,7.5,7.5,"mm",0.6,0.6,"1.5",1.5,"mm",8,8,12,12,"mm",1.7,1.7,2.5,2.5,"mm",1.2,1.2,2,2,"mm",NA,NA,31,46,NA,"mm",NA,NA,"present",NA,NA,NA,"",NA
"Barneby_and_Grimes_1997_Silk_Tree_Guanacaste_Monkey_s_Earring_Part_II_treatment_0031.txt","2025-10-02T20:38:33.615156","Cojoba_graciliflora","Cojoba graciliflora","automatic","shrubs, trees",NA,NA,NA,1,15,"m","capitula","globose",NA,NA,NA,NA,NA,NA,NA,NA,NA,NA,NA,3,7.6,NA,"cm","5-merous",NA,NA,NA,NA,NA,NA,NA,NA,NA,NA,NA,NA,NA,NA,"cylindrical-campanulate",2.5,2.5,5,5,"mm",0.25,0.25,"0.75",0.75,"mm",9,9,16,16,"mm",0.75,0.75,2,2,"mm",NA,NA,NA,NA,NA,"21",NA,10,25,NA,"mm",NA,NA,"present",NA,"present",NA,"",NA
"Barneby_and_Grimes_1997_Silk_Tree_Guanacaste_Monkey_s_Earring_Part_II_treatment_0035.txt","2025-10-02T20:41:00.332043","Zygia_claviflora","Zygia claviflora","automatic","Slender multifoliolate cauliflorous trees",NA,1.5,3,10,NA,"m","capitula",NA,NA,NA,NA,NA,NA,NA,NA,NA,NA,NA,0,NA,5,NA,"mm",NA,NA,NA,NA,NA,NA,NA,NA,NA,NA,NA,NA,NA,NA,NA,"campanulate",NA,NA,0.8,1.2,"mm",NA,0.1,"0.2",NA,"mm",6,NA,10,NA,"mm",0.9,NA,1.3,NA,"mm",NA,NA,NA,NA,NA,NA,NA,21,33,NA,"mm","red or pink",NA,"present",NA,"present",NA,"",NA
"Barneby_and_Grimes_1997_Silk_Tree_Guanacaste_Monkey_s_Earring_Part_II_treatment_0039.txt","2025-10-02T20:43:22.866194","Zygia_lathetica","Zygia lathetica","automatic","Slender trees",NA,6,NA,15,NA,"m","pseudoracemes",NA,NA,1.5,3.5,NA,"cm",NA,NA,NA,NA,NA,5,NA,18,NA,"mm",NA,5,NA,18,NA,"mm",NA,NA,NA,NA,NA,NA,NA,NA,NA,"campanulate",2,2,2.3,NA,"mm",0.1,0.1,"0.25",NA,"mm",14,14,19,19,"mm",1.5,1.5,3.2,3.2,"mm",NA,NA,NA,NA,NA,NA,36,36,40,40,"mm","lilac",NA,"present",NA,NA,NA,"",NA
"Barneby_and_Grimes_1997_Silk_Tree_Guanacaste_Monkey_s_Earring_Part_II_treatment_0040.txt","2025-10-02T20:43:59.111837","Zygia_racemosa","Zygia racemosa","automatic","trees",NA,6,8,30,NA,"m","capitula",NA,NA,NA,1,11,"mm",NA,NA,NA,NA,NA,1.5,3,11,NA,"mm","5-merous",NA,NA,NA,NA,NA,NA,NA,NA,NA,NA,NA,NA,NA,NA,"campanulate or hemisphericat",0.7,0.7,1.1,NA,"mm",NA,0.05,"0.15",NA,"mm",3.2,3.2,4.3,4.5,"mm",0.6,0.6,1.1,1.1,"mm",NA,NA,NA,NA,NA,"22",NA,11,15.5,NA,"mm","ochroleucous, whitish, yellow-tipped, or orange",NA,"present",NA,NA,NA,"",NA
"Barneby_and_Grimes_1997_Silk_Tree_Guanacaste_Monkey_s_Earring_Part_II_treatment_0072.txt","2025-10-02T21:02:59.530263","Zygia_peckii","Zygia peckii","automatic","trees",NA,NA,4,9,NA,"m","capitula",NA,NA,NA,NA,NA,NA,NA,NA,NA,NA,NA,NA,2,11,NA,"mm","5-merous",NA,2,11,NA,"mm",NA,NA,NA,NA,NA,NA,NA,NA,NA,"campanulate",2,2,3.2,3.2,"mm",NA,NA,"0.4",NA,"mm",NA,6.5,8,NA,"mm",NA,1,1.8,NA,"mm",NA,NA,NA,NA,NA,NA,NA,NA,NA,NA,NA,NA,NA,"present",NA,NA,"present","",NA
"Barneby_and_Grimes_1997_Silk_Tree_Guanacaste_Monkey_s_Earring_Part_II_treatment_0081.txt","2025-10-02T21:08:23.194762","Zygia_longifolia","Zygia longifolia","automatic","trees",NA,6,NA,20,24,"m","spikes",NA,NA,NA,NA,NA,"mm",NA,NA,NA,NA,NA,NA,NA,NA,NA,"mm","5(-10)-nerved",NA,NA,NA,NA,NA,NA,NA,NA,NA,NA,NA,NA,NA,NA,"campanulate",NA,0.8,1.3,NA,"mm",NA,0.15,"0.5",NA,"mm",NA,NA,NA,NA,NA,NA,0.5,1.4,NA,"mm",NA,NA,NA,NA,NA,"30",NA,14.5,21,NA,"mm","whitish",NA,NA,"present",NA,NA,"",NA
"Barneby_and_Grimes_1997_Silk_Tree_Guanacaste_Monkey_s_Earring_Part_II_treatment_0082.txt","2025-10-02T21:08:59.202165","Zygia_paucijugata","Zygia paucijugata","automatic","Arborescent shrubs",NA,NA,NA,7,NA,"m","capitula",NA,NA,NA,NA,NA,NA,NA,NA,NA,NA,NA,NA,6,14,NA,"mm",NA,NA,NA,NA,NA,NA,NA,NA,NA,NA,NA,NA,NA,NA,NA,"campanulate",1.1,1.1,2.7,3.2,"mm",NA,0.3,"1",1,"mm",6,NA,8.5,NA,"mm",NA,0.8,1.2,NA,"mm",NA,NA,NA,NA,NA,NA,NA,NA,NA,NA,NA,NA,NA,"present",NA,NA,"present","",NA
"Ebinger_Seigler_Clarke_2000_Taxonomic_Revision_of_South_American_Acacia_treatment_0001.txt","2025-10-02T21:19:56.136867","Vachellia_collinsii","Acacia collinsii","automatic","Tree",NA,NA,NA,10,NA,"m","cylindrical spike",NA,"15",NA,35,NA,"mm",4,NA,6,NA,"mm",6,NA,20,NA,"mm","5-merous",NA,6,20,NA,"mm",NA,0.8,1.8,NA,"mm",NA,NA,NA,NA,NA,1,1,1.4,1.4,"mm",NA,NA,NA,NA,NA,NA,1.1,1.5,NA,"mm",NA,NA,NA,NA,NA,NA,NA,NA,NA,NA,NA,1.5,NA,2.5,NA,"mm",NA,NA,NA,NA,NA,NA,"",NA
"Ebinger_Seigler_Clarke_2000_Taxonomic_Revision_of_South_American_Acacia_treatment_0006.txt","2025-10-02T21:23:07.098647","Vachellia_pennatula","Acacia pennatula","automatic","Tree",NA,NA,NA,15,NA,"m","globose head","globose",NA,9,13,NA,"mm",NA,9,13,NA,"mm",NA,16,30,NA,"mm","5-merous",NA,16,30,NA,"mm",NA,0.5,0.8,NA,"mm",NA,NA,NA,NA,NA,NA,0.7,1.6,NA,"mm",NA,NA,NA,NA,NA,NA,2,2.6,NA,"mm",NA,NA,NA,NA,NA,NA,NA,NA,NA,NA,NA,3,NA,4.5,NA,"mm",NA,NA,NA,NA,NA,NA,"",NA
"Ebinger_Seigler_Clarke_2000_Taxonomic_Revision_of_South_American_Acacia_treatment_0011.txt","2025-10-02T21:26:10.803205","Vachellia_farnesiana","Acacia farnesiana","automatic","shrub to small tree",NA,NA,NA,8,NA,"m","globose head","globose",NA,6,10,NA,"mm",NA,6,10,NA,"mm",NA,15,36,45,"mm","5-lobed",NA,15,36,45,"mm",0.2,NA,0.7,NA,"mm",NA,NA,NA,NA,NA,NA,1.1,1.8,NA,"mm",NA,NA,NA,NA,NA,NA,1.9,2.8,NA,"mm",NA,NA,NA,NA,NA,NA,NA,NA,NA,NA,NA,3.5,NA,5.5,NA,"mm",NA,NA,NA,NA,NA,NA,"",NA
"flora_australia_11a_mimosaceae_acacia_1_2_treatment_0002.txt","2025-10-02T21:29:51.751709","Vachellia_pachyphloia","Acacia pachyphloia","automatic","shrub or tree",NA,2,NA,10,14,"m","heads","globular",NA,NA,NA,NA,NA,NA,NA,NA,NA,NA,8,NA,55,NA,"mm",NA,NA,8,55,NA,"mm",NA,NA,NA,NA,NA,NA,NA,NA,NA,NA,NA,NA,NA,NA,NA,NA,NA,NA,NA,NA,NA,NA,NA,NA,NA,NA,NA,NA,NA,NA,NA,NA,NA,NA,NA,NA,NA,NA,NA,NA,NA,NA,NA,NA,NA,NA,NA,"",NA
"flora_australia_11a_mimosaceae_acacia_1_2_treatment_0003.txt","2025-10-02T21:30:28.688100","Vachellia_pachyphloia","Acacia pachyphloia subsp. pachyphloia","automatic",NA,NA,NA,NA,NA,NA,NA,NA,NA,NA,NA,NA,NA,NA,NA,NA,NA,NA,NA,NA,NA,NA,NA,NA,NA,NA,NA,NA,NA,NA,NA,NA,NA,NA,NA,NA,NA,NA,NA,NA,NA,NA,NA,NA,NA,NA,NA,NA,NA,NA,NA,NA,NA,NA,NA,NA,NA,NA,NA,NA,NA,NA,NA,NA,NA,NA,NA,NA,NA,NA,NA,NA,NA,NA,NA,NA,NA,"",NA
"flora_australia_11a_mimosaceae_acacia_1_2_treatment_0005.txt","2025-10-02T21:31:42.432729","Vachellia_pallidifolia","Acacia pallidifolia","automatic","Tree",NA,NA,4,9,NA,"m","heads","globular",NA,NA,NA,NA,NA,NA,NA,NA,NA,NA,7,25,43,NA,"mm",NA,7,25,43,NA,"mm",NA,NA,NA,NA,NA,NA,NA,NA,NA,NA,NA,NA,NA,NA,NA,NA,NA,NA,NA,NA,NA,NA,NA,NA,NA,NA,NA,NA,NA,NA,NA,NA,NA,NA,NA,NA,NA,NA,NA,NA,NA,NA,NA,NA,NA,NA,NA,"",NA
"flora_australia_11a_mimosaceae_acacia_1_2_treatment_0011.txt","2025-10-02T21:35:27.126181","Vachellia_farnesiana","Acacia farnesiana","automatic","shrub",NA,NA,NA,4,7,"m","heads","globular",NA,NA,NA,NA,NA,NA,NA,NA,NA,NA,3,3,30,57,"mm",NA,3,3,30,57,"mm",NA,NA,NA,NA,NA,NA,NA,NA,NA,NA,NA,NA,NA,NA,NA,NA,NA,NA,NA,NA,NA,NA,NA,NA,NA,NA,NA,NA,NA,NA,NA,NA,NA,NA,NA,NA,NA,NA,NA,NA,NA,NA,NA,NA,NA,NA,NA,"",NA
"flora_australia_11a_mimosaceae_acacia_1_2_treatment_0013.txt","2025-10-02T21:36:39.702721","Senegalia_chundra","Acacia catechu var. sundra","automatic","Tree",NA,NA,NA,6,NA,"m","spicate",NA,NA,NA,NA,NA,NA,NA,NA,NA,NA,NA,NA,NA,NA,NA,NA,NA,NA,NA,NA,NA,NA,NA,NA,NA,NA,NA,NA,NA,NA,NA,"cupular",NA,NA,NA,NA,NA,NA,NA,NA,NA,NA,NA,NA,NA,NA,NA,NA,NA,NA,NA,NA,NA,NA,NA,NA,NA,NA,NA,NA,NA,NA,NA,NA,NA,NA,NA,NA,NA,"",NA
"inga_treatment_0017.txt","2025-10-03T21:11:57.044929","Inga_cordatoalata","Inga cordatoalata","automatic","tree",NA,NA,NA,30,NA,"m","racemose",NA,NA,2.5,6,NA,"cm",NA,NA,NA,NA,NA,0.6,NA,2.5,NA,"cm",NA,0.5,NA,1,NA,"mm",NA,NA,NA,NA,NA,NA,NA,NA,NA,"cup-shaped",NA,NA,NA,NA,NA,NA,0.25,"0.25",NA,"mm",NA,NA,NA,NA,NA,1,1,1,1,"mm",NA,NA,NA,NA,NA,"40",5,5,7,7,"mm","white",NA,NA,NA,"present",NA,"",NA
"inga_treatment_0022.txt","2025-10-03T21:15:10.870662","Inga_alba","Inga alba","automatic","Tree",NA,NA,NA,40,NA,"m","congested spike",NA,NA,5,8,NA,"mm",NA,NA,NA,NA,NA,4,NA,20,NA,"mm",NA,4,NA,20,NA,"mm",NA,NA,NA,NA,NA,NA,NA,NA,NA,NA,NA,NA,NA,NA,NA,NA,NA,NA,NA,NA,NA,NA,NA,NA,NA,NA,0.5,1,NA,"mm",NA,NA,NA,NA,NA,"25",4.5,4.5,6,6,"mm","white or cream-coloured",NA,NA,NA,"present",NA,"",NA
"inga_treatment_0025.txt","2025-10-03T21:17:10.067437","Inga_microcalyx","Inga microcalyx","automatic","tree",NA,NA,NA,8,NA,"m","spike","congested",NA,2,4,NA,"cm",NA,NA,NA,NA,NA,7,7,10,10,"cm",NA,0,NA,0.5,NA,"mm",NA,NA,NA,NA,NA,NA,NA,NA,NA,"cup-shaped",NA,NA,NA,NA,NA,NA,0.25,NA,NA,"mm",NA,NA,NA,NA,NA,NA,1.5,2,NA,"mm",NA,NA,NA,NA,NA,"30",1,1,1.5,1.5,"cm","white",NA,NA,NA,"present",NA,"",NA
"inga_treatment_0029.txt","2025-10-03T21:19:51.760861","Inga_samanensis","Inga samanensis","automatic","tree",NA,NA,NA,20,NA,"m","spike",NA,"1.4",NA,2,4,"cm",NA,NA,NA,NA,NA,0.6,0.6,1.5,1.5,"cm",NA,NA,NA,NA,NA,NA,NA,NA,NA,NA,NA,NA,NA,NA,NA,"tubular",NA,NA,NA,NA,NA,0.25,0.25,"0.25",0.25,"mm",NA,NA,NA,NA,NA,1,NA,1.5,NA,"mm",NA,NA,NA,NA,NA,"33",NA,1,NA,NA,"cm","white",NA,NA,"present","present",NA,"",NA
"inga_treatment_0032.txt","2025-10-03T21:21:58.155731","Inga_sertulifera","Inga sertulifera","automatic",NA,NA,NA,NA,NA,NA,NA,NA,NA,NA,NA,NA,NA,NA,NA,NA,NA,NA,NA,NA,2.5,7.5,NA,"cm",NA,7,NA,20,NA,"mm",NA,NA,NA,NA,NA,NA,NA,NA,NA,"tubular",NA,NA,NA,NA,NA,0.1,NA,"1",NA,"mm",NA,NA,NA,NA,NA,1.5,NA,3,NA,"mm",NA,NA,NA,NA,NA,"50",1.1,1.1,1.7,1.7,"cm",NA,NA,NA,"present","present",NA,"",NA
"inga_treatment_0048.txt","2025-10-03T21:32:33.739147","Inga_umbellifera","Inga umbellifera","automatic","tree",NA,NA,NA,20,NA,"m","umbellate","globose","1.5",NA,4,NA,"mm",NA,NA,NA,NA,NA,NA,1.2,5,NA,"cm",NA,0.7,NA,2,NA,"cm",NA,NA,NA,NA,NA,NA,NA,NA,NA,"tubular",NA,NA,NA,NA,NA,0.25,NA,"1",NA,"mm",NA,NA,NA,NA,NA,1,NA,2.5,NA,"mm",NA,NA,NA,NA,NA,"25",1.5,1.5,2,2,"cm","white",NA,NA,NA,"present",NA,"",NA
"inga_treatment_0058.txt","2025-10-03T21:39:09.117306","Inga_filiformis","Inga filiformis","automatic","tree",NA,NA,NA,15,NA,"m","capitate","subglobose",NA,2,3,NA,"mm",NA,NA,NA,NA,NA,NA,8,11.5,NA,"cm",NA,0,NA,0.5,NA,"mm",NA,NA,NA,NA,NA,NA,NA,NA,NA,NA,NA,NA,NA,NA,NA,NA,3,"3",NA,"mm",NA,NA,NA,NA,NA,NA,2,2,NA,"mm",NA,NA,NA,NA,NA,"45",NA,1.4,NA,NA,"cm","white",NA,NA,"present","present",NA,"",NA
"inga_treatment_0061.txt","2025-10-03T21:41:12.300960","Inga_arenicola","Inga arenicola","automatic","treelet",NA,NA,3,4,NA,"m","capitate",NA,NA,NA,NA,NA,NA,NA,NA,NA,NA,NA,3,3,9,9,"cm",NA,0.5,0.5,0.75,0.75,"mm",NA,NA,NA,NA,NA,NA,NA,NA,NA,"funnel-shaped",NA,NA,NA,NA,NA,2,2,"3",3,"mm",NA,7,8,NA,"mm",1,1,1.5,NA,"mm",NA,NA,NA,NA,NA,"35",NA,1,NA,NA,"cm",NA,NA,NA,"present","present",NA,"",NA
"inga_treatment_0064.txt","2025-10-03T21:43:08.910051","Inga_bullatorugosa","Inga bullatorugosa","automatic","small tree",NA,NA,NA,NA,NA,NA,"umbellate","globose",NA,2,2,NA,"mm",NA,NA,NA,NA,NA,NA,2,5,NA,"mm",NA,10,10,15,15,"mm",NA,NA,NA,NA,NA,NA,NA,NA,NA,"narrowly funnel-shaped",NA,NA,NA,NA,NA,NA,0.5,"0.5",NA,"mm",NA,NA,NA,NA,NA,1,1,1.5,1.5,"mm",NA,NA,NA,NA,NA,"50",9,9,10,10,"mm",NA,NA,NA,"present","present",NA,"",NA
"inga_treatment_0065.txt","2025-10-03T21:43:49.280938","Inga_umbratica","Inga umbratica","automatic","tree",NA,NA,NA,20,NA,"m","umbellate",NA,NA,NA,NA,NA,NA,NA,NA,NA,NA,NA,3,NA,12,NA,"mm",NA,NA,0.75,5,NA,"mm",NA,NA,NA,NA,NA,NA,NA,NA,NA,"tubular",NA,NA,NA,NA,NA,NA,0.25,"0.3",NA,"mm",NA,NA,NA,NA,NA,NA,0.75,1.5,NA,"mm",NA,NA,NA,NA,NA,"20",6,6,12,12,"mm","white",NA,NA,NA,"present",NA,"",NA
"inga_treatment_0067.txt","2025-10-03T21:45:07.521759","Inga_lallensis","Inga lallensis","automatic","tree",NA,NA,NA,8,NA,"m","umbellate","globose",NA,3,5,NA,"mm",NA,NA,NA,NA,NA,NA,2.5,8.5,NA,"cm",NA,1.5,NA,4,NA,"mm",NA,NA,NA,NA,NA,NA,NA,NA,NA,"cup-shaped",NA,NA,NA,NA,NA,0.25,0.25,"0.5",0.5,"mm",NA,NA,NA,NA,NA,1,NA,1.5,NA,"mm",NA,NA,NA,NA,NA,"40",7,7,10,10,"mm",NA,NA,NA,NA,"present",NA,"",NA
"inga_treatment_0075.txt","2025-10-03T21:50:16.671887","Inga_golfodulcensis","Inga golfodulcensis","automatic","tree",NA,NA,NA,25,NA,"m","congested spike",NA,NA,0.4,0.5,NA,"cm",NA,NA,NA,NA,NA,NA,1.2,1.5,NA,"cm",NA,NA,0.5,0.5,NA,"mm",NA,NA,NA,NA,NA,NA,NA,NA,NA,"funnel-shaped",NA,NA,2.25,NA,"mm",NA,0.25,NA,NA,"mm",NA,NA,NA,NA,NA,NA,1.5,NA,NA,"mm",NA,NA,NA,NA,NA,"40",NA,NA,NA,NA,"cm",NA,NA,NA,NA,"present",NA,"",NA
"inga_treatment_0091.txt","2025-10-03T22:00:25.127790","Inga_mortoniana","Inga mortoniana","automatic","tree",NA,NA,NA,15,NA,"m","capitate",NA,NA,NA,NA,NA,NA,NA,NA,NA,NA,NA,3,3,4,4,"cm",NA,NA,NA,NA,NA,NA,NA,NA,NA,NA,NA,NA,NA,NA,NA,"tubular or narrowly funnel-shaped, often slightly curved",NA,NA,NA,NA,NA,0.2,0.2,"1",1,"mm",NA,8,11,NA,"mm",NA,1,2,NA,"mm",NA,NA,NA,NA,NA,"45",NA,8,9,NA,"mm","pure white",NA,NA,"present",NA,NA,"",NA
"inga_treatment_0092.txt","2025-10-03T22:01:03.629228","Inga_ruiziana","Inga melinonis","automatic","Tree",NA,NA,NA,20,NA,"m","spike",NA,"1",1,2,NA,"cm",NA,NA,NA,NA,NA,1,NA,4,NA,"cm",NA,NA,NA,NA,NA,NA,NA,NA,NA,NA,NA,NA,NA,NA,NA,NA,NA,NA,NA,NA,NA,NA,NA,NA,NA,NA,NA,NA,NA,NA,NA,1.5,1.5,2,2,"mm",NA,NA,NA,NA,NA,"35",NA,10,10,NA,"mm","white",NA,NA,NA,"present",NA,"",NA
"inga_treatment_0093.txt","2025-10-03T22:01:41.519381","Inga_ruiziana","Inga ruiziana","automatic","tree",NA,NA,NA,30,NA,"m","congested spike",NA,NA,0.5,1.5,NA,"cm",NA,NA,NA,NA,NA,0.8,NA,4.5,NA,"cm",NA,0,0,0.5,NA,"mm",NA,NA,NA,NA,NA,NA,NA,NA,NA,NA,NA,NA,NA,NA,NA,0.5,0.5,"1",1,"mm",NA,NA,NA,NA,NA,NA,1.5,2,NA,"mm",NA,NA,NA,NA,NA,"50",NA,9,10,NA,"mm","white",NA,NA,NA,"present",NA,"",NA
"inga_treatment_0096.txt","2025-10-03T22:03:37.845062","Inga_nobilis","Inga nobilis","automatic",NA,NA,NA,NA,NA,NA,NA,"spike, capitulum or umbel","globose, clavate or unexpanded","0.2",NA,2,NA,"cm",NA,NA,NA,NA,NA,NA,0.5,8,NA,"cm",NA,0,NA,1.7,NA,"cm",NA,NA,NA,NA,NA,NA,NA,NA,NA,NA,NA,NA,NA,NA,NA,NA,NA,NA,NA,NA,NA,NA,NA,NA,NA,1,NA,2.5,3,"mm",NA,NA,NA,NA,NA,"35",1.2,1.2,2,2,"cm",NA,NA,NA,"present","present",NA,"",NA
"inga_treatment_0109.txt","2025-10-03T22:24:32.033121","Inga_maritima","Inga maritima","automatic","Shrub or small tree",NA,NA,NA,7,NA,"m","spike",NA,"1.5",NA,3.5,NA,"cm",NA,NA,NA,NA,NA,NA,2,2.5,NA,"cm",NA,NA,NA,NA,NA,NA,NA,NA,NA,NA,NA,NA,NA,NA,NA,NA,NA,NA,NA,NA,NA,NA,0.5,NA,NA,"mm",NA,NA,NA,NA,NA,NA,2,NA,NA,"mm",NA,NA,NA,NA,NA,"35",NA,1.2,NA,NA,"cm","white",NA,NA,NA,"present",NA,"",NA
"inga_treatment_0116.txt","2025-10-04T00:34:37.469015","Inga_tenuicalyx","Inga tenuicalyx","automatic","tree",NA,NA,NA,5,NA,"m","spike",NA,"2",2,3.5,3.5,"cm",NA,NA,NA,NA,NA,3.5,3.5,5,5,"cm",NA,NA,NA,NA,NA,NA,NA,NA,NA,NA,NA,NA,NA,NA,NA,NA,6,6,10,10,"mm",2,2,"5",5,"mm",NA,11.5,NA,NA,"mm",NA,1.5,NA,NA,"mm",NA,NA,NA,NA,NA,"55",NA,2,NA,NA,"cm","white",NA,NA,NA,"present",NA,"",NA
"inga_treatment_0117.txt","2025-10-04T00:35:16.483846","Inga_stenoptera","Inga stenoptera","automatic","tree",NA,NA,15,20,30,"m","spike",NA,NA,0.5,2,NA,"cm",NA,NA,NA,NA,NA,1.5,NA,6,NA,"cm",NA,NA,NA,NA,NA,NA,NA,NA,NA,NA,NA,NA,NA,NA,NA,"tubular to narrowly funnel-shaped",NA,NA,NA,NA,NA,0.5,0.5,"2",2,"mm",NA,NA,NA,NA,NA,1.5,1.5,3,NA,"mm",NA,NA,NA,NA,NA,"40",1,1,2,2,"cm","cream-coloured",NA,NA,"present","present",NA,"",NA
"inga_treatment_0168.txt","2025-10-04T01:07:35.290859","Inga_barbata","Inga barbata","automatic","tree",NA,NA,NA,12,NA,"m","spike",NA,"1.3",1.5,NA,NA,"cm",NA,NA,NA,NA,NA,2.5,2.5,5,5,"cm",NA,NA,NA,NA,NA,NA,NA,NA,NA,NA,NA,NA,NA,NA,NA,NA,NA,NA,NA,NA,NA,NA,NA,NA,NA,NA,NA,NA,NA,NA,NA,2,3,NA,NA,"mm",NA,NA,NA,NA,NA,"35",1.5,NA,2.5,NA,"cm","white",NA,NA,NA,"present",NA,"",NA
"inga_treatment_0180.txt","2025-10-04T01:15:09.943378","Inga_tonduzii","Inga tonduzii","automatic","Tree",NA,NA,NA,25,NA,"m","spike",NA,"2",2,3,NA,"cm",NA,NA,NA,NA,NA,1.3,NA,3,NA,"cm",NA,NA,NA,NA,NA,NA,NA,NA,NA,NA,NA,NA,NA,NA,NA,NA,NA,NA,NA,NA,NA,NA,NA,NA,NA,NA,NA,NA,NA,NA,NA,4,4,5,5,"mm",NA,NA,NA,NA,NA,"100",NA,3,NA,NA,"cm","pale cream-coloured",NA,NA,"present","present",NA,"",NA
"inga_treatment_0194.txt","2025-10-04T01:24:15.766505","Inga_herrerae","Inga herrerae","automatic","tree",NA,NA,NA,15,NA,"m","a congested spike",NA,"2",2,3,3,"cm",NA,NA,NA,NA,NA,1,NA,2.5,NA,"cm",NA,NA,NA,NA,NA,NA,NA,NA,NA,NA,NA,NA,NA,NA,NA,NA,NA,NA,NA,NA,NA,NA,NA,NA,NA,NA,NA,NA,NA,NA,NA,3,3,4,4,"mm",NA,NA,NA,NA,NA,"80",1.5,1.5,2,2,"cm",NA,NA,NA,"present",NA,NA,"",NA
"inga_treatment_0197.txt","2025-10-04T01:26:09.331989","Inga_sierrae","Inga sierrae","automatic","tree",NA,NA,NA,20,NA,"m","spike",NA,"1",NA,3.5,NA,"cm",NA,NA,NA,NA,NA,2,NA,10,NA,"cm",NA,NA,NA,NA,NA,NA,NA,NA,NA,NA,NA,NA,NA,NA,NA,NA,NA,NA,NA,NA,NA,1,1,"3",3,"mm",NA,NA,NA,NA,NA,NA,4,NA,NA,"mm",NA,NA,NA,NA,NA,"80",NA,2,2.5,NA,"cm","white",NA,NA,NA,"present",NA,"",NA
"inga_treatment_0220.txt","2025-10-04T01:40:38.708991","Inga_blanchetiana","Inga blanchetiana","automatic","Tree",NA,NA,NA,20,NA,"m","spike or raceme","congested","1",NA,2.5,NA,"cm",NA,NA,NA,NA,NA,1,NA,2.5,NA,"cm",NA,1,NA,3,NA,"mm",NA,NA,NA,NA,NA,NA,NA,NA,NA,NA,NA,NA,NA,NA,NA,NA,NA,NA,NA,NA,NA,NA,NA,NA,NA,NA,3,NA,NA,"mm",NA,NA,NA,NA,NA,"75",2.5,2.5,2.8,2.8,"cm","white",NA,NA,"present","present",NA,"",NA
"inga_treatment_0245.txt","2025-10-04T01:56:19.305547","Inga_adenophylla","Inga adenophyila","automatic","tree",NA,NA,NA,15,NA,"m","spike","congested","1.8",1.8,2.5,2.5,"cm",NA,NA,NA,NA,NA,4,4,8,8,"cm",NA,0,NA,0.5,NA,"mm",NA,NA,NA,NA,NA,NA,NA,NA,NA,"funnel-shaped",NA,NA,NA,NA,NA,1.5,NA,"2.5",NA,"mm",NA,NA,NA,NA,NA,NA,3,4,NA,"mm",NA,NA,NA,NA,NA,"45",NA,2.5,NA,NA,"cm","white",NA,NA,NA,"present",NA,"",NA
"inga_treatment_0250.txt","2025-10-04T01:59:29.462435","Inga_oerstediana","Inga oerstediana","automatic","tree",NA,NA,NA,30,NA,"m","congested spike",NA,"1.5",NA,5,NA,"cm",NA,NA,NA,NA,NA,NA,2,7,NA,"cm",NA,NA,NA,NA,NA,NA,NA,NA,NA,NA,NA,NA,NA,NA,NA,"tubular",NA,NA,NA,NA,"mm",NA,0.5,"1",NA,"mm",NA,NA,NA,NA,NA,NA,2,3,NA,"mm",NA,NA,NA,NA,NA,NA,1.5,1.5,2,2,"cm","white",NA,NA,NA,"present",NA,"",NA
"Barneby_1991_Sensitivae_Censitae_treatment_0029.txt","2025-07-09T11:18:56,234","Mimosa_colombiana","Mimosa colombiana","","vines","",NA,NA,NA,NA,"","capitula","globose",NA,NA,NA,NA,"",NA,NA,NA,NA,NA,NA,3,11,NA,"mm","5- or 6-merous",0.3,NA,NA,NA,"",NA,NA,NA,NA,"",NA,NA,NA,NA,"campanulate",0.5,0.5,0.8,0.8,"mm",NA,NA,NA,NA,"",NA,1.7,2.8,NA,"mm",0.6,1,NA,NA,"mm",NA,NA,NA,NA,"","",NA,2.5,3,NA,"mm","white",NA,NA,"","",NA,"",NA
"Barneby_1991_Sensitivae_Censitae_treatment_0033.txt","2025-07-09T11:24:08,773","Mimosa_pithecolobioides","Mimosa pithecolobioides","","arborescent shrubs and round-topped trees","",NA,2,5,NA,"m","fl-spikes","amentiform",NA,NA,NA,NA,"",NA,NA,NA,NA,NA,NA,1.5,3,NA,"cm","5-merous",NA,NA,NA,NA,"",NA,NA,NA,NA,"",NA,NA,NA,NA,"campanulate",0.6,0.7,1.2,NA,"mm",0.2,0.2,"0.4",0.4,"mm",1.7,2,2.5,NA,"mm",0.7,1,1,NA,"mm",0.3,0.3,0.45,0.45,"mm","10",1.8,1.8,3,3.5,"mm","cream-colored",NA,NA,"","",NA,"",NA
"Barneby_1991_Sensitivae_Censitae_treatment_0036.txt","2025-07-09T11:27:54,863","Mimosa_townsendii","Mimosa townsendii","","Treelets","",NA,NA,NA,NA,"","spikes","","8",8,15,15,"mm",NA,NA,NA,NA,NA,NA,1,1.5,NA,"cm","4-merous",NA,NA,NA,NA,"",NA,NA,NA,NA,"",NA,NA,NA,NA,"shallowly campanulate",NA,0.5,0.5,NA,"mm",NA,0.1,"0.1",NA,"mm",NA,2.3,2.3,NA,"mm",1.1,1.1,NA,NA,"mm",NA,0.75,0.75,NA,"mm","8",NA,5,5,NA,"mm","white",NA,NA,"","",NA,"",NA
"Barneby_1991_Sensitivae_Censitae_treatment_0037.txt","2025-07-09T11:29:10,450","Mimosa_rhododactyla","Mimosa rhododactyla","","arborescent shrubs","",NA,2,7,NA,"m","spikes","",NA,NA,NA,NA,"",NA,NA,NA,NA,NA,NA,NA,NA,NA,"","4- or 5- or 6-merous",NA,NA,NA,NA,"",NA,NA,NA,NA,"",NA,NA,NA,NA,"campanulate or turbinate-campanulate",0.4,0.4,1.7,1.7,"mm",0.1,0.1,"0.25",0.25,"mm",1.7,1.7,3.3,3.3,"mm",0.8,1.1,1.1,NA,"mm",NA,NA,NA,NA,"","8",3,3,6,6,"mm","pink",NA,NA,"","",NA,"",NA
"Barneby_1991_Sensitivae_Censitae_treatment_0044.txt","2025-07-09T11:37:49,769","Mimosa_adenantheroides","Mimosa adenantheroides","","arborescent shrubs","",NA,1,4,5,"m","capitula","oblong-ellipsoid, spiciform, cylindric, or amentiform",NA,8,20,NA,"mm",NA,NA,NA,NA,NA,NA,1,3.5,NA,"cm","5-merous",NA,NA,NA,NA,"",NA,NA,NA,NA,"",NA,NA,NA,NA,"campanulate",1.2,1.2,2.1,2.1,"mm",0.2,0.2,"0.5",0.5,"mm",NA,2.6,3.7,NA,"mm",NA,NA,NA,NA,"",NA,NA,NA,NA,"","10",NA,5,7,NA,"mm","whitish or pale pink",NA,NA,"","",NA,"",NA
"Barneby_1991_Sensitivae_Censitae_treatment_0052.txt","2025-07-09T11:48:09,232","Mimosa_spirocarpa","Mimosa spirocarpa","","shrubs","",NA,NA,NA,NA,"","fl-spikes","amentiform","6",6,10,10,"cm",NA,NA,NA,NA,NA,NA,NA,NA,NA,"","5-merous",NA,NA,NA,NA,"",NA,NA,NA,NA,"",NA,NA,NA,NA,"campanulate",0.8,0.8,1.6,1.6,"mm",0.2,0.2,"0.5",0.5,"mm",NA,2.2,2.7,NA,"mm",1,1.2,NA,NA,"mm",NA,0.65,0.8,NA,"mm","10",NA,5,6.5,NA,"mm","pink fading whitish",NA,NA,"","",NA,"",NA
"Barneby_1991_Sensitivae_Censitae_treatment_0078.txt","2025-07-09T12:20:09,581","Mimosa_moniliformis","Mimosa moniliformis","","Bushy shrubs and small trees","",NA,NA,3,NA,"m","capitula","globose or ellipsoid","7",7,12,12,"mm",NA,NA,NA,NA,NA,NA,7,21,NA,"mm","",NA,NA,NA,NA,"",NA,NA,NA,NA,"",NA,NA,NA,NA,"campanulate",NA,0.8,0.8,NA,"mm",NA,NA,NA,NA,"",NA,3,3,NA,"mm",1.1,1.1,NA,NA,"mm",NA,0.6,0.6,NA,"mm","10",NA,4.5,5.5,NA,"mm","pink-purple",NA,NA,"","",NA,"",NA
"Barneby_1991_Sensitivae_Censitae_treatment_0079.txt","2025-07-09T12:21:26,678","Mimosa_gentryi","Mimosa gentryi","","shrubs","",2,NA,3,NA,"m","capitula","hemispherical",NA,7,8,NA,"mm",NA,NA,NA,NA,NA,NA,12,28,NA,"mm","4- and 5-merous",NA,NA,NA,NA,"",NA,NA,NA,NA,"",NA,NA,NA,NA,"campanulate",NA,0.8,1,NA,"mm",NA,NA,NA,NA,"",NA,2.5,4.3,NA,"mm",1,1.3,NA,NA,"mm",NA,0.55,0.9,NA,"mm","",4.5,NA,6,NA,"mm","lilac",NA,NA,"","",NA,"",NA
"Barneby_1991_Sensitivae_Censitae_treatment_0090.txt","2025-07-09T12:34:49,819","Mimosa_monancistra","Mimosa monancistra","","shrubs","",NA,8,28,NA,"dm","capitula","oblong",NA,6,11,NA,"mm",NA,NA,NA,NA,NA,NA,4,16,NA,"mm","5-merous",NA,NA,NA,NA,"",NA,NA,NA,NA,"",NA,NA,NA,NA,"campanulate or turbinate",0.9,1,1.4,NA,"mm",0.1,0.1,"0.4",0.4,"mm",NA,2,2.8,3,"mm",NA,NA,NA,NA,"",NA,NA,NA,NA,"","10",4,4,6,6,"mm","pink",NA,NA,"","",NA,"",NA
"Barneby_1991_Sensitivae_Censitae_treatment_0100.txt","2025-07-09T12:46:43,251","Mimosa_borealis","Mimosa borealis","","shrubs","",NA,NA,12,NA,"dm","capitula","umbelliform, spherical or hemispherical","5",5,7,7,"mm",NA,NA,NA,NA,NA,7,10,23,NA,"mm","4- or 5-merous",NA,0.4,1,NA,"mm",NA,NA,NA,NA,"",NA,NA,NA,NA,"turbinate",NA,0.5,0.8,NA,"mm",NA,NA,NA,NA,"",2.1,2.1,2.8,2.8,"mm",NA,NA,NA,NA,"",NA,NA,NA,NA,"","8(10)",2.5,3,4.5,5,"mm","pink",NA,NA,"","",NA,"",NA
"Barneby_1991_Sensitivae_Censitae_treatment_0104.txt","2025-07-09T12:51:31,413","Mimosa_arenosa","Mimosa arenosa","","subshrubs, shrubs and trees","",NA,1,6,NA,"m","spikes","","3",3.5,7,NA,"cm",NA,NA,NA,NA,NA,NA,NA,NA,NA,"","4-merous",NA,NA,NA,NA,"",NA,NA,NA,NA,"",NA,NA,NA,NA,"shakkiwky or shortly campanulate",NA,0.35,0.75,0.85,"mm",0.1,0.1,"0.2",0.2,"mm",NA,2,2.5,NA,"mm",1,1.4,NA,NA,"mm",NA,0.7,0.9,NA,"mm","8",3,3.5,5,6,"mm","white or cream-white, exceptionally pallid-roseate in fading",NA,NA,"","",NA,"",NA
"Barneby_1991_Sensitivae_Censitae_treatment_0131.txt","7/9/2025 13:25","Mimosa_gemmulata","Mimosa gemmulata","","shrubs","",NA,1,2.5,4,"m","fl-spikes","","4",5,12,13,"cm",NA,NA,NA,NA,NA,NA,NA,NA,NA,"","4-merous",NA,NA,NA,NA,"",NA,NA,NA,NA,"",NA,NA,NA,NA,"crateriform or shallowly campanulate",0.3,0.4,0.8,NA,"mm",0.1,0.1,"0.3",0.3,"mm",1.5,1.7,2.4,NA,"mm",1,1.3,NA,NA,"mm",NA,0.65,0.8,1,"mm","8",NA,4,8,NA,"mm","pink",NA,NA,"","",NA,"",NA
"Barneby_1991_Sensitivae_Censitae_treatment_0132.txt","7/9/2025 13:26","Mimosa_gemmulata","Mimosa gemmulata var. gemmulata","","Shrubs","",NA,1,2,2.5,"m","","",NA,NA,NA,NA,"",NA,NA,NA,NA,NA,NA,NA,NA,NA,"","",NA,NA,NA,NA,"",NA,NA,NA,NA,"",NA,NA,NA,NA,"",NA,NA,NA,NA,"",NA,NA,NA,NA,"",NA,NA,NA,NA,"",NA,NA,NA,NA,"",NA,NA,NA,NA,"","",NA,NA,NA,NA,"","",NA,NA,"","",NA,"",NA
"Barneby_1991_Sensitivae_Censitae_treatment_0133.txt","7/9/2025 13:27","Mimosa_gemmulata","Mimosa gemmulata var. adamantina","","shrubs or treelets","",2,2.5,4,NA,"m","","",NA,NA,NA,NA,"",NA,NA,NA,NA,NA,NA,NA,NA,NA,"","",NA,NA,NA,NA,"",NA,NA,NA,NA,"",NA,NA,NA,NA,"",NA,NA,NA,NA,"",NA,NA,NA,NA,"",NA,NA,NA,NA,"",NA,NA,NA,NA,"",NA,NA,NA,NA,"","",NA,NA,NA,NA,"","",NA,NA,"","",NA,"",NA
"Barneby_1991_Sensitivae_Censitae_treatment_0134.txt","7/9/2025 13:28","Mimosa_gemmulata","Mimosa gemmulata var. segrex","","shrubs","",1,NA,3,NA,"m","","",NA,NA,NA,NA,"",NA,NA,NA,NA,NA,NA,NA,NA,NA,"","",NA,NA,NA,NA,"",NA,NA,NA,NA,"",NA,NA,NA,NA,"",NA,NA,NA,NA,"",NA,NA,NA,NA,"",NA,NA,NA,NA,"",NA,NA,NA,NA,"",NA,NA,NA,NA,"","",NA,NA,NA,NA,"","white",NA,NA,"","",NA,"",NA
"Barneby_1991_Sensitivae_Censitae_treatment_0135.txt","7/9/2025 13:29","Mimosa_gemmulata","Mimosa gemmulata var. cristallina","","","",NA,NA,NA,NA,"","","",NA,3,4,NA,"dm",NA,NA,NA,NA,NA,NA,NA,NA,NA,"","",NA,NA,NA,NA,"",NA,NA,NA,NA,"",NA,NA,NA,NA,"",NA,NA,NA,NA,"",NA,NA,NA,NA,"",NA,NA,NA,NA,"",NA,NA,NA,NA,"",NA,NA,NA,NA,"","",NA,NA,NA,NA,"","",NA,NA,"","",NA,"",NA
"Barneby_1991_Sensitivae_Censitae_treatment_0145.txt","7/9/2025 13:41","Mimosa_bimucronata","Mimosa bimucronata","","Trees and bushy treelets","",2,3,8,10,"m","capitula","globose",NA,NA,NA,NA,"",NA,NA,NA,NA,NA,6,16,20,NA,"mm","4 (5)-merous",NA,NA,NA,NA,"",NA,NA,NA,NA,"",NA,NA,NA,NA,"campanulate",NA,0.55,0.9,NA,"mm",NA,0.05,"0.15",NA,"mm",NA,2,2.8,NA,"mm",0.8,1.1,NA,NA,"mm",NA,0.6,0.8,NA,"mm","8(10)",NA,4.5,6,NA,"mm","white",NA,NA,"","",NA,"",NA
"Barneby_1991_Sensitivae_Censitae_treatment_0146.txt","7/9/2025 13:42","Mimosa_bimucronata","Mimosa bimucronata var. bimucronata","","","",NA,NA,NA,NA,"","","",NA,NA,NA,NA,"",NA,NA,NA,NA,NA,NA,NA,NA,NA,"","",NA,NA,NA,NA,"",NA,NA,NA,NA,"",NA,NA,NA,NA,"",NA,NA,NA,NA,"",NA,NA,NA,NA,"",NA,NA,NA,NA,"",NA,NA,NA,NA,"",NA,NA,NA,NA,"","",NA,NA,NA,NA,"","",NA,NA,"","",NA,"",NA
"Barneby_1991_Sensitivae_Censitae_treatment_0147.txt","7/9/2025 13:44","Mimosa_bimucronata","Mimosa bimucronata var. adenocarpa","","","",NA,NA,NA,NA,"","","",NA,NA,NA,NA,"",NA,NA,NA,NA,NA,NA,NA,NA,NA,"","",NA,NA,NA,NA,"",NA,NA,NA,NA,"",NA,NA,NA,NA,"",NA,NA,NA,NA,"",NA,NA,NA,NA,"",NA,NA,NA,NA,"",NA,NA,NA,NA,"",NA,NA,NA,NA,"","",NA,NA,NA,NA,"","",NA,NA,"","",NA,"",NA
"Barneby_1991_Sensitivae_Censitae_treatment_0158.txt","7/9/2025 13:57","Mimosa_leucaenoides","Mimosa leucaenoides","","shrubs and treelets","",NA,NA,4.5,NA,"m","capitula","globose",NA,NA,NA,NA,"",NA,NA,NA,NA,NA,NA,1,3,NA,"cm","4-merous",NA,NA,NA,NA,"",NA,NA,NA,NA,"",NA,NA,NA,NA,"narrowly campanulate",1.2,1.2,1.4,1.4,"mm",NA,0.2,"0.2",NA,"mm",NA,2.7,3.2,NA,"mm",NA,NA,NA,NA,"",NA,NA,NA,NA,"","8",NA,3.5,4.5,NA,"mm","pink",NA,NA,"","",NA,"",NA
"Barneby_1991_Sensitivae_Censitae_treatment_0162.txt","7/9/2025 14:02","Mimosa_hondurana","Mimosa hondurana","","vines","",NA,3,NA,NA,"m","capitula","globose",NA,NA,NA,NA,"",NA,NA,NA,NA,NA,NA,NA,NA,NA,"","4-merous",NA,NA,NA,NA,"",NA,NA,NA,NA,"",NA,NA,NA,NA,"campanulate",NA,0.4,0.8,NA,"mm",NA,NA,NA,NA,"",NA,2,2.3,NA,"cm",NA,NA,NA,NA,"",NA,NA,NA,NA,"","8",NA,NA,NA,NA,"","white",NA,NA,"","",NA,"",NA
"Barneby_1991_Sensitivae_Censitae_treatment_0170.txt","7/9/2025 14:12","Mimosa_extranea","Mimosa extranea","","shrubs or treelets","",NA,1.5,3,NA,"m","capitula","globose",NA,5,5,NA,"mm",NA,NA,NA,NA,NA,6,NA,38,NA,"mm","4-S-merous",NA,6,38,NA,"mm",NA,NA,NA,NA,"",NA,NA,NA,NA,"narrowly campanulate",0.8,0.8,1,1,"mm",NA,0.2,"0.2",0.2,"mm",NA,2.4,3,NA,"mm",0.8,1.3,NA,NA,"mm",NA,0.5,0.7,NA,"mm","",NA,2.5,3,NA,"mm","white",NA,NA,"","",NA,"",NA
"Barneby_1991_Sensitivae_Censitae_treatment_0171.txt","7/9/2025 14:13","Mimosa_bahamensis","Mimosa bahamensis","","shrubs and treelets","",NA,2,4.5,9,"m","capitula","globose",NA,NA,NA,NA,"",NA,NA,NA,NA,NA,NA,7,15,NA,"mm","4(-5)-merous",NA,NA,NA,NA,"",NA,NA,NA,NA,"",NA,NA,NA,NA,"campanulate",NA,1,1.3,NA,"mm",NA,0.1,"0.3",NA,"mm",NA,2.6,3,NA,"mm",0.8,1.1,NA,NA,"mm",NA,0.7,0.9,NA,"mm","8(10)",NA,3,4.5,NA,"mm","pink",NA,NA,"","",NA,"",NA
"Barneby_1991_Sensitivae_Censitae_treatment_0176.txt","7/9/2025 14:19","Mimosa_ephedroides","Mimosa ephedroides","","shrubs","",NA,NA,2,NA,"m","capitula","globose",NA,NA,NA,NA,"",NA,NA,NA,NA,NA,NA,5,15,NA,"mm","4(5-)-merous",NA,0.3,0.3,NA,"mm",NA,NA,NA,NA,"",NA,NA,NA,NA,"campanulate",NA,NA,NA,NA,"",NA,0.2,"0.5",NA,"mm",NA,2.5,3.4,NA,"mm",NA,NA,NA,NA,"",NA,NA,NA,NA,"","8(10)",NA,5,6,NA,"mm","white",NA,NA,"","",NA,"",NA
"Barneby_1991_Sensitivae_Censitae_treatment_0186.txt","7/9/2025 14:31","Mimosa_gracilis","Mimosa gracilis","","herbs","woody, when young carrot-like, in age knotty and amorphous",1,2,14,NA,"dm","capitula","globose",NA,NA,NA,NA,"",NA,NA,NA,NA,NA,0.8,1,4.5,6,"cm","4-merous",NA,NA,NA,NA,"",NA,NA,NA,NA,"",NA,NA,NA,NA,"campanulate",NA,0.2,0.4,NA,"mm",NA,NA,NA,NA,"",NA,1.4,2.6,3,"mm",0.5,1.7,NA,NA,"mm",NA,NA,NA,NA,"","8",NA,2.5,5.5,NA,"mm","vivid pink or lilac-pink",NA,NA,"","",NA,"",NA
"Barneby_1991_Sensitivae_Censitae_treatment_0231.txt","7/9/2025 15:23","Mimosa_cruenta","Mimosa cruenta","","subshrubs","heavy woody rootstock",NA,5,15,NA,"dm","capitula","globose",NA,NA,NA,NA,"",NA,NA,NA,NA,NA,NA,14,38,NA,"mm","(3-)4(-5)-merous",NA,NA,NA,NA,"",NA,NA,NA,NA,"",NA,NA,NA,NA,"campanulate",0.7,0.7,1.2,1.2,"mm",0.25,0.25,"0.4",0.4,"mm",NA,2.7,3.3,NA,"mm",0.75,1,NA,NA,"mm",NA,0.7,1,NA,"mm","8",NA,4,5.5,NA,"mm","bright pink",NA,NA,"","",NA,"",NA
"Barneby_1991_Sensitivae_Censitae_treatment_0249.txt","7/9/2025 15:43","Mimosa_caesalpiniifolia","Mimosa caesalpiniifolia","","trees or potentially sarmentose shrubs","",NA,3,7,NA,"m","amentiform fl-spikes","",NA,NA,NA,NA,"mm",NA,NA,NA,NA,NA,3,3,7,9,"cm","3-merous",NA,NA,NA,NA,"",NA,NA,NA,NA,"",NA,NA,NA,NA,"",0.4,0.4,0.7,0.7,"mm",0.1,0.1,"0.2",0.2,"mm",NA,1.7,2.2,NA,"mm",1,1.3,NA,NA,"mm",NA,0.6,1,NA,"mm","6",4,4.5,7,NA,"mm","white",NA,NA,"","",NA,"",NA
"Barneby_1991_Sensitivae_Censitae_treatment_0258.txt","7/9/2025 15:53","Mimosa_guaranitica","Mimosa guaranitica","","subshrubs","woody root-stock",NA,NA,NA,NA,"","capitula","globose",NA,5,5.5,NA,"mm",NA,NA,NA,NA,NA,3,3,5.5,5.5,"cm","3-merous",0,NA,0.2,NA,"mm",NA,NA,NA,NA,"",NA,NA,NA,NA,"campanulate",NA,NA,NA,NA,"",NA,NA,NA,NA,"",2.4,2.4,2.7,2.7,"mm",1,1.2,1.2,NA,"mm",0.9,0.9,1.1,1.1,"mm","6",4.5,NA,6,NA,"mm","pink",NA,NA,"","",NA,"",NA
"Barneby_1991_Sensitivae_Censitae_treatment_0282.txt","7/9/2025 16:21","Mimosa_quadrivalvis","Mimosa quadrivalvis","","Humifuse and herbaceous or frutescent and sarmentose","",4,4,20,30,"dm","capitula","globose",NA,NA,NA,NA,"",NA,NA,NA,NA,NA,NA,0.4,13,20,"cm","(4-)5-6- merous",NA,NA,1,NA,"mm",NA,NA,NA,NA,"",NA,NA,NA,NA,"campanulate",0.3,0.3,0.6,0.6,"mm",NA,NA,NA,NA,"",1.8,2,4.3,NA,"mm",0.6,1.7,1.7,NA,"mm",0.6,0.6,0.85,0.85,"mm","10",2.5,2.5,9,10,"mm","pink or purplish-pink, sometimes fading whitish",NA,NA,"","",NA,"",NA
"Barneby_1991_Sensitivae_Censitae_treatment_0309.txt","7/9/2025 16:52","Mimosa_antioquensis","Mimosa antioquiensis","","shrubs","",NA,2,8,NA,"m","capitula","globose or plumply ellipsoid",NA,5,6.5,NA,"mm",NA,NA,NA,NA,NA,NA,10,14,NA,"mm","5-merous",NA,NA,NA,NA,"",NA,NA,NA,NA,"",NA,NA,NA,NA,"shallowly or narrowly campanulate",0.4,0.4,1,1,"mm",NA,NA,NA,NA,"",1.9,1.9,2.7,2.7,"mm",0.6,0.9,0.9,NA,"mm",0.2,0.2,0.4,0.4,"mm","5",1.5,1.5,2,2,"mm","",NA,NA,"","",NA,"",NA
"Barneby_1991_Sensitivae_Censitae_treatment_0335.txt","7/9/2025 17:21","Mimosa_bonplandii","Mimosa bonplandii","","shrub or treelet","",NA,1,3,NA,"m","capitula","globose",NA,NA,NA,NA,"",NA,NA,NA,NA,NA,1,2,5,6,"mm","4-merous",NA,NA,NA,NA,"",NA,NA,NA,NA,"",NA,NA,NA,NA,"cup-shaped",0.4,0.4,0.5,0.5,"mm",NA,NA,NA,NA,"",NA,2,2.6,NA,"mm",0.7,0.9,NA,NA,"mm",0.8,NA,1,NA,"mm","4",NA,2,3,NA,"mm","pale yellow",NA,NA,"","",NA,"",NA
"Barneby_1991_Sensitivae_Censitae_treatment_0349.txt","7/9/2025 17:37","Mimosa_paludosa","Mimosa setosa subsp. paludosa","","","",NA,NA,NA,NA,"","","",NA,NA,NA,NA,"",NA,NA,NA,NA,NA,NA,NA,NA,NA,"","",NA,NA,NA,NA,"",NA,NA,NA,NA,"",NA,NA,NA,NA,"campanulate",NA,0.3,0.6,NA,"mm",NA,NA,NA,NA,"",NA,NA,NA,NA,"",NA,NA,NA,NA,"",NA,NA,NA,NA,"","",NA,NA,NA,NA,"","",NA,NA,"","",NA,"",NA
"Barneby_1991_Sensitivae_Censitae_treatment_0350.txt","7/9/2025 17:38","Mimosa_paludosa","Mimosa setosa subsp. paludosa var. palndosa","","Shrubs and treelets","",NA,1.5,5,NA,"m","","",NA,NA,NA,NA,"",NA,NA,NA,NA,NA,NA,NA,NA,NA,"","",NA,NA,NA,NA,"",NA,NA,NA,NA,"",NA,NA,NA,NA,"",NA,NA,NA,NA,"",NA,NA,NA,NA,"",NA,NA,NA,NA,"",NA,NA,NA,NA,"",NA,NA,NA,NA,"","",NA,NA,NA,NA,"","",NA,NA,"","",NA,"",NA
"Barneby_1991_Sensitivae_Censitae_treatment_0431.txt","7/9/2025 19:11","Mimosa_manidea","Mimosa manidea","","rosette-trees","",NA,2,4,NA,"m","capitula","ovoid-ellipsoid or globose",NA,12,17,NA,"mm",NA,NA,NA,NA,NA,NA,3,7,9,"cm","",NA,NA,NA,NA,"",NA,NA,NA,NA,"",NA,NA,NA,NA,"",NA,NA,NA,NA,"",NA,NA,NA,NA,"",NA,5,5.5,NA,"mm",NA,NA,NA,NA,"",NA,NA,NA,NA,"","",NA,NA,NA,NA,"","",NA,NA,"","",NA,"",NA
"Barneby_1991_Sensitivae_Censitae_treatment_0450.txt","7/9/2025 19:33","Mimosa_pigra","Mimosa pigra","","shrubs","adventitiously rooting",NA,5,16,NA,"dm","capitula","globose",NA,5,6.5,NA,"mm",NA,NA,NA,NA,NA,NA,7,17,24,"mm","",NA,NA,NA,NA,"",NA,NA,NA,NA,"",NA,NA,NA,NA,"",NA,0.6,0.85,NA,"mm",NA,NA,NA,NA,"",NA,1.5,1.8,NA,"mm",NA,NA,NA,NA,"",NA,NA,NA,NA,"","",NA,NA,2,NA,"mm","pink",NA,NA,"","",NA,"",NA
"Barneby_1991_Sensitivae_Censitae_treatment_0453.txt","7/9/2025 19:36","Mimosa_dormiens","Mimosa dormiens","","herbs","",NA,NA,NA,NA,"","capitula","plumply ellipsoid","4",4,7.5,NA,"mm",NA,NA,NA,NA,NA,NA,8,35,40,"mm","4(-5)-merous",NA,NA,NA,NA,"",NA,NA,NA,NA,"",NA,NA,NA,NA,"",NA,NA,NA,NA,"",NA,NA,NA,NA,"",NA,1.3,1.7,NA,"mm",0.3,0.7,NA,NA,"mm",NA,0.3,0.5,NA,"mm","8",NA,2,3,NA,"mm","pale lilac fading whitish",NA,NA,"","",NA,"",NA
"Barneby_1991_Sensitivae_Censitae_treatment_0455.txt","7/9/2025 19:38","Mimosa_somnians","Mimosa somnians","","subshrubs, shrubs and treelets","",2,4,25,40,"dm","capitula","subglobose","4",4.5,7,8,"mm",NA,NA,NA,NA,NA,0.5,0.8,3,3.5,"cm","4(-5)-merous",NA,NA,NA,NA,"",NA,NA,NA,NA,"",NA,NA,NA,NA,"membranous",0.25,0.3,0.55,0.7,"mm",NA,NA,NA,NA,"",1.7,2.1,3.5,4,"mm",1.2,2,2.2,NA,"mm",NA,0.6,1.1,NA,"mm","",3.5,4,7,NA,"mm","pink",NA,NA,"","",NA,"",NA
"Barneby_1991_Sensitivae_Censitae_treatment_0525.txt","7/9/2025 21:48","Mimosa_pectinatipinna","Mimosa pectinatipinna","","shrubs","",NA,8,30,NA,"dm","capitula","globose",NA,4,5,NA,"mm",NA,NA,NA,NA,NA,7,7,15,15,"mm","",NA,NA,NA,NA,"",NA,NA,NA,NA,"",NA,NA,NA,NA,"pappiform",0.8,0.8,1.3,1.3,"mm",NA,NA,NA,NA,"",NA,1.8,2.1,NA,"mm",0.6,0.6,NA,NA,"mm",NA,0.5,0.5,NA,"mm","",NA,4,4,NA,"mm","pink or white",NA,NA,"","",NA,"",NA
"Barneby_1991_Sensitivae_Censitae_treatment_0539.txt","7/9/2025 22:04","Mimosa_albida","Mimosa albida","","herbs, bushy shrubs, weakly woody sarmentose vines and treelets","",NA,NA,3,4,"m","capitula","globose",NA,4.5,6.5,7,"mm",NA,NA,NA,NA,NA,NA,1,4,4.7,"cm","4-merous",NA,NA,NA,NA,"",NA,NA,NA,NA,"",NA,NA,NA,NA,"minute",NA,0.15,0.4,NA,"mm",NA,NA,NA,NA,"",NA,2,2.6,NA,"mm",0.5,0.7,NA,NA,"mm",NA,0.4,0.6,NA,"mm","4",NA,4,7.5,NA,"mm","lilac-, roseor magenta-pink",NA,NA,"","",NA,"",NA
"Barneby_1991_Sensitivae_Censitae_treatment_0578.txt","2025-07-09T22:46:12,589","Mimosa_lactiflua","Mimosa lactiflua","","","",NA,NA,NA,NA,"","pseudoracemes","",NA,NA,NA,NA,"",NA,NA,NA,NA,NA,NA,NA,NA,NA,"","",NA,NA,NA,NA,"",NA,NA,NA,NA,"",NA,NA,NA,NA,"",NA,NA,NA,NA,"",NA,NA,NA,NA,"",NA,NA,NA,NA,"",NA,NA,NA,NA,"",NA,NA,NA,NA,"","",NA,NA,NA,NA,"","",NA,NA,"","",NA,"",NA
"Barneby_1991_Sensitivae_Censitae_treatment_0580.txt","2025-07-09T22:48:18,343","Mimosa_margaritae","Mimosa margaritae","","","",NA,NA,NA,NA,"","","",NA,NA,NA,NA,"",NA,NA,NA,NA,NA,NA,NA,NA,NA,"","",NA,NA,NA,NA,"",NA,NA,NA,NA,"",NA,NA,NA,NA,"",NA,NA,NA,NA,"",NA,NA,NA,NA,"",NA,NA,NA,NA,"",NA,NA,NA,NA,"",NA,NA,NA,NA,"","",NA,NA,NA,NA,"","",NA,NA,"","",NA,"",NA
"Barneby_1991_Sensitivae_Censitae_treatment_0581.txt","2025-07-09T22:49:22,261","Mimosa_sicyocarpa","Mimosa sicyocarpa","","Scrambling or arborescent shrubs","",NA,NA,6,NA,"m","capitulum","",NA,NA,NA,NA,"",NA,NA,NA,NA,NA,NA,NA,NA,NA,"","",NA,NA,NA,NA,"",NA,NA,NA,NA,"",NA,NA,NA,NA,"campanulate",NA,0.5,0.5,NA,"mm",NA,NA,NA,NA,"",NA,NA,NA,NA,"",NA,NA,NA,NA,"",NA,NA,NA,NA,"","",NA,NA,NA,NA,"","",NA,NA,"","",NA,"",NA
"Barneby_1991_Sensitivae_Censitae_treatment_0617.txt","2025-07-09T23:28:21,343","Mimosa_orthacantha","Mimosa orthacantha","","Shrubs","",NA,1.5,2.5,NA,"m","capitula","globose",NA,5.5,6.5,NA,"mm",NA,NA,NA,NA,NA,NA,11,27,NA,"mm","4-merous",NA,NA,NA,NA,"",NA,NA,NA,NA,"",NA,NA,NA,NA,"campanulate",0.3,0.3,0.5,0.5,"mm",NA,NA,NA,NA,"",2,2.2,2.7,NA,"mm",0.6,0.8,NA,NA,"mm",0.5,0.5,0.6,0.6,"mm","4",NA,5,8.5,NA,"mm","pink",NA,NA,"","",NA,"",NA
"Barneby_1991_Sensitivae_Censitae_treatment_0639.txt","2025-07-09T23:52:20,418","Mimosa_pudica","Mimosa pudica","","subshrubs, herbs","",NA,NA,12,NA,"dm","capitula","ellipsoid",NA,3.5,5,NA,"mm",NA,NA,NA,NA,NA,0.7,1,3,3.5,"cm","4-merous",NA,NA,NA,NA,"",NA,NA,NA,NA,"",NA,NA,NA,NA,"campanulate cup",NA,0.1,0.2,NA,"mm",NA,NA,NA,NA,"",NA,1.5,2.1,NA,"mm",0.45,0.7,NA,NA,"mm",NA,0.4,0.5,NA,"mm","4",3.5,3.5,6,6,"mm","pink",NA,NA,"","",NA,"",NA
"Barneby_1991_Sensitivae_Censitae_treatment_0648.txt","2025-07-10T00:02:06,579","Mimosa_xanthocentra","Mimosa xanthocentra","","subshrubs","woody roots or short caudex",1,3,15,20,"dm","capitula","ovoid-ellipsoid","5",6,9,10,"mm",NA,NA,NA,NA,NA,3,5,20,NA,"mm","4-merous",NA,NA,NA,NA,"",NA,NA,NA,NA,"",NA,NA,NA,NA,"paleaceous-pappiform",1,1.3,3,NA,"mm",NA,NA,NA,NA,"",1.2,1.6,3,NA,"mm",0.5,1.1,NA,NA,"mm",NA,0.4,0.7,NA,"mm","4",3,5,9.5,10,"mm","pink",NA,NA,"","",NA,"",NA
"Barneby_1991_Sensitivae_Censitae_treatment_0664.txt","2025-07-10T00:19:17,378","Mimosa_affinis","Mimosa affinis","","herbs","",NA,NA,NA,NA,"","capitula","",NA,3,NA,NA,"mm",NA,NA,NA,NA,NA,NA,NA,NA,NA,"","",NA,NA,NA,NA,"",NA,NA,NA,NA,"",NA,NA,NA,NA,"",NA,NA,NA,NA,"",NA,NA,NA,NA,"",NA,2,2,NA,"mm",NA,NA,NA,NA,"",NA,NA,NA,NA,"","",NA,3,3,NA,"mm","",NA,NA,"","",NA,"",NA
"Barneby_1991_Sensitivae_Censitae_treatment_0703.txt","10/7/2025 1:01","Mimosa_cyclophylla","Mimosa cyclophylla","","subshrubs","xylopodium",NA,1,2.5,3.5,"m","capitula","globose",NA,9,11,13,"mm",NA,NA,NA,NA,NA,NA,2,10,NA,"cm","4-merous",NA,NA,NA,NA,"",NA,NA,NA,NA,"",NA,NA,NA,NA,"paleaceous",NA,2,3.5,NA,"mm",NA,NA,NA,NA,"",NA,3,5,NA,"mm",1.1,1.8,NA,NA,"mm",NA,0.7,1,NA,"mm","4",NA,6,7,NA,"mm","",NA,NA,"","",NA,"",NA
"Barneby_1991_Sensitivae_Censitae_treatment_0758.txt","2025-07-10T02:01:37,744","Mimosa_hilariana","Mimosa hilariana","","subshrubs","",NA,8,15,NA,"dm","capitula","ellipsoid",NA,5,5,NA,"mm",NA,NA,NA,NA,NA,NA,NA,NA,NA,"","4-merous",NA,NA,NA,NA,"",NA,NA,NA,NA,"",NA,NA,NA,NA,"irregularly denticulate",NA,0.7,0.7,NA,"mm",NA,NA,NA,NA,"",1.7,1.7,2,2,"mm",0.7,0.7,NA,NA,"mm",NA,0.4,0.5,NA,"mm","4",NA,NA,NA,NA,"","",NA,NA,"","",NA,"",NA
"Barneby_1991_Sensitivae_Censitae_treatment_0797.txt","2025-07-10T02:45:34,947","Mimosa_skinneri","Mimosa skinneri","","short-lived perennial herbs","",NA,0.1,0.6,1,"m","capitula","ellipsoid or globose",NA,NA,NA,NA,"",NA,NA,NA,NA,NA,2,NA,7,NA,"cm","4-merous",NA,NA,NA,NA,"",NA,NA,NA,NA,"",NA,NA,NA,NA,"",NA,0.1,0.3,NA,"mm",NA,NA,NA,NA,"",1.7,1.7,2.4,2.4,"mm",NA,NA,NA,NA,"",NA,NA,NA,NA,"","4",NA,4,6,7,"mm","pink",NA,NA,"","",NA,"",NA
"Maslin, B. 2001. Flora of Australia, Mimosaceae, Acacia.",NA,"Acaciella_angustissima","Acacia angustissima","","shrubs, trees","",NA,NA,NA,NA,"","racemes","capitulum like racemes","600",NA,NA,NA,"mm",NA,NA,NA,NA,"",NA,NA,NA,NA,"","",NA,NA,NA,NA,"",NA,NA,NA,NA,"","","","","","",NA,NA,NA,NA,"",NA,NA,"",NA,"",NA,NA,NA,NA,"",NA,NA,NA,NA,"",NA,NA,NA,NA,"","",NA,NA,NA,NA,"","","","","","","","",NA
"Maslin, B. 2001. Flora of Australia, Mimosaceae, Acacia.",NA,"Vachellia_bellula","Acacia bellula","","","",NA,NA,NA,NA,"","","","",NA,NA,NA,"",NA,NA,NA,NA,"",NA,NA,NA,NA,"","",NA,NA,NA,NA,"",NA,NA,NA,NA,"","","","","","",NA,NA,NA,NA,"",NA,NA,"",NA,"",NA,NA,NA,NA,"",NA,NA,NA,NA,"",NA,NA,NA,NA,"","",NA,NA,NA,NA,"","","","","","","","",NA
"Maslin, B. 2001. Flora of Australia, Mimosaceae, Acacia.",NA,"Vachellia_bilimekii","Acacia bilimekii","","","",NA,NA,NA,NA,"","","","",NA,NA,NA,"",NA,NA,NA,NA,"",NA,NA,NA,NA,"","",NA,NA,NA,NA,"",NA,NA,NA,NA,"","","","","","",NA,NA,NA,NA,"",NA,NA,"",NA,"",NA,NA,NA,NA,"",NA,NA,NA,NA,"",NA,NA,NA,NA,"","",NA,NA,NA,NA,"","","","","","","","",NA
"Maslin, B. 2001. Flora of Australia, Mimosaceae, Acacia.",NA,"Senegalia_burkei","Acacia burkei","","","",NA,NA,NA,NA,"","","","",NA,NA,NA,"",NA,NA,NA,NA,"",NA,NA,NA,NA,"","",NA,NA,NA,NA,"",NA,NA,NA,NA,"","","","","","",NA,NA,NA,NA,"",NA,NA,"",NA,"",NA,NA,NA,NA,"",NA,NA,NA,NA,"",NA,NA,NA,NA,"","",NA,NA,NA,NA,"","","","","","","","",NA
"Maslin, B. 2001. Flora of Australia, Mimosaceae, Acacia.",NA,"Senegalia_intsia","Acacia caesia","","","",NA,NA,NA,NA,"","","","",NA,NA,NA,"",NA,NA,NA,NA,"",NA,NA,NA,NA,"","",NA,NA,NA,NA,"",NA,NA,NA,NA,"","","","","","",NA,NA,NA,NA,"",NA,NA,"",NA,"",NA,NA,NA,NA,"",NA,NA,NA,NA,"",NA,NA,NA,NA,"","",NA,NA,NA,NA,"","","","","","","","",NA
"Maslin, B. 2001. Flora of Australia, Mimosaceae, Acacia.",NA,"Senegalia_caffra","Acacia caffra","","","",NA,NA,NA,NA,"","","","",NA,NA,NA,"",NA,NA,NA,NA,"",NA,NA,NA,NA,"","",NA,NA,NA,NA,"",NA,NA,NA,NA,"","","","","","",NA,NA,NA,NA,"",NA,NA,"",NA,"",NA,NA,NA,NA,"",NA,NA,NA,NA,"",NA,NA,NA,NA,"","",NA,NA,NA,NA,"","","","","","","","",NA
"Maslin, B. 2001. Flora of Australia, Mimosaceae, Acacia.",NA,"Mariosousa_centralis","Acacia centralis","","","",NA,NA,NA,NA,"","","","",NA,NA,NA,"",NA,NA,NA,NA,"",NA,NA,NA,NA,"","",NA,NA,NA,NA,"",NA,NA,NA,NA,"","","","","","",NA,NA,NA,NA,"",NA,NA,"",NA,"",NA,NA,NA,NA,"",NA,NA,NA,NA,"",NA,NA,NA,NA,"","",NA,NA,NA,NA,"","","","","","","","",NA
"Maslin, B. 2001. Flora of Australia, Mimosaceae, Acacia.",NA,"Vachellia_campeachiana","Acacia cochliacantha","","","",NA,NA,NA,NA,"","","","",NA,NA,NA,"",NA,NA,NA,NA,"",NA,NA,NA,NA,"","",NA,NA,NA,NA,"",NA,NA,NA,NA,"","","","","","",NA,NA,NA,NA,"",NA,NA,"",NA,"",NA,NA,NA,NA,"",NA,NA,NA,NA,"",NA,NA,NA,NA,"","",NA,NA,NA,NA,"","","","","","","","",NA
"Maslin, B. 2001. Flora of Australia, Mimosaceae, Acacia.",NA,"Senegalia_erythrocalyx","Acacia erythrocalyx","","","",NA,NA,NA,NA,"","","","",NA,NA,NA,"",NA,NA,NA,NA,"",NA,NA,NA,NA,"","",NA,NA,NA,NA,"",NA,NA,NA,NA,"","","","","","",NA,NA,NA,NA,"",NA,NA,"",NA,"",NA,NA,NA,NA,"",NA,NA,NA,NA,"",NA,NA,NA,NA,"","",NA,NA,NA,NA,"","","","","","","","",NA
"Maslin, B. 2001. Flora of Australia, Mimosaceae, Acacia.",NA,"Senegalia_gilliesii","Acacia furcatispina","","","",NA,NA,NA,NA,"","","","",NA,NA,NA,"",NA,NA,NA,NA,"",NA,NA,NA,NA,"","",NA,NA,NA,NA,"",NA,NA,NA,NA,"","","","","","",NA,NA,NA,NA,"",NA,NA,"",NA,"",NA,NA,NA,NA,"",NA,NA,NA,NA,"",NA,NA,NA,NA,"","",NA,NA,NA,NA,"","","","","","","","",NA
"Maslin, B. 2001. Flora of Australia, Mimosaceae, Acacia.",NA,"Senegalia_gaumeri","Acacia gaumeri","","","",NA,NA,NA,NA,"","","","",NA,NA,NA,"",NA,NA,NA,NA,"",NA,NA,NA,NA,"","",NA,NA,NA,NA,"",NA,NA,NA,NA,"","","","","","",NA,NA,NA,NA,"",NA,NA,"",NA,"",NA,NA,NA,NA,"",NA,NA,NA,NA,"",NA,NA,NA,NA,"","",NA,NA,NA,NA,"","","","","","","","",NA
"Maslin, B. 2001. Flora of Australia, Mimosaceae, Acacia.",NA,"Vachellia_gerrardi","Acacia gerrardii","","","",NA,NA,NA,NA,"","","","",NA,NA,NA,"",NA,NA,NA,NA,"",NA,NA,NA,NA,"","",NA,NA,NA,NA,"",NA,NA,NA,NA,"","","","","","",NA,NA,NA,NA,"",NA,NA,"",NA,"",NA,NA,NA,NA,"",NA,NA,NA,NA,"",NA,NA,NA,NA,"","",NA,NA,NA,NA,"","","","","","","","",NA
"Maslin, B. 2001. Flora of Australia, Mimosaceae, Acacia.",NA,"Vachellia_nebrownii","Acacia glandulifera","","","",NA,NA,NA,NA,"","","","",NA,NA,NA,"",NA,NA,NA,NA,"",NA,NA,NA,NA,"","",NA,NA,NA,NA,"",NA,NA,NA,NA,"","","","","","",NA,NA,NA,NA,"",NA,NA,"",NA,"",NA,NA,NA,NA,"",NA,NA,NA,NA,"",NA,NA,NA,NA,"","",NA,NA,NA,NA,"","","","","","","","",NA
"Maslin, B. 2001. Flora of Australia, Mimosaceae, Acacia.",NA,"Senegalia_pennata","Acacia horrida","","","",NA,NA,NA,NA,"","","","",NA,NA,NA,"",NA,NA,NA,NA,"",NA,NA,NA,NA,"","",NA,NA,NA,NA,"",NA,NA,NA,NA,"","","","","","",NA,NA,NA,NA,"",NA,NA,"",NA,"",NA,NA,NA,NA,"",NA,NA,NA,NA,"",NA,NA,NA,NA,"","",NA,NA,NA,NA,"","","","","","","","",NA
"Maslin, B. 2001. Flora of Australia, Mimosaceae, Acacia.",NA,"Senegalia_interior","Acacia interior","","","",NA,NA,NA,NA,"","","","",NA,NA,NA,"",NA,NA,NA,NA,"",NA,NA,NA,NA,"","",NA,NA,NA,NA,"",NA,NA,NA,NA,"","","","","","",NA,NA,NA,NA,"",NA,NA,"",NA,"",NA,NA,NA,NA,"",NA,NA,NA,NA,"",NA,NA,NA,NA,"","",NA,NA,NA,NA,"","","","","","","","",NA
"Maslin, B. 2001. Flora of Australia, Mimosaceae, Acacia.",NA,"Senegalia_intsia","Acacia intsia","","","",NA,NA,NA,NA,"","","","",NA,NA,NA,"",NA,NA,NA,NA,"",NA,NA,NA,NA,"","",NA,NA,NA,NA,"",NA,NA,NA,NA,"","","","","","",NA,NA,NA,NA,"",NA,NA,"",NA,"",NA,NA,NA,NA,"",NA,NA,NA,NA,"",NA,NA,NA,NA,"","",NA,NA,NA,NA,"","","","","","","","",NA
"Maslin, B. 2001. Flora of Australia, Mimosaceae, Acacia.",NA,"Senegalia_kraussiana","Acacia kraussiana","","","",NA,NA,NA,NA,"","","","",NA,NA,NA,"",NA,NA,NA,NA,"",NA,NA,NA,NA,"","",NA,NA,NA,NA,"",NA,NA,NA,NA,"","","","","","",NA,NA,NA,NA,"",NA,NA,"",NA,"",NA,NA,NA,NA,"",NA,NA,NA,NA,"",NA,NA,NA,NA,"","",NA,NA,NA,NA,"","","","","","","","",NA
"Maslin, B. 2001. Flora of Australia, Mimosaceae, Acacia.",NA,"Senegalia_laeta","Acacia laeta","","","",NA,NA,NA,NA,"","","","",NA,NA,NA,"",NA,NA,NA,NA,"",NA,NA,NA,NA,"","",NA,NA,NA,NA,"",NA,NA,NA,NA,"","","","","","",NA,NA,NA,NA,"",NA,NA,"",NA,"",NA,NA,NA,NA,"",NA,NA,NA,NA,"",NA,NA,NA,NA,"","",NA,NA,NA,NA,"","","","","","","","",NA
"Maslin, B. 2001. Flora of Australia, Mimosaceae, Acacia.",NA,"Senegalia_macrostachya","Acacia macrostachya","","","",NA,NA,NA,NA,"","","","",NA,NA,NA,"",NA,NA,NA,NA,"",NA,NA,NA,NA,"","",NA,NA,NA,NA,"",NA,NA,NA,NA,"","","","","","",NA,NA,NA,NA,"",NA,NA,"",NA,"",NA,NA,NA,NA,"",NA,NA,NA,NA,"",NA,NA,NA,NA,"","",NA,NA,NA,NA,"","","","","","","","",NA
"Maslin, B. 2001. Flora of Australia, Mimosaceae, Acacia.",NA,"Vachellia_myrmecophila","Acacia myrmecophila","","","",NA,NA,NA,NA,"","","","",NA,NA,NA,"",NA,NA,NA,NA,"",NA,NA,NA,NA,"","",NA,NA,NA,NA,"",NA,NA,NA,NA,"","","","","","",NA,NA,NA,NA,"",NA,NA,"",NA,"",NA,NA,NA,NA,"",NA,NA,NA,NA,"",NA,NA,NA,NA,"","",NA,NA,NA,NA,"","","","","","","","",NA
"Maslin, B. 2001. Flora of Australia, Mimosaceae, Acacia.",NA,"Senegalia_persiciflora","Acacia persiciflora","","","",NA,NA,NA,NA,"","","","",NA,NA,NA,"",NA,NA,NA,NA,"",NA,NA,NA,NA,"","",NA,NA,NA,NA,"",NA,NA,NA,NA,"","","","","","",NA,NA,NA,NA,"",NA,NA,"",NA,"",NA,NA,NA,NA,"",NA,NA,NA,NA,"",NA,NA,NA,NA,"","",NA,NA,NA,NA,"","","","","","","","",NA
"Maslin, B. 2001. Flora of Australia, Mimosaceae, Acacia.",NA,"Senegalia_praecox","Acacia praecox","","","",NA,NA,NA,NA,"","","","",NA,NA,NA,"",NA,NA,NA,NA,"",NA,NA,NA,NA,"","",NA,NA,NA,NA,"",NA,NA,NA,NA,"","","","","","",NA,NA,NA,NA,"",NA,NA,"",NA,"",NA,NA,NA,NA,"",NA,NA,NA,NA,"",NA,NA,NA,NA,"","",NA,NA,NA,NA,"","","","","","","","",NA
"Maslin, B. 2001. Flora of Australia, Mimosaceae, Acacia.",NA,"Senegalia_reniformis","Acacia reniformis","","","",NA,NA,NA,NA,"","","","",NA,NA,NA,"",NA,NA,NA,NA,"",NA,NA,NA,NA,"","",NA,NA,NA,NA,"",NA,NA,NA,NA,"","","","","","",NA,NA,NA,NA,"",NA,NA,"",NA,"",NA,NA,NA,NA,"",NA,NA,NA,NA,"",NA,NA,NA,NA,"","",NA,NA,NA,NA,"","","","","","","","",NA
"Maslin, B. 2001. Flora of Australia, Mimosaceae, Acacia.",NA,"Parasenegalia_skleroxyla","Acacia skleroxyla","","","",NA,NA,NA,NA,"","","","",NA,NA,NA,"",NA,NA,NA,NA,"",NA,NA,NA,NA,"","",NA,NA,NA,NA,"",NA,NA,NA,NA,"","","","","","",NA,NA,NA,NA,"",NA,NA,"",NA,"",NA,NA,NA,NA,"",NA,NA,NA,NA,"",NA,NA,NA,NA,"","",NA,NA,NA,NA,"","","","","","","","",NA
"Maslin, B. 2001. Flora of Australia, Mimosaceae, Acacia.",NA,"Acaciella_tequilana","Acacia tequilana","","","",NA,NA,NA,NA,"","","","",NA,NA,NA,"",NA,NA,NA,NA,"",NA,NA,NA,NA,"","",NA,NA,NA,NA,"",NA,NA,NA,NA,"","","","","","",NA,NA,NA,NA,"",NA,NA,"",NA,"",NA,NA,NA,NA,"",NA,NA,NA,NA,"",NA,NA,NA,NA,"","",NA,NA,NA,NA,"","","","","","","","",NA
"Maslin, B. 2001. Flora of Australia, Mimosaceae, Acacia.",NA,"Mariosousa_heterophylla","Acacia willardiana","","","",NA,NA,NA,NA,"","","","",NA,NA,NA,"",NA,NA,NA,NA,"",NA,NA,NA,NA,"","",NA,NA,NA,NA,"",NA,NA,NA,NA,"","","","","","",NA,NA,NA,NA,"",NA,NA,"",NA,"",NA,NA,NA,NA,"",NA,NA,NA,NA,"",NA,NA,NA,NA,"","",NA,NA,NA,NA,"","","","","","","","",NA
"Maslin, B. 2001. Flora of Australia, Mimosaceae, Acacia.",NA,"Vachellia_xanthophloea","Acacia xanthophloea","","","",NA,NA,NA,NA,"","","","",NA,NA,NA,"",NA,NA,NA,NA,"",NA,NA,NA,NA,"","",NA,NA,NA,NA,"",NA,NA,NA,NA,"","","","","","",NA,NA,NA,NA,"",NA,NA,"",NA,"",NA,NA,NA,NA,"",NA,NA,NA,NA,"",NA,NA,NA,NA,"","",NA,NA,NA,NA,"","","","","","","","",NA
"Nielsen, I.C. (1992). Mimosaceae (Leguminosae-Mimosoideae). Flora Malesiana - Series 1, Spermatophyta, 11(1), 1‚Äö√Ñ√¨226.",NA,"Adenanthera_microsperma","Adenanthera microsperma","","tree","",NA,NA,30,NA,"m","raceme","","",65,115,250,"",NA,NA,NA,NA,"",NA,NA,NA,NA,"","5",NA,1.5,3,NA,"",NA,NA,NA,NA,"","","","","","",NA,0.5,0.75,NA,"",NA,NA,"",NA,"",NA,2.5,3.5,NA,"",NA,NA,NA,NA,"",NA,NA,NA,NA,"","10",NA,3,4.5,NA,"","","","","","","","",NA
"Brenan, J. P. M. (1986). The genus Adenopodia (Leguminosae). Kew bulletin, 73-90.",NA,"Adenopodia_spicata","Adenopodia spicata","","climbing shrub, scrambling shrub","",6,NA,NA,NA,"m","spike","often paniculately aggregated, solitary or few in a cluster","",NA,NA,NA,"",NA,NA,NA,NA,"",NA,8,35,NA,"","",NA,NA,NA,NA,"",NA,NA,NA,NA,"","","","","","",NA,1,1.2,NA,"",NA,NA,"0.1",NA,"",NA,NA,NA,NA,"",NA,1,NA,NA,"",NA,NA,NA,NA,"","",NA,NA,NA,NA,"","","","","","","","",NA
"du Puy, D. J., Labat, J. N., Rabevohitra, R., Villiers, J. F., Bosser, J., & Moat, J. (2002). The leguminosae of Madagascar. The Leguminosae of Madagascar.",NA,"Alantsilodendron_mahafalense","Alantsilodendron mahafalense","","shrub","",4,NA,NA,NA,"m","head","","",NA,NA,NA,"",NA,NA,NA,NA,"",NA,20,25,NA,"","",NA,NA,NA,NA,"",NA,NA,NA,NA,"","","","","","",NA,1,1.5,NA,"",NA,NA,"",NA,"",NA,3,3.25,NA,"",NA,NA,NA,NA,"",NA,NA,NA,NA,"","",NA,0.6,1.6,NA,"","","no","","","","","",NA
"Du Puy, D.J., Labat, N.-N., Rabevohitra, R., Villiers, J.-F., Bosser, J. & Moat, J. (2002). The Leguminosae of Madagascar: 1-737. Royal Botanic Gardens, Kew.",NA,"Albizia_aurisparsa","Albizia aurisparsa","","","",NA,NA,NA,NA,"","","","",NA,NA,NA,"",NA,NA,NA,NA,"",NA,NA,NA,NA,"","",NA,NA,NA,NA,"",NA,NA,NA,NA,"","","","","","",NA,NA,NA,NA,"",NA,NA,"",NA,"",NA,NA,NA,NA,"",NA,NA,NA,NA,"",NA,NA,NA,NA,"","",NA,NA,NA,NA,"","","","","","","","",NA
"Du Puy, D.J., Labat, N.-N., Rabevohitra, R., Villiers, J.-F., Bosser, J. & Moat, J. (2002). The Leguminosae of Madagascar: 1-737. Royal Botanic Gardens, Kew.",NA,"Albizia_bernieri","Albizia bernieri","","","",NA,NA,NA,NA,"","","","",NA,NA,NA,"",NA,NA,NA,NA,"",NA,NA,NA,NA,"","",NA,NA,NA,NA,"",NA,NA,NA,NA,"","","","","","",NA,NA,NA,NA,"",NA,NA,"",NA,"",NA,NA,NA,NA,"",NA,NA,NA,NA,"",NA,NA,NA,NA,"","",NA,NA,NA,NA,"","","","","","","","",NA
"Nielsen, I.C. (1992). Mimosaceae (Leguminosae-Mimosoideae). Flora Malesiana - Series 1, Spermatophyta, 11(1), 1‚Äö√Ñ√¨226.",NA,"Albizia_carrii","Albizia carrii","","tree","",NA,30,NA,NA,"m","pedunculate flowers","pedunculate flowers bearing corymbs","",NA,NA,NA,"",NA,NA,NA,NA,"",NA,25,50,NA,"","5",NA,4,6,NA,"",NA,NA,NA,NA,"","","","","","",NA,3,3.5,NA,"",NA,NA,"0.5",NA,"",NA,7,NA,NA,"",NA,3,NA,NA,"",NA,NA,NA,NA,"","numerous",25,NA,NA,NA,"","white","","","","","","",NA
"Wu, Z. & Raven, P.H. (eds.) (2010). Flora of China 10: 1-642. Science Press (Beijing) & Missouri Botanical Garden Press (St. Louis).",NA,"Albizia_chevalieri","Albizia chevalieri","","","",NA,NA,NA,NA,"","","","",NA,NA,NA,"",NA,NA,NA,NA,"",NA,NA,NA,NA,"","",NA,NA,NA,NA,"",NA,NA,NA,NA,"","","","","","",NA,NA,NA,NA,"",NA,NA,"",NA,"",NA,NA,NA,NA,"",NA,NA,NA,NA,"",NA,NA,NA,NA,"","",NA,NA,NA,NA,"","","","","","","","",NA
"Du Puy, D.J., Labat, N.-N., Rabevohitra, R., Villiers, J.-F., Bosser, J. & Moat, J. (2002). The Leguminosae of Madagascar: 1-737. Royal Botanic Gardens, Kew.",NA,"Albizia_commiphoroides","Albizia commiphoroides","","","",NA,NA,NA,NA,"","","","",NA,NA,NA,"",NA,NA,NA,NA,"",NA,NA,NA,NA,"","",NA,NA,NA,NA,"",NA,NA,NA,NA,"","","","","","",NA,NA,NA,NA,"",NA,NA,"",NA,"",NA,NA,NA,NA,"",NA,NA,NA,NA,"",NA,NA,NA,NA,"","",NA,NA,NA,NA,"","","","","","","","",NA
"Sushil has a copy (downloaded a paper that describes the Pseudosamanea guachapele (kunth) Harms which is a synonym",NA,"Pseudosamanea_guachapele","Albizia guachapele","","tree","",NA,20,30,NA,"m","pedunculate, umbellate","","",NA,NA,NA,"",NA,NA,NA,NA,"",NA,NA,NA,NA,"","5",NA,NA,NA,NA,"",NA,NA,NA,NA,"","","","","","",NA,6,7,NA,"",NA,NA,"",NA,"",NA,9,10,NA,"",NA,NA,NA,NA,"",NA,NA,NA,NA,"","",NA,NA,NA,NA,"","","","","","","","",NA
"",NA,"Albizia_gummifera","Albizia gummifera","","tree","",NA,NA,30,NA,"m","","","",NA,NA,NA,"",NA,NA,NA,NA,"",NA,6,7,NA,"","",NA,0.25,0.75,1,"",NA,NA,NA,NA,"","","","","","",NA,2.5,5,NA,"",NA,NA,"",NA,"",NA,6.5,12,NA,"",NA,NA,NA,NA,"",NA,NA,NA,NA,"","",NA,NA,NA,NA,"","white, crimson","","","","","","",NA
"Nielsen, I.C. (1992). Mimosaceae (Leguminosae-Mimosoideae). Flora Malesiana - Series 1, Spermatophyta, 11(1), 1‚Äö√Ñ√¨226.",NA,"Albizia_kostermansii","Albizia kostermansii","","tree","",30,NA,NA,NA,"","pedunculate glomerules","pedunculate glomerules aggregated into terminal, shortly, tomentose panicles","",NA,NA,NA,"",NA,NA,NA,NA,"",10,15,17,25,"","5",NA,NA,NA,NA,"",NA,NA,NA,NA,"","","","","","",NA,1.8,2,NA,"",NA,0.1,"0.2",NA,"",NA,5.5,6.2,NA,"",NA,1.5,2,NA,"",NA,NA,NA,NA,"","",NA,15,NA,NA,"","","","","","","","",NA
"Barneby, R.C. and Grimes, J., 1996. Silk tree, guanacaste, monkey's earring: a generic system of the synandrous Mimosaceae of the Americas. Part I. Abarema, Albizia, and allies. Memoirs of the New York Botanical Garden, 74(1).",NA,"Samanea_saman","Albizia saman","","tree","",NA,NA,60,NA,"","","","",NA,NA,NA,"",NA,NA,NA,NA,"",NA,NA,NA,NA,"","",NA,NA,NA,NA,"",NA,NA,NA,NA,"","","","","","",NA,NA,NA,NA,"",NA,NA,"",NA,"",NA,NA,NA,NA,"",NA,NA,NA,NA,"",NA,NA,NA,NA,"","",NA,NA,NA,NA,"","","","","","","","",NA
"Du Puy, D.J., Labat, N.-N., Rabevohitra, R., Villiers, J.-F., Bosser, J. & Moat, J. (2002). The Leguminosae of Madagascar: 1-737. Royal Botanic Gardens, Kew.",NA,"Albizia_tulearensis","Albizia tulearensis","","","",NA,NA,NA,NA,"","","","",NA,NA,NA,"",NA,NA,NA,NA,"",NA,NA,NA,NA,"","",NA,NA,NA,NA,"",NA,NA,NA,NA,"","","","","","",NA,NA,NA,NA,"",NA,NA,"",NA,"",NA,NA,NA,NA,"",NA,NA,NA,NA,"",NA,NA,NA,NA,"","",NA,NA,NA,NA,"","","","","","","","",NA
"Altschul, S., 1964. A taxonomic study of the genus Anadenanthera. Contributions from the Gray Herbarium of Harvard University, (193), pp.3-65.",NA,"Anadenanthera_peregrina","Anadenanthera peregrina","","tree","",NA,3,27,NA,"m","globose-capitate","","",NA,NA,NA,"",NA,10,18,NA,"",NA,15,40,NA,"","5",NA,NA,NA,NA,"",NA,NA,NA,NA,"","","","","","",NA,0.5,3,NA,"",NA,NA,"",NA,"",NA,2,3.5,NA,"",NA,NA,NA,NA,"",NA,NA,NA,NA,"","10",NA,5,8,NA,"","off-white, golden red","no","","","","","",NA
"???? Nielsen, I., Baretta‚Äö√Ñ√¨Kuipers, T., & Guinet, P. (1984). The genus Archidendron (Leguminosae‚Äö√Ñ√¨Mimosoideae). Nordic Journal of Botany, 4(6), 770-770.",NA,"Archidendron_chevalieri","Archidendron chevalieri","","tree","",NA,NA,3.5,NA,"m","panicled, pedunculate","terminal or axillary, narrow panicled, peduncle","",NA,NA,NA,"",NA,NA,NA,NA,"",NA,11,20,NA,"","5",NA,NA,NA,NA,"",NA,NA,NA,NA,"","","","","","",NA,2.5,3,NA,"",NA,NA,"",NA,"",NA,5,NA,NA,"",NA,NA,NA,NA,"",NA,NA,NA,NA,"","46",NA,15,NA,NA,"","","","","","","","",NA
"Nielsen, I.C. (1992). Mimosaceae (Leguminosae-Mimosoideae). Flora Malesiana - Series 1, Spermatophyta, 11(1), 1‚Äö√Ñ√¨226.",NA,"Archidendron_ellipticum","Archidendron ellipticum","","tree, shrub","",NA,9,20,NA,"m","terminal and axillary at the distal leaves, consisting of pedunculate glomerules","terminal and axillary at the distal leaves, consisting of pedunculate glomerules aggregated into panicles","",NA,NA,NA,"",NA,NA,NA,NA,"",NA,NA,NA,NA,"","5",NA,NA,NA,NA,"",NA,NA,NA,NA,"","","","","","",NA,1.5,5,NA,"",NA,0.5,"1",NA,"",NA,4.5,9,NA,"",NA,2,4,NA,"",NA,NA,NA,NA,"","",6,NA,NA,NA,"","white","","","","","","",NA
"Nielsen, I.C. (1992). Mimosaceae (Leguminosae-Mimosoideae). Flora Malesiana - Series 1, Spermatophyta, 11(1), 1‚Äö√Ñ√¨226.",NA,"Archidendron_glabrum","Archidendron glabrum","","shrub, tree","",NA,NA,7,NA,"m","long, slender, racemes","","200-700",NA,NA,NA,"",NA,NA,NA,NA,"",NA,NA,NA,NA,"","5",NA,18,27,NA,"",NA,NA,NA,NA,"","","","","","",NA,2,3,4,"",NA,NA,"1",NA,"",NA,6,9,NA,"",NA,2,4,NA,"",NA,NA,NA,NA,"","",NA,15,20,NA,"","white","","","","","","",NA
"???? Nielsen, I., Baretta‚Äö√Ñ√¨Kuipers, T., & Guinet, P. (1984). The genus Archidendron (Leguminosae‚Äö√Ñ√¨Mimosoideae). Nordic Journal of Botany, 4(6), 770-770.",NA,"Archidendron_glomeriflorum","Archidendron glomeriflorum","","tree, shrub","",NA,NA,5,NA,"m","pedunculate","","",NA,NA,NA,"",NA,NA,NA,NA,"",NA,30,NA,NA,"","",NA,NA,NA,NA,"",NA,NA,NA,NA,"","","","","","",NA,1.3,NA,NA,"",NA,NA,"0.3",NA,"",NA,4,NA,NA,"",NA,2,2.5,NA,"",NA,NA,NA,NA,"","",NA,NA,NA,NA,"","","","","","","","",NA
"Nielsen, I.C. (1992). Mimosaceae (Leguminosae-Mimosoideae). Flora Malesiana - Series 1, Spermatophyta, 11(1), 1‚Äö√Ñ√¨226.",NA,"Archidendron_jiringa","Archidendron jiringa","","shrub, tree","",NA,NA,21,NA,"m","consisting of glomerules or small spikes","consisting of glomerules or small spikes aggregated into panicles","",NA,NA,NA,"",NA,NA,NA,NA,"",NA,NA,NA,NA,"","5",NA,NA,NA,NA,"",NA,NA,NA,NA,"","","","","","",NA,1,2,NA,"",NA,0.2,"0.3",NA,"",NA,4,5,NA,"",NA,2,NA,NA,"",NA,NA,NA,NA,"","",NA,8,10,NA,"","","","","","","","",NA
"Nielsen, I.C. (1992). Mimosaceae (Leguminosae-Mimosoideae). Flora Malesiana - Series 1, Spermatophyta, 11(1), 1‚Äö√Ñ√¨226.",NA,"Archidendron_ptenopum","Archidendron ptenopum","","tree","",NA,9,13.5,NA,"m","consisting of simple or once-branched pedunculate umbles or corymbs","","",NA,NA,NA,"",NA,NA,NA,NA,"",NA,NA,NA,NA,"","5",NA,4,5,NA,"",NA,NA,NA,NA,"","","","","","",3,NA,NA,NA,"",NA,NA,"",NA,"",NA,9,12.5,NA,"",NA,5,7,NA,"",NA,NA,NA,NA,"","",NA,15,17,NA,"","white","","","","","","",NA
"???? Nielsen, I., Baretta‚Äö√Ñ√¨Kuipers, T., & Guinet, P. (1984). The genus Archidendron (Leguminosae‚Äö√Ñ√¨Mimosoideae). Nordic Journal of Botany, 4(6), 770-770.",NA,"Archidendron_robinsonii","Archidendron robinsonii","","tree","",NA,8,9,NA,"m","panicled head","","",NA,NA,NA,"",NA,NA,NA,NA,"",NA,10,15,NA,"","",NA,NA,NA,NA,"",NA,NA,NA,NA,"","","","","","",NA,4.5,7,NA,"",NA,NA,"",NA,"",NA,9,12,15,"",NA,4,5,NA,"",NA,NA,NA,NA,"","",NA,NA,NA,NA,"","","","","","","","",NA
"Nielsen, I.C. (1992). Mimosaceae (Leguminosae-Mimosoideae). Flora Malesiana - Series 1, Spermatophyta, 11(1), 1‚Äö√Ñ√¨226.",NA,"Archidendron_scutiferum","Archidendron scutiferum","","tree, shrub","",NA,NA,20,NA,"m","consisting of pedunculate glomerules","consisting of pedunculate glomerules, aggregated into panicles","",NA,NA,NA,"",NA,NA,NA,NA,"",NA,NA,NA,NA,"","5",NA,NA,NA,NA,"",NA,NA,NA,NA,"","","","","","",NA,1.2,2.5,NA,"",NA,0.2,"0.5",NA,"",NA,4,6,NA,"",NA,2,2.8,NA,"",NA,NA,NA,NA,"","",NA,5,10,NA,"","white","","","","","","",NA
"???? Nielsen, I., Baretta‚Äö√Ñ√¨Kuipers, T., & Guinet, P. (1984). The genus Archidendron (Leguminosae‚Äö√Ñ√¨Mimosoideae). Nordic Journal of Botany, 4(6), 770-770.",NA,"Archidendron_utile","Archidendron utile","","shrubs, rarely trees","",NA,1,2,NA,"m","panicled head","","",NA,NA,NA,"",NA,NA,NA,NA,"",NA,NA,NA,NA,"","",NA,NA,NA,NA,"",NA,NA,NA,NA,"","","","","","",NA,1.5,3,NA,"",NA,NA,"",NA,"",NA,6,8,NA,"",NA,1.5,NA,NA,"",NA,NA,NA,NA,"","",NA,NA,NA,NA,"","","","","","","","",NA
"Leroy, J.-F. & Mackee, H.S. (eds.) (1983). Flore de la Nouvelle-Calédonie et Dépendances 12: 1-139. Muséum National d'Histoire Naturelle, Paris.",NA,"Archidendropsis_fournieri","Archidendropsis fournieri","","","",NA,NA,NA,NA,"","","","",NA,NA,NA,"",NA,NA,NA,NA,"",NA,NA,NA,NA,"","",NA,NA,NA,NA,"",NA,NA,NA,NA,"","","","","","",NA,NA,NA,NA,"",NA,NA,"",NA,"",NA,NA,NA,NA,"",NA,NA,NA,NA,"",NA,NA,NA,NA,"","",NA,NA,NA,NA,"","","","","","","","",NA
"Nielsen, I., Guinet, P. and Baretta‚Äö√Ñ√¨Kuipers, T. (1983). Studies in the Malesian, Australian and Pacific Ingeae (Leguminosae ‚Äö√Ñ√¨ Mimosoideae): the genera Archidendropsis, Wallaceodendron,Paraserianthes, Pararchidendron and Serianthes (parts 1 and 2). Bulletin du Museum national d‚Äö√Ñ√¥histoire naturelle Paris, ser 4, 5 Sect. B, Adansonia 3 & 4, 303‚Äö√Ñ√¨329, 335‚Äö√Ñ√¨360.",NA,"Archidendropsis_granulosa","Archidendropsis granulosa","","","",NA,NA,NA,NA,"","","","",NA,NA,NA,"",NA,NA,NA,NA,"",NA,NA,NA,NA,"","",NA,NA,NA,NA,"",NA,NA,NA,NA,"","","","","","",NA,NA,NA,NA,"",NA,NA,"",NA,"",NA,NA,NA,NA,"",NA,NA,NA,NA,"",NA,NA,NA,NA,"","",NA,NA,NA,NA,"","","","","","","","",NA
"Bull. Soc. Bot. France 80: 466 (1933)",NA,"Aubrevillea_kerstingii","Aubrevillea kerstingii","","tree","",NA,NA,NA,NA,"","racemes","Spiciform racemes","",NA,NA,NA,"",NA,NA,NA,NA,"",NA,NA,NA,NA,"","",NA,0.7,1.3,NA,"",NA,NA,NA,NA,"","","","","","",NA,0.7,1,NA,"",NA,NA,"",NA,"",NA,2.5,3,NA,"",NA,NA,NA,NA,"",NA,NA,NA,NA,"","8",NA,NA,NA,NA,"","","","","","","","",NA
"Barneby, R., 1998. Calliandra. Silk tree, Guanacaste, Monkeys Earring. A generic system for the Synandrous Mimosaceae of the Americas. Mem. New York Bot. Gard, 74(3), pp.1-223.",NA,"Calliandra_brevicaulis","Calliandra brevicaulis","","herbaceous subshrubs, subherbaceous subshrubs","",NA,NA,NA,NA,"","capiula cymose-umbilliform","","",NA,NA,NA,"",NA,NA,NA,NA,"",NA,25,105,NA,"","5-7",NA,5,26,NA,"",NA,NA,NA,NA,"","","","","","",NA,3,5.2,6,"",0.4,0.8,"1.4",NA,"",NA,8.2,9,14,"",NA,2.5,4.5,NA,"",NA,NA,NA,NA,"","34",NA,45,60,70,"","","no","","","","","",NA
"Barneby, R., 1998. Calliandra. Silk tree, Guanacaste, Monkeys Earring. A generic system for the Synandrous Mimosaceae of the Americas. Mem. New York Bot. Gard, 74(3), pp.1-223.",NA,"Calliandropsis_nervosa","Calliandropsis nervosus","","shrub","",NA,NA,1,NA,"m","","","",NA,NA,NA,"",NA,NA,NA,NA,"",0.5,1,7,14,"","",NA,NA,NA,NA,"",NA,NA,NA,NA,"","","","","","",NA,1,3,NA,"",NA,NA,"",NA,"",NA,2.5,5,NA,"",NA,NA,NA,NA,"",NA,NA,NA,NA,"","5",NA,6,8,12,"","white, pink","no","","","","","",NA
"Bull. Soc. Bot. France 80: 467 (1933)",NA,"Calpocalyx_aubrevillei","Calpocalyx aubrevillei","","","",NA,NA,NA,NA,"","","","",NA,NA,NA,"",NA,NA,NA,NA,"",NA,NA,NA,NA,"","",NA,NA,NA,NA,"",NA,NA,NA,NA,"","","","","","",NA,NA,NA,NA,"",NA,NA,"",NA,"",NA,NA,NA,NA,"",NA,NA,NA,NA,"",NA,NA,NA,NA,"","",NA,NA,NA,NA,"","","","","","","","",NA
"First published in Bull. Misc. Inform. Kew 1933: 172 (1933)",NA,"Calpocalyx_cauliflorus","Calpocalyx cauliflorus","","","",NA,NA,NA,NA,"","","","",NA,NA,NA,"",NA,NA,NA,NA,"",NA,NA,NA,NA,"","",NA,NA,NA,NA,"",NA,NA,NA,NA,"","","","","","",NA,NA,NA,NA,"",NA,NA,"",NA,"",NA,NA,NA,NA,"",NA,NA,NA,NA,"",NA,NA,NA,NA,"","",NA,NA,NA,NA,"","","","","","","","",NA
"H.G.A.Engler & K.A.E.Prantl, Nat. Pflanzenfam., Nachtr. 1: 191 (1897)",NA,"Calpocalyx_dinklagei","Calpocalyx dinklagei","","","",NA,NA,NA,NA,"","","","",NA,NA,NA,"",NA,NA,NA,NA,"",NA,NA,NA,NA,"","",NA,NA,NA,NA,"",NA,NA,NA,NA,"","","","","","",NA,NA,NA,NA,"",NA,NA,"",NA,"",NA,NA,NA,NA,"",NA,NA,NA,NA,"",NA,NA,NA,NA,"","",NA,NA,NA,NA,"","","","","","","","",NA
"Bull. Misc. Inform. Kew 1932: 101 (1932)",NA,"Chidlowia_sanguinea","Chidlowia sanguinea","","tree","",NA,NA,NA,NA,"","panicles","","± 250",NA,NA,NA,"",NA,NA,NA,NA,"",NA,NA,NA,NA,"","5",NA,3,3.5,NA,"",NA,NA,NA,NA,"","","","","","",NA,2,NA,NA,"",NA,NA,"",NA,"",NA,6,7,NA,"",NA,NA,NA,NA,"",NA,NA,NA,NA,"","10",NA,25,NA,NA,"","","","","","","","yes",NA
"Barneby, R.C. and Grimes, J., 1997. Silk tree, Monkey's earring: A generic system for the synandrous Mimosaceae of the Americas. Part II. Pithecellobium, Cojoba and Zygia. Mem. New York Bot. Gard, 74, pp.1-149.",NA,"Cojoba_graciliflora","Cojoba recordii","","shrubs, tree","",NA,1,15,NA,"m","capitula","","",NA,NA,NA,"",NA,NA,NA,NA,"",NA,30,76,NA,"","5",NA,NA,NA,NA,"",NA,NA,NA,NA,"","","","","","",NA,2.5,5,NA,"",NA,0.25,"0.75",NA,"",NA,9,16,NA,"",NA,0.75,2,NA,"",NA,NA,NA,NA,"","21",NA,10,25,NA,"","","","","","","","",NA
"H.G.A.Engler & K.A.E.Prantl, Nat. Pflanzenfam., Nachtr. 1: 192 (1897)",NA,"Cylicodiscus_gabunensis","Cylicodiscus gabunensis","","tree","",NA,60,96,NA,"m","","","",NA,NA,NA,"",NA,NA,NA,NA,"",NA,NA,NA,NA,"","",NA,NA,NA,NA,"",NA,NA,NA,NA,"","","","","","",NA,1,NA,NA,"",NA,NA,"",NA,"",NA,2,NA,NA,"",NA,NA,NA,NA,"",NA,NA,NA,NA,"","",NA,NA,NA,NA,"","","yes","","","","","",NA
"Luckow, M. (1993). Monograph of Desmanthus (leguminosae-mimosoideae). Systematic Botany Monographs, 1-166.",NA,"Mezcala_balsensis","Desmanthus balsensis","","","",NA,NA,NA,NA,"","","","",NA,NA,NA,"",NA,NA,NA,NA,"",NA,NA,NA,NA,"","",NA,NA,NA,NA,"",NA,NA,NA,NA,"","","","","","",NA,NA,NA,NA,"",NA,NA,"",NA,"",NA,NA,NA,NA,"",NA,NA,NA,NA,"",NA,NA,NA,NA,"","",NA,NA,NA,NA,"","","","","","","","",NA
"Luckow, M. (1993). Monograph of Desmanthus (leguminosae-mimosoideae). Systematic Botany Monographs, 1-166.",NA,"Desmanthus_fruticosus","Desmanthus fruticosus","","shrub, small tree","",NA,1,4,NA,"m","heads, very short spikes","","12-23",NA,NA,NA,"",NA,NA,NA,NA,"",NA,13,40,NA,"","5",NA,NA,NA,NA,"",NA,NA,NA,NA,"","","","","","",NA,1,4.8,NA,"",NA,0.25,"0.5",NA,"",NA,2.3,5.8,NA,"",NA,NA,NA,NA,"",NA,NA,NA,NA,"","8",NA,6,20,NA,"","white","no","","","","","",NA
"",NA,"Entada_elephantina","Elephantorrhiza elephantina","","geoxylic suffrutex","",NA,NA,NA,NA,"","raceme","axillary spiciform raceme usually confined to the lower part of the stem","(20-)40-80(-120)",NA,NA,NA,"",NA,NA,NA,NA,"",NA,NA,NA,NA,"","",1.5,NA,NA,NA,"",NA,NA,NA,NA,"","","","","","",NA,1.75,NA,NA,"",NA,NA,"",NA,"",NA,2.75,3.75,NA,"",NA,NA,NA,NA,"",NA,NA,NA,NA,"","",NA,6.5,NA,NA,"","","","","","","","",NA
"",NA,"Entada_goetzei","Elephantorrhiza goetzei","","shrub, tree","",1,4,7,NA,"m","raceme","spiciform raceme","(20-)50-200(-230)",NA,NA,NA,"",NA,NA,NA,NA,"",NA,NA,NA,NA,"","",1,NA,NA,NA,"",NA,NA,NA,NA,"","","","","","",NA,1.5,1.75,NA,"",NA,NA,"",NA,"",NA,2.5,3,NA,"",NA,NA,NA,NA,"",NA,NA,NA,NA,"","",NA,4.5,NA,NA,"","","","","","","","",NA
"MESQUITA, A.D.L., 1990. Revis‚àö¬£o taxon√ã√Ö√Æica do g‚àö‚Ñ¢nero Enterolobium Mart.(Mimosoideae) para a regi‚àö¬£o Neotropical.",NA,"Enterolobium_barnebianum","Enterolobium barnebianum","","","",NA,NA,NA,NA,"","","","",NA,NA,NA,"",NA,NA,NA,NA,"",NA,NA,NA,NA,"","",NA,NA,NA,NA,"",NA,NA,NA,NA,"","","","","","",NA,NA,NA,NA,"",NA,NA,"",NA,"",NA,NA,NA,NA,"",NA,NA,NA,NA,"",NA,NA,NA,NA,"","",NA,NA,NA,NA,"","","","","","","","",NA
"MESQUITA, A.D.L., 1990. Revis‚àö¬£o taxon√ã√Ö√Æica do g‚àö‚Ñ¢nero Enterolobium Mart.(Mimosoideae) para a regi‚àö¬£o Neotropical.",NA,"Robrichia_schomburgkii","Enterolobium schomburgkii","","","",NA,NA,NA,NA,"","","","",NA,NA,NA,"",NA,NA,NA,NA,"",NA,NA,NA,NA,"","",NA,NA,NA,NA,"",NA,NA,NA,NA,"","","","","","",NA,NA,NA,NA,"",NA,NA,"",NA,"",NA,NA,NA,NA,"",NA,NA,NA,NA,"",NA,NA,NA,NA,"","",NA,NA,NA,NA,"","","","","","","","",NA
"MESQUITA, A.D.L., 1990. Revis‚àö¬£o taxon√ã√Ö√Æica do g‚àö‚Ñ¢nero Enterolobium Mart.(Mimosoideae) para a regi‚àö¬£o Neotropical.",NA,"Enterolobium_timbouva","Enterolobium timbouva","","","",NA,NA,NA,NA,"","","","",NA,NA,NA,"",NA,NA,NA,NA,"",NA,NA,NA,NA,"","",NA,NA,NA,NA,"",NA,NA,NA,NA,"","","","","","",NA,NA,NA,NA,"",NA,NA,"",NA,"",NA,NA,NA,NA,"",NA,NA,NA,NA,"",NA,NA,NA,NA,"","",NA,NA,NA,NA,"","","","","","","","",NA
"Rev. Bot. Appl. Agric. Trop. 14: 876 (1934)",NA,"Faidherbia_albida","Faidherbia albida","","tree","",NA,30,NA,NA,"m","spike","slender","40-140",NA,NA,NA,"",NA,NA,NA,NA,"",NA,NA,NA,NA,"","5",NA,NA,NA,NA,"",NA,NA,NA,NA,"","","","","","",NA,1,1.7,NA,"",NA,NA,"",NA,"",NA,3,3.5,NA,"",NA,NA,NA,NA,"",NA,NA,NA,NA,"","",NA,NA,NA,NA,"","","","","","","","",NA
"Barneby, R.C. and Grimes, J., 1996. Silk tree, guanacaste, monkey's earring: a generic system of the synandrous Mimosaceae of the Americas. Part I. Abarema, Albizia, and allies. Memoirs of the New York Botanical Garden, 74(1).",NA,"Falcataria_falcata","Falcataria moluccana","","tree","",NA,15,35,NA,"m","spikes","panicle of spikes","",NA,NA,NA,"",NA,NA,NA,NA,"",NA,NA,NA,NA,"","5 (6)",0,NA,NA,NA,"",NA,NA,NA,NA,"","","","","","",NA,2.2,2.9,NA,"",NA,15,"40",NA,"",NA,6,7.2,NA,"",NA,2.4,4,NA,"",NA,1.4,2.1,NA,"","84",NA,14,18,NA,"","","","","","","","",NA
"Pennington, T.D., 1997. The genus Inga: botany. Royal Botanic Gardens Kew.",NA,"Inga_adenophylla","Inga adenophylla","","tree","",NA,NA,NA,NA,"","spike","axillary, a congested spike","",NA,NA,NA,"",NA,NA,NA,NA,"",NA,40,80,NA,"","",NA,0,0.5,NA,"",NA,NA,NA,NA,"","","","","","",NA,NA,NA,NA,"",NA,1.5,"2.5",NA,"",NA,NA,NA,NA,"",NA,3,4,NA,"",NA,NA,NA,NA,"","45",NA,25,NA,NA,"","","","","","","","",NA
"Pennington, T.D., 1997. The genus Inga: botany. Royal Botanic Gardens Kew.",NA,"Inga_alba","Inga aggregata","","tree","",NA,NA,NA,NA,"","spike","axillary, often clustered on short leafless axillary shoots, congested spike","",NA,NA,NA,"",NA,NA,NA,NA,"",NA,4,20,NA,"","",NA,NA,NA,NA,"",NA,NA,NA,NA,"","","","","","",NA,NA,NA,NA,"",NA,NA,"0.25",NA,"",NA,NA,NA,NA,"",NA,0.5,1,NA,"",NA,NA,NA,NA,"","25",NA,4.5,6,NA,"","","","","","","","",NA
"Pennington, T.D., 1997. The genus Inga: botany. Royal Botanic Gardens Kew.",NA,"Inga_oerstediana","Inga endlicheri","","tree","",NA,NA,NA,NA,"","spike","axillary, often clustered at the apex, or in the axils of undeveloped leaves on axillary shoots, a congested spike","",NA,NA,NA,"",NA,NA,NA,NA,"",NA,20,70,NA,"","",NA,NA,NA,NA,"",NA,NA,NA,NA,"","","","","","",NA,NA,NA,NA,"",NA,0.5,"1",NA,"",NA,NA,NA,NA,"",NA,2,3,NA,"",NA,NA,NA,NA,"","60",NA,15,20,NA,"","","","","","","","",NA
"Mem. New York Bot. Gard. 64: 203 (1990)",NA,"Jacqueshuberia_brevipes","Jacqueshuberia brevipes","","","",NA,NA,NA,NA,"","","","",NA,NA,NA,"",NA,NA,NA,NA,"",NA,NA,NA,NA,"","",NA,NA,NA,NA,"",NA,NA,NA,NA,"","","","","","",NA,NA,NA,NA,"",NA,NA,"",NA,"",NA,NA,NA,NA,"",NA,NA,NA,NA,"",NA,NA,NA,NA,"","",NA,NA,NA,NA,"","","","","","","","",NA
"Brittonia 37: 294 (1985)",NA,"Jacqueshuberia_loretensis","Jacqueshuberia loretensis","","Tree","",20,NA,NA,NA,"m","Terminal","compound-racemose","",NA,NA,NA,"",NA,NA,NA,NA,"",NA,NA,NA,NA,"","",NA,18,25,NA,"",NA,NA,NA,NA,"","","","","","",NA,3.5,7,NA,"",NA,NA,"",NA,"",NA,8,8.5,NA,"",NA,NA,NA,NA,"",NA,NA,NA,NA,"","",NA,26,55,NA,"","red","","","","","","",NA
"Du Puy, D.J., Labat, N.-N., Rabevohitra, R., Villiers, J.-F., Bosser, J. & Moat, J. (2002). The Leguminosae of Madagascar: 1-737. Royal Botanic Gardens, Kew.",NA,"Lemurodendron_capuronii","Lemurodendron capuronii","","tree","",30,NA,NA,NA,"m","spike","panicle","",NA,NA,NA,"",NA,NA,NA,NA,"",NA,NA,NA,NA,"","",NA,NA,NA,NA,"",NA,NA,NA,NA,"","","","","","",NA,1.25,1.5,NA,"",NA,NA,"",NA,"",NA,3.3,4,NA,"",NA,NA,NA,NA,"",NA,NA,NA,NA,"","10",NA,4.5,7,NA,"","","yes","","","","","",NA
"Hughes, C., 1998. Monograph of Leucaena (Leguminosae-Mimosoideae).",NA,"Leucaena_cuspidata","Leucaena cuspidata","","tree","",NA,2,4,6,"m","capitula","","",NA,NA,NA,"",NA,13,16,NA,"",NA,26,36,NA,"","5",NA,NA,NA,NA,"",NA,NA,NA,NA,"","","","","","",NA,2.5,3,NA,"",NA,NA,"",NA,"",NA,3.8,4.2,NA,"",NA,NA,NA,NA,"",NA,NA,NA,NA,"","10",NA,5.5,7.5,NA,"","pale creamy white","","","","","","",NA
"Hughes, C., 1998. Monograph of Leucaena (Leguminosae-Mimosoideae).",NA,"Leucaena_esculenta","Leucaena esculenta","","tree","",3,10,15,20,"m","capitula","","",NA,NA,NA,"",NA,25,28,NA,"",NA,25,30,NA,"","5",NA,NA,NA,NA,"",NA,NA,NA,NA,"","","","","","",NA,2.6,4,NA,"",NA,NA,"",NA,"",NA,4.2,5.5,NA,"",NA,NA,NA,NA,"",NA,NA,NA,NA,"","10",NA,12,13.8,NA,"","white","","","","","","",NA
"Hughes, C., 1998. Monograph of Leucaena (Leguminosae-Mimosoideae).",NA,"Leucaena_pulverulenta","Leucaena pulverulenta","","tree","",NA,5,18,20,"m","capitula","","",NA,NA,NA,"",NA,15,20,NA,"",NA,25,35,NA,"","5",NA,NA,NA,NA,"",NA,NA,NA,NA,"","","","","","",NA,1.3,1.6,NA,"",NA,NA,"",NA,"",NA,3.8,4.1,NA,"",NA,NA,NA,NA,"",NA,NA,NA,NA,"","10",NA,5.5,6.3,NA,"","pale cream-white","","","","","","",NA
"Hughes, C., 1998. Monograph of Leucaena (Leguminosae-Mimosoideae).",NA,"Leucaena_retusa","Leucaena retusa","","tree","",NA,2,5,8,"m","capitula","","",NA,NA,NA,"",NA,20,25,NA,"",NA,25,90,NA,"","5",NA,NA,NA,NA,"",NA,NA,NA,NA,"","","","","","",NA,4.2,4.5,NA,"",NA,NA,"",NA,"",NA,5.4,6.6,NA,"",NA,NA,NA,NA,"",NA,NA,NA,NA,"","10",NA,12,13.5,NA,"","bright yellow","","","","","","",NA
"Hughes, C., 1998. Monograph of Leucaena (Leguminosae-Mimosoideae).",NA,"Leucaena_trichodes","Leucaena trichodes","","tree, shrub","",1,3,10,15,"m","capitula","","",NA,NA,NA,"",NA,8,12,NA,"",6,10,18,NA,"","5",NA,NA,NA,NA,"",NA,NA,NA,NA,"","","","","","",NA,1.3,2.6,NA,"",NA,NA,"",NA,"",NA,2.3,3.3,NA,"",NA,NA,NA,NA,"",NA,NA,NA,NA,"","10",NA,4,6.3,NA,"","creamy white","","","","","","",NA
"Barneby, R.C. and Grimes, J., 1996. Silk tree, guanacaste, monkey's earring: a generic system of the synandrous Mimosaceae of the Americas. Part I. Abarema, Albizia, and allies. Memoirs of the New York Botanical Garden, 74(1).",NA,"Lysiloma_watsonii","Lysiloma watsonii","","tree","",NA,NA,NA,NA,"","capituliform, suborbicular","","3-8",NA,NA,NA,"",NA,NA,NA,NA,"",NA,NA,NA,NA,"","",NA,NA,NA,NA,"",NA,NA,NA,NA,"","","","","","",NA,NA,NA,NA,"",NA,NA,"",NA,"",NA,NA,NA,NA,"",NA,NA,NA,NA,"",NA,NA,NA,NA,"","",NA,NA,NA,NA,"","","","","","","","",NA
"Barneby, R.C., 1991. Sensitivae Censitae: a description of the genus Mimosa Linnaeus (Mimosaceae) in the New World (Vol. 65).",NA,"Mimosa_antioquensis","Mimosa antioquensis","","shrubs","",NA,2,8,NA,"m","capitula","","",NA,NA,NA,"",NA,NA,NA,NA,"",NA,10,14,NA,"","5",NA,NA,NA,NA,"",NA,NA,NA,NA,"","","","","","",NA,0.4,1,NA,"",NA,NA,"",NA,"",NA,1.9,2.7,NA,"",NA,0.6,0.9,NA,"",NA,0.2,0.4,NA,"","",NA,NA,NA,NA,"","","","","","","","",NA
"Barneby, R.C., 1991. Sensitivae Censitae: a description of the genus Mimosa Linnaeus (Mimosaceae) in the New World (Vol. 65).",NA,"Mimosa_brevispicata","Mimosa brevispicata","","","",NA,NA,NA,NA,"","","","",NA,NA,NA,"",NA,NA,NA,NA,"",NA,NA,NA,NA,"","",NA,NA,NA,NA,"",NA,NA,NA,NA,"","","","","","",NA,NA,NA,NA,"",NA,NA,"",NA,"",NA,NA,NA,NA,"",NA,NA,NA,NA,"",NA,NA,NA,NA,"","",NA,NA,NA,NA,"","","","","","","","",NA
"Barneby, R.C., 1991. Sensitivae Censitae: a description of the genus Mimosa Linnaeus (Mimosaceae) in the New World (Vol. 65).",NA,"Mimosa_paludosa","Mimosa paludosa","","shrubs, treelets","",NA,1.5,5,NA,"","capitula","","",NA,NA,NA,"",NA,NA,NA,NA,"",NA,15,35,60,"","4",NA,NA,NA,NA,"",NA,NA,NA,NA,"","","","","","",NA,1.3,2.7,NA,"",NA,NA,"",NA,"",NA,2.5,3,5.4,"",0.8,0.9,1.4,NA,"",NA,NA,NA,NA,"","8",NA,6.5,14.5,NA,"","pink","","","","","","",NA
"Windler, D. R. (1966). A revision of the genus Neptunia (Leguminosae). Australian Journal of Botany, 14(3), 379-420.",NA,"Neptunia_lutea","Neptunia lutea","","herb","",NA,2.4,NA,NA,"","pedunculate spike, cylindrical","","9-20",NA,NA,NA,"",NA,NA,NA,NA,"",NA,23,125,NA,"","5",NA,NA,NA,NA,"",NA,NA,NA,NA,"","","","","","",NA,1.2,2.5,NA,"",NA,0.4,"0.8",NA,"",NA,2.1,4,NA,"",NA,NA,NA,NA,"",NA,NA,NA,NA,"","10",NA,6.1,8.5,10,"","yellow","yes","","","","","",NA
"Brenan, J.P.M. (1970). Flora Zambesiaca 3(1): 1-153. Royal Botanic Gardens, Kew.",NA,"Newtonia_buchananii","Newtonia buchananii","","tree","",NA,10,40,NA,"","spike","","35-190",NA,NA,NA,"",NA,NA,NA,NA,"",NA,NA,NA,NA,"","",NA,NA,NA,NA,"",NA,NA,NA,NA,"","","","","","",NA,NA,NA,NA,"",NA,NA,"",NA,"",NA,NA,NA,NA,"",NA,NA,NA,NA,"",NA,NA,NA,NA,"","",NA,NA,NA,NA,"","","yes","","","","","",NA
"Brenan, J.P.M. (1970). Flora Zambesiaca 3(1): 1-153. Royal Botanic Gardens, Kew.",NA,"Newtonia_hildebrandtii","Newtonia hildebrandtii","","tree","",NA,25,NA,NA,"","spikes","","40-90",NA,NA,NA,"",NA,NA,NA,NA,"",NA,NA,NA,NA,"","",NA,NA,NA,NA,"",NA,NA,NA,NA,"","","","","","",NA,NA,NA,NA,"",NA,NA,"",NA,"",NA,NA,NA,NA,"",NA,NA,NA,NA,"",NA,NA,NA,NA,"","",NA,NA,NA,NA,"","","no","","","","","",NA
"Fl. Congo Belge 3: 214 (1952)",NA,"Newtonia_leucocarpa","Newtonia leucocarpa","","","",NA,NA,NA,NA,"","","","",NA,NA,NA,"",NA,NA,NA,NA,"",NA,NA,NA,NA,"","",NA,NA,NA,NA,"",NA,NA,NA,NA,"","","","","","",NA,NA,NA,NA,"",NA,NA,"",NA,"",NA,NA,NA,NA,"",NA,NA,NA,NA,"",NA,NA,NA,NA,"","",NA,NA,NA,NA,"","","","","","","","",NA
"de Lima, M. P. M., & de Lima, H. C. (1984). Parapiptadenia Brenam (Leguminosae-Mimosoideae)—Estudo taxonômico das espécies brasileiras. Rodriguésia, 23-30.",NA,"Parapiptadenia_excelsa","Parapiptadenia excelsa","","","",NA,NA,NA,NA,"","","","",NA,NA,NA,"",NA,NA,NA,NA,"",NA,NA,NA,NA,"","",NA,NA,NA,NA,"",NA,NA,NA,NA,"","","","","","",NA,NA,NA,NA,"",NA,NA,"",NA,"",NA,NA,NA,NA,"",NA,NA,NA,NA,"",NA,NA,NA,NA,"","",NA,NA,NA,NA,"","","","","","","","",NA
"Nielsen, I.C. (1992). Mimosaceae (Leguminosae-Mimosoideae). Flora Malesiana - Series 1, Spermatophyta, 11(1), 1‚Äö√Ñ√¨226.",NA,"Pararchidendron_pruinosum","Pararchidendron pruinosum","","tree, shrub","",NA,6,30,NA,"","consisting of axillary pedunculate corymbs","","",NA,NA,NA,"",NA,NA,NA,NA,"",NA,40,90,NA,"","5",NA,4,5,NA,"",NA,NA,NA,NA,"","","","","","",NA,1,2,NA,"",NA,0.1,"1.5",NA,"",NA,5.2,7,NA,"",NA,0.5,1,2,"",NA,NA,NA,NA,"","numerous",12,NA,NA,NA,"","white, cream","","","","","","",NA
"Hopkins, H.C., 1986. Parkia (Leguminosae: Mimosoideae). Flora Neotropica, pp.1-123.",NA,"Parkia_discolor","Parkia discolor","","tree","",15,NA,NA,NA,"","capitula, biglobos with basal staminoidal fringe, apically obovoid,","","40-120",NA,NA,NA,"",NA,NA,NA,NA,"",NA,40,120,NA,"","",NA,NA,NA,NA,"",NA,NA,NA,NA,"","","","","","",NA,5,9,NA,"",NA,NA,"0.5",NA,"",NA,6,10.5,NA,"",NA,0.5,1,NA,"",NA,NA,NA,NA,"","",NA,NA,NA,NA,"","","","","","","","",NA
"Hopkins, H.C., 1986. Parkia (Leguminosae: Mimosoideae). Flora Neotropica, pp.1-123.",NA,"Parkia_filicoidea","Parkia filicoidea","","tree","",NA,8,30,NA,"","","","≤80",NA,NA,NA,"",NA,NA,NA,NA,"",NA,NA,NA,NA,"","",NA,NA,NA,NA,"",NA,NA,NA,NA,"","","","","","",NA,NA,NA,NA,"",NA,NA,"",NA,"",NA,NA,NA,NA,"",NA,NA,NA,NA,"",NA,NA,NA,NA,"","",NA,NA,NA,NA,"","","","","","","","",NA
"Hopkins, H.C., 1986. Parkia (Leguminosae: Mimosoideae). Flora Neotropica, pp.1-123.",NA,"Parkia_nitida","Parkia nitida","","tree","",NA,40,NA,NA,"","capitula, biglobos with basal staminoidal fringe, apical parts ellipsoid, apical parts obovoid","","700",NA,NA,NA,"",NA,NA,NA,NA,"",NA,25,160,NA,"","",NA,NA,NA,NA,"",NA,NA,NA,NA,"","","","","","",NA,5.5,15,NA,"",NA,0.5,"1.5",NA,"",NA,6.5,16,NA,"",NA,0.5,3.5,NA,"",NA,NA,NA,NA,"","",NA,NA,NA,NA,"","","","","","","","",NA
"Hopkins, H.C., 1986. Parkia (Leguminosae: Mimosoideae). Flora Neotropica, pp.1-123.",NA,"Parkia_platycephala","Parkia platycephala","","tree","",NA,NA,18,NA,"","capitula","","≤ 500",NA,NA,NA,"",NA,NA,NA,NA,"",NA,150,350,500,"","",NA,NA,NA,NA,"",NA,NA,NA,NA,"","","","","","",NA,8,10,NA,"",NA,1.5,"2",NA,"",NA,9,13,NA,"",NA,4.5,8,NA,"",NA,NA,NA,NA,"","",NA,NA,NA,NA,"","","","","","","","",NA
"Hopkins, H.C., 1986. Parkia (Leguminosae: Mimosoideae). Flora Neotropica, pp.1-123.",NA,"Parkia_ulei","Parkia ulei","","tree","",NA,NA,NA,NA,"","capitula","","≤ 300-450",NA,NA,NA,"",NA,NA,NA,NA,"",NA,4,10,NA,"","",NA,NA,NA,NA,"",NA,NA,NA,NA,"","","","","","",NA,2.5,4,NA,"",NA,NA,"0.5",NA,"",NA,3,5,NA,"",NA,1,NA,NA,"",NA,NA,NA,NA,"","",NA,NA,NA,NA,"","","","","","","","",NA
"",NA,"Pentaclethra_macrophylla","Pentaclethra macrophylla","","","",NA,NA,NA,NA,"","","","",NA,NA,NA,"",NA,NA,NA,NA,"",NA,NA,NA,NA,"","",NA,NA,NA,NA,"",NA,NA,NA,NA,"","","","","","",NA,NA,NA,NA,"",NA,NA,"",NA,"",NA,NA,NA,NA,"",NA,NA,NA,NA,"",NA,NA,NA,NA,"","",NA,NA,NA,NA,"","","","","","","","",NA
"Ribeiro, P.g., 2017. Filogenia molecular do grupo Piptadenia (Leguminosae, Caesalpinioideae, Clado Mimosoide) e taxonomia do g‚àö‚Ñ¢nero Piptadenia Benth.",NA,"Piptadenia_buchtienii","Piptadenia buchtienii","","tree, shrub","",NA,4,10,NA,"","mostly in terminal and axillary pseudoracemes, rarely spikes on leaf axils","","4-7",NA,NA,NA,"",NA,7,12,NA,"",NA,7,12,NA,"","",NA,NA,NA,NA,"",NA,NA,NA,NA,"","","","","","",NA,0.8,1.3,NA,"",NA,0.1,"0.2",NA,"",NA,1.8,2.4,NA,"",NA,0.8,2.2,NA,"",NA,NA,NA,NA,"","",NA,4,6,NA,"","red to vinaceous","yes","","","","","",NA
"Ribeiro, P.g., 2017. Filogenia molecular do grupo Piptadenia (Leguminosae, Caesalpinioideae, Clado Mimosoide) e taxonomia do g‚àö‚Ñ¢nero Piptadenia Benth.",NA,"Piptadenia_retusa","Piptadenia flava","","shrub, tree","",NA,1.5,3,NA,"","spikes","spikes in pseudoracemes","40-62",NA,NA,NA,"",NA,6,7,NA,"",NA,6,8,NA,"","",NA,0.05,0.15,NA,"",NA,NA,NA,NA,"","","","","","",NA,1,1.2,NA,"",NA,0.1,"0.2",NA,"",NA,2.6,3,NA,"",NA,1.6,2,NA,"",NA,NA,NA,NA,"","",NA,4.8,5.3,NA,"","cream-colored, greenish-yellow, pinkish-red","yes","","","","","",NA
"Ribeiro, P.g., 2017. Filogenia molecular do grupo Piptadenia (Leguminosae, Caesalpinioideae, Clado Mimosoide) e taxonomia do g‚àö‚Ñ¢nero Piptadenia Benth.",NA,"Piptadenia_adiantoides","Piptadenia fruticosa","","liana, shrub","",NA,2,16,NA,"","spikes","spikes in pseudoracemes","49-130",NA,NA,NA,"",NA,6,7,9,"",NA,9,18,NA,"","",NA,0.1,0.3,NA,"",NA,NA,NA,NA,"","","","","","",NA,1.6,2,NA,"",NA,0.1,"0.2",NA,"",NA,3.2,5,NA,"",NA,1.5,2,NA,"",NA,NA,NA,NA,"","",NA,4.6,6.3,NA,"","cream-colored, greenish-yellow, rarely light pink, red, vinaceous","yes","","","","","",NA
"Ribeiro, P.g., 2017. Filogenia molecular do grupo Piptadenia (Leguminosae, Caesalpinioideae, Clado Mimosoide) e taxonomia do g‚àö‚Ñ¢nero Piptadenia Benth.",NA,"Piptadenia_gonoacantha","Piptadenia gonoacantha","","tree","",NA,3,20,NA,"","terminal pseudoracemes, axillary spikes","","58-110",NA,NA,NA,"",NA,6,13,NA,"",NA,3,7,NA,"","",NA,NA,NA,NA,"",NA,NA,NA,NA,"","","","","","",NA,0.5,0.7,NA,"",NA,0.1,"0.2",NA,"",NA,2,2.2,NA,"",NA,1.3,1.5,NA,"",NA,NA,NA,NA,"","",NA,3,3.5,NA,"","white, yellowish-cream, rarely light pink","yes","","","","","",NA
"",NA,"Pityrocarpa_moniliformis","Piptadenia moniliformis","","","",NA,NA,NA,NA,"","","","",NA,NA,NA,"",NA,NA,NA,NA,"",NA,NA,NA,NA,"","",NA,NA,NA,NA,"",NA,NA,NA,NA,"","","","","","",NA,NA,NA,NA,"",NA,NA,"",NA,"",NA,NA,NA,NA,"",NA,NA,NA,NA,"",NA,NA,NA,NA,"","",NA,NA,NA,NA,"","","","","","","","",NA
"",NA,"Pityrocarpa_obliqua","Piptadenia obliqua","","shrubs, trees","",NA,1.5,5,NA,"","","","",NA,NA,NA,"",NA,NA,NA,NA,"",NA,NA,NA,NA,"","",NA,NA,NA,NA,"",NA,NA,NA,NA,"","","","","","",NA,1.1,1.3,NA,"",NA,NA,"",NA,"",NA,2.3,3,NA,"",NA,NA,NA,NA,"",NA,NA,NA,NA,"","",NA,5,7,NA,"","greenish-white","","","","","","",NA
"Ribeiro, P.g., 2017. Filogenia molecular do grupo Piptadenia (Leguminosae, Caesalpinioideae, Clado Mimosoide) e taxonomia do g‚àö‚Ñ¢nero Piptadenia Benth.",NA,"Piptadenia_paniculata","Piptadenia paniculata","","tree","",NA,6,20,NA,"","mostly in terminal panicles, mostly in terminal pseudoracemes, spike","","51-53",NA,NA,NA,"",NA,7,8,NA,"",NA,6,10,NA,"","",NA,0.1,0.3,NA,"",NA,NA,NA,NA,"","","","","","",NA,0.4,0.6,NA,"",NA,0.1,"0.2",NA,"",NA,1.8,2,NA,"",NA,1.3,1.5,NA,"",NA,NA,NA,NA,"","",NA,4,5,NA,"","greenish-yellow","yes","","","","","",NA
"Ribeiro, P.g., 2017. Filogenia molecular do grupo Piptadenia (Leguminosae, Caesalpinioideae, Clado Mimosoide) e taxonomia do g‚àö‚Ñ¢nero Piptadenia Benth.",NA,"Piptadenia_robusta","Piptadenia robusta","","tree","",NA,20,NA,NA,"","axillary pseudoracemes, spike","","60-120",NA,NA,NA,"",NA,8,13,NA,"",NA,5,12,NA,"","",NA,NA,NA,NA,"",NA,NA,NA,NA,"","","","","","",NA,0.5,1.2,NA,"",NA,0.1,"0.2",NA,"",NA,1.8,3.1,NA,"",NA,1.7,2.9,NA,"",NA,NA,NA,NA,"","",NA,4,6,NA,"","white, red, vinaceous","yes","","","","","",NA
"",NA,"Piptadeniastrum_africanum","Piptadeniastrum africanum","","tree","",NA,50,NA,NA,"","spiciform racemes","","40-110",NA,NA,NA,"",NA,NA,NA,NA,"",NA,NA,NA,NA,"","",NA,NA,NA,NA,"",NA,NA,NA,NA,"","","","","","",NA,NA,NA,NA,"",NA,NA,"",NA,"",NA,NA,NA,NA,"",NA,NA,NA,NA,"",NA,NA,NA,NA,"","",NA,NA,NA,NA,"","","","","","","","",NA
"",NA,"Piptadeniopsis_lomentifera","Piptadeniopsis lomentifera","","","",NA,NA,NA,NA,"","","","",NA,NA,NA,"",NA,NA,NA,NA,"",NA,NA,NA,NA,"","",NA,NA,NA,NA,"",NA,NA,NA,NA,"","","","","","",NA,NA,NA,NA,"",NA,NA,"",NA,"",NA,NA,NA,NA,"",NA,NA,NA,NA,"",NA,NA,NA,NA,"","",NA,NA,NA,NA,"","","","","","","","",NA
"Barneby, R.C. and Grimes, J., 1997. Silk tree, Monkey's earring: A generic system for the synandrous Mimosaceae of the Americas. Part II. Pithecellobium, Cojoba and Zygia. Mem. New York Bot. Gard, 74, pp.1-149.",NA,"Painteria_elachistophylla","Pithecellobium elachistophyllum","","shrubs","",NA,NA,NA,NA,"","capitula","","",NA,NA,NA,"",NA,NA,NA,NA,"",NA,NA,3,7,"","4-5",NA,NA,NA,NA,"",NA,NA,NA,NA,"","","","","","",NA,0.9,1.5,NA,"",NA,0.1,"0.35",NA,"",NA,3.6,5.8,NA,"",NA,1,1.8,NA,"",NA,0.7,1.2,NA,"","28",NA,9,12,NA,"","","","","","","","",NA
"Queiroz 2009 Leguminosas da Caatinga",NA,"Pityrocarpa_moniliformis","Pityrocarpa moniliformis","","","",NA,NA,NA,NA,"","","","",NA,NA,NA,"",NA,NA,NA,NA,"",NA,NA,NA,NA,"","",NA,NA,NA,NA,"",NA,NA,NA,NA,"","","","","","",NA,NA,NA,NA,"",NA,NA,"",NA,"",NA,NA,NA,NA,"",NA,NA,NA,NA,"",NA,NA,NA,NA,"","",NA,NA,NA,NA,"","","","","","","","",NA
"",NA,"Pityrocarpa_obliqua","Pityrocarpa obliqua","","","",NA,NA,NA,NA,"","","","",NA,NA,NA,"",NA,NA,NA,NA,"",NA,NA,NA,NA,"","",NA,NA,NA,NA,"",NA,NA,NA,NA,"","","","","","",NA,NA,NA,NA,"",NA,NA,"",NA,"",NA,NA,NA,NA,"",NA,NA,NA,NA,"",NA,NA,NA,NA,"","",NA,NA,NA,NA,"","","","","","","","",NA
"Warwick, M. C., & Lewis, G. P. (2003). Revision of Plathymenia (Leguminosae‚Äö√Ñ√¨Mimosoideae). Edinburgh Journal of Botany, 60(2), 111-119.",NA,"Plathymenia_reticulata","Plathymenia reticulata","","tree","",NA,12,40,NA,"","axillary, racemose, erect","","65-110",NA,NA,NA,"",NA,NA,NA,NA,"",NA,NA,NA,NA,"","5",NA,NA,NA,NA,"",NA,NA,NA,NA,"","","","","","",NA,2,4,NA,"",NA,NA,"",NA,"",NA,3,4.5,NA,"",NA,0.9,1.2,NA,"",NA,NA,NA,NA,"","10",NA,5,7,NA,"","white","yes","","","","","",NA
"BURKART, A. (1964). Leguminosas nuevas o críticas, VI. Darwiniana, 13(2/4), 428-448.",NA,"Prosopidastrum_mexicanum","Prosopidastrum mexicanum","","","",NA,NA,NA,NA,"","","","",NA,NA,NA,"",NA,NA,NA,NA,"",NA,NA,NA,NA,"","",NA,NA,NA,NA,"",NA,NA,NA,NA,"","","","","","",NA,NA,NA,NA,"",NA,NA,"",NA,"",NA,NA,NA,NA,"",NA,NA,NA,NA,"",NA,NA,NA,NA,"","",NA,NA,NA,NA,"","","","","","","","",NA
"Burkart, A. (1976). A monograph of the genus Prosopis (Leguminosae subfam. Mimosoideae). Journal of the Arnold arboretum, 450-525.",NA,"Prosopis_farcta","Prosopis farcta","","shrubs, subshrubs, sometimes shrub-trees","",NA,0.3,3,NA,"","racemes simple, elongate","","40-120",NA,NA,NA,"",NA,NA,NA,NA,"",NA,NA,NA,NA,"","",NA,NA,NA,NA,"",NA,NA,NA,NA,"","","","","","",1,NA,NA,NA,"",NA,NA,"",NA,"",NA,3.5,4,NA,"",NA,NA,NA,NA,"",NA,NA,NA,NA,"","",NA,4,5,NA,"","","yes","","","","","",NA
"Burkart, A. (1976). A monograph of the genus Prosopis (Leguminosae subfam. Mimosoideae). Journal of the Arnold arboretum, 450-525.",NA,"Neltuma_flexuosa","Prosopis flexuosa","","trees, large erect polypodial shrubs","",NA,3,10,NA,"","racemes, spiciform","","40-140",NA,NA,NA,"",NA,NA,NA,NA,"",NA,NA,NA,NA,"","",NA,NA,NA,NA,"",NA,NA,NA,NA,"","","","","","",NA,NA,NA,NA,"",NA,NA,"",NA,"",NA,NA,NA,NA,"",NA,NA,NA,NA,"",NA,NA,NA,NA,"","",NA,NA,NA,NA,"","","","","","","","",NA
"Burkart, A. (1976). A monograph of the genus Prosopis (Leguminosae subfam. Mimosoideae). Journal of the Arnold arboretum, 450-525.",NA,"Neltuma_laevigata","Prosopis laevigata","","tree","",NA,6,7,NA,"","racemes, spiciform","","40-100",NA,NA,NA,"",NA,NA,NA,NA,"",NA,NA,NA,NA,"","",NA,NA,NA,NA,"",NA,NA,NA,NA,"","","","","","",1,NA,NA,NA,"",NA,NA,"",NA,"",NA,3,4,NA,"",NA,NA,NA,NA,"",NA,NA,NA,NA,"","",NA,NA,NA,NA,"","","","","","","","",NA
"Burkart, A. (1976). A monograph of the genus Prosopis (Leguminosae subfam. Mimosoideae). Journal of the Arnold arboretum, 450-525.",NA,"Neltuma_ruscifolia","Prosopis ruscifolia","","tree","",NA,5,12,NA,"","racemes, spikelike","","80-150",NA,NA,NA,"",NA,NA,NA,NA,"",15,NA,NA,NA,"","",NA,1,2.2,NA,"",NA,NA,NA,NA,"","","","","","",NA,1,1.5,NA,"",NA,NA,"",NA,"",NA,3,4,NA,"",NA,NA,NA,NA,"",NA,NA,NA,NA,"","",NA,5,7,NA,"","","","","","","","",NA
"Burkart, A. (1976). A monograph of the genus Prosopis (Leguminosae subfam. Mimosoideae). Journal of the Arnold arboretum, 450-525.",NA,"Strombocarpa_tamarugo","Prosopis tamarugo","","tree","",NA,18,NA,NA,"","spikes","spikes axillary","35-65",NA,NA,NA,"",NA,NA,NA,NA,"",NA,NA,NA,NA,"","",NA,NA,NA,NA,"",NA,NA,NA,NA,"","","","","","",1.5,NA,NA,NA,"",NA,NA,"",NA,"",NA,4,5,NA,"",NA,NA,NA,NA,"",NA,NA,NA,NA,"","",NA,NA,NA,NA,"","","","","","","","",NA
"Lewis GP, Lima MPM (1991) Pseudopiptadenia Rauschert no Brasil (Leguminosae- Mimosoideae). Arquivos do Jardim Bot‚àö¬¢nico do Rio de Janeiro 30: 43‚Äö√Ñ√¨67",NA,"Marlimorimia_psilostachya","Pseudopiptadenia psilostachya","","","",NA,NA,NA,NA,"","","","",NA,NA,NA,"",NA,NA,NA,NA,"",NA,NA,NA,NA,"","",NA,NA,NA,NA,"",NA,NA,NA,NA,"","","","","","",NA,NA,NA,NA,"",NA,NA,"",NA,"",NA,NA,NA,NA,"",NA,NA,NA,NA,"",NA,NA,NA,NA,"","",NA,NA,NA,NA,"","","","","","","","",NA
"Lewis GP, Lima MPM (1991) Pseudopiptadenia Rauschert no Brasil (Leguminosae- Mimosoideae). Arquivos do Jardim Bot‚àö¬¢nico do Rio de Janeiro 30: 43‚Äö√Ñ√¨68",NA,"Pityrocarpa_schumanniana","Pseudopiptadenia schumanniana","","","",NA,NA,NA,NA,"","","","",NA,NA,NA,"",NA,NA,NA,NA,"",NA,NA,NA,NA,"","",NA,NA,NA,NA,"",NA,NA,NA,NA,"","","","","","",NA,NA,NA,NA,"",NA,NA,"",NA,"",NA,NA,NA,NA,"",NA,NA,NA,NA,"",NA,NA,NA,NA,"","",NA,NA,NA,NA,"","","","","","","","",NA
"Brenan, J. P. M. (1959). Mimosoideae. In: Fl. Trop. East Africa. Hubbard & Milne-Redhead ou https://www.biodiversitylibrary.org/item/714#page/469/mode/1up",NA,"Pseudoprosopis_fischeri","Pseudoprosopis fischeri","","shrub, tree","",NA,3,6,NA,"","","","(20)40-130",NA,NA,NA,"",NA,NA,NA,NA,"",NA,3,10,NA,"","",NA,1.5,5,7,"",NA,NA,NA,NA,"","","","","","",NA,1,1.5,NA,"",NA,NA,"",NA,"",NA,3.5,5,NA,"",NA,NA,NA,NA,"",NA,NA,NA,NA,"","",NA,5,8,NA,"","","","","","","","",NA
"Rico-Arce, L. 2007. American species of Acacia. Conabio.",NA,"Pseudosenegalia_feddeana","Senegalia feddeana","","","",NA,NA,NA,NA,"","","","",NA,NA,NA,"",NA,NA,NA,NA,"",NA,NA,NA,NA,"","",NA,NA,NA,NA,"",NA,NA,NA,NA,"","","","","","",NA,NA,NA,NA,"",NA,NA,"",NA,"",NA,NA,NA,NA,"",NA,NA,NA,NA,"",NA,NA,NA,NA,"","",NA,NA,NA,NA,"","","","","","","","",NA
"Rico-Arce, L. 2007. American species of Acacia. Conabio.",NA,"Senegalia_gilliesii","Senegalia gilliesii","","","",NA,NA,NA,NA,"","","","",NA,NA,NA,"",NA,NA,NA,NA,"",NA,NA,NA,NA,"","",NA,NA,NA,NA,"",NA,NA,NA,NA,"","","","","","",NA,NA,NA,NA,"",NA,NA,"",NA,"",NA,NA,NA,NA,"",NA,NA,NA,NA,"",NA,NA,NA,NA,"","",NA,NA,NA,NA,"","","","","","","","",NA
"Barros, M. J. F., & Morim, M. P. (2014). Senegalia (Leguminosae, Mimosoideae) from the Atlantic Domain, Brazil. Systematic Botany, 39(2), 452-477.",NA,"Parasenegalia_miersii","Senegalia miersii","","","",NA,NA,NA,NA,"","","","",NA,NA,NA,"",NA,NA,NA,NA,"",NA,NA,NA,NA,"","",NA,NA,NA,NA,"",NA,NA,NA,NA,"","","","","","",NA,NA,NA,NA,"",NA,NA,"",NA,"",NA,NA,NA,NA,"",NA,NA,NA,NA,"",NA,NA,NA,NA,"","",NA,NA,NA,NA,"","","","","","","","",NA
"Cialdella, A. M. (1984). El género Acacia (Leguminosae) en la Argentina. Darwiniana, 59-111.",NA,"Senegalia_praecox","Senegalia praecox","","","",NA,NA,NA,NA,"","","","",NA,NA,NA,"",NA,NA,NA,NA,"",NA,NA,NA,NA,"","",NA,NA,NA,NA,"",NA,NA,NA,NA,"","","","","","",NA,NA,NA,NA,"",NA,NA,"",NA,"",NA,NA,NA,NA,"",NA,NA,NA,NA,"",NA,NA,NA,NA,"","",NA,NA,NA,NA,"","","","","","","","",NA
"Rico-Arce, L. 2007. American species of Acacia. Conabio.",NA,"Parasenegalia_skleroxyla","Senegalia skleroxyla","","","",NA,NA,NA,NA,"","","","",NA,NA,NA,"",NA,NA,NA,NA,"",NA,NA,NA,NA,"","",NA,NA,NA,NA,"",NA,NA,NA,NA,"","","","","","",NA,NA,NA,NA,"",NA,NA,"",NA,"",NA,NA,NA,NA,"",NA,NA,NA,NA,"",NA,NA,NA,NA,"","",NA,NA,NA,NA,"","","","","","","","",NA
"Scalon_etal-2022-A synopsis of the genus Stryphnodendron (Fabaceae, Caesalpinioideae, mimosoid clade)",NA,"Stryphnodendron_guianense","Stryphnodendron guianense","","treelets, trees","",NA,2,12,20,"","spikes","simple thyrsi, cymule of solitary to 4-ternate spikes","",80,160,185,"",NA,NA,NA,NA,"",NA,NA,NA,NA,"","",NA,NA,NA,NA,"",NA,NA,NA,NA,"","","","","","",NA,NA,NA,NA,"",NA,NA,"",NA,"",NA,NA,NA,NA,"",NA,NA,NA,NA,"",NA,NA,NA,NA,"","",NA,NA,NA,NA,"","","","","","","","",NA
"Brenan, J. P. M. (1959). Mimosoideae. In: Fl. Trop. East Africa. Hubbard & Milne-Redhead ou https://www.biodiversitylibrary.org/item/714#page/469/mode/1up",NA,"Tetrapleura_tetraptera","Tetrapleura tetraptera","","tree","",3,6,NA,NA,"","racemes","","",40,140,NA,"",NA,NA,NA,NA,"",NA,NA,NA,NA,"","",NA,NA,NA,NA,"",NA,NA,NA,NA,"","","","","","",NA,0.5,1,NA,"",NA,NA,"",NA,"",NA,2,3.5,NA,"",NA,NA,NA,NA,"",NA,NA,NA,NA,"","",NA,2.5,4.5,NA,"","","","","","","","",NA
"Du Puy, D.J., Labat, N.-N., Rabevohitra, R., Villiers, J.-F., Bosser, J. & Moat, J. (2002). The Leguminosae of Madagascar: 1-737. Royal Botanic Gardens, Kew.",NA,"Tetrapterocarpon_septentrionale","Tetrapterocarpon septentrionalis","","tree","",NA,7,20,NA,"","panicles","","",NA,150,NA,"",NA,NA,NA,NA,"",NA,NA,NA,NA,"","4",NA,NA,NA,NA,"",NA,NA,NA,NA,"","","","","","",NA,1,NA,NA,"",NA,NA,"",NA,"",NA,1.5,2,NA,"",NA,NA,NA,NA,"",NA,NA,NA,NA,"","8",NA,2,4,NA,"","","","","","","","",NA
"",NA,"Vachellia_campeachiana","Vachellia campeachiana","","","",NA,NA,NA,NA,"","","","",NA,NA,NA,"",NA,NA,NA,NA,"",NA,NA,NA,NA,"","",NA,NA,NA,NA,"",NA,NA,NA,NA,"","","","","","",NA,NA,NA,NA,"",NA,NA,"",NA,"",NA,NA,NA,NA,"",NA,NA,NA,NA,"",NA,NA,NA,NA,"","",NA,NA,NA,NA,"","","","","","","","",NA
"Ebinger, J. E., Seigler, D. S., & Clarke, H. D. (2000). Taxonomic revision of South American species of the genus Acacia subgenus Acacia (Fabaceae: Mimosoideae). Systematic Botany, 25(4), 588-617.",NA,"Vachellia_collinsii","Vachellia collinsii","","tree","",NA,NA,10,NA,"","","","",NA,NA,NA,"",NA,NA,NA,NA,"",NA,6,20,NA,"","5",NA,NA,NA,NA,"",NA,NA,NA,NA,"","","","","","",NA,1,1.4,NA,"",NA,NA,"",NA,"",NA,1.1,1.5,NA,"",NA,NA,NA,NA,"",NA,NA,NA,NA,"","",NA,1.5,2.5,NA,"","","","","","","","",NA
"du Puy, D. J., Labat, J. N., Rabevohitra, R., Villiers, J. F., Bosser, J., & Moat, J. (2002). The leguminosae of Madagascar. The Leguminosae of Madagascar.",NA,"Viguieranthus_glaber","Viguieranthus glaber","","","",NA,NA,NA,NA,"","","","",NA,NA,NA,"",NA,NA,NA,NA,"",NA,NA,NA,NA,"","",NA,NA,NA,NA,"",NA,NA,NA,NA,"","","","","","",NA,NA,NA,NA,"",NA,NA,"",NA,"",NA,NA,NA,NA,"",NA,NA,NA,NA,"",NA,NA,NA,NA,"","",NA,NA,NA,NA,"","","","","","","","",NA
"du Puy, D. J., Labat, J. N., Rabevohitra, R., Villiers, J. F., Bosser, J., & Moat, J. (2002). The leguminosae of Madagascar. The Leguminosae of Madagascar.",NA,"Viguieranthus_glandulosus","Viguieranthus glandulosus","","","",NA,NA,NA,NA,"","","","",NA,NA,NA,"",NA,NA,NA,NA,"",NA,NA,NA,NA,"","",NA,NA,NA,NA,"",NA,NA,NA,NA,"","","","","","",NA,NA,NA,NA,"",NA,NA,"",NA,"",NA,NA,NA,NA,"",NA,NA,NA,NA,"",NA,NA,NA,NA,"","",NA,NA,NA,NA,"","","","","","","","",NA
"Nielsen, I.C. (1992). Mimosaceae (Leguminosae-Mimosoideae). Flora Malesiana - Series 1, Spermatophyta, 11(1), 1‚Äö√Ñ√¨226.",NA,"Wallaceodendron_celebicum","Wallaceodendron celebicum","","tree","",NA,45,NA,NA,"","racemes solitary, racemes paired","","70",100,230,NA,"",NA,NA,NA,NA,"",NA,50,160,NA,"","",NA,6,12,NA,"",NA,NA,NA,NA,"","","","","","",2,3,5,NA,"",NA,NA,"",NA,"",7.5,12,16.5,19,"",NA,4,5,9,"",NA,NA,NA,NA,"","",NA,30,45,NA,"","white","","","","","","",NA
"https://plants.jstor.org/compilation/Xerocladia.viridiramis",NA,"Xerocladia_viridiramis","Xerocladia viridiramis","","shrub","",NA,1,NA,NA,"","capitate, pedunculate, heads","","7",NA,NA,NA,"",NA,NA,NA,NA,"",NA,8,NA,NA,"","5",NA,NA,NA,NA,"",NA,NA,NA,NA,"","","","","","",NA,1,2,NA,"",NA,NA,"",NA,"",NA,NA,2.5,3,"",NA,NA,NA,NA,"",NA,NA,NA,NA,"","",NA,NA,NA,NA,"","","","","","","","",NA
"A.Grandidier, Hist. Phys. Madagascar 30: 49 (1902 publ. 1903)",NA,"Xylia_hoffmannii","Xylia hoffmannii","","","",NA,NA,NA,NA,"","","","",NA,NA,NA,"",NA,NA,NA,NA,"",NA,NA,NA,NA,"","",NA,NA,NA,NA,"",NA,NA,NA,NA,"","","","","","",NA,NA,NA,NA,"",NA,NA,"",NA,"",NA,NA,NA,NA,"",NA,NA,NA,NA,"",NA,NA,NA,NA,"","",NA,NA,NA,NA,"","","","","","","","",NA
"FLORA OF TROPICAL EAST AFRICA part 1",NA,"Xylia_xylocarpa","Xylia xylocarpa","","tree","",NA,NA,NA,NA,"","round heads pedunculate","","",NA,NA,NA,"",NA,NA,NA,NA,"",NA,NA,NA,NA,"","5",NA,NA,NA,NA,"",NA,NA,NA,NA,"","","","","","",NA,NA,NA,NA,"",NA,NA,"",NA,"",NA,NA,NA,NA,"",NA,NA,NA,NA,"",NA,NA,NA,NA,"","10",NA,NA,NA,NA,"","","","","","","","",NA
"Hernandez, H. M. (1989). Systematics of Zapoteca (Leguminosae). Annals of the Missouri Botanical Garden, 781-862.","","Zapoteca_ravenii","Zapoteca ravenii","","shrubs","",4,NA,NA,NA,"","capitula","capitula axillary","",NA,NA,NA,"",NA,NA,NA,NA,"",NA,30,46,NA,"","5",NA,NA,NA,NA,"",NA,NA,NA,NA,"","","","","","",5,NA,NA,NA,"",NA,NA,"",NA,"",NA,4,NA,NA,"",NA,1,NA,NA,"",NA,NA,NA,NA,"","",NA,12,NA,NA,"","white","","","","","","",NA
