"ID","Name_submitted","Overall_score","Name_matched_id","Name_matched","Name_score","Name_matched_rank","Author_submitted","Author_matched","Author_score","Canonical_author","Name_matched_accepted_family","Genus_submitted","Genus_matched","Genus_score","Specific_epithet_submitted","Specific_epithet_matched","Specific_epithet_score","Family_submitted","Family_matched","Family_score","Infraspecific_rank","Infraspecific_epithet_matched","Infraspecific_epithet_score","Infraspecific_rank_2","Infraspecific_epithet_2_matched","Infraspecific_epithet_2_score","Annotations","Unmatched_terms","Name_matched_url","Name_matched_lsid","Phonetic","Taxonomic_status","Accepted_name","Accepted_species","Accepted_name_author","Accepted_name_id","Accepted_name_rank","Accepted_name_url","Accepted_name_lsid","Accepted_family","Overall_score_order","Highertaxa_score_order","Source","Warnings","WarningsEng"
"1","Mimosa myriadenia",1,"1587642","Mimosa myriadenia",1,"species","","",NA,"(Benth.) Benth.","Fabaceae","Mimosa","Mimosa",1,"myriadenia","myriadenia",1,"","",NA,"","",NA,"","",NA,"","","https://powo.science.kew.org/taxon/urn:lsid:ipni.org:names:508366-1","","Y","Accepted","Mimosa myriadenia","Mimosa myriadenia","(Benth.) Benth.","1587642","species","https://powo.science.kew.org/taxon/urn:lsid:ipni.org:names:508366-1","","Fabaceae","1","1","wcvp","0",""
"2","Mimosa myriadenia var. punctulata",1,"1596580","Mimosa myriadenia var. punctulata",1,"variety","","",NA,"(Spruce ex Benth.) Barneby","Fabaceae","Mimosa","Mimosa",1,"myriadenia","myriadenia",1,"","",NA,"var.","punctulata",1,"","",NA,"","","https://powo.science.kew.org/taxon/urn:lsid:ipni.org:names:967235-1","","Y","Accepted","Mimosa myriadenia var. punctulata","Mimosa myriadenia","(Spruce ex Benth.) Barneby","1596580","variety","https://powo.science.kew.org/taxon/urn:lsid:ipni.org:names:967235-1","","Fabaceae","1","1","wcvp","0",""
"3","Mimosa myriadenia var. myriadenia",1,"1047925","Mimosa myriadenia var. myriadenia",1,"variety","","",NA,"","Fabaceae","Mimosa","Mimosa",1,"myriadenia","myriadenia",1,"","",NA,"var.","myriadenia",1,"","",NA,"","","https://powo.science.kew.org/taxon/urn:lsid:ipni.org:names:77190597-1","","Y","Accepted","Mimosa myriadenia var. myriadenia","Mimosa myriadenia","","1047925","variety","https://powo.science.kew.org/taxon/urn:lsid:ipni.org:names:77190597-1","","Fabaceae","1","1","wcvp","0",""
"4","Mimosa myriadenia var. desquamata",1,"1369746","Mimosa myriadenia var. desquamata",1,"variety","","",NA,"Barneby","Fabaceae","Mimosa","Mimosa",1,"myriadenia","myriadenia",1,"","",NA,"var.","desquamata",1,"","",NA,"","","https://powo.science.kew.org/taxon/urn:lsid:ipni.org:names:312676-2","","Y","Accepted","Mimosa myriadenia var. desquamata","Mimosa myriadenia","Barneby","1369746","variety","https://powo.science.kew.org/taxon/urn:lsid:ipni.org:names:312676-2","","Fabaceae","1","1","wcvp","0",""
"5","Mimosa myriadenia var. dispersa",1,"1369747","Mimosa myriadenia var. dispersa",1,"variety","","",NA,"Barneby","Fabaceae","Mimosa","Mimosa",1,"myriadenia","myriadenia",1,"","",NA,"var.","dispersa",1,"","",NA,"","","https://powo.science.kew.org/taxon/urn:lsid:ipni.org:names:312677-2","","Y","Accepted","Mimosa myriadenia var. dispersa","Mimosa myriadenia","Barneby","1369747","variety","https://powo.science.kew.org/taxon/urn:lsid:ipni.org:names:312677-2","","Fabaceae","1","1","wcvp","0",""
"6","Mimosa myriadenia var. egena",1,"1340898","Mimosa myriadenia var. egena",1,"variety","","",NA,"J.F.Macbr.","Fabaceae","Mimosa","Mimosa",1,"myriadenia","myriadenia",1,"","",NA,"var.","egena",1,"","",NA,"","","https://powo.science.kew.org/taxon/urn:lsid:ipni.org:names:161842-2","","Y","Accepted","Mimosa myriadenia var. egena","Mimosa myriadenia","J.F.Macbr.","1340898","variety","https://powo.science.kew.org/taxon/urn:lsid:ipni.org:names:161842-2","","Fabaceae","1","1","wcvp","0",""
"7","Mimosa annularis",1,"172259","Mimosa annularis",1,"species","","",NA,"Spruce ex Benth.","Fabaceae","Mimosa","Mimosa",1,"annularis","annularis",1,"","",NA,"","",NA,"","",NA,"","","https://powo.science.kew.org/taxon/urn:lsid:ipni.org:names:507645-1","","Y","Accepted","Mimosa annularis","Mimosa annularis","Spruce ex Benth.","172259","species","https://powo.science.kew.org/taxon/urn:lsid:ipni.org:names:507645-1","","Fabaceae","1","1","wcvp","0",""
"8","Mimosa annularis var. odora",1,"1369707","Mimosa annularis var. odora",1,"variety","","",NA,"Barneby","Fabaceae","Mimosa","Mimosa",1,"annularis","annularis",1,"","",NA,"var.","odora",1,"","",NA,"","","https://powo.science.kew.org/taxon/urn:lsid:ipni.org:names:312679-2","","Y","Accepted","Mimosa annularis var. odora","Mimosa annularis","Barneby","1369707","variety","https://powo.science.kew.org/taxon/urn:lsid:ipni.org:names:312679-2","","Fabaceae","1","1","wcvp","0",""
"9","Mimosa annularis var. annularis",1,"1048980","Mimosa annularis var. annularis",1,"variety","","",NA,"","Fabaceae","Mimosa","Mimosa",1,"annularis","annularis",1,"","",NA,"var.","annularis",1,"","",NA,"","","https://powo.science.kew.org/taxon/urn:lsid:ipni.org:names:77190512-1","","Y","Accepted","Mimosa annularis var. annularis","Mimosa annularis","","1048980","variety","https://powo.science.kew.org/taxon/urn:lsid:ipni.org:names:77190512-1","","Fabaceae","1","1","wcvp","0",""
"10","Mimosa annularis var. xinguensis",1,"1369708","Mimosa annularis var. xinguensis",1,"variety","","",NA,"(Ducke) Barneby","Fabaceae","Mimosa","Mimosa",1,"annularis","annularis",1,"","",NA,"var.","xinguensis",1,"","",NA,"","","https://powo.science.kew.org/taxon/urn:lsid:ipni.org:names:967236-1","","Y","Accepted","Mimosa annularis var. xinguensis","Mimosa annularis","(Ducke) Barneby","1369708","variety","https://powo.science.kew.org/taxon/urn:lsid:ipni.org:names:967236-1","","Fabaceae","1","1","wcvp","0",""
"11","Mimosa uribeana",1,"372053","Mimosa uribeana",1,"species","","",NA,"Barneby","Fabaceae","Mimosa","Mimosa",1,"uribeana","uribeana",1,"","",NA,"","",NA,"","",NA,"","","https://powo.science.kew.org/taxon/urn:lsid:ipni.org:names:312680-2","","Y","Accepted","Mimosa uribeana","Mimosa uribeana","Barneby","372053","species","https://powo.science.kew.org/taxon/urn:lsid:ipni.org:names:312680-2","","Fabaceae","1","1","wcvp","0",""
"12","Mimosa watsonii",1,"1040289","Mimosa watsonii",1,"species","","",NA,"B.L.Rob.","Fabaceae","Mimosa","Mimosa",1,"watsonii","watsonii",1,"","",NA,"","",NA,"","",NA,"","","https://powo.science.kew.org/taxon/urn:lsid:ipni.org:names:280954-2","","Y","Accepted","Mimosa watsonii","Mimosa watsonii","B.L.Rob.","1040289","species","https://powo.science.kew.org/taxon/urn:lsid:ipni.org:names:280954-2","","Fabaceae","1","1","wcvp","0",""
"13","Mimosa watsonii var. watsonii",0.59957384396743,"1040289","Mimosa watsonii",0.59957384396743,"species","","",NA,"B.L.Rob.","Fabaceae","Mimosa","Mimosa",1,"watsonii","watsonii",1,"","",NA,"","",NA,"","",NA,"","var. watsonii","https://powo.science.kew.org/taxon/urn:lsid:ipni.org:names:280954-2","","Y","Accepted","Mimosa watsonii","Mimosa watsonii","B.L.Rob.","1040289","species","https://powo.science.kew.org/taxon/urn:lsid:ipni.org:names:280954-2","","Fabaceae","1","1","wcvp","1","[Partial]"
"14","Mimosa watsonii var. recordii",1,"206007","Mimosa watsonii var. recordii",1,"variety","","",NA,"(Britton & Rose) Barneby","Fabaceae","Mimosa","Mimosa",1,"watsonii","watsonii",1,"","",NA,"var.","recordii",1,"","",NA,"","","https://powo.science.kew.org/taxon/urn:lsid:ipni.org:names:967237-1","","Y","Synonym","Mimosa watsonii","Mimosa watsonii","B.L.Rob.","1040289","species","https://powo.science.kew.org/taxon/urn:lsid:ipni.org:names:280954-2","","Fabaceae","1","1","wcvp","0",""
"15","Mimosa guanchezii",1,"1048979","Mimosa guanchezii",1,"species","","",NA,"Barneby","Fabaceae","Mimosa","Mimosa",1,"guanchezii","guanchezii",1,"","",NA,"","",NA,"","",NA,"","","https://powo.science.kew.org/taxon/urn:lsid:ipni.org:names:312681-2","","Y","Accepted","Mimosa guanchezii","Mimosa guanchezii","Barneby","1048979","species","https://powo.science.kew.org/taxon/urn:lsid:ipni.org:names:312681-2","","Fabaceae","1","1","wcvp","0",""
"16","Mimosa rufescens",1,"172428","Mimosa rufescens",1,"species","","",NA,"Benth.","Fabaceae","Mimosa","Mimosa",1,"rufescens","rufescens",1,"","",NA,"","",NA,"","",NA,"","","https://powo.science.kew.org/taxon/urn:lsid:ipni.org:names:312682-2","","Y","Accepted","Mimosa rufescens","Mimosa rufescens","Benth.","172428","species","https://powo.science.kew.org/taxon/urn:lsid:ipni.org:names:312682-2","","Fabaceae","1","1","wcvp","0",""
"17","Mimosa rufescens var. rufescens",1,"1048981","Mimosa rufescens var. rufescens",1,"variety","","",NA,"","Fabaceae","Mimosa","Mimosa",1,"rufescens","rufescens",1,"","",NA,"var.","rufescens",1,"","",NA,"","","https://powo.science.kew.org/taxon/urn:lsid:ipni.org:names:77190554-1","","Y","Accepted","Mimosa rufescens var. rufescens","Mimosa rufescens","","1048981","variety","https://powo.science.kew.org/taxon/urn:lsid:ipni.org:names:77190554-1","","Fabaceae","1","1","wcvp","0",""
"18","Mimosa rufescens var. amnis-nigri",1,"1369765","Mimosa rufescens var. amnis-nigri",1,"variety","","",NA,"Barneby","Fabaceae","Mimosa","Mimosa",1,"rufescens","rufescens",1,"","",NA,"var.","amnis-nigri",1,"","",NA,"","","https://powo.science.kew.org/taxon/urn:lsid:ipni.org:names:312684-2","","Y","Accepted","Mimosa rufescens var. amnis-nigri","Mimosa rufescens","Barneby","1369765","variety","https://powo.science.kew.org/taxon/urn:lsid:ipni.org:names:312684-2","","Fabaceae","1","1","wcvp","0",""
"19","Mimosa guilandinae",1,"180460","Mimosa guilandinae",1,"species","","",NA,"(DC.) Barneby","Fabaceae","Mimosa","Mimosa",1,"guilandinae","guilandinae",1,"","",NA,"","",NA,"","",NA,"","","https://powo.science.kew.org/taxon/urn:lsid:ipni.org:names:280943-2","","Y","Accepted","Mimosa guilandinae","Mimosa guilandinae","(DC.) Barneby","180460","species","https://powo.science.kew.org/taxon/urn:lsid:ipni.org:names:280943-2","","Fabaceae","1","1","wcvp","0",""
"20","Mimosa guilandinae var. guilandinae",1,"1232339","Mimosa guilandinae var. guilandinae",1,"variety","","",NA,"","Fabaceae","Mimosa","Mimosa",1,"guilandinae","guilandinae",1,"","",NA,"var.","guilandinae",1,"","",NA,"","","https://powo.science.kew.org/taxon/urn:lsid:ipni.org:names:77190440-1","","Y","Accepted","Mimosa guilandinae var. guilandinae","Mimosa guilandinae","","1232339","variety","https://powo.science.kew.org/taxon/urn:lsid:ipni.org:names:77190440-1","","Fabaceae","1","1","wcvp","0",""
"21","Mimosa guilandinae var. spruceana",1,"1288388","Mimosa guilandinae var. spruceana",1,"variety","","",NA,"(Benth.) Barneby","Fabaceae","Mimosa","Mimosa",1,"guilandinae","guilandinae",1,"","",NA,"var.","spruceana",1,"","",NA,"","","https://powo.science.kew.org/taxon/urn:lsid:ipni.org:names:967238-1","","Y","Accepted","Mimosa guilandinae var. spruceana","Mimosa guilandinae","(Benth.) Barneby","1288388","variety","https://powo.science.kew.org/taxon/urn:lsid:ipni.org:names:967238-1","","Fabaceae","1","1","wcvp","0",""
"22","Mimosa guilandinae var. duckei",1,"1369736","Mimosa guilandinae var. duckei",1,"variety","","",NA,"(Huber) Barneby","Fabaceae","Mimosa","Mimosa",1,"guilandinae","guilandinae",1,"","",NA,"var.","duckei",1,"","",NA,"","","https://powo.science.kew.org/taxon/urn:lsid:ipni.org:names:967239-1","","Y","Accepted","Mimosa guilandinae var. duckei","Mimosa guilandinae","(Huber) Barneby","1369736","variety","https://powo.science.kew.org/taxon/urn:lsid:ipni.org:names:967239-1","","Fabaceae","1","1","wcvp","0",""
"23","Mimosa guilandinae var. extensissima",1,"1369737","Mimosa guilandinae var. extensissima",1,"variety","","",NA,"(Ducke) Barneby","Fabaceae","Mimosa","Mimosa",1,"guilandinae","guilandinae",1,"","",NA,"var.","extensissima",1,"","",NA,"","","https://powo.science.kew.org/taxon/urn:lsid:ipni.org:names:967240-1","","Y","Accepted","Mimosa guilandinae var. extensissima","Mimosa guilandinae","(Ducke) Barneby","1369737","variety","https://powo.science.kew.org/taxon/urn:lsid:ipni.org:names:967240-1","","Fabaceae","1","1","wcvp","0",""
"24","Mimosa guilandinae var. cuatrecasasii",1,"1369735","Mimosa guilandinae var. cuatrecasasii",1,"variety","","",NA,"(Rudd) Barneby","Fabaceae","Mimosa","Mimosa",1,"guilandinae","guilandinae",1,"","",NA,"var.","cuatrecasasii",1,"","",NA,"","","https://powo.science.kew.org/taxon/urn:lsid:ipni.org:names:967241-1","","Y","Accepted","Mimosa guilandinae var. cuatrecasasii","Mimosa guilandinae","(Rudd) Barneby","1369735","variety","https://powo.science.kew.org/taxon/urn:lsid:ipni.org:names:967241-1","","Fabaceae","1","1","wcvp","0",""
"25","Mimosa guilandinae var. paterata",1,"1369738","Mimosa guilandinae var. paterata",1,"variety","","",NA,"Barneby","Fabaceae","Mimosa","Mimosa",1,"guilandinae","guilandinae",1,"","",NA,"var.","paterata",1,"","",NA,"","","https://powo.science.kew.org/taxon/urn:lsid:ipni.org:names:312687-2","","Y","Accepted","Mimosa guilandinae var. paterata","Mimosa guilandinae","Barneby","1369738","variety","https://powo.science.kew.org/taxon/urn:lsid:ipni.org:names:312687-2","","Fabaceae","1","1","wcvp","0",""
"26","Mimosa extensa",1,"172321","Mimosa extensa",1,"species","","",NA,"Benth.","Fabaceae","Mimosa","Mimosa",1,"extensa","extensa",1,"","",NA,"","",NA,"","",NA,"","","https://powo.science.kew.org/taxon/urn:lsid:ipni.org:names:507976-1","","Y","Accepted","Mimosa extensa","Mimosa extensa","Benth.","172321","species","https://powo.science.kew.org/taxon/urn:lsid:ipni.org:names:507976-1","","Fabaceae","1","1","wcvp","0",""
"27","Mimosa extensa extensa",0.96021221090168,"1232340","Mimosa extensa var. extensa",0.96021221090168,"variety","","",NA,"","Fabaceae","Mimosa","Mimosa",1,"extensa","extensa",1,"","",NA,"var.","extensa",0.7,"","",NA,"","","https://powo.science.kew.org/taxon/urn:lsid:ipni.org:names:77190495-1","","Y","Accepted","Mimosa extensa var. extensa","Mimosa extensa","","1232340","variety","https://powo.science.kew.org/taxon/urn:lsid:ipni.org:names:77190495-1","","Fabaceae","1","1","wcvp","0",""
"28","Mimosa extensa var. annae",1,"1288556","Mimosa extensa var. annae",1,"variety","","",NA,"Barneby","Fabaceae","Mimosa","Mimosa",1,"extensa","extensa",1,"","",NA,"var.","annae",1,"","",NA,"","","https://powo.science.kew.org/taxon/urn:lsid:ipni.org:names:312688-2","","Y","Accepted","Mimosa extensa var. annae","Mimosa extensa","Barneby","1288556","variety","https://powo.science.kew.org/taxon/urn:lsid:ipni.org:names:312688-2","","Fabaceae","1","1","wcvp","0",""
"29","Mimosa colombiana",1,"167586","Mimosa colombiana",1,"species","","",NA,"Britton & Killip","Fabaceae","Mimosa","Mimosa",1,"colombiana","colombiana",1,"","",NA,"","",NA,"","",NA,"","","https://powo.science.kew.org/taxon/urn:lsid:ipni.org:names:289777-2","","Y","Accepted","Mimosa colombiana","Mimosa colombiana","Britton & Killip","167586","species","https://powo.science.kew.org/taxon/urn:lsid:ipni.org:names:289777-2","","Fabaceae","1","1","wcvp","0",""
"30","Mimosa lawranceana",1,"167649","Mimosa lawranceana",1,"species","","",NA,"Britton & Killip","Fabaceae","Mimosa","Mimosa",1,"lawranceana","lawranceana",1,"","",NA,"","",NA,"","",NA,"","","https://powo.science.kew.org/taxon/urn:lsid:ipni.org:names:161760-2","","Y","Accepted","Mimosa lawranceana","Mimosa lawranceana","Britton & Killip","167649","species","https://powo.science.kew.org/taxon/urn:lsid:ipni.org:names:161760-2","","Fabaceae","1","1","wcvp","0",""
"31","Mimosa lepidophora",1,"166684","Mimosa lepidophora",1,"species","","",NA,"Rizzini","Fabaceae","Mimosa","Mimosa",1,"lepidophora","lepidophora",1,"","",NA,"","",NA,"","",NA,"","","https://powo.science.kew.org/taxon/urn:lsid:ipni.org:names:161764-2","","Y","Accepted","Mimosa lepidophora","Mimosa lepidophora","Rizzini","166684","species","https://powo.science.kew.org/taxon/urn:lsid:ipni.org:names:161764-2","","Fabaceae","1","1","wcvp","0",""
"32","Mimosa irrigua",1,"176469","Mimosa irrigua",1,"species","","",NA,"Barneby","Fabaceae","Mimosa","Mimosa",1,"irrigua","irrigua",1,"","",NA,"","",NA,"","",NA,"","","https://powo.science.kew.org/taxon/urn:lsid:ipni.org:names:312689-2","","Y","Accepted","Mimosa irrigua","Mimosa irrigua","Barneby","176469","species","https://powo.science.kew.org/taxon/urn:lsid:ipni.org:names:312689-2","","Fabaceae","1","1","wcvp","0",""
"33","Mimosa pithecolobioides",1,"176449","Mimosa pithecolobioides",1,"species","","",NA,"Benth.","Fabaceae","Mimosa","Mimosa",1,"pithecolobioides","pithecolobioides",1,"","",NA,"","",NA,"","",NA,"","","https://powo.science.kew.org/taxon/urn:lsid:ipni.org:names:312690-2","","Y","Accepted","Mimosa pithecolobioides","Mimosa pithecolobioides","Benth.","176449","species","https://powo.science.kew.org/taxon/urn:lsid:ipni.org:names:312690-2","","Fabaceae","1","1","wcvp","0",""
"34","Mimosa revoluta",1,"172422","Mimosa revoluta",1,"species","","",NA,"Benth.","Fabaceae","Mimosa","Mimosa",1,"revoluta","revoluta",1,"","",NA,"","",NA,"","",NA,"","","https://powo.science.kew.org/taxon/urn:lsid:ipni.org:names:508601-1","","Y","Accepted","Mimosa revoluta","Mimosa revoluta","Benth.","172422","species","https://powo.science.kew.org/taxon/urn:lsid:ipni.org:names:508601-1","","Fabaceae","1","1","wcvp","0",""
"35","Mimosa nothacacia",1,"1048982","Mimosa nothacacia",1,"species","","",NA,"Barneby","Fabaceae","Mimosa","Mimosa",1,"nothacacia","nothacacia",1,"","",NA,"","",NA,"","",NA,"","","https://powo.science.kew.org/taxon/urn:lsid:ipni.org:names:312691-2","","Y","Accepted","Mimosa nothacacia","Mimosa nothacacia","Barneby","1048982","species","https://powo.science.kew.org/taxon/urn:lsid:ipni.org:names:312691-2","","Fabaceae","1","1","wcvp","0",""
"36","Mimosa townsendii",1,"1049092","Mimosa townsendii",1,"species","","",NA,"Barneby","Fabaceae","Mimosa","Mimosa",1,"townsendii","townsendii",1,"","",NA,"","",NA,"","",NA,"","","https://powo.science.kew.org/taxon/urn:lsid:ipni.org:names:312692-2","","Y","Accepted","Mimosa townsendii","Mimosa townsendii","Barneby","1049092","species","https://powo.science.kew.org/taxon/urn:lsid:ipni.org:names:312692-2","","Fabaceae","1","1","wcvp","0",""
"37","Mimosa rhododactyla",1,"1040273","Mimosa rhododactyla",1,"species","","",NA,"B.L.Rob.","Fabaceae","Mimosa","Mimosa",1,"rhododactyla","rhododactyla",1,"","",NA,"","",NA,"","",NA,"","","https://powo.science.kew.org/taxon/urn:lsid:ipni.org:names:161943-2","","Y","Accepted","Mimosa rhododactyla","Mimosa rhododactyla","B.L.Rob.","1040273","species","https://powo.science.kew.org/taxon/urn:lsid:ipni.org:names:161943-2","","Fabaceae","1","1","wcvp","0",""
"38","Mimosa rhododactyla var. benthamii",1,"1369761","Mimosa rhododactyla var. benthamii",1,"variety","","",NA,"(J.F.Macbr.) Barneby","Fabaceae","Mimosa","Mimosa",1,"rhododactyla","rhododactyla",1,"","",NA,"var.","benthamii",1,"","",NA,"","","https://powo.science.kew.org/taxon/urn:lsid:ipni.org:names:967242-1","","Y","Synonym","Mimosa benthamii","Mimosa benthamii","J.F.Macbr.","167560","species","https://powo.science.kew.org/taxon/urn:lsid:ipni.org:names:161528-2","","Fabaceae","1","1","wcvp","0",""
"39","Mimosa rhododactyla var. rhododactyla",1,"1389092","Mimosa rhododactyla var. rhododactyla",1,"variety","","",NA,"","Fabaceae","Mimosa","Mimosa",1,"rhododactyla","rhododactyla",1,"","",NA,"var.","rhododactyla",1,"","",NA,"","","https://powo.science.kew.org/taxon/urn:lsid:ipni.org:names:77190604-1","","Y","Accepted","Mimosa rhododactyla var. rhododactyla","Mimosa rhododactyla","","1389092","variety","https://powo.science.kew.org/taxon/urn:lsid:ipni.org:names:77190604-1","","Fabaceae","1","1","wcvp","0",""
"40","Mimosa rhododactyla var. pringleana",1,"1369763","Mimosa rhododactyla var. pringleana",1,"variety","","",NA,"Barneby","Fabaceae","Mimosa","Mimosa",1,"rhododactyla","rhododactyla",1,"","",NA,"var.","pringleana",1,"","",NA,"","","https://powo.science.kew.org/taxon/urn:lsid:ipni.org:names:312694-2","","Y","Invalid","Mimosa rhododactyla var. rhododactyla","Mimosa rhododactyla","","1389092","variety","https://powo.science.kew.org/taxon/urn:lsid:ipni.org:names:77190604-1","","Fabaceae","1","1","wcvp","0",""
"41","Mimosa rhododactyla var. malacocarpa",1,"1369762","Mimosa rhododactyla var. malacocarpa",1,"variety","","",NA,"(B.L.Rob.) Barneby","Fabaceae","Mimosa","Mimosa",1,"rhododactyla","rhododactyla",1,"","",NA,"var.","malacocarpa",1,"","",NA,"","","https://powo.science.kew.org/taxon/urn:lsid:ipni.org:names:967243-1","","Y","Accepted","Mimosa rhododactyla var. malacocarpa","Mimosa rhododactyla","(B.L.Rob.) Barneby","1369762","variety","https://powo.science.kew.org/taxon/urn:lsid:ipni.org:names:967243-1","","Fabaceae","1","1","wcvp","0",""
"42","Mimosa costenya",1,"176895","Mimosa costenya",1,"species","","",NA,"McVaugh","Fabaceae","Mimosa","Mimosa",1,"costenya","costenya",1,"","",NA,"","",NA,"","",NA,"","","https://powo.science.kew.org/taxon/urn:lsid:ipni.org:names:280941-2","","Y","Accepted","Mimosa costenya","Mimosa costenya","McVaugh","176895","species","https://powo.science.kew.org/taxon/urn:lsid:ipni.org:names:280941-2","","Fabaceae","1","1","wcvp","0",""
"43","Mimosa luisana",1,"167660","Mimosa luisana",1,"species","","",NA,"Brandegee","Fabaceae","Mimosa","Mimosa",1,"luisana","luisana",1,"","",NA,"","",NA,"","",NA,"","","https://powo.science.kew.org/taxon/urn:lsid:ipni.org:names:161782-2","","Y","Accepted","Mimosa luisana","Mimosa luisana","Brandegee","167660","species","https://powo.science.kew.org/taxon/urn:lsid:ipni.org:names:161782-2","","Fabaceae","1","1","wcvp","0",""
"44","Mimosa adenantheroides",1,"172252","Mimosa adenantheroides",1,"species","","",NA,"(M.Martens & Galeotti) Benth.","Fabaceae","Mimosa","Mimosa",1,"adenantheroides","adenantheroides",1,"","",NA,"","",NA,"","",NA,"","","https://powo.science.kew.org/taxon/urn:lsid:ipni.org:names:507600-1","","Y","Accepted","Mimosa adenantheroides","Mimosa adenantheroides","(M.Martens & Galeotti) Benth.","172252","species","https://powo.science.kew.org/taxon/urn:lsid:ipni.org:names:507600-1","","Fabaceae","1","1","wcvp","0",""
"45","Mimosa pauli",1,"371917","Mimosa pauli",1,"species","","",NA,"Barneby","Fabaceae","Mimosa","Mimosa",1,"pauli","pauli",1,"","",NA,"","",NA,"","",NA,"","","https://powo.science.kew.org/taxon/urn:lsid:ipni.org:names:312698-2","","Y","Accepted","Mimosa pauli","Mimosa pauli","Barneby","371917","species","https://powo.science.kew.org/taxon/urn:lsid:ipni.org:names:312698-2","","Fabaceae","1","1","wcvp","0",""
"46","Mimosa palmeri",1,"167686","Mimosa palmeri",1,"species","","",NA,"Rose","Fabaceae","Mimosa","Mimosa",1,"palmeri","palmeri",1,"","",NA,"","",NA,"","",NA,"","","https://powo.science.kew.org/taxon/urn:lsid:ipni.org:names:161865-2","","Y","Accepted","Mimosa palmeri","Mimosa palmeri","Rose","167686","species","https://powo.science.kew.org/taxon/urn:lsid:ipni.org:names:161865-2","","Fabaceae","1","1","wcvp","0",""
"47","Mimosa dysocarpa",1,"1042444","Mimosa dysocarpa",1,"species","","",NA,"Benth.","Fabaceae","Mimosa","Mimosa",1,"dysocarpa","dysocarpa",1,"","",NA,"","",NA,"","",NA,"","","https://powo.science.kew.org/taxon/urn:lsid:ipni.org:names:30309639-2","","Y","Accepted","Mimosa dysocarpa","Mimosa dysocarpa","Benth.","1042444","species","https://powo.science.kew.org/taxon/urn:lsid:ipni.org:names:30309639-2","","Fabaceae","1","1","wcvp","0",""
"48","Mimosa mollis",1,"172385","Mimosa mollis",1,"species","","",NA,"Benth.","Fabaceae","Mimosa","Mimosa",1,"mollis","mollis",1,"","",NA,"","",NA,"","",NA,"","","https://powo.science.kew.org/taxon/urn:lsid:ipni.org:names:508340-1","","Y","Accepted","Mimosa mollis","Mimosa mollis","Benth.","172385","species","https://powo.science.kew.org/taxon/urn:lsid:ipni.org:names:508340-1","","Fabaceae","1","1","wcvp","0",""
"49","Mimosa guirocobensis",1,"167630","Mimosa guirocobensis",1,"species","","",NA,"Gentry","Fabaceae","Mimosa","Mimosa",1,"guirocobensis","guirocobensis",1,"","",NA,"","",NA,"","",NA,"","","https://powo.science.kew.org/taxon/urn:lsid:ipni.org:names:161707-2","","Y","Accepted","Mimosa guirocobensis","Mimosa guirocobensis","Gentry","167630","species","https://powo.science.kew.org/taxon/urn:lsid:ipni.org:names:161707-2","","Fabaceae","1","1","wcvp","0",""
"50","Mimosa guatemalensis",1,"172336","Mimosa guatemalensis",1,"species","","",NA,"(Hook. & Arn.) Benth.","Fabaceae","Mimosa","Mimosa",1,"guatemalensis","guatemalensis",1,"","",NA,"","",NA,"","",NA,"","","https://powo.science.kew.org/taxon/urn:lsid:ipni.org:names:508081-1","","Y","Accepted","Mimosa guatemalensis","Mimosa guatemalensis","(Hook. & Arn.) Benth.","172336","species","https://powo.science.kew.org/taxon/urn:lsid:ipni.org:names:508081-1","","Fabaceae","1","1","wcvp","0",""
"51","Mimosa egregia",1,"167599","Mimosa egregia",1,"species","","",NA,"Sandwith","Fabaceae","Mimosa","Mimosa",1,"egregia","egregia",1,"","",NA,"","",NA,"","",NA,"","","https://powo.science.kew.org/taxon/urn:lsid:ipni.org:names:161638-2","","Y","Accepted","Mimosa egregia","Mimosa egregia","Sandwith","167599","species","https://powo.science.kew.org/taxon/urn:lsid:ipni.org:names:161638-2","","Fabaceae","1","1","wcvp","0",""
"52","Mimosa spirocarpa",1,"167733","Mimosa spirocarpa",1,"species","","",NA,"Rose","Fabaceae","Mimosa","Mimosa",1,"spirocarpa","spirocarpa",1,"","",NA,"","",NA,"","",NA,"","","https://powo.science.kew.org/taxon/urn:lsid:ipni.org:names:161992-2","","Y","Accepted","Mimosa spirocarpa","Mimosa spirocarpa","Rose","167733","species","https://powo.science.kew.org/taxon/urn:lsid:ipni.org:names:161992-2","","Fabaceae","1","1","wcvp","0",""
"53","Mimosa xochipalensis",1,"177649","Mimosa xochipalensis",1,"species","","",NA,"R.Grether","Fabaceae","Mimosa","Mimosa",1,"xochipalensis","xochipalensis",1,"","",NA,"","",NA,"","",NA,"","","https://powo.science.kew.org/taxon/urn:lsid:ipni.org:names:280955-2","","Y","Accepted","Mimosa xochipalensis","Mimosa xochipalensis","R.Grether","177649","species","https://powo.science.kew.org/taxon/urn:lsid:ipni.org:names:280955-2","","Fabaceae","1","1","wcvp","0",""
"54","Mimosa polyantha",1,"176458","Mimosa polyantha",1,"species","","",NA,"Benth.","Fabaceae","Mimosa","Mimosa",1,"polyantha","polyantha",1,"","",NA,"","",NA,"","",NA,"","","https://powo.science.kew.org/taxon/urn:lsid:ipni.org:names:508515-1","","Y","Accepted","Mimosa polyantha","Mimosa polyantha","Benth.","176458","species","https://powo.science.kew.org/taxon/urn:lsid:ipni.org:names:508515-1","","Fabaceae","1","1","wcvp","0",""
"55","Mimosa distachya",1,"172306","Mimosa distachya",1,"species","","",NA,"Cav.","Fabaceae","Mimosa","Mimosa",1,"distachya","distachya",1,"","",NA,"","",NA,"","",NA,"","","https://powo.science.kew.org/taxon/urn:lsid:ipni.org:names:317695-2","","Y","Accepted","Mimosa distachya","Mimosa distachya","Cav.","172306","species","https://powo.science.kew.org/taxon/urn:lsid:ipni.org:names:317695-2","","Fabaceae","1","1","wcvp","0",""
"56","Mimosa distachya var. distachya",1,"1375603","Mimosa distachya var. distachya",1,"variety","","",NA,"","Fabaceae","Mimosa","Mimosa",1,"distachya","distachya",1,"","",NA,"var.","distachya",1,"","",NA,"","","https://powo.science.kew.org/taxon/urn:lsid:ipni.org:names:77190477-1","","Y","Accepted","Mimosa distachya var. distachya","Mimosa distachya","","1375603","variety","https://powo.science.kew.org/taxon/urn:lsid:ipni.org:names:77190477-1","","Fabaceae","1","1","wcvp","0",""
"57","Mimosa distachya var. laxiflora",1,"205301","Mimosa distachya var. laxiflora",1,"variety","","",NA,"(Benth.) Barneby","Fabaceae","Mimosa","Mimosa",1,"distachya","distachya",1,"","",NA,"var.","laxiflora",1,"","",NA,"","","https://powo.science.kew.org/taxon/urn:lsid:ipni.org:names:967244-1","","Y","Accepted","Mimosa distachya var. laxiflora","Mimosa distachya","(Benth.) Barneby","205301","variety","https://powo.science.kew.org/taxon/urn:lsid:ipni.org:names:967244-1","","Fabaceae","1","1","wcvp","0",""
"58","Mimosa distachya var. oligacantha",1,"1369720","Mimosa distachya var. oligacantha",1,"variety","","",NA,"(DC.) Barneby","Fabaceae","Mimosa","Mimosa",1,"distachya","distachya",1,"","",NA,"var.","oligacantha",1,"","",NA,"","","https://powo.science.kew.org/taxon/urn:lsid:ipni.org:names:967245-1","","Y","Accepted","Mimosa distachya var. oligacantha","Mimosa distachya","(DC.) Barneby","1369720","variety","https://powo.science.kew.org/taxon/urn:lsid:ipni.org:names:967245-1","","Fabaceae","1","1","wcvp","0",""
"59","Mimosa distachya var. chamelae",1,"1369719","Mimosa distachya var. chamelae",1,"variety","","",NA,"Barneby","Fabaceae","Mimosa","Mimosa",1,"distachya","distachya",1,"","",NA,"var.","chamelae",1,"","",NA,"","","https://powo.science.kew.org/taxon/urn:lsid:ipni.org:names:312701-2","","Y","Accepted","Mimosa distachya var. chamelae","Mimosa distachya","Barneby","1369719","variety","https://powo.science.kew.org/taxon/urn:lsid:ipni.org:names:312701-2","","Fabaceae","1","1","wcvp","0",""
"60","Mimosa rosei",1,"1040276","Mimosa rosei",1,"species","","",NA,"B.L.Rob.","Fabaceae","Mimosa","Mimosa",1,"rosei","rosei",1,"","",NA,"","",NA,"","",NA,"","","https://powo.science.kew.org/taxon/urn:lsid:ipni.org:names:161953-2","","Y","Accepted","Mimosa rosei","Mimosa rosei","B.L.Rob.","1040276","species","https://powo.science.kew.org/taxon/urn:lsid:ipni.org:names:161953-2","","Fabaceae","1","1","wcvp","0",""
"61","Mimosa quitensis",1,"167713","Mimosa quitensis",1,"species","","",NA,"Benth.","Fabaceae","Mimosa","Mimosa",1,"quitensis","quitensis",1,"","",NA,"","",NA,"","",NA,"","","https://powo.science.kew.org/taxon/urn:lsid:ipni.org:names:508580-1","","Y","Accepted","Mimosa quitensis","Mimosa quitensis","Benth.","167713","species","https://powo.science.kew.org/taxon/urn:lsid:ipni.org:names:508580-1","","Fabaceae","1","1","wcvp","0",""
"62","Mimosa weberbaueri",1,"167753","Mimosa weberbaueri",1,"species","","",NA,"Harms","Fabaceae","Mimosa","Mimosa",1,"weberbaueri","weberbaueri",1,"","",NA,"","",NA,"","",NA,"","","https://powo.science.kew.org/taxon/urn:lsid:ipni.org:names:162065-2","","Y","Accepted","Mimosa weberbaueri","Mimosa weberbaueri","Harms","167753","species","https://powo.science.kew.org/taxon/urn:lsid:ipni.org:names:162065-2","","Fabaceae","1","1","wcvp","0",""
"63","Mimosa andina",1,"172256","Mimosa andina",1,"species","","",NA,"Benth.","Fabaceae","Mimosa","Mimosa",1,"andina","andina",1,"","",NA,"","",NA,"","",NA,"","","https://powo.science.kew.org/taxon/urn:lsid:ipni.org:names:507634-1","","Y","Accepted","Mimosa andina","Mimosa andina","Benth.","172256","species","https://powo.science.kew.org/taxon/urn:lsid:ipni.org:names:507634-1","","Fabaceae","1","1","wcvp","0",""
"64","Mimosa montana",1,"172387","Mimosa montana",1,"species","","",NA,"Kunth","Fabaceae","Mimosa","Mimosa",1,"montana","montana",1,"","",NA,"","",NA,"","",NA,"","","https://powo.science.kew.org/taxon/urn:lsid:ipni.org:names:508349-1","","Y","Accepted","Mimosa montana","Mimosa montana","Kunth","172387","species","https://powo.science.kew.org/taxon/urn:lsid:ipni.org:names:508349-1","","Fabaceae","1","1","wcvp","0",""
"65","Mimosa montana var. montana",1,"1048983","Mimosa montana var. montana",1,"variety","","",NA,"","Fabaceae","Mimosa","Mimosa",1,"montana","montana",1,"","",NA,"var.","montana",1,"","",NA,"","","https://powo.science.kew.org/taxon/urn:lsid:ipni.org:names:77190509-1","","Y","Accepted","Mimosa montana var. montana","Mimosa montana","","1048983","variety","https://powo.science.kew.org/taxon/urn:lsid:ipni.org:names:77190509-1","","Fabaceae","1","1","wcvp","0",""
"66","Mimosa montana var. sandemanii",1,"1369745","Mimosa montana var. sandemanii",1,"variety","","",NA,"Barneby","Fabaceae","Mimosa","Mimosa",1,"montana","montana",1,"","",NA,"var.","sandemanii",1,"","",NA,"","","https://powo.science.kew.org/taxon/urn:lsid:ipni.org:names:312703-2","","Y","Accepted","Mimosa montana var. sandemanii","Mimosa montana","Barneby","1369745","variety","https://powo.science.kew.org/taxon/urn:lsid:ipni.org:names:312703-2","","Fabaceae","1","1","wcvp","0",""
"67","Mimosa nanchititlana",1,"182117","Mimosa nanchititlana",1,"species","","",NA,"R.Grether & Barneby","Fabaceae","Mimosa","Mimosa",1,"nanchititlana","nanchititlana",1,"","",NA,"","",NA,"","",NA,"","","https://powo.science.kew.org/taxon/urn:lsid:ipni.org:names:280947-2","","Y","Accepted","Mimosa nanchititlana","Mimosa nanchititlana","R.Grether & Barneby","182117","species","https://powo.science.kew.org/taxon/urn:lsid:ipni.org:names:280947-2","","Fabaceae","1","1","wcvp","0",""
"68","Mimosa aculeaticarpa",1,"167536","Mimosa aculeaticarpa",1,"species","","",NA,"Ortega","Fabaceae","Mimosa","Mimosa",1,"aculeaticarpa","aculeaticarpa",1,"","",NA,"","",NA,"","",NA,"","","https://powo.science.kew.org/taxon/urn:lsid:ipni.org:names:161462-2","","Y","Accepted","Mimosa aculeaticarpa","Mimosa aculeaticarpa","Ortega","167536","species","https://powo.science.kew.org/taxon/urn:lsid:ipni.org:names:161462-2","","Fabaceae","1","1","wcvp","0",""
"69","Mimosa aculeaticarpa var. biuncifera",1,"205299","Mimosa aculeaticarpa var. biuncifera",1,"variety","","",NA,"(Benth.) Barneby","Fabaceae","Mimosa","Mimosa",1,"aculeaticarpa","aculeaticarpa",1,"","",NA,"var.","biuncifera",1,"","",NA,"","","https://powo.science.kew.org/taxon/urn:lsid:ipni.org:names:967246-1","","Y","Synonym","Mimosa biuncifera","Mimosa biuncifera","Benth.","170287","species","https://powo.science.kew.org/taxon/urn:lsid:ipni.org:names:161536-2","","Fabaceae","1","1","wcvp","0",""
"70","Mimosa galeottii",1,"167616","Mimosa galeottii",1,"species","","",NA,"Benth.","Fabaceae","Mimosa","Mimosa",1,"galeottii","galeottii",1,"","",NA,"","",NA,"","",NA,"","","https://powo.science.kew.org/taxon/urn:lsid:ipni.org:names:161680-2","","Y","Accepted","Mimosa galeottii","Mimosa galeottii","Benth.","167616","species","https://powo.science.kew.org/taxon/urn:lsid:ipni.org:names:161680-2","","Fabaceae","1","1","wcvp","0",""
"71","Mimosa grahamii",1,"167623","Mimosa grahamii",1,"species","","",NA,"A.Gray","Fabaceae","Mimosa","Mimosa",1,"grahamii","grahamii",1,"","",NA,"","",NA,"","",NA,"","","https://powo.science.kew.org/taxon/urn:lsid:ipni.org:names:508067-1","","Y","Accepted","Mimosa grahamii","Mimosa grahamii","A.Gray","167623","species","https://powo.science.kew.org/taxon/urn:lsid:ipni.org:names:508067-1","","Fabaceae","1","1","wcvp","0",""
"72","Mimosa grahamii var. grahamii",1,"177411","Mimosa grahamii var. grahamii",1,"variety","","",NA,"","Fabaceae","Mimosa","Mimosa",1,"grahamii","grahamii",1,"","",NA,"var.","grahamii",1,"","",NA,"","","https://powo.science.kew.org/taxon/urn:lsid:ipni.org:names:77190420-1","","Y","Accepted","Mimosa grahamii var. grahamii","Mimosa grahamii","","177411","variety","https://powo.science.kew.org/taxon/urn:lsid:ipni.org:names:77190420-1","","Fabaceae","1","1","wcvp","0",""
"73","Mimosa grahamii var. prolifica",1,"1232342","Mimosa grahamii var. prolifica",1,"variety","","",NA,"(S.Watson) Barneby","Fabaceae","Mimosa","Mimosa",1,"grahamii","grahamii",1,"","",NA,"var.","prolifica",1,"","",NA,"","","https://powo.science.kew.org/taxon/urn:lsid:ipni.org:names:967247-1","","Y","Accepted","Mimosa grahamii var. prolifica","Mimosa grahamii","(S.Watson) Barneby","1232342","variety","https://powo.science.kew.org/taxon/urn:lsid:ipni.org:names:967247-1","","Fabaceae","1","1","wcvp","0",""
"74","Mimosa minutifolia",1,"1040249","Mimosa minutifolia",1,"species","","",NA,"B.L.Rob. & Greenm.","Fabaceae","Mimosa","Mimosa",1,"minutifolia","minutifolia",1,"","",NA,"","",NA,"","",NA,"","","https://powo.science.kew.org/taxon/urn:lsid:ipni.org:names:161831-2","","Y","Accepted","Mimosa minutifolia","Mimosa minutifolia","B.L.Rob. & Greenm.","1040249","species","https://powo.science.kew.org/taxon/urn:lsid:ipni.org:names:161831-2","","Fabaceae","1","1","wcvp","0",""
"75","Mimosa lacerata",1,"167647","Mimosa lacerata",1,"species","","",NA,"Rose","Fabaceae","Mimosa","Mimosa",1,"lacerata","lacerata",1,"","",NA,"","",NA,"","",NA,"","","https://powo.science.kew.org/taxon/urn:lsid:ipni.org:names:280945-2","","Y","Accepted","Mimosa lacerata","Mimosa lacerata","Rose","167647","species","https://powo.science.kew.org/taxon/urn:lsid:ipni.org:names:280945-2","","Fabaceae","1","1","wcvp","0",""
"76","Mimosa aspera",1,"167553","Mimosa aspera",1,"species","","",NA,"M.E.Jones","Fabaceae","Mimosa","Mimosa",1,"aspera","aspera",1,"","",NA,"","",NA,"","",NA,"","","https://powo.science.kew.org/taxon/urn:lsid:ipni.org:names:161505-2","","Y","Accepted","Mimosa aspera","Mimosa aspera","M.E.Jones","167553","species","https://powo.science.kew.org/taxon/urn:lsid:ipni.org:names:161505-2","","Fabaceae","1","1","wcvp","0",""
"77","Mimosa barrancana",1,"167557","Mimosa barrancana",1,"species","","",NA,"Gentry","Fabaceae","Mimosa","Mimosa",1,"barrancana","barrancana",1,"","",NA,"","",NA,"","",NA,"","","https://powo.science.kew.org/taxon/urn:lsid:ipni.org:names:161525-2","","Y","Accepted","Mimosa barrancana","Mimosa barrancana","Gentry","167557","species","https://powo.science.kew.org/taxon/urn:lsid:ipni.org:names:161525-2","","Fabaceae","1","1","wcvp","0",""
"78","Mimosa moniliformis",1,"1232343","Mimosa moniliformis",1,"species","","",NA,"(Britton & Rose) R.Grether & Barneby","Fabaceae","Mimosa","Mimosa",1,"moniliformis","moniliformis",1,"","",NA,"","",NA,"","",NA,"","","https://powo.science.kew.org/taxon/urn:lsid:ipni.org:names:1157698-2","","Y","Accepted","Mimosa moniliformis","Mimosa moniliformis","(Britton & Rose) R.Grether & Barneby","1232343","species","https://powo.science.kew.org/taxon/urn:lsid:ipni.org:names:1157698-2","","Fabaceae","1","1","wcvp","0",""
"79","Mimosa gentryi",1,"1232344","Mimosa gentryi",1,"species","","",NA,"Barneby","Fabaceae","Mimosa","Mimosa",1,"gentryi","gentryi",1,"","",NA,"","",NA,"","",NA,"","","https://powo.science.kew.org/taxon/urn:lsid:ipni.org:names:312706-2","","Y","Accepted","Mimosa gentryi","Mimosa gentryi","Barneby","1232344","species","https://powo.science.kew.org/taxon/urn:lsid:ipni.org:names:312706-2","","Fabaceae","1","1","wcvp","0",""
"80","Mimosa pringlei",1,"167704","Mimosa pringlei",1,"species","","",NA,"S.Watson","Fabaceae","Mimosa","Mimosa",1,"pringlei","pringlei",1,"","",NA,"","",NA,"","",NA,"","","https://powo.science.kew.org/taxon/urn:lsid:ipni.org:names:161907-2","","Y","Accepted","Mimosa pringlei","Mimosa pringlei","S.Watson","167704","species","https://powo.science.kew.org/taxon/urn:lsid:ipni.org:names:161907-2","","Fabaceae","1","1","wcvp","0",""
"81","Mimosa pringlei var. pringlei",1,"1389091","Mimosa pringlei var. pringlei",1,"variety","","",NA,"","Fabaceae","Mimosa","Mimosa",1,"pringlei","pringlei",1,"","",NA,"var.","pringlei",1,"","",NA,"","","https://powo.science.kew.org/taxon/urn:lsid:ipni.org:names:77190568-1","","Y","Accepted","Mimosa pringlei var. pringlei","Mimosa pringlei","","1389091","variety","https://powo.science.kew.org/taxon/urn:lsid:ipni.org:names:77190568-1","","Fabaceae","1","1","wcvp","0",""
"82","Mimosa pringlei var. graminetorum",1,"1369757","Mimosa pringlei var. graminetorum",1,"variety","","",NA,"Barneby","Fabaceae","Mimosa","Mimosa",1,"pringlei","pringlei",1,"","",NA,"var.","graminetorum",1,"","",NA,"","","https://powo.science.kew.org/taxon/urn:lsid:ipni.org:names:312707-2","","Y","Accepted","Mimosa pringlei var. graminetorum","Mimosa pringlei","Barneby","1369757","variety","https://powo.science.kew.org/taxon/urn:lsid:ipni.org:names:312707-2","","Fabaceae","1","1","wcvp","0",""
"83","Mimosa zimapanensis",1,"1040290","Mimosa zimapanensis",1,"species","","",NA,"Britton","Fabaceae","Mimosa","Mimosa",1,"zimapanensis","zimapanensis",1,"","",NA,"","",NA,"","",NA,"","","https://powo.science.kew.org/taxon/urn:lsid:ipni.org:names:162076-2","","Y","Accepted","Mimosa zimapanensis","Mimosa zimapanensis","Britton","1040290","species","https://powo.science.kew.org/taxon/urn:lsid:ipni.org:names:162076-2","","Fabaceae","1","1","wcvp","0",""
"84","Mimosa acantholoba",1,"181004","Mimosa acantholoba",1,"species","","",NA,"(Humb. & Bonpl. ex Willd.) Poir.","Fabaceae","Mimosa","Mimosa",1,"acantholoba","acantholoba",1,"","",NA,"","",NA,"","",NA,"","","https://powo.science.kew.org/taxon/urn:lsid:ipni.org:names:507588-1","","Y","Accepted","Mimosa acantholoba","Mimosa acantholoba","(Humb. & Bonpl. ex Willd.) Poir.","181004","species","https://powo.science.kew.org/taxon/urn:lsid:ipni.org:names:507588-1","","Fabaceae","1","1","wcvp","0",""
"85","Mimosa acantholoba var. platycarpa",1,"1593941","Mimosa acantholoba var. platycarpa",1,"variety","","",NA,"(Benth.) Barneby","Fabaceae","Mimosa","Mimosa",1,"acantholoba","acantholoba",1,"","",NA,"var.","platycarpa",1,"","",NA,"","","https://powo.science.kew.org/taxon/urn:lsid:ipni.org:names:967248-1","","Y","Synonym","Mimosa platycarpa","Mimosa platycarpa","Benth.","167697","species","https://powo.science.kew.org/taxon/urn:lsid:ipni.org:names:161895-2","","Fabaceae","1","1","wcvp","0",""
"86","Mimosa acantholoba var. liesneri",1,"1232345","Mimosa acantholoba var. liesneri",1,"variety","","",NA,"Barneby","Fabaceae","Mimosa","Mimosa",1,"acantholoba","acantholoba",1,"","",NA,"var.","liesneri",1,"","",NA,"","","https://powo.science.kew.org/taxon/urn:lsid:ipni.org:names:312708-2","","Y","Synonym","Mimosa platycarpa var. liesneri","Mimosa platycarpa","(Barneby) R.Grether","1236542","variety","https://powo.science.kew.org/taxon/urn:lsid:ipni.org:names:1014026-1","","Fabaceae","1","1","wcvp","0",""
"87","Mimosa acantholoba var. molinarum",1,"1369705","Mimosa acantholoba var. molinarum",1,"variety","","",NA,"Barneby","Fabaceae","Mimosa","Mimosa",1,"acantholoba","acantholoba",1,"","",NA,"var.","molinarum",1,"","",NA,"","","https://powo.science.kew.org/taxon/urn:lsid:ipni.org:names:312709-2","","Y","Accepted","Mimosa acantholoba var. molinarum","Mimosa acantholoba","Barneby","1369705","variety","https://powo.science.kew.org/taxon/urn:lsid:ipni.org:names:312709-2","","Fabaceae","1","1","wcvp","0",""
"88","Mimosa acantholoba var. eurycarpa",1,"1232346","Mimosa acantholoba var. eurycarpa",1,"variety","","",NA,"(B.L.Rob.) Barneby","Fabaceae","Mimosa","Mimosa",1,"acantholoba","acantholoba",1,"","",NA,"var.","eurycarpa",1,"","",NA,"","","https://powo.science.kew.org/taxon/urn:lsid:ipni.org:names:967249-1","","Y","Accepted","Mimosa acantholoba var. eurycarpa","Mimosa acantholoba","(B.L.Rob.) Barneby","1232346","variety","https://powo.science.kew.org/taxon/urn:lsid:ipni.org:names:967249-1","","Fabaceae","1","1","wcvp","0",""
"89","Mimosa acantholoba var. acantholoba",1,"1048984","Mimosa acantholoba var. acantholoba",1,"variety","","",NA,"","Fabaceae","Mimosa","Mimosa",1,"acantholoba","acantholoba",1,"","",NA,"var.","acantholoba",1,"","",NA,"","","https://powo.science.kew.org/taxon/urn:lsid:ipni.org:names:77190505-1","","Y","Accepted","Mimosa acantholoba var. acantholoba","Mimosa acantholoba","","1048984","variety","https://powo.science.kew.org/taxon/urn:lsid:ipni.org:names:77190505-1","","Fabaceae","1","1","wcvp","0",""
"90","Mimosa monancistra",1,"172386","Mimosa monancistra",1,"species","","",NA,"Benth.","Fabaceae","Mimosa","Mimosa",1,"monancistra","monancistra",1,"","",NA,"","",NA,"","",NA,"","","https://powo.science.kew.org/taxon/urn:lsid:ipni.org:names:508346-1","","Y","Accepted","Mimosa monancistra","Mimosa monancistra","Benth.","172386","species","https://powo.science.kew.org/taxon/urn:lsid:ipni.org:names:508346-1","","Fabaceae","1","1","wcvp","0",""
"91","Mimosa calcicola",1,"1040204","Mimosa calcicola",1,"species","","",NA,"B.L.Rob.","Fabaceae","Mimosa","Mimosa",1,"calcicola","calcicola",1,"","",NA,"","",NA,"","",NA,"","","https://powo.science.kew.org/taxon/urn:lsid:ipni.org:names:161555-2","","Y","Accepted","Mimosa calcicola","Mimosa calcicola","B.L.Rob.","1040204","species","https://powo.science.kew.org/taxon/urn:lsid:ipni.org:names:161555-2","","Fabaceae","1","1","wcvp","0",""
"92","Mimosa depauperata",1,"180985","Mimosa depauperata",1,"species","","",NA,"Benth.","Fabaceae","Mimosa","Mimosa",1,"depauperata","depauperata",1,"","",NA,"","",NA,"","",NA,"","","https://powo.science.kew.org/taxon/urn:lsid:ipni.org:names:507893-1","","Y","Accepted","Mimosa depauperata","Mimosa depauperata","Benth.","180985","species","https://powo.science.kew.org/taxon/urn:lsid:ipni.org:names:507893-1","","Fabaceae","1","1","wcvp","0",""
"93","Mimosa emoryana",1,"172317","Mimosa emoryana",1,"species","","",NA,"Benth.","Fabaceae","Mimosa","Mimosa",1,"emoryana","emoryana",1,"","",NA,"","",NA,"","",NA,"","","https://powo.science.kew.org/taxon/urn:lsid:ipni.org:names:507954-1","","Y","Accepted","Mimosa emoryana","Mimosa emoryana","Benth.","172317","species","https://powo.science.kew.org/taxon/urn:lsid:ipni.org:names:507954-1","","Fabaceae","1","1","wcvp","0",""
"94","Mimosa emoryana var. emoryana",1,"205302","Mimosa emoryana var. emoryana",1,"variety","","",NA,"","Fabaceae","Mimosa","Mimosa",1,"emoryana","emoryana",1,"","",NA,"var.","emoryana",1,"","",NA,"","","https://powo.science.kew.org/taxon/urn:lsid:ipni.org:names:77190492-1","","Y","Accepted","Mimosa emoryana var. emoryana","Mimosa emoryana","","205302","variety","https://powo.science.kew.org/taxon/urn:lsid:ipni.org:names:77190492-1","","Fabaceae","1","1","wcvp","0",""
"95","Mimosa emoryana var. chihuahuana",1,"1369731","Mimosa emoryana var. chihuahuana",1,"variety","","",NA,"(Britton & Rose) Barneby","Fabaceae","Mimosa","Mimosa",1,"emoryana","emoryana",1,"","",NA,"var.","chihuahuana",1,"","",NA,"","","https://powo.science.kew.org/taxon/urn:lsid:ipni.org:names:967250-1","","Y","Accepted","Mimosa emoryana var. chihuahuana","Mimosa emoryana","(Britton & Rose) Barneby","1369731","variety","https://powo.science.kew.org/taxon/urn:lsid:ipni.org:names:967250-1","","Fabaceae","1","1","wcvp","0",""
"96","Mimosa purpusii",1,"167710","Mimosa purpusii",1,"species","","",NA,"Brandegee","Fabaceae","Mimosa","Mimosa",1,"purpusii","purpusii",1,"","",NA,"","",NA,"","",NA,"","","https://powo.science.kew.org/taxon/urn:lsid:ipni.org:names:161928-2","","Y","Accepted","Mimosa purpusii","Mimosa purpusii","Brandegee","167710","species","https://powo.science.kew.org/taxon/urn:lsid:ipni.org:names:161928-2","","Fabaceae","1","1","wcvp","0",""
"97","Mimosa texana",1,"174736","Mimosa texana",1,"species","","",NA,"(A.Gray) Small","Fabaceae","Mimosa","Mimosa",1,"texana","texana",1,"","",NA,"","",NA,"","",NA,"","","https://powo.science.kew.org/taxon/urn:lsid:ipni.org:names:162024-2","","Y","Accepted","Mimosa texana","Mimosa texana","(A.Gray) Small","174736","species","https://powo.science.kew.org/taxon/urn:lsid:ipni.org:names:162024-2","","Fabaceae","1","1","wcvp","0",""
"98","Mimosa texana var. texana",1,"1375605","Mimosa texana var. texana",1,"variety","","",NA,"","Fabaceae","Mimosa","Mimosa",1,"texana","texana",1,"","",NA,"var.","texana",1,"","",NA,"","","https://powo.science.kew.org/taxon/urn:lsid:ipni.org:names:77190596-1","","Y","Accepted","Mimosa texana var. texana","Mimosa texana","","1375605","variety","https://powo.science.kew.org/taxon/urn:lsid:ipni.org:names:77190596-1","","Fabaceae","1","1","wcvp","0",""
"99","Mimosa texana var. filipes",1,"1369768","Mimosa texana var. filipes",1,"variety","","",NA,"(Britton & Rose) Barneby","Fabaceae","Mimosa","Mimosa",1,"texana","texana",1,"","",NA,"var.","filipes",1,"","",NA,"","","https://powo.science.kew.org/taxon/urn:lsid:ipni.org:names:967251-1","","Y","Accepted","Mimosa texana var. filipes","Mimosa texana","(Britton & Rose) Barneby","1369768","variety","https://powo.science.kew.org/taxon/urn:lsid:ipni.org:names:967251-1","","Fabaceae","1","1","wcvp","0",""
"100","Mimosa borealis",1,"172272","Mimosa borealis",1,"species","","",NA,"A.Gray","Fabaceae","Mimosa","Mimosa",1,"borealis","borealis",1,"","",NA,"","",NA,"","",NA,"","","https://powo.science.kew.org/taxon/urn:lsid:ipni.org:names:507717-1","","Y","Accepted","Mimosa borealis","Mimosa borealis","A.Gray","172272","species","https://powo.science.kew.org/taxon/urn:lsid:ipni.org:names:507717-1","","Fabaceae","1","1","wcvp","0",""
"101","Mimosa turneri",1,"177087","Mimosa turneri",1,"species","","",NA,"Barneby","Fabaceae","Mimosa","Mimosa",1,"turneri","turneri",1,"","",NA,"","",NA,"","",NA,"","","https://powo.science.kew.org/taxon/urn:lsid:ipni.org:names:280953-2","","Y","Accepted","Mimosa turneri","Mimosa turneri","Barneby","177087","species","https://powo.science.kew.org/taxon/urn:lsid:ipni.org:names:280953-2","","Fabaceae","1","1","wcvp","0",""
"102","Mimosa unipinnata",1,"176374","Mimosa unipinnata",1,"species","","",NA,"B.D.Parfitt & Pinkava","Fabaceae","Mimosa","Mimosa",1,"unipinnata","unipinnata",1,"","",NA,"","",NA,"","",NA,"","","https://powo.science.kew.org/taxon/urn:lsid:ipni.org:names:162042-2","","Y","Accepted","Mimosa unipinnata","Mimosa unipinnata","B.D.Parfitt & Pinkava","176374","species","https://powo.science.kew.org/taxon/urn:lsid:ipni.org:names:162042-2","","Fabaceae","1","1","wcvp","0",""
"103","Mimosa zygophylla",1,"1040291","Mimosa zygophylla",1,"species","","",NA,"Benth.","Fabaceae","Mimosa","Mimosa",1,"zygophylla","zygophylla",1,"","",NA,"","",NA,"","",NA,"","","https://powo.science.kew.org/taxon/urn:lsid:ipni.org:names:162077-2","","Y","Accepted","Mimosa zygophylla","Mimosa zygophylla","Benth.","1040291","species","https://powo.science.kew.org/taxon/urn:lsid:ipni.org:names:162077-2","","Fabaceae","1","1","wcvp","0",""
"104","Mimosa arenosa",1,"172262","Mimosa arenosa",1,"species","","",NA,"(Willd.) Poir.","Fabaceae","Mimosa","Mimosa",1,"arenosa","arenosa",1,"","",NA,"","",NA,"","",NA,"","","https://powo.science.kew.org/taxon/urn:lsid:ipni.org:names:507659-1","","Y","Accepted","Mimosa arenosa","Mimosa arenosa","(Willd.) Poir.","172262","species","https://powo.science.kew.org/taxon/urn:lsid:ipni.org:names:507659-1","","Fabaceae","1","1","wcvp","0",""
"105","Mimosa arenosa var. arenosa",1,"1049012","Mimosa arenosa var. arenosa",1,"variety","","",NA,"","Fabaceae","Mimosa","Mimosa",1,"arenosa","arenosa",1,"","",NA,"var.","arenosa",1,"","",NA,"","","https://powo.science.kew.org/taxon/urn:lsid:ipni.org:names:77190507-1","","Y","Accepted","Mimosa arenosa var. arenosa","Mimosa arenosa","","1049012","variety","https://powo.science.kew.org/taxon/urn:lsid:ipni.org:names:77190507-1","","Fabaceae","1","1","wcvp","0",""
"106","Mimosa arenosa var. lysalgica",1,"205994","Mimosa arenosa var. lysalgica",1,"variety","","",NA,"Barneby","Fabaceae","Mimosa","Mimosa",1,"arenosa","arenosa",1,"","",NA,"var.","lysalgica",1,"","",NA,"","","https://powo.science.kew.org/taxon/urn:lsid:ipni.org:names:312715-2","","Y","Accepted","Mimosa arenosa var. lysalgica","Mimosa arenosa","Barneby","205994","variety","https://powo.science.kew.org/taxon/urn:lsid:ipni.org:names:312715-2","","Fabaceae","1","1","wcvp","0",""
"107","Mimosa arenosa var. leiocarpa",1,"1369710","Mimosa arenosa var. leiocarpa",1,"variety","","",NA,"(DC.) Barneby","Fabaceae","Mimosa","Mimosa",1,"arenosa","arenosa",1,"","",NA,"var.","leiocarpa",1,"","",NA,"","","https://powo.science.kew.org/taxon/urn:lsid:ipni.org:names:967252-1","","Y","Accepted","Mimosa arenosa var. leiocarpa","Mimosa arenosa","(DC.) Barneby","1369710","variety","https://powo.science.kew.org/taxon/urn:lsid:ipni.org:names:967252-1","","Fabaceae","1","1","wcvp","0",""
"108","Mimosa hapaloclada",1,"167633","Mimosa hapaloclada",1,"species","","",NA,"Malme","Fabaceae","Mimosa","Mimosa",1,"hapaloclada","hapaloclada",1,"","",NA,"","",NA,"","",NA,"","","https://powo.science.kew.org/taxon/urn:lsid:ipni.org:names:161709-2","","Y","Accepted","Mimosa hapaloclada","Mimosa hapaloclada","Malme","167633","species","https://powo.science.kew.org/taxon/urn:lsid:ipni.org:names:161709-2","","Fabaceae","1","1","wcvp","0",""
"109","Mimosa acutistipula",1,"172251","Mimosa acutistipula",1,"species","","",NA,"(Mart.) Benth.","Fabaceae","Mimosa","Mimosa",1,"acutistipula","acutistipula",1,"","",NA,"","",NA,"","",NA,"","","https://powo.science.kew.org/taxon/urn:lsid:ipni.org:names:507597-1","","Y","Accepted","Mimosa acutistipula","Mimosa acutistipula","(Mart.) Benth.","172251","species","https://powo.science.kew.org/taxon/urn:lsid:ipni.org:names:507597-1","","Fabaceae","1","1","wcvp","0",""
"110","Mimosa acutistipula var. acutistipula",1,"1232348","Mimosa acutistipula var. acutistipula",1,"variety","","",NA,"","Fabaceae","Mimosa","Mimosa",1,"acutistipula","acutistipula",1,"","",NA,"var.","acutistipula",1,"","",NA,"","","https://powo.science.kew.org/taxon/urn:lsid:ipni.org:names:77190453-1","","Y","Accepted","Mimosa acutistipula var. acutistipula","Mimosa acutistipula","","1232348","variety","https://powo.science.kew.org/taxon/urn:lsid:ipni.org:names:77190453-1","","Fabaceae","1","1","wcvp","0",""
"111","Mimosa acutistipula var. ferrea",1,"1288230","Mimosa acutistipula var. ferrea",1,"variety","","",NA,"Barneby","Fabaceae","Mimosa","Mimosa",1,"acutistipula","acutistipula",1,"","",NA,"var.","ferrea",1,"","",NA,"","","https://powo.science.kew.org/taxon/urn:lsid:ipni.org:names:312717-2","","Y","Accepted","Mimosa acutistipula var. ferrea","Mimosa acutistipula","Barneby","1288230","variety","https://powo.science.kew.org/taxon/urn:lsid:ipni.org:names:312717-2","","Fabaceae","1","1","wcvp","0",""
"112","Mimosa dichroa",1,"1245089","Mimosa dichroa",1,"species","","",NA,"Barneby","Fabaceae","Mimosa","Mimosa",1,"dichroa","dichroa",1,"","",NA,"","",NA,"","",NA,"","","https://powo.science.kew.org/taxon/urn:lsid:ipni.org:names:312719-2","","Y","Accepted","Mimosa dichroa","Mimosa dichroa","Barneby","1245089","species","https://powo.science.kew.org/taxon/urn:lsid:ipni.org:names:312719-2","","Fabaceae","1","1","wcvp","0",""
"113","Mimosa ophthalmocentra",1,"172402","Mimosa ophthalmocentra",1,"species","","",NA,"Mart. ex Benth.","Fabaceae","Mimosa","Mimosa",1,"ophthalmocentra","ophthalmocentra",1,"","",NA,"","",NA,"","",NA,"","","https://powo.science.kew.org/taxon/urn:lsid:ipni.org:names:508418-1","","Y","Accepted","Mimosa ophthalmocentra","Mimosa ophthalmocentra","Mart. ex Benth.","172402","species","https://powo.science.kew.org/taxon/urn:lsid:ipni.org:names:508418-1","","Fabaceae","1","1","wcvp","0",""
"114","Mimosa mensicola",1,"176474","Mimosa mensicola",1,"species","","",NA,"Barneby","Fabaceae","Mimosa","Mimosa",1,"mensicola","mensicola",1,"","",NA,"","",NA,"","",NA,"","","https://powo.science.kew.org/taxon/urn:lsid:ipni.org:names:312720-2","","Y","Accepted","Mimosa mensicola","Mimosa mensicola","Barneby","176474","species","https://powo.science.kew.org/taxon/urn:lsid:ipni.org:names:312720-2","","Fabaceae","1","1","wcvp","0",""
"115","Mimosa dalyi",1,"176409","Mimosa dalyi",1,"species","","",NA,"Barneby","Fabaceae","Mimosa","Mimosa",1,"dalyi","dalyi",1,"","",NA,"","",NA,"","",NA,"","","https://powo.science.kew.org/taxon/urn:lsid:ipni.org:names:280942-2","","Y","Accepted","Mimosa dalyi","Mimosa dalyi","Barneby","176409","species","https://powo.science.kew.org/taxon/urn:lsid:ipni.org:names:280942-2","","Fabaceae","1","1","wcvp","0",""
"116","Mimosa insignis",1,"176408","Mimosa insignis",1,"species","","",NA,"(Hassl.) Barneby","Fabaceae","Mimosa","Mimosa",1,"insignis","insignis",1,"","",NA,"","",NA,"","",NA,"","","https://powo.science.kew.org/taxon/urn:lsid:ipni.org:names:280944-2","","Y","Accepted","Mimosa insignis","Mimosa insignis","(Hassl.) Barneby","176408","species","https://powo.science.kew.org/taxon/urn:lsid:ipni.org:names:280944-2","","Fabaceae","1","1","wcvp","0",""
"117","Mimosa tenuiflora",1,"172455","Mimosa tenuiflora",1,"species","","",NA,"(Willd.) Poir.","Fabaceae","Mimosa","Mimosa",1,"tenuiflora","tenuiflora",1,"","",NA,"","",NA,"","",NA,"","","https://powo.science.kew.org/taxon/urn:lsid:ipni.org:names:508775-1","","Y","Accepted","Mimosa tenuiflora","Mimosa tenuiflora","(Willd.) Poir.","172455","species","https://powo.science.kew.org/taxon/urn:lsid:ipni.org:names:508775-1","","Fabaceae","1","1","wcvp","0",""
"118","Mimosa apodocarpa",1,"167548","Mimosa apodocarpa",1,"species","","",NA,"Benth.","Fabaceae","Mimosa","Mimosa",1,"apodocarpa","apodocarpa",1,"","",NA,"","",NA,"","",NA,"","","https://powo.science.kew.org/taxon/urn:lsid:ipni.org:names:161495-2","","Y","Accepted","Mimosa apodocarpa","Mimosa apodocarpa","Benth.","167548","species","https://powo.science.kew.org/taxon/urn:lsid:ipni.org:names:161495-2","","Fabaceae","1","1","wcvp","0",""
"119","Mimosa xavantinae",1,"1232351","Mimosa xavantinae",1,"species","","",NA,"Barneby","Fabaceae","Mimosa","Mimosa",1,"xavantinae","xavantinae",1,"","",NA,"","",NA,"","",NA,"","","https://powo.science.kew.org/taxon/urn:lsid:ipni.org:names:312721-2","","Y","Synonym","Mimosa apodocarpa","Mimosa apodocarpa","Benth.","167548","species","https://powo.science.kew.org/taxon/urn:lsid:ipni.org:names:161495-2","","Fabaceae","1","1","wcvp","0",""
"120","Mimosa interrupta",1,"1042461","Mimosa interrupta",1,"species","","",NA,"Benth.","Fabaceae","Mimosa","Mimosa",1,"interrupta","interrupta",1,"","",NA,"","",NA,"","",NA,"","","https://powo.science.kew.org/taxon/urn:lsid:ipni.org:names:508159-1","","Y","Accepted","Mimosa interrupta","Mimosa interrupta","Benth.","1042461","species","https://powo.science.kew.org/taxon/urn:lsid:ipni.org:names:508159-1","","Fabaceae","1","1","wcvp","0",""
"121","Mimosa glutinosa",1,"167619","Mimosa glutinosa",1,"species","","",NA,"Malme","Fabaceae","Mimosa","Mimosa",1,"glutinosa","glutinosa",1,"","",NA,"","",NA,"","",NA,"","","https://powo.science.kew.org/taxon/urn:lsid:ipni.org:names:161688-2","","Y","Accepted","Mimosa glutinosa","Mimosa glutinosa","Malme","167619","species","https://powo.science.kew.org/taxon/urn:lsid:ipni.org:names:161688-2","","Fabaceae","1","1","wcvp","0",""
"122","Mimosa hebecarpa",1,"172338","Mimosa hebecarpa",1,"species","","",NA,"Benth.","Fabaceae","Mimosa","Mimosa",1,"hebecarpa","hebecarpa",1,"","",NA,"","",NA,"","",NA,"","","https://powo.science.kew.org/taxon/urn:lsid:ipni.org:names:508096-1","","Y","Accepted","Mimosa hebecarpa","Mimosa hebecarpa","Benth.","172338","species","https://powo.science.kew.org/taxon/urn:lsid:ipni.org:names:508096-1","","Fabaceae","1","1","wcvp","0",""
"123","Mimosa spixiana",1,"1232352","Mimosa spixiana",1,"species","","",NA,"Barneby","Fabaceae","Mimosa","Mimosa",1,"spixiana","spixiana",1,"","",NA,"","",NA,"","",NA,"","","https://powo.science.kew.org/taxon/urn:lsid:ipni.org:names:312722-2","","Y","Accepted","Mimosa spixiana","Mimosa spixiana","Barneby","1232352","species","https://powo.science.kew.org/taxon/urn:lsid:ipni.org:names:312722-2","","Fabaceae","1","1","wcvp","0",""
"124","Mimosa sericantha",1,"172438","Mimosa sericantha",1,"species","","",NA,"Benth.","Fabaceae","Mimosa","Mimosa",1,"sericantha","sericantha",1,"","",NA,"","",NA,"","",NA,"","","https://powo.science.kew.org/taxon/urn:lsid:ipni.org:names:508674-1","","Y","Accepted","Mimosa sericantha","Mimosa sericantha","Benth.","172438","species","https://powo.science.kew.org/taxon/urn:lsid:ipni.org:names:508674-1","","Fabaceae","1","1","wcvp","0",""
"125","Mimosa puberula",1,"176461","Mimosa puberula",1,"species","","",NA,"Benth.","Fabaceae","Mimosa","Mimosa",1,"puberula","puberula",1,"","",NA,"","",NA,"","",NA,"","","https://powo.science.kew.org/taxon/urn:lsid:ipni.org:names:508550-1","","Y","Accepted","Mimosa puberula","Mimosa puberula","Benth.","176461","species","https://powo.science.kew.org/taxon/urn:lsid:ipni.org:names:508550-1","","Fabaceae","1","1","wcvp","0",""
"126","Mimosa pteridifolia",1,"176444","Mimosa pteridifolia",1,"species","","",NA,"Benth.","Fabaceae","Mimosa","Mimosa",1,"pteridifolia","pteridifolia",1,"","",NA,"","",NA,"","",NA,"","","https://powo.science.kew.org/taxon/urn:lsid:ipni.org:names:508548-1","","Y","Accepted","Mimosa pteridifolia","Mimosa pteridifolia","Benth.","176444","species","https://powo.science.kew.org/taxon/urn:lsid:ipni.org:names:508548-1","","Fabaceae","1","1","wcvp","0",""
"127","Mimosa adenophylla",1,"167539","Mimosa adenophylla",1,"species","","",NA,"Taub.","Fabaceae","Mimosa","Mimosa",1,"adenophylla","adenophylla",1,"","",NA,"","",NA,"","",NA,"","","https://powo.science.kew.org/taxon/urn:lsid:ipni.org:names:161469-2","","Y","Synonym","Mimosa pteridifolia","Mimosa pteridifolia","Benth.","176444","species","https://powo.science.kew.org/taxon/urn:lsid:ipni.org:names:508548-1","","Fabaceae","1","1","wcvp","0",""
"128","Mimosa adenophylla var. armandiana",1,"176471","Mimosa adenophylla var. armandiana",1,"variety","","",NA,"(Rizzini) Barneby","Fabaceae","Mimosa","Mimosa",1,"adenophylla","adenophylla",1,"","",NA,"var.","armandiana",1,"","",NA,"","","https://powo.science.kew.org/taxon/urn:lsid:ipni.org:names:924351-1","","Y","Synonym","Mimosa pteridifolia","Mimosa pteridifolia","Benth.","176444","species","https://powo.science.kew.org/taxon/urn:lsid:ipni.org:names:508548-1","","Fabaceae","1","1","wcvp","0",""
"129","Mimosa adenophylla var. adenophylla",0.59957384396743,"167539","Mimosa adenophylla",0.59957384396743,"species","","",NA,"Taub.","Fabaceae","Mimosa","Mimosa",1,"adenophylla","adenophylla",1,"","",NA,"","",NA,"","",NA,"","var. adenophylla","https://powo.science.kew.org/taxon/urn:lsid:ipni.org:names:161469-2","","Y","Synonym","Mimosa pteridifolia","Mimosa pteridifolia","Benth.","176444","species","https://powo.science.kew.org/taxon/urn:lsid:ipni.org:names:508548-1","","Fabaceae","1","1","wcvp","1","[Partial]"
"130","Mimosa adenophylla var. mitis",1,"1288242","Mimosa adenophylla var. mitis",1,"variety","","",NA,"Barneby","Fabaceae","Mimosa","Mimosa",1,"adenophylla","adenophylla",1,"","",NA,"var.","mitis",1,"","",NA,"","","https://powo.science.kew.org/taxon/urn:lsid:ipni.org:names:312723-2","","Y","Synonym","Mimosa pteridifolia","Mimosa pteridifolia","Benth.","176444","species","https://powo.science.kew.org/taxon/urn:lsid:ipni.org:names:508548-1","","Fabaceae","1","1","wcvp","0",""
"131","Mimosa gemmulata",1,"176472","Mimosa gemmulata",1,"species","","",NA,"Barneby","Fabaceae","Mimosa","Mimosa",1,"gemmulata","gemmulata",1,"","",NA,"","",NA,"","",NA,"","","https://powo.science.kew.org/taxon/urn:lsid:ipni.org:names:312724-2","","Y","Accepted","Mimosa gemmulata","Mimosa gemmulata","Barneby","176472","species","https://powo.science.kew.org/taxon/urn:lsid:ipni.org:names:312724-2","","Fabaceae","1","1","wcvp","0",""
"132","Mimosa gemmulata var. gemmulata",0.59957384396743,"176472","Mimosa gemmulata",0.59957384396743,"species","","",NA,"Barneby","Fabaceae","Mimosa","Mimosa",1,"gemmulata","gemmulata",1,"","",NA,"","",NA,"","",NA,"","var. gemmulata","https://powo.science.kew.org/taxon/urn:lsid:ipni.org:names:312724-2","","Y","Accepted","Mimosa gemmulata","Mimosa gemmulata","Barneby","176472","species","https://powo.science.kew.org/taxon/urn:lsid:ipni.org:names:312724-2","","Fabaceae","1","1","wcvp","1","[Partial]"
"133","Mimosa gemmulata var. adamantina",1,"1288554","Mimosa gemmulata var. adamantina",1,"variety","","",NA,"Barneby","Fabaceae","Mimosa","Mimosa",1,"gemmulata","gemmulata",1,"","",NA,"var.","adamantina",1,"","",NA,"","","https://powo.science.kew.org/taxon/urn:lsid:ipni.org:names:312725-2","","Y","Synonym","Mimosa gemmulata","Mimosa gemmulata","Barneby","176472","species","https://powo.science.kew.org/taxon/urn:lsid:ipni.org:names:312724-2","","Fabaceae","1","1","wcvp","0",""
"134","Mimosa gemmulata var. segrex",1,"1369732","Mimosa gemmulata var. segrex",1,"variety","","",NA,"Barneby","Fabaceae","Mimosa","Mimosa",1,"gemmulata","gemmulata",1,"","",NA,"var.","segrex",1,"","",NA,"","","https://powo.science.kew.org/taxon/urn:lsid:ipni.org:names:312726-2","","Y","Synonym","Mimosa gemmulata","Mimosa gemmulata","Barneby","176472","species","https://powo.science.kew.org/taxon/urn:lsid:ipni.org:names:312724-2","","Fabaceae","1","1","wcvp","0",""
"135","Mimosa gemmulata var. cristallina",1,"1288555","Mimosa gemmulata var. cristallina",1,"variety","","",NA,"Barneby","Fabaceae","Mimosa","Mimosa",1,"gemmulata","gemmulata",1,"","",NA,"var.","cristallina",1,"","",NA,"","","https://powo.science.kew.org/taxon/urn:lsid:ipni.org:names:312727-2","","Y","Synonym","Mimosa gemmulata","Mimosa gemmulata","Barneby","176472","species","https://powo.science.kew.org/taxon/urn:lsid:ipni.org:names:312724-2","","Fabaceae","1","1","wcvp","0",""
"136","Mimosa gemmulata var. occidentalis",1,"1288434","Mimosa gemmulata var. occidentalis",1,"variety","","",NA,"Barneby","Fabaceae","Mimosa","Mimosa",1,"gemmulata","gemmulata",1,"","",NA,"var.","occidentalis",1,"","",NA,"","","https://powo.science.kew.org/taxon/urn:lsid:ipni.org:names:312728-2","","Y","Synonym","Mimosa caccavariana","Mimosa caccavariana","Santos-Silva & A.M.G.Azevedo","1373436","species","https://powo.science.kew.org/taxon/urn:lsid:ipni.org:names:77175112-1","","Fabaceae","1","1","wcvp","0",""
"137","Mimosa amnis-atri",1,"1232353","Mimosa amnis-atri",1,"species","","",NA,"Barneby","Fabaceae","Mimosa","Mimosa",1,"amnis-atri","amnis-atri",1,"","",NA,"","",NA,"","",NA,"","","https://powo.science.kew.org/taxon/urn:lsid:ipni.org:names:312729-2","","Y","Accepted","Mimosa amnis-atri","Mimosa amnis-atri","Barneby","1232353","species","https://powo.science.kew.org/taxon/urn:lsid:ipni.org:names:312729-2","","Fabaceae","1","1","wcvp","0",""
"138","Mimosa nothopteris",1,"176473","Mimosa nothopteris",1,"species","","",NA,"Barneby","Fabaceae","Mimosa","Mimosa",1,"nothopteris","nothopteris",1,"","",NA,"","",NA,"","",NA,"","","https://powo.science.kew.org/taxon/urn:lsid:ipni.org:names:312730-2","","Y","Accepted","Mimosa nothopteris","Mimosa nothopteris","Barneby","176473","species","https://powo.science.kew.org/taxon/urn:lsid:ipni.org:names:312730-2","","Fabaceae","1","1","wcvp","0",""
"139","Mimosa fiebrigii",1,"167612","Mimosa fiebrigii",1,"species","","",NA,"Hassl.","Fabaceae","Mimosa","Mimosa",1,"fiebrigii","fiebrigii",1,"","",NA,"","",NA,"","",NA,"","","https://powo.science.kew.org/taxon/urn:lsid:ipni.org:names:161660-2","","Y","Accepted","Mimosa fiebrigii","Mimosa fiebrigii","Hassl.","167612","species","https://powo.science.kew.org/taxon/urn:lsid:ipni.org:names:161660-2","","Fabaceae","1","1","wcvp","0",""
"140","Mimosa coruscocaesia",1,"176470","Mimosa coruscocaesia",1,"species","","",NA,"Barneby","Fabaceae","Mimosa","Mimosa",1,"coruscocaesia","coruscocaesia",1,"","",NA,"","",NA,"","",NA,"","","https://powo.science.kew.org/taxon/urn:lsid:ipni.org:names:312731-2","","Y","Accepted","Mimosa coruscocaesia","Mimosa coruscocaesia","Barneby","176470","species","https://powo.science.kew.org/taxon/urn:lsid:ipni.org:names:312731-2","","Fabaceae","1","1","wcvp","0",""
"141","Mimosa verrucosa",1,"172470","Mimosa verrucosa",1,"species","","",NA,"Benth.","Fabaceae","Mimosa","Mimosa",1,"verrucosa","verrucosa",1,"","",NA,"","",NA,"","",NA,"","","https://powo.science.kew.org/taxon/urn:lsid:ipni.org:names:312732-2","","Y","Accepted","Mimosa verrucosa","Mimosa verrucosa","Benth.","172470","species","https://powo.science.kew.org/taxon/urn:lsid:ipni.org:names:312732-2","","Fabaceae","1","1","wcvp","0",""
"142","Mimosa schomburgkii",1,"172433","Mimosa schomburgkii",1,"species","","",NA,"Benth.","Fabaceae","Mimosa","Mimosa",1,"schomburgkii","schomburgkii",1,"","",NA,"","",NA,"","",NA,"","","https://powo.science.kew.org/taxon/urn:lsid:ipni.org:names:508651-1","","Y","Accepted","Mimosa schomburgkii","Mimosa schomburgkii","Benth.","172433","species","https://powo.science.kew.org/taxon/urn:lsid:ipni.org:names:508651-1","","Fabaceae","1","1","wcvp","0",""
"143","Mimosa artemisiana",1,"177083","Mimosa artemisiana",1,"species","","",NA,"Heringer & Paula","Fabaceae","Mimosa","Mimosa",1,"artemisiana","artemisiana",1,"","",NA,"","",NA,"","",NA,"","","https://powo.science.kew.org/taxon/urn:lsid:ipni.org:names:896252-1","","Y","Synonym","Mimosa schomburgkii","Mimosa schomburgkii","Benth.","172433","species","https://powo.science.kew.org/taxon/urn:lsid:ipni.org:names:508651-1","","Fabaceae","1","1","wcvp","0",""
"144","Mimosa trianae",1,"172461","Mimosa trianae",1,"species","","",NA,"Benth.","Fabaceae","Mimosa","Mimosa",1,"trianae","trianae",1,"","",NA,"","",NA,"","",NA,"","","https://powo.science.kew.org/taxon/urn:lsid:ipni.org:names:508811-1","","Y","Accepted","Mimosa trianae","Mimosa trianae","Benth.","172461","species","https://powo.science.kew.org/taxon/urn:lsid:ipni.org:names:508811-1","","Fabaceae","1","1","wcvp","0",""
"145","Mimosa bimucronata",1,"162442","Mimosa bimucronata",1,"species","","",NA,"(DC.) Kuntze","Fabaceae","Mimosa","Mimosa",1,"bimucronata","bimucronata",1,"","",NA,"","",NA,"","",NA,"","","https://powo.science.kew.org/taxon/urn:lsid:ipni.org:names:161532-2","","Y","Accepted","Mimosa bimucronata","Mimosa bimucronata","(DC.) Kuntze","162442","species","https://powo.science.kew.org/taxon/urn:lsid:ipni.org:names:161532-2","","Fabaceae","1","1","wcvp","0",""
"146","Mimosa bimucronata var. bimucronata",0.59957384396743,"162442","Mimosa bimucronata",0.59957384396743,"species","","",NA,"(DC.) Kuntze","Fabaceae","Mimosa","Mimosa",1,"bimucronata","bimucronata",1,"","",NA,"","",NA,"","",NA,"","var. bimucronata","https://powo.science.kew.org/taxon/urn:lsid:ipni.org:names:161532-2","","Y","Accepted","Mimosa bimucronata","Mimosa bimucronata","(DC.) Kuntze","162442","species","https://powo.science.kew.org/taxon/urn:lsid:ipni.org:names:161532-2","","Fabaceae","1","1","wcvp","1","[Partial]"
"147","Mimosa bimucronata var. adenocarpa",1,"1345955","Mimosa bimucronata var. adenocarpa",1,"variety","","",NA,"Hassl.","Fabaceae","Mimosa","Mimosa",1,"bimucronata","bimucronata",1,"","",NA,"var.","adenocarpa",1,"","",NA,"","","https://powo.science.kew.org/taxon/urn:lsid:ipni.org:names:288581-2","","Y","Synonym","Mimosa bimucronata","Mimosa bimucronata","(DC.) Kuntze","162442","species","https://powo.science.kew.org/taxon/urn:lsid:ipni.org:names:161532-2","","Fabaceae","1","1","wcvp","0",""
"148","Mimosa pseudosepiaria",1,"167706","Mimosa pseudosepiaria",1,"species","","",NA,"Harms","Fabaceae","Mimosa","Mimosa",1,"pseudosepiaria","pseudosepiaria",1,"","",NA,"","",NA,"","",NA,"","","https://powo.science.kew.org/taxon/urn:lsid:ipni.org:names:161914-2","","Y","Accepted","Mimosa pseudosepiaria","Mimosa pseudosepiaria","Harms","167706","species","https://powo.science.kew.org/taxon/urn:lsid:ipni.org:names:161914-2","","Fabaceae","1","1","wcvp","0",""
"149","Mimosa exalbescens",1,"176475","Mimosa exalbescens",1,"species","","",NA,"Barneby","Fabaceae","Mimosa","Mimosa",1,"exalbescens","exalbescens",1,"","",NA,"","",NA,"","",NA,"","","https://powo.science.kew.org/taxon/urn:lsid:ipni.org:names:312735-2","","Y","Accepted","Mimosa exalbescens","Mimosa exalbescens","Barneby","176475","species","https://powo.science.kew.org/taxon/urn:lsid:ipni.org:names:312735-2","","Fabaceae","1","1","wcvp","0",""
"150","Mimosa hexandra",1,"167636","Mimosa hexandra",1,"species","","",NA,"Micheli","Fabaceae","Mimosa","Mimosa",1,"hexandra","hexandra",1,"","",NA,"","",NA,"","",NA,"","","https://powo.science.kew.org/taxon/urn:lsid:ipni.org:names:161718-2","","Y","Accepted","Mimosa hexandra","Mimosa hexandra","Micheli","167636","species","https://powo.science.kew.org/taxon/urn:lsid:ipni.org:names:161718-2","","Fabaceae","1","1","wcvp","0",""
"151","Mimosa lewisii",1,"176476","Mimosa lewisii",1,"species","","",NA,"Barneby","Fabaceae","Mimosa","Mimosa",1,"lewisii","lewisii",1,"","",NA,"","",NA,"","",NA,"","","https://powo.science.kew.org/taxon/urn:lsid:ipni.org:names:312738-2","","Y","Accepted","Mimosa lewisii","Mimosa lewisii","Barneby","176476","species","https://powo.science.kew.org/taxon/urn:lsid:ipni.org:names:312738-2","","Fabaceae","1","1","wcvp","0",""
"152","Mimosa paraibana",1,"1232354","Mimosa paraibana",1,"species","","",NA,"Barneby","Fabaceae","Mimosa","Mimosa",1,"paraibana","paraibana",1,"","",NA,"","",NA,"","",NA,"","","https://powo.science.kew.org/taxon/urn:lsid:ipni.org:names:312739-2","","Y","Accepted","Mimosa paraibana","Mimosa paraibana","Barneby","1232354","species","https://powo.science.kew.org/taxon/urn:lsid:ipni.org:names:312739-2","","Fabaceae","1","1","wcvp","0",""
"153","Mimosa cubatanensis",1,"167590","Mimosa cubatanensis",1,"species","","",NA,"Hoehne","Fabaceae","Mimosa","Mimosa",1,"cubatanensis","cubatanensis",1,"","",NA,"","",NA,"","",NA,"","","https://powo.science.kew.org/taxon/urn:lsid:ipni.org:names:161612-2","","Y","Accepted","Mimosa cubatanensis","Mimosa cubatanensis","Hoehne","167590","species","https://powo.science.kew.org/taxon/urn:lsid:ipni.org:names:161612-2","","Fabaceae","1","1","wcvp","0",""
"154","Mimosa catharinensis",1,"176554","Mimosa catharinensis",1,"species","","",NA,"Burkart","Fabaceae","Mimosa","Mimosa",1,"catharinensis","catharinensis",1,"","",NA,"","",NA,"","",NA,"","","https://powo.science.kew.org/taxon/urn:lsid:ipni.org:names:161578-2","","Y","Accepted","Mimosa catharinensis","Mimosa catharinensis","Burkart","176554","species","https://powo.science.kew.org/taxon/urn:lsid:ipni.org:names:161578-2","","Fabaceae","1","1","wcvp","0",""
"155","Mimosa caduca",1,"172278","Mimosa caduca",1,"species","","",NA,"(Humb. & Bonpl. ex Willd.) Poir.","Fabaceae","Mimosa","Mimosa",1,"caduca","caduca",1,"","",NA,"","",NA,"","",NA,"","","https://powo.science.kew.org/taxon/urn:lsid:ipni.org:names:507746-1","","Y","Accepted","Mimosa caduca","Mimosa caduca","(Humb. & Bonpl. ex Willd.) Poir.","172278","species","https://powo.science.kew.org/taxon/urn:lsid:ipni.org:names:507746-1","","Fabaceae","1","1","wcvp","0",""
"156","Mimosa troncosoae",1,"1223376","Mimosa troncosoae",1,"species","","",NA,"Fortunato & Barneby","Fabaceae","Mimosa","Mimosa",1,"troncosoae","troncosoae",1,"","",NA,"","",NA,"","",NA,"","","https://powo.science.kew.org/taxon/urn:lsid:ipni.org:names:312740-2","","Y","Accepted","Mimosa troncosoae","Mimosa troncosoae","Fortunato & Barneby","1223376","species","https://powo.science.kew.org/taxon/urn:lsid:ipni.org:names:312740-2","","Fabaceae","1","1","wcvp","0",""
"157","Mimosa torresiae",1,"1048235","Mimosa torresiae",1,"species","","",NA,"R.Grether","Fabaceae","Mimosa","Mimosa",1,"torresiae","torresiae",1,"","",NA,"","",NA,"","",NA,"","","https://powo.science.kew.org/taxon/urn:lsid:ipni.org:names:280952-2","","Y","Accepted","Mimosa torresiae","Mimosa torresiae","R.Grether","1048235","species","https://powo.science.kew.org/taxon/urn:lsid:ipni.org:names:280952-2","","Fabaceae","1","1","wcvp","0",""
"158","Mimosa leucaenoides",1,"172365","Mimosa leucaenoides",1,"species","","",NA,"Benth.","Fabaceae","Mimosa","Mimosa",1,"leucaenoides","leucaenoides",1,"","",NA,"","",NA,"","",NA,"","","https://powo.science.kew.org/taxon/urn:lsid:ipni.org:names:508237-1","","Y","Accepted","Mimosa leucaenoides","Mimosa leucaenoides","Benth.","172365","species","https://powo.science.kew.org/taxon/urn:lsid:ipni.org:names:508237-1","","Fabaceae","1","1","wcvp","0",""
"159","Mimosa martin-delcampoi",1,"1789873","Mimosa martin-delcampoi",1,"species","","",NA,"Medrano","Fabaceae","Mimosa","Mimosa",1,"martin-delcampoi","martin-delcampoi",1,"","",NA,"","",NA,"","",NA,"","","https://powo.science.kew.org/taxon/urn:lsid:ipni.org:names:161803-2","","Y","Accepted","Mimosa martin-delcampoi","Mimosa martin-delcampoi","Medrano","1789873","species","https://powo.science.kew.org/taxon/urn:lsid:ipni.org:names:161803-2","","Fabaceae","1","1","wcvp","0",""
"160","Mimosa ervendbergii",1,"172320","Mimosa ervendbergii",1,"species","","",NA,"A.Gray","Fabaceae","Mimosa","Mimosa",1,"ervendbergii","ervendbergii",1,"","",NA,"","",NA,"","",NA,"","","https://powo.science.kew.org/taxon/urn:lsid:ipni.org:names:507968-1","","Y","Accepted","Mimosa ervendbergii","Mimosa ervendbergii","A.Gray","172320","species","https://powo.science.kew.org/taxon/urn:lsid:ipni.org:names:507968-1","","Fabaceae","1","1","wcvp","0",""
"161","Mimosa sinaloensis",1,"167730","Mimosa sinaloensis",1,"species","","",NA,"Britton & Rose","Fabaceae","Mimosa","Mimosa",1,"sinaloensis","sinaloensis",1,"","",NA,"","",NA,"","",NA,"","","https://powo.science.kew.org/taxon/urn:lsid:ipni.org:names:161986-2","","Y","Accepted","Mimosa sinaloensis","Mimosa sinaloensis","Britton & Rose","167730","species","https://powo.science.kew.org/taxon/urn:lsid:ipni.org:names:161986-2","","Fabaceae","1","1","wcvp","0",""
"162","Mimosa hondurana",1,"1040233","Mimosa hondurana",1,"species","","",NA,"Britton","Fabaceae","Mimosa","Mimosa",1,"hondurana","hondurana",1,"","",NA,"","",NA,"","",NA,"","","https://powo.science.kew.org/taxon/urn:lsid:ipni.org:names:161724-2","","Y","Accepted","Mimosa hondurana","Mimosa hondurana","Britton","1040233","species","https://powo.science.kew.org/taxon/urn:lsid:ipni.org:names:161724-2","","Fabaceae","1","1","wcvp","0",""
"163","Mimosa malacophylla",1,"172374","Mimosa malacophylla",1,"species","","",NA,"A.Gray","Fabaceae","Mimosa","Mimosa",1,"malacophylla","malacophylla",1,"","",NA,"","",NA,"","",NA,"","","https://powo.science.kew.org/taxon/urn:lsid:ipni.org:names:312742-2","","Y","Accepted","Mimosa malacophylla","Mimosa malacophylla","A.Gray","172374","species","https://powo.science.kew.org/taxon/urn:lsid:ipni.org:names:312742-2","","Fabaceae","1","1","wcvp","0",""
"164","Mimosa parvifoliolata",1,"166686","Mimosa parvifoliolata",1,"species","","",NA,"Alain","Fabaceae","Mimosa","Mimosa",1,"parvifoliolata","parvifoliolata",1,"","",NA,"","",NA,"","",NA,"","","https://powo.science.kew.org/taxon/urn:lsid:ipni.org:names:161875-2","","Y","Accepted","Mimosa parvifoliolata","Mimosa parvifoliolata","Alain","166686","species","https://powo.science.kew.org/taxon/urn:lsid:ipni.org:names:161875-2","","Fabaceae","1","1","wcvp","0",""
"165","Mimosa diplacantha",1,"174751","Mimosa diplacantha",1,"species","","",NA,"Benth.","Fabaceae","Mimosa","Mimosa",1,"diplacantha","diplacantha",1,"","",NA,"","",NA,"","",NA,"","","https://powo.science.kew.org/taxon/urn:lsid:ipni.org:names:507907-1","","Y","Accepted","Mimosa diplacantha","Mimosa diplacantha","Benth.","174751","species","https://powo.science.kew.org/taxon/urn:lsid:ipni.org:names:507907-1","","Fabaceae","1","1","wcvp","0",""
"166","Mimosa domingensis",1,"172310","Mimosa domingensis",1,"species","","",NA,"(Bertero ex DC.) Benth.","Fabaceae","Mimosa","Mimosa",1,"domingensis","domingensis",1,"","",NA,"","",NA,"","",NA,"","","https://powo.science.kew.org/taxon/urn:lsid:ipni.org:names:507926-1","","Y","Accepted","Mimosa domingensis","Mimosa domingensis","(Bertero ex DC.) Benth.","172310","species","https://powo.science.kew.org/taxon/urn:lsid:ipni.org:names:507926-1","","Fabaceae","1","1","wcvp","0",""
"167","Mimosa ekmanii",1,"167600","Mimosa ekmanii",1,"species","","",NA,"Urb.","Fabaceae","Mimosa","Mimosa",1,"ekmanii","ekmanii",1,"","",NA,"","",NA,"","",NA,"","","https://powo.science.kew.org/taxon/urn:lsid:ipni.org:names:161639-2","","Y","Accepted","Mimosa ekmanii","Mimosa ekmanii","Urb.","167600","species","https://powo.science.kew.org/taxon/urn:lsid:ipni.org:names:161639-2","","Fabaceae","1","1","wcvp","0",""
"168","Mimosa fagaracantha",1,"172322","Mimosa fagaracantha",1,"species","","",NA,"Griseb.","Fabaceae","Mimosa","Mimosa",1,"fagaracantha","fagaracantha",1,"","",NA,"","",NA,"","",NA,"","","https://powo.science.kew.org/taxon/urn:lsid:ipni.org:names:507980-1","","Y","Accepted","Mimosa fagaracantha","Mimosa fagaracantha","Griseb.","172322","species","https://powo.science.kew.org/taxon/urn:lsid:ipni.org:names:507980-1","","Fabaceae","1","1","wcvp","0",""
"169","Mimosa leonardii",1,"167650","Mimosa leonardii",1,"species","","",NA,"Britton & Rose","Fabaceae","Mimosa","Mimosa",1,"leonardii","leonardii",1,"","",NA,"","",NA,"","",NA,"","","https://powo.science.kew.org/taxon/urn:lsid:ipni.org:names:161763-2","","Y","Accepted","Mimosa leonardii","Mimosa leonardii","Britton & Rose","167650","species","https://powo.science.kew.org/taxon/urn:lsid:ipni.org:names:161763-2","","Fabaceae","1","1","wcvp","0",""
"170","Mimosa extranea",1,"167609","Mimosa extranea",1,"species","","",NA,"Benth.","Fabaceae","Mimosa","Mimosa",1,"extranea","extranea",1,"","",NA,"","",NA,"","",NA,"","","https://powo.science.kew.org/taxon/urn:lsid:ipni.org:names:161651-2","","Y","Accepted","Mimosa extranea","Mimosa extranea","Benth.","167609","species","https://powo.science.kew.org/taxon/urn:lsid:ipni.org:names:161651-2","","Fabaceae","1","1","wcvp","0",""
"171","Mimosa bahamensis",1,"167555","Mimosa bahamensis",1,"species","","",NA,"Benth.","Fabaceae","Mimosa","Mimosa",1,"bahamensis","bahamensis",1,"","",NA,"","",NA,"","",NA,"","","https://powo.science.kew.org/taxon/urn:lsid:ipni.org:names:161518-2","","Y","Accepted","Mimosa bahamensis","Mimosa bahamensis","Benth.","167555","species","https://powo.science.kew.org/taxon/urn:lsid:ipni.org:names:161518-2","","Fabaceae","1","1","wcvp","0",""
"172","Mimosa farinosa",1,"172324","Mimosa farinosa",1,"species","","",NA,"Griseb.","Fabaceae","Mimosa","Mimosa",1,"farinosa","farinosa",1,"","",NA,"","",NA,"","",NA,"","","https://powo.science.kew.org/taxon/urn:lsid:ipni.org:names:507987-1","","Y","Accepted","Mimosa farinosa","Mimosa farinosa","Griseb.","172324","species","https://powo.science.kew.org/taxon/urn:lsid:ipni.org:names:507987-1","","Fabaceae","1","1","wcvp","0",""
"173","Mimosa castanoclada",1,"177025","Mimosa castanoclada",1,"species","","",NA,"Barneby & Fortunato","Fabaceae","Mimosa","Mimosa",1,"castanoclada","castanoclada",1,"","",NA,"","",NA,"","",NA,"","","https://powo.science.kew.org/taxon/urn:lsid:ipni.org:names:280935-2","","Y","Accepted","Mimosa castanoclada","Mimosa castanoclada","Barneby & Fortunato","177025","species","https://powo.science.kew.org/taxon/urn:lsid:ipni.org:names:280935-2","","Fabaceae","1","1","wcvp","0",""
"174","Mimosa detinens",1,"172300","Mimosa detinens",1,"species","","",NA,"Benth.","Fabaceae","Mimosa","Mimosa",1,"detinens","detinens",1,"","",NA,"","",NA,"","",NA,"","","https://powo.science.kew.org/taxon/urn:lsid:ipni.org:names:507898-1","","Y","Accepted","Mimosa detinens","Mimosa detinens","Benth.","172300","species","https://powo.science.kew.org/taxon/urn:lsid:ipni.org:names:507898-1","","Fabaceae","1","1","wcvp","0",""
"175","Mimosa ostenii",1,"167681","Mimosa ostenii",1,"species","","",NA,"Speg. ex Burkart","Fabaceae","Mimosa","Mimosa",1,"ostenii","ostenii",1,"","",NA,"","",NA,"","",NA,"","","https://powo.science.kew.org/taxon/urn:lsid:ipni.org:names:312745-2","","Y","Accepted","Mimosa ostenii","Mimosa ostenii","Speg. ex Burkart","167681","species","https://powo.science.kew.org/taxon/urn:lsid:ipni.org:names:312745-2","","Fabaceae","1","1","wcvp","0",""
"176","Mimosa ephedroides",1,"172318","Mimosa ephedroides",1,"species","","",NA,"(Gillies ex Hook.) Benth.","Fabaceae","Mimosa","Mimosa",1,"ephedroides","ephedroides",1,"","",NA,"","",NA,"","",NA,"","","https://powo.science.kew.org/taxon/urn:lsid:ipni.org:names:507959-1","","Y","Accepted","Mimosa ephedroides","Mimosa ephedroides","(Gillies ex Hook.) Benth.","172318","species","https://powo.science.kew.org/taxon/urn:lsid:ipni.org:names:507959-1","","Fabaceae","1","1","wcvp","0",""
"177","Mimosa echinocaula",1,"172315","Mimosa echinocaula",1,"species","","",NA,"Benth.","Fabaceae","Mimosa","Mimosa",1,"echinocaula","echinocaula",1,"","",NA,"","",NA,"","",NA,"","","https://powo.science.kew.org/taxon/urn:lsid:ipni.org:names:312748-2","","Y","Accepted","Mimosa echinocaula","Mimosa echinocaula","Benth.","172315","species","https://powo.science.kew.org/taxon/urn:lsid:ipni.org:names:312748-2","","Fabaceae","1","1","wcvp","0",""
"178","Mimosa diplotricha",1,"1040879","Mimosa diplotricha",1,"species","","",NA,"C.Wright","Fabaceae","Mimosa","Mimosa",1,"diplotricha","diplotricha",1,"","",NA,"","",NA,"","",NA,"","","https://powo.science.kew.org/taxon/urn:lsid:ipni.org:names:312750-2","","Y","Accepted","Mimosa diplotricha","Mimosa diplotricha","C.Wright","1040879","species","https://powo.science.kew.org/taxon/urn:lsid:ipni.org:names:312750-2","","Fabaceae","1","1","wcvp","0",""
"179","Mimosa diplotricha var. diplotricha",1,"190354","Mimosa diplotricha var. diplotricha",1,"variety","","",NA,"","Fabaceae","Mimosa","Mimosa",1,"diplotricha","diplotricha",1,"","",NA,"var.","diplotricha",1,"","",NA,"","","https://powo.science.kew.org/taxon/urn:lsid:ipni.org:names:77190465-1","","Y","Accepted","Mimosa diplotricha var. diplotricha","Mimosa diplotricha","","190354","variety","https://powo.science.kew.org/taxon/urn:lsid:ipni.org:names:77190465-1","","Fabaceae","1","1","wcvp","0",""
"180","Mimosa diplotricha var. odibilis",1,"1369718","Mimosa diplotricha var. odibilis",1,"variety","","",NA,"Barneby","Fabaceae","Mimosa","Mimosa",1,"diplotricha","diplotricha",1,"","",NA,"var.","odibilis",1,"","",NA,"","","https://powo.science.kew.org/taxon/urn:lsid:ipni.org:names:312753-2","","Y","Accepted","Mimosa diplotricha var. odibilis","Mimosa diplotricha","Barneby","1369718","variety","https://powo.science.kew.org/taxon/urn:lsid:ipni.org:names:312753-2","","Fabaceae","1","1","wcvp","0",""
"181","Mimosa supravisa",1,"1232355","Mimosa supravisa",1,"species","","",NA,"Barneby","Fabaceae","Mimosa","Mimosa",1,"supravisa","supravisa",1,"","",NA,"","",NA,"","",NA,"","","https://powo.science.kew.org/taxon/urn:lsid:ipni.org:names:312754-2","","Y","Accepted","Mimosa supravisa","Mimosa supravisa","Barneby","1232355","species","https://powo.science.kew.org/taxon/urn:lsid:ipni.org:names:312754-2","","Fabaceae","1","1","wcvp","0",""
"182","Mimosa selloi",1,"172435","Mimosa selloi",1,"species","","",NA,"Benth.","Fabaceae","Mimosa","Mimosa",1,"selloi","selloi",1,"","",NA,"","",NA,"","",NA,"","","https://powo.science.kew.org/taxon/urn:lsid:ipni.org:names:508660-1","","Y","Accepted","Mimosa selloi","Mimosa selloi","Benth.","172435","species","https://powo.science.kew.org/taxon/urn:lsid:ipni.org:names:508660-1","","Fabaceae","1","1","wcvp","0",""
"183","Mimosa suburbana",1,"1232356","Mimosa suburbana",1,"species","","",NA,"Barneby","Fabaceae","Mimosa","Mimosa",1,"suburbana","suburbana",1,"","",NA,"","",NA,"","",NA,"","","https://powo.science.kew.org/taxon/urn:lsid:ipni.org:names:312755-2","","Y","Accepted","Mimosa suburbana","Mimosa suburbana","Barneby","1232356","species","https://powo.science.kew.org/taxon/urn:lsid:ipni.org:names:312755-2","","Fabaceae","1","1","wcvp","0",""
"184","Mimosa pinetorum",1,"167696","Mimosa pinetorum",1,"species","","",NA,"Standl.","Fabaceae","Mimosa","Mimosa",1,"pinetorum","pinetorum",1,"","",NA,"","",NA,"","",NA,"","","https://powo.science.kew.org/taxon/urn:lsid:ipni.org:names:161890-2","","Y","Accepted","Mimosa pinetorum","Mimosa pinetorum","Standl.","167696","species","https://powo.science.kew.org/taxon/urn:lsid:ipni.org:names:161890-2","","Fabaceae","1","1","wcvp","0",""
"185","Mimosa maracayuensis",1,"167664","Mimosa maracayuensis",1,"species","","",NA,"Chodat & Hassl.","Fabaceae","Mimosa","Mimosa",1,"maracayuensis","maracayuensis",1,"","",NA,"","",NA,"","",NA,"","","https://powo.science.kew.org/taxon/urn:lsid:ipni.org:names:508295-1","","Y","Accepted","Mimosa maracayuensis","Mimosa maracayuensis","Chodat & Hassl.","167664","species","https://powo.science.kew.org/taxon/urn:lsid:ipni.org:names:508295-1","","Fabaceae","1","1","wcvp","0",""
"186","Mimosa gracilis",1,"167622","Mimosa gracilis",1,"species","","",NA,"Benth.","Fabaceae","Mimosa","Mimosa",1,"gracilis","gracilis",1,"","",NA,"","",NA,"","",NA,"","","https://powo.science.kew.org/taxon/urn:lsid:ipni.org:names:161693-2","","Y","Accepted","Mimosa gracilis","Mimosa gracilis","Benth.","167622","species","https://powo.science.kew.org/taxon/urn:lsid:ipni.org:names:161693-2","","Fabaceae","1","1","wcvp","0",""
"187","Mimosa gracilis subsp. capillipes",1,"1369733","Mimosa gracilis subsp. capillipes",1,"subspecies","","",NA,"(Benth.) Barneby","Fabaceae","Mimosa","Mimosa",1,"gracilis","gracilis",1,"","",NA,"subsp.","capillipes",1,"","",NA,"","","https://powo.science.kew.org/taxon/urn:lsid:ipni.org:names:967254-1","","Y","Accepted","Mimosa gracilis subsp. capillipes","Mimosa gracilis","(Benth.) Barneby","1369733","subspecies","https://powo.science.kew.org/taxon/urn:lsid:ipni.org:names:967254-1","","Fabaceae","1","1","wcvp","0",""
"188","Mimosa gracilis subsp. capillipes var. capillipes",0.77149326622765,"1369733","Mimosa gracilis subsp. capillipes",0.77149326622765,"subspecies","","",NA,"(Benth.) Barneby","Fabaceae","Mimosa","Mimosa",1,"gracilis","gracilis",1,"","",NA,"subsp.","capillipes",1,"","",NA,"","var. capillipes","https://powo.science.kew.org/taxon/urn:lsid:ipni.org:names:967254-1","","Y","Accepted","Mimosa gracilis subsp. capillipes","Mimosa gracilis","(Benth.) Barneby","1369733","subspecies","https://powo.science.kew.org/taxon/urn:lsid:ipni.org:names:967254-1","","Fabaceae","1","1","wcvp","1","[Partial]"
"189","Mimosa gracilis subsp. capillipes var. invisiformis",0.77149326622765,"1369733","Mimosa gracilis subsp. capillipes",0.77149326622765,"subspecies","","",NA,"(Benth.) Barneby","Fabaceae","Mimosa","Mimosa",1,"gracilis","gracilis",1,"","",NA,"subsp.","capillipes",1,"","",NA,"","var. invisiformis","https://powo.science.kew.org/taxon/urn:lsid:ipni.org:names:967254-1","","Y","Accepted","Mimosa gracilis subsp. capillipes","Mimosa gracilis","(Benth.) Barneby","1369733","subspecies","https://powo.science.kew.org/taxon/urn:lsid:ipni.org:names:967254-1","","Fabaceae","1","1","wcvp","1","[Partial]"
"190","Mimosa gracilis subsp. gracilis",1,"1232357","Mimosa gracilis subsp. gracilis",1,"subspecies","","",NA,"","Fabaceae","Mimosa","Mimosa",1,"gracilis","gracilis",1,"","",NA,"subsp.","gracilis",1,"","",NA,"","","https://powo.science.kew.org/taxon/urn:lsid:ipni.org:names:77190447-1","","Y","Accepted","Mimosa gracilis subsp. gracilis","Mimosa gracilis","","1232357","subspecies","https://powo.science.kew.org/taxon/urn:lsid:ipni.org:names:77190447-1","","Fabaceae","1","1","wcvp","0",""
"191","Mimosa gracilis subsp. gracilis var. gracilis",0.77149326622765,"1232357","Mimosa gracilis subsp. gracilis",0.77149326622765,"subspecies","","",NA,"","Fabaceae","Mimosa","Mimosa",1,"gracilis","gracilis",1,"","",NA,"subsp.","gracilis",1,"","",NA,"","var. gracilis","https://powo.science.kew.org/taxon/urn:lsid:ipni.org:names:77190447-1","","Y","Accepted","Mimosa gracilis subsp. gracilis","Mimosa gracilis","","1232357","subspecies","https://powo.science.kew.org/taxon/urn:lsid:ipni.org:names:77190447-1","","Fabaceae","1","1","wcvp","1","[Partial]"
"192","Mimosa gracilis subsp. gracilis var. brevissima",0.77149326622765,"1232357","Mimosa gracilis subsp. gracilis",0.77149326622765,"subspecies","","",NA,"","Fabaceae","Mimosa","Mimosa",1,"gracilis","gracilis",1,"","",NA,"subsp.","gracilis",1,"","",NA,"","var. brevissima","https://powo.science.kew.org/taxon/urn:lsid:ipni.org:names:77190447-1","","Y","Accepted","Mimosa gracilis subsp. gracilis","Mimosa gracilis","","1232357","subspecies","https://powo.science.kew.org/taxon/urn:lsid:ipni.org:names:77190447-1","","Fabaceae","1","1","wcvp","1","[Partial]"
"193","Mimosa gracilis subsp. filiformis",1,"1232359","Mimosa gracilis subsp. filiformis",1,"subspecies","","",NA,"(Benth.) Barneby","Fabaceae","Mimosa","Mimosa",1,"gracilis","gracilis",1,"","",NA,"subsp.","filiformis",1,"","",NA,"","","https://powo.science.kew.org/taxon/urn:lsid:ipni.org:names:2374927-4","","Y","Synonym","Mimosa gracilis var. filiformis","Mimosa gracilis","(Benth.) Barneby","1232360","variety","https://powo.science.kew.org/taxon/urn:lsid:ipni.org:names:967256-1","","Fabaceae","1","1","wcvp","0",""
"194","Mimosa gracilis subsp. filiformis var. filiformis",0.77149326622765,"1232359","Mimosa gracilis subsp. filiformis",0.77149326622765,"subspecies","","",NA,"(Benth.) Barneby","Fabaceae","Mimosa","Mimosa",1,"gracilis","gracilis",1,"","",NA,"subsp.","filiformis",1,"","",NA,"","var. filiformis","https://powo.science.kew.org/taxon/urn:lsid:ipni.org:names:2374927-4","","Y","Synonym","Mimosa gracilis var. filiformis","Mimosa gracilis","(Benth.) Barneby","1232360","variety","https://powo.science.kew.org/taxon/urn:lsid:ipni.org:names:967256-1","","Fabaceae","1","1","wcvp","1","[Partial]"
"195","Mimosa gracilis subsp. filiformis var. stipitata",0.77149326622765,"1232359","Mimosa gracilis subsp. filiformis",0.77149326622765,"subspecies","","",NA,"(Benth.) Barneby","Fabaceae","Mimosa","Mimosa",1,"gracilis","gracilis",1,"","",NA,"subsp.","filiformis",1,"","",NA,"","var. stipitata","https://powo.science.kew.org/taxon/urn:lsid:ipni.org:names:2374927-4","","Y","Synonym","Mimosa gracilis var. filiformis","Mimosa gracilis","(Benth.) Barneby","1232360","variety","https://powo.science.kew.org/taxon/urn:lsid:ipni.org:names:967256-1","","Fabaceae","1","1","wcvp","1","[Partial]"
"196","Mimosa gracilis subsp. filiformis var. longipes",0.77149326622765,"1232359","Mimosa gracilis subsp. filiformis",0.77149326622765,"subspecies","","",NA,"(Benth.) Barneby","Fabaceae","Mimosa","Mimosa",1,"gracilis","gracilis",1,"","",NA,"subsp.","filiformis",1,"","",NA,"","var. longipes","https://powo.science.kew.org/taxon/urn:lsid:ipni.org:names:2374927-4","","Y","Synonym","Mimosa gracilis var. filiformis","Mimosa gracilis","(Benth.) Barneby","1232360","variety","https://powo.science.kew.org/taxon/urn:lsid:ipni.org:names:967256-1","","Fabaceae","1","1","wcvp","1","[Partial]"
"197","Mimosa gracilis subsp. filiformis var. leiocarpa",0.77149326622765,"1232359","Mimosa gracilis subsp. filiformis",0.77149326622765,"subspecies","","",NA,"(Benth.) Barneby","Fabaceae","Mimosa","Mimosa",1,"gracilis","gracilis",1,"","",NA,"subsp.","filiformis",1,"","",NA,"","var. leiocarpa","https://powo.science.kew.org/taxon/urn:lsid:ipni.org:names:2374927-4","","Y","Synonym","Mimosa gracilis var. filiformis","Mimosa gracilis","(Benth.) Barneby","1232360","variety","https://powo.science.kew.org/taxon/urn:lsid:ipni.org:names:967256-1","","Fabaceae","1","1","wcvp","1","[Partial]"
"198","Mimosa burchellii",1,"172277","Mimosa burchellii",1,"species","","",NA,"Benth.","Fabaceae","Mimosa","Mimosa",1,"burchellii","burchellii",1,"","",NA,"","",NA,"","",NA,"","","https://powo.science.kew.org/taxon/urn:lsid:ipni.org:names:507743-1","","Y","Accepted","Mimosa burchellii","Mimosa burchellii","Benth.","172277","species","https://powo.science.kew.org/taxon/urn:lsid:ipni.org:names:507743-1","","Fabaceae","1","1","wcvp","0",""
"199","Mimosa pratincola",1,"1232361","Mimosa pratincola",1,"species","","",NA,"Barneby","Fabaceae","Mimosa","Mimosa",1,"pratincola","pratincola",1,"","",NA,"","",NA,"","",NA,"","","https://powo.science.kew.org/taxon/urn:lsid:ipni.org:names:312760-2","","Y","Accepted","Mimosa pratincola","Mimosa pratincola","Barneby","1232361","species","https://powo.science.kew.org/taxon/urn:lsid:ipni.org:names:312760-2","","Fabaceae","1","1","wcvp","0",""
"200","Mimosa gatesiae",1,"1232362","Mimosa gatesiae",1,"species","","",NA,"Barneby","Fabaceae","Mimosa","Mimosa",1,"gatesiae","gatesiae",1,"","",NA,"","",NA,"","",NA,"","","https://powo.science.kew.org/taxon/urn:lsid:ipni.org:names:312761-2","","Y","Accepted","Mimosa gatesiae","Mimosa gatesiae","Barneby","1232362","species","https://powo.science.kew.org/taxon/urn:lsid:ipni.org:names:312761-2","","Fabaceae","1","1","wcvp","0",""
"201","Mimosa diptera",1,"1232363","Mimosa diptera",1,"species","","",NA,"Barneby","Fabaceae","Mimosa","Mimosa",1,"diptera","diptera",1,"","",NA,"","",NA,"","",NA,"","","https://powo.science.kew.org/taxon/urn:lsid:ipni.org:names:312762-2","","Y","Illegitimate","Mimosa cuiabensis","Mimosa cuiabensis","L.Rico & R.Grether","372106","species","https://powo.science.kew.org/taxon/urn:lsid:ipni.org:names:319903-2","","Fabaceae","1","2","wcvp","4","[HigherTaxa]"
"202","Mimosa multiceps",1,"1232364","Mimosa multiceps",1,"species","","",NA,"Barneby","Fabaceae","Mimosa","Mimosa",1,"multiceps","multiceps",1,"","",NA,"","",NA,"","",NA,"","","https://powo.science.kew.org/taxon/urn:lsid:ipni.org:names:312763-2","","Y","Accepted","Mimosa multiceps","Mimosa multiceps","Barneby","1232364","species","https://powo.science.kew.org/taxon/urn:lsid:ipni.org:names:312763-2","","Fabaceae","1","1","wcvp","0",""
"203","Mimosa piptoptera",1,"176483","Mimosa piptoptera",1,"species","","",NA,"Barneby","Fabaceae","Mimosa","Mimosa",1,"piptoptera","piptoptera",1,"","",NA,"","",NA,"","",NA,"","","https://powo.science.kew.org/taxon/urn:lsid:ipni.org:names:312764-2","","Y","Accepted","Mimosa piptoptera","Mimosa piptoptera","Barneby","176483","species","https://powo.science.kew.org/taxon/urn:lsid:ipni.org:names:312764-2","","Fabaceae","1","1","wcvp","0",""
"204","Mimosa paucifolia",1,"172411","Mimosa paucifolia",1,"species","","",NA,"Benth.","Fabaceae","Mimosa","Mimosa",1,"paucifolia","paucifolia",1,"","",NA,"","",NA,"","",NA,"","","https://powo.science.kew.org/taxon/urn:lsid:ipni.org:names:312765-2","","Y","Accepted","Mimosa paucifolia","Mimosa paucifolia","Benth.","172411","species","https://powo.science.kew.org/taxon/urn:lsid:ipni.org:names:312765-2","","Fabaceae","1","1","wcvp","0",""
"205","Mimosa paucifolia var. paucifolia",1,"1232365","Mimosa paucifolia var. paucifolia",1,"variety","","",NA,"","Fabaceae","Mimosa","Mimosa",1,"paucifolia","paucifolia",1,"","",NA,"var.","paucifolia",1,"","",NA,"","","https://powo.science.kew.org/taxon/urn:lsid:ipni.org:names:77190537-1","","Y","Accepted","Mimosa paucifolia var. paucifolia","Mimosa paucifolia","","1232365","variety","https://powo.science.kew.org/taxon/urn:lsid:ipni.org:names:77190537-1","","Fabaceae","1","1","wcvp","0",""
"206","Mimosa paucifolia var. scoparia",1,"1288547","Mimosa paucifolia var. scoparia",1,"variety","","",NA,"Barneby","Fabaceae","Mimosa","Mimosa",1,"paucifolia","paucifolia",1,"","",NA,"var.","scoparia",1,"","",NA,"","","https://powo.science.kew.org/taxon/urn:lsid:ipni.org:names:312766-2","","Y","Accepted","Mimosa paucifolia var. scoparia","Mimosa paucifolia","Barneby","1288547","variety","https://powo.science.kew.org/taxon/urn:lsid:ipni.org:names:312766-2","","Fabaceae","1","1","wcvp","0",""
"207","Mimosa phyllodinea",1,"176447","Mimosa phyllodinea",1,"species","","",NA,"Benth.","Fabaceae","Mimosa","Mimosa",1,"phyllodinea","phyllodinea",1,"","",NA,"","",NA,"","",NA,"","","https://powo.science.kew.org/taxon/urn:lsid:ipni.org:names:312767-2","","Y","Accepted","Mimosa phyllodinea","Mimosa phyllodinea","Benth.","176447","species","https://powo.science.kew.org/taxon/urn:lsid:ipni.org:names:312767-2","","Fabaceae","1","1","wcvp","0",""
"208","Mimosa phyllodinea var. phyllodinea",1,"1232366","Mimosa phyllodinea var. phyllodinea",1,"variety","","",NA,"","Fabaceae","Mimosa","Mimosa",1,"phyllodinea","phyllodinea",1,"","",NA,"var.","phyllodinea",1,"","",NA,"","","https://powo.science.kew.org/taxon/urn:lsid:ipni.org:names:77190583-1","","Y","Accepted","Mimosa phyllodinea var. phyllodinea","Mimosa phyllodinea","","1232366","variety","https://powo.science.kew.org/taxon/urn:lsid:ipni.org:names:77190583-1","","Fabaceae","1","1","wcvp","0",""
"209","Mimosa phyllodinea var. phyllorrhoea",1,"1288469","Mimosa phyllodinea var. phyllorrhoea",1,"variety","","",NA,"Barneby","Fabaceae","Mimosa","Mimosa",1,"phyllodinea","phyllodinea",1,"","",NA,"var.","phyllorrhoea",1,"","",NA,"","","https://powo.science.kew.org/taxon/urn:lsid:ipni.org:names:312768-2","","Y","Accepted","Mimosa phyllodinea var. phyllorrhoea","Mimosa phyllodinea","Barneby","1288469","variety","https://powo.science.kew.org/taxon/urn:lsid:ipni.org:names:312768-2","","Fabaceae","1","1","wcvp","0",""
"210","Mimosa equisetum",1,"1232367","Mimosa equisetum",1,"species","","",NA,"Barneby","Fabaceae","Mimosa","Mimosa",1,"equisetum","equisetum",1,"","",NA,"","",NA,"","",NA,"","","https://powo.science.kew.org/taxon/urn:lsid:ipni.org:names:312769-2","","Y","Accepted","Mimosa equisetum","Mimosa equisetum","Barneby","1232367","species","https://powo.science.kew.org/taxon/urn:lsid:ipni.org:names:312769-2","","Fabaceae","1","1","wcvp","0",""
"211","Mimosa flabellifolia",1,"1232368","Mimosa flabellifolia",1,"species","","",NA,"Barneby","Fabaceae","Mimosa","Mimosa",1,"flabellifolia","flabellifolia",1,"","",NA,"","",NA,"","",NA,"","","https://powo.science.kew.org/taxon/urn:lsid:ipni.org:names:312770-2","","Y","Accepted","Mimosa flabellifolia","Mimosa flabellifolia","Barneby","1232368","species","https://powo.science.kew.org/taxon/urn:lsid:ipni.org:names:312770-2","","Fabaceae","1","1","wcvp","0",""
"212","Mimosa adenocarpa",1,"167537","Mimosa adenocarpa",1,"species","","",NA,"Benth.","Fabaceae","Mimosa","Mimosa",1,"adenocarpa","adenocarpa",1,"","",NA,"","",NA,"","",NA,"","","https://powo.science.kew.org/taxon/urn:lsid:ipni.org:names:161465-2","","Y","Accepted","Mimosa adenocarpa","Mimosa adenocarpa","Benth.","167537","species","https://powo.science.kew.org/taxon/urn:lsid:ipni.org:names:161465-2","","Fabaceae","1","1","wcvp","0",""
"213","Mimosa orthocarpa",1,"172404","Mimosa orthocarpa",1,"species","","",NA,"Spruce ex Benth.","Fabaceae","Mimosa","Mimosa",1,"orthocarpa","orthocarpa",1,"","",NA,"","",NA,"","",NA,"","","https://powo.science.kew.org/taxon/urn:lsid:ipni.org:names:312772-2","","Y","Accepted","Mimosa orthocarpa","Mimosa orthocarpa","Spruce ex Benth.","172404","species","https://powo.science.kew.org/taxon/urn:lsid:ipni.org:names:312772-2","","Fabaceae","1","1","wcvp","0",""
"214","Mimosa corynadenia",1,"167588","Mimosa corynadenia",1,"species","","",NA,"Britton & Rose","Fabaceae","Mimosa","Mimosa",1,"corynadenia","corynadenia",1,"","",NA,"","",NA,"","",NA,"","","https://powo.science.kew.org/taxon/urn:lsid:ipni.org:names:161607-2","","Y","Accepted","Mimosa corynadenia","Mimosa corynadenia","Britton & Rose","167588","species","https://powo.science.kew.org/taxon/urn:lsid:ipni.org:names:161607-2","","Fabaceae","1","1","wcvp","0",""
"215","Mimosa inamoena",1,"172349","Mimosa inamoena",1,"species","","",NA,"Benth.","Fabaceae","Mimosa","Mimosa",1,"inamoena","inamoena",1,"","",NA,"","",NA,"","",NA,"","","https://powo.science.kew.org/taxon/urn:lsid:ipni.org:names:508147-1","","Y","Accepted","Mimosa inamoena","Mimosa inamoena","Benth.","172349","species","https://powo.science.kew.org/taxon/urn:lsid:ipni.org:names:508147-1","","Fabaceae","1","1","wcvp","0",""
"216","Mimosa hypnodes",1,"1232369","Mimosa hypnodes",1,"species","","",NA,"Barneby","Fabaceae","Mimosa","Mimosa",1,"hypnodes","hypnodes",1,"","",NA,"","",NA,"","",NA,"","","https://powo.science.kew.org/taxon/urn:lsid:ipni.org:names:312773-2","","Y","Accepted","Mimosa hypnodes","Mimosa hypnodes","Barneby","1232369","species","https://powo.science.kew.org/taxon/urn:lsid:ipni.org:names:312773-2","","Fabaceae","1","1","wcvp","0",""
"217","Mimosa tobatiensis",1,"177027","Mimosa tobatiensis",1,"species","","",NA,"Barneby & Fortunato","Fabaceae","Mimosa","Mimosa",1,"tobatiensis","tobatiensis",1,"","",NA,"","",NA,"","",NA,"","","https://powo.science.kew.org/taxon/urn:lsid:ipni.org:names:280951-2","","Y","Accepted","Mimosa tobatiensis","Mimosa tobatiensis","Barneby & Fortunato","177027","species","https://powo.science.kew.org/taxon/urn:lsid:ipni.org:names:280951-2","","Fabaceae","1","1","wcvp","0",""
"218","Mimosa aureliana",1,"177024","Mimosa aureliana",1,"species","","",NA,"Barneby & Fortunato","Fabaceae","Mimosa","Mimosa",1,"aureliana","aureliana",1,"","",NA,"","",NA,"","",NA,"","","https://powo.science.kew.org/taxon/urn:lsid:ipni.org:names:280930-2","","Y","Accepted","Mimosa aureliana","Mimosa aureliana","Barneby & Fortunato","177024","species","https://powo.science.kew.org/taxon/urn:lsid:ipni.org:names:280930-2","","Fabaceae","1","1","wcvp","0",""
"219","Mimosa uliginosa",1,"167747","Mimosa uliginosa",1,"species","","",NA,"Chodat & Hassl.","Fabaceae","Mimosa","Mimosa",1,"uliginosa","uliginosa",1,"","",NA,"","",NA,"","",NA,"","","https://powo.science.kew.org/taxon/urn:lsid:ipni.org:names:162036-2","","Y","Accepted","Mimosa uliginosa","Mimosa uliginosa","Chodat & Hassl.","167747","species","https://powo.science.kew.org/taxon/urn:lsid:ipni.org:names:162036-2","","Fabaceae","1","1","wcvp","0",""
"220","Mimosa glanduliseta",1,"167618","Mimosa glanduliseta",1,"species","","",NA,"Burkart","Fabaceae","Mimosa","Mimosa",1,"glanduliseta","glanduliseta",1,"","",NA,"","",NA,"","",NA,"","","https://powo.science.kew.org/taxon/urn:lsid:ipni.org:names:161684-2","","Y","Accepted","Mimosa glanduliseta","Mimosa glanduliseta","Burkart","167618","species","https://powo.science.kew.org/taxon/urn:lsid:ipni.org:names:161684-2","","Fabaceae","1","1","wcvp","0",""
"221","Mimosa paraguariae",1,"167688","Mimosa paraguariae",1,"species","","",NA,"Micheli","Fabaceae","Mimosa","Mimosa",1,"paraguariae","paraguariae",1,"","",NA,"","",NA,"","",NA,"","","https://powo.science.kew.org/taxon/urn:lsid:ipni.org:names:161868-2","","Y","Accepted","Mimosa paraguariae","Mimosa paraguariae","Micheli","167688","species","https://powo.science.kew.org/taxon/urn:lsid:ipni.org:names:161868-2","","Fabaceae","1","1","wcvp","0",""
"222","Mimosa paraguariae var. paraguariae",1,"1232370","Mimosa paraguariae var. paraguariae",1,"variety","","",NA,"","Fabaceae","Mimosa","Mimosa",1,"paraguariae","paraguariae",1,"","",NA,"var.","paraguariae",1,"","",NA,"","","https://powo.science.kew.org/taxon/urn:lsid:ipni.org:names:77190549-1","","Y","Accepted","Mimosa paraguariae var. paraguariae","Mimosa paraguariae","","1232370","variety","https://powo.science.kew.org/taxon/urn:lsid:ipni.org:names:77190549-1","","Fabaceae","1","1","wcvp","0",""
"223","Mimosa paraguariae var. chacoensis",1,"1340903","Mimosa paraguariae var. chacoensis",1,"variety","","",NA,"Hassl.","Fabaceae","Mimosa","Mimosa",1,"paraguariae","paraguariae",1,"","",NA,"var.","chacoensis",1,"","",NA,"","","https://powo.science.kew.org/taxon/urn:lsid:ipni.org:names:161869-2","","Y","Synonym","Mimosa paraguariae var. paraguariae","Mimosa paraguariae","","1232370","variety","https://powo.science.kew.org/taxon/urn:lsid:ipni.org:names:77190549-1","","Fabaceae","1","1","wcvp","0",""
"224","Mimosa paraguariae var. multiglandulosa",1,"1232371","Mimosa paraguariae var. multiglandulosa",1,"variety","","",NA,"(Hassl.) Barneby","Fabaceae","Mimosa","Mimosa",1,"paraguariae","paraguariae",1,"","",NA,"var.","multiglandulosa",1,"","",NA,"","","https://powo.science.kew.org/taxon/urn:lsid:ipni.org:names:967284-1","","Y","Accepted","Mimosa paraguariae var. multiglandulosa","Mimosa paraguariae","(Hassl.) Barneby","1232371","variety","https://powo.science.kew.org/taxon/urn:lsid:ipni.org:names:967284-1","","Fabaceae","1","1","wcvp","0",""
"225","Mimosa paraguariae var. tomentosa",1,"1356405","Mimosa paraguariae var. tomentosa",1,"variety","","",NA,"(Hassl.) Barneby","Fabaceae","Mimosa","Mimosa",1,"paraguariae","paraguariae",1,"","",NA,"var.","tomentosa",1,"","",NA,"","","https://powo.science.kew.org/taxon/urn:lsid:ipni.org:names:967285-1","","Y","Accepted","Mimosa paraguariae var. tomentosa","Mimosa paraguariae","(Hassl.) Barneby","1356405","variety","https://powo.science.kew.org/taxon/urn:lsid:ipni.org:names:967285-1","","Fabaceae","1","1","wcvp","0",""
"226","Mimosa cordobensis",1,"182116","Mimosa cordobensis",1,"species","","",NA,"Ariza","Fabaceae","Mimosa","Mimosa",1,"cordobensis","cordobensis",1,"","",NA,"","",NA,"","",NA,"","","https://powo.science.kew.org/taxon/urn:lsid:ipni.org:names:280939-2","","Y","Accepted","Mimosa cordobensis","Mimosa cordobensis","Ariza","182116","species","https://powo.science.kew.org/taxon/urn:lsid:ipni.org:names:280939-2","","Fabaceae","1","1","wcvp","0",""
"227","Mimosa iperoensis",1,"167641","Mimosa iperoensis",1,"species","","",NA,"Hoehne","Fabaceae","Mimosa","Mimosa",1,"iperoensis","iperoensis",1,"","",NA,"","",NA,"","",NA,"","","https://powo.science.kew.org/taxon/urn:lsid:ipni.org:names:161743-2","","Y","Accepted","Mimosa iperoensis","Mimosa iperoensis","Hoehne","167641","species","https://powo.science.kew.org/taxon/urn:lsid:ipni.org:names:161743-2","","Fabaceae","1","1","wcvp","0",""
"228","Mimosa iperoensis var. paradenia",1,"372263","Mimosa iperoensis var. paradenia",1,"variety","","",NA,"Barneby","Fabaceae","Mimosa","Mimosa",1,"iperoensis","iperoensis",1,"","",NA,"var.","paradenia",1,"","",NA,"","","https://powo.science.kew.org/taxon/urn:lsid:ipni.org:names:965932-1","","Y","Accepted","Mimosa iperoensis var. paradenia","Mimosa iperoensis","Barneby","372263","variety","https://powo.science.kew.org/taxon/urn:lsid:ipni.org:names:965932-1","","Fabaceae","1","1","wcvp","0",""
"229","Mimosa iperoensis var. iperoensis",1,"1232372","Mimosa iperoensis var. iperoensis",1,"variety","","",NA,"","Fabaceae","Mimosa","Mimosa",1,"iperoensis","iperoensis",1,"","",NA,"var.","iperoensis",1,"","",NA,"","","https://powo.science.kew.org/taxon/urn:lsid:ipni.org:names:77190454-1","","Y","Accepted","Mimosa iperoensis var. iperoensis","Mimosa iperoensis","","1232372","variety","https://powo.science.kew.org/taxon/urn:lsid:ipni.org:names:77190454-1","","Fabaceae","1","1","wcvp","0",""
"230","Mimosa kermesina",1,"1042462","Mimosa kermesina",1,"species","","",NA,"A.Dietr.","Fabaceae","Mimosa","Mimosa",1,"kermesina","kermesina",1,"","",NA,"","",NA,"","",NA,"","","https://powo.science.kew.org/taxon/urn:lsid:ipni.org:names:508185-1","","Y","Accepted","Mimosa kermesina","Mimosa kermesina","A.Dietr.","1042462","species","https://powo.science.kew.org/taxon/urn:lsid:ipni.org:names:508185-1","","Fabaceae","1","1","wcvp","0",""
"231","Mimosa cruenta",1,"170288","Mimosa cruenta",1,"species","","",NA,"Benth.","Fabaceae","Mimosa","Mimosa",1,"cruenta","cruenta",1,"","",NA,"","",NA,"","",NA,"","","https://powo.science.kew.org/taxon/urn:lsid:ipni.org:names:312776-2","","Y","Accepted","Mimosa cruenta","Mimosa cruenta","Benth.","170288","species","https://powo.science.kew.org/taxon/urn:lsid:ipni.org:names:312776-2","","Fabaceae","1","1","wcvp","0",""
"232","Mimosa pseudotrachycarpa",1,"1232373","Mimosa pseudotrachycarpa",1,"species","","",NA,"Barneby","Fabaceae","Mimosa","Mimosa",1,"pseudotrachycarpa","pseudotrachycarpa",1,"","",NA,"","",NA,"","",NA,"","","https://powo.science.kew.org/taxon/urn:lsid:ipni.org:names:312778-2","","Y","Accepted","Mimosa pseudotrachycarpa","Mimosa pseudotrachycarpa","Barneby","1232373","species","https://powo.science.kew.org/taxon/urn:lsid:ipni.org:names:312778-2","","Fabaceae","1","1","wcvp","0",""
"233","Mimosa sanguinolenta",1,"1232374","Mimosa sanguinolenta",1,"species","","",NA,"Barneby","Fabaceae","Mimosa","Mimosa",1,"sanguinolenta","sanguinolenta",1,"","",NA,"","",NA,"","",NA,"","","https://powo.science.kew.org/taxon/urn:lsid:ipni.org:names:312779-2","","Y","Accepted","Mimosa sanguinolenta","Mimosa sanguinolenta","Barneby","1232374","species","https://powo.science.kew.org/taxon/urn:lsid:ipni.org:names:312779-2","","Fabaceae","1","1","wcvp","0",""
"234","Mimosa hatschbachii",1,"1232375","Mimosa hatschbachii",1,"species","","",NA,"Barneby","Fabaceae","Mimosa","Mimosa",1,"hatschbachii","hatschbachii",1,"","",NA,"","",NA,"","",NA,"","","https://powo.science.kew.org/taxon/urn:lsid:ipni.org:names:312780-2","","Y","Accepted","Mimosa hatschbachii","Mimosa hatschbachii","Barneby","1232375","species","https://powo.science.kew.org/taxon/urn:lsid:ipni.org:names:312780-2","","Fabaceae","1","1","wcvp","0",""
"235","Mimosa uraguensis",1,"172465","Mimosa uraguensis",1,"species","","",NA,"Hook. & Arn.","Fabaceae","Mimosa","Mimosa",1,"uraguensis","uraguensis",1,"","",NA,"","",NA,"","",NA,"","","https://powo.science.kew.org/taxon/urn:lsid:ipni.org:names:508840-1","","Y","Accepted","Mimosa uraguensis","Mimosa uraguensis","Hook. & Arn.","172465","species","https://powo.science.kew.org/taxon/urn:lsid:ipni.org:names:508840-1","","Fabaceae","1","1","wcvp","0",""
"236","Mimosa bracteolaris",1,"172274","Mimosa bracteolaris",1,"species","","",NA,"Benth.","Fabaceae","Mimosa","Mimosa",1,"bracteolaris","bracteolaris",1,"","",NA,"","",NA,"","",NA,"","","https://powo.science.kew.org/taxon/urn:lsid:ipni.org:names:507729-1","","Y","Accepted","Mimosa bracteolaris","Mimosa bracteolaris","Benth.","172274","species","https://powo.science.kew.org/taxon/urn:lsid:ipni.org:names:507729-1","","Fabaceae","1","1","wcvp","0",""
"237","Mimosa implexa",1,"172348","Mimosa implexa",1,"species","","",NA,"Benth.","Fabaceae","Mimosa","Mimosa",1,"implexa","implexa",1,"","",NA,"","",NA,"","",NA,"","","https://powo.science.kew.org/taxon/urn:lsid:ipni.org:names:508144-1","","Y","Accepted","Mimosa implexa","Mimosa implexa","Benth.","172348","species","https://powo.science.kew.org/taxon/urn:lsid:ipni.org:names:508144-1","","Fabaceae","1","1","wcvp","0",""
"238","Mimosa bifurca",1,"172266","Mimosa bifurca",1,"species","","",NA,"Benth.","Fabaceae","Mimosa","Mimosa",1,"bifurca","bifurca",1,"","",NA,"","",NA,"","",NA,"","","https://powo.science.kew.org/taxon/urn:lsid:ipni.org:names:507702-1","","Y","Accepted","Mimosa bifurca","Mimosa bifurca","Benth.","172266","species","https://powo.science.kew.org/taxon/urn:lsid:ipni.org:names:507702-1","","Fabaceae","1","1","wcvp","0",""
"239","Mimosa bifurca var. bifurca",1,"1232376","Mimosa bifurca var. bifurca",1,"variety","","",NA,"","Fabaceae","Mimosa","Mimosa",1,"bifurca","bifurca",1,"","",NA,"var.","bifurca",1,"","",NA,"","","https://powo.science.kew.org/taxon/urn:lsid:ipni.org:names:77190456-1","","Y","Accepted","Mimosa bifurca var. bifurca","Mimosa bifurca","","1232376","variety","https://powo.science.kew.org/taxon/urn:lsid:ipni.org:names:77190456-1","","Fabaceae","1","1","wcvp","0",""
"240","Mimosa bifurca var. reducta",1,"1369712","Mimosa bifurca var. reducta",1,"variety","","",NA,"(Hassl.) Barneby","Fabaceae","Mimosa","Mimosa",1,"bifurca","bifurca",1,"","",NA,"var.","reducta",1,"","",NA,"","","https://powo.science.kew.org/taxon/urn:lsid:ipni.org:names:967258-1","","Y","Accepted","Mimosa bifurca var. reducta","Mimosa bifurca","(Hassl.) Barneby","1369712","variety","https://powo.science.kew.org/taxon/urn:lsid:ipni.org:names:967258-1","","Fabaceae","1","1","wcvp","0",""
"241","Mimosa bifurca var. hassleriana",1,"1048546","Mimosa bifurca var. hassleriana",1,"variety","","",NA,"(Chodat) Barneby","Fabaceae","Mimosa","Mimosa",1,"bifurca","bifurca",1,"","",NA,"var.","hassleriana",1,"","",NA,"","","https://powo.science.kew.org/taxon/urn:lsid:ipni.org:names:967259-1","","Y","Accepted","Mimosa bifurca var. hassleriana","Mimosa bifurca","(Chodat) Barneby","1048546","variety","https://powo.science.kew.org/taxon/urn:lsid:ipni.org:names:967259-1","","Fabaceae","1","1","wcvp","0",""
"242","Mimosa bifurca var. desmanthoides",1,"1369711","Mimosa bifurca var. desmanthoides",1,"variety","","",NA,"(Hoehne) Barneby","Fabaceae","Mimosa","Mimosa",1,"bifurca","bifurca",1,"","",NA,"var.","desmanthoides",1,"","",NA,"","","https://powo.science.kew.org/taxon/urn:lsid:ipni.org:names:967260-1","","Y","Accepted","Mimosa bifurca var. desmanthoides","Mimosa bifurca","(Hoehne) Barneby","1369711","variety","https://powo.science.kew.org/taxon/urn:lsid:ipni.org:names:967260-1","","Fabaceae","1","1","wcvp","0",""
"243","Mimosa lepidota",1,"167652","Mimosa lepidota",1,"species","","",NA,"Herzog","Fabaceae","Mimosa","Mimosa",1,"lepidota","lepidota",1,"","",NA,"","",NA,"","",NA,"","","https://powo.science.kew.org/taxon/urn:lsid:ipni.org:names:161766-2","","Y","Accepted","Mimosa lepidota","Mimosa lepidota","Herzog","167652","species","https://powo.science.kew.org/taxon/urn:lsid:ipni.org:names:161766-2","","Fabaceae","1","1","wcvp","0",""
"244","Mimosa glycyrrhizoides",1,"1232377","Mimosa glycyrrhizoides",1,"species","","",NA,"Barneby","Fabaceae","Mimosa","Mimosa",1,"glycyrrhizoides","glycyrrhizoides",1,"","",NA,"","",NA,"","",NA,"","","https://powo.science.kew.org/taxon/urn:lsid:ipni.org:names:312781-2","","Y","Accepted","Mimosa glycyrrhizoides","Mimosa glycyrrhizoides","Barneby","1232377","species","https://powo.science.kew.org/taxon/urn:lsid:ipni.org:names:312781-2","","Fabaceae","1","1","wcvp","0",""
"245","Mimosa intricata",1,"172351","Mimosa intricata",1,"species","","",NA,"Benth.","Fabaceae","Mimosa","Mimosa",1,"intricata","intricata",1,"","",NA,"","",NA,"","",NA,"","","https://powo.science.kew.org/taxon/urn:lsid:ipni.org:names:508160-1","","Y","Accepted","Mimosa intricata","Mimosa intricata","Benth.","172351","species","https://powo.science.kew.org/taxon/urn:lsid:ipni.org:names:508160-1","","Fabaceae","1","1","wcvp","0",""
"246","Mimosa strobiliflora",1,"167735","Mimosa strobiliflora",1,"species","","",NA,"Burkart","Fabaceae","Mimosa","Mimosa",1,"strobiliflora","strobiliflora",1,"","",NA,"","",NA,"","",NA,"","","https://powo.science.kew.org/taxon/urn:lsid:ipni.org:names:161997-2","","Y","Accepted","Mimosa strobiliflora","Mimosa strobiliflora","Burkart","167735","species","https://powo.science.kew.org/taxon/urn:lsid:ipni.org:names:161997-2","","Fabaceae","1","1","wcvp","0",""
"247","Mimosa barnebiana",1,"1232378","Mimosa barnebiana",1,"species","","",NA,"Fortunato & Tressens","Fabaceae","Mimosa","Mimosa",1,"barnebiana","barnebiana",1,"","",NA,"","",NA,"","",NA,"","","https://powo.science.kew.org/taxon/urn:lsid:ipni.org:names:312839-2","","Y","Accepted","Mimosa barnebiana","Mimosa barnebiana","Fortunato & Tressens","1232378","species","https://powo.science.kew.org/taxon/urn:lsid:ipni.org:names:312839-2","","Fabaceae","1","1","wcvp","0",""
"248","Mimosa auriculata",1,"172263","Mimosa auriculata",1,"species","","",NA,"Benth.","Fabaceae","Mimosa","Mimosa",1,"auriculata","auriculata",1,"","",NA,"","",NA,"","",NA,"","","https://powo.science.kew.org/taxon/urn:lsid:ipni.org:names:507676-1","","Y","Accepted","Mimosa auriculata","Mimosa auriculata","Benth.","172263","species","https://powo.science.kew.org/taxon/urn:lsid:ipni.org:names:507676-1","","Fabaceae","1","1","wcvp","0",""
"249","Mimosa caesalpiniifolia",1,"207068","Mimosa caesalpiniifolia",1,"species","","",NA,"Benth.","Fabaceae","Mimosa","Mimosa",1,"caesalpiniifolia","caesalpiniifolia",1,"","",NA,"","",NA,"","",NA,"","","https://powo.science.kew.org/taxon/urn:lsid:ipni.org:names:507748-1","","Y","Accepted","Mimosa caesalpiniifolia","Mimosa caesalpiniifolia","Benth.","207068","species","https://powo.science.kew.org/taxon/urn:lsid:ipni.org:names:507748-1","","Fabaceae","1","1","wcvp","0",""
"250","Mimosa laticifera",1,"174772","Mimosa laticifera",1,"species","","",NA,"Rizzini & N.F.Mattos","Fabaceae","Mimosa","Mimosa",1,"laticifera","laticifera",1,"","",NA,"","",NA,"","",NA,"","","https://powo.science.kew.org/taxon/urn:lsid:ipni.org:names:161755-2","","Y","Accepted","Mimosa laticifera","Mimosa laticifera","Rizzini & N.F.Mattos","174772","species","https://powo.science.kew.org/taxon/urn:lsid:ipni.org:names:161755-2","","Fabaceae","1","1","wcvp","0",""
"251","Mimosa ceratonia",1,"172289","Mimosa ceratonia",1,"species","","",NA,"L.","Fabaceae","Mimosa","Mimosa",1,"ceratonia","ceratonia",1,"","",NA,"","",NA,"","",NA,"","","https://powo.science.kew.org/taxon/urn:lsid:ipni.org:names:316372-2","","Y","Accepted","Mimosa ceratonia","Mimosa ceratonia","L.","172289","species","https://powo.science.kew.org/taxon/urn:lsid:ipni.org:names:316372-2","","Fabaceae","1","1","wcvp","0",""
"252","Mimosa ceratonia var. pseudoobovata",1,"176496","Mimosa ceratonia var. pseudo-obovata",1,"variety","","",NA,"(Taub.) Barneby","Fabaceae","Mimosa","Mimosa",1,"ceratonia","ceratonia",1,"","",NA,"var.","pseudo-obovata",1,"","",NA,"","","https://powo.science.kew.org/taxon/urn:lsid:ipni.org:names:280937-2","","Y","Accepted","Mimosa ceratonia var. pseudo-obovata","Mimosa ceratonia","(Taub.) Barneby","176496","variety","https://powo.science.kew.org/taxon/urn:lsid:ipni.org:names:280937-2","","Fabaceae","1","1","wcvp","0",""
"253","Mimosa ceratonia var. interior",1,"1288219","Mimosa ceratonia var. interior",1,"variety","","",NA,"Barneby","Fabaceae","Mimosa","Mimosa",1,"ceratonia","ceratonia",1,"","",NA,"var.","interior",1,"","",NA,"","","https://powo.science.kew.org/taxon/urn:lsid:ipni.org:names:312843-2","","Y","Accepted","Mimosa ceratonia var. interior","Mimosa ceratonia","Barneby","1288219","variety","https://powo.science.kew.org/taxon/urn:lsid:ipni.org:names:312843-2","","Fabaceae","1","1","wcvp","0",""
"254","Mimosa ceratonia var. ceratonia",1,"177039","Mimosa ceratonia var. ceratonia",1,"variety","","",NA,"","Fabaceae","Mimosa","Mimosa",1,"ceratonia","ceratonia",1,"","",NA,"var.","ceratonia",1,"","",NA,"","","https://powo.science.kew.org/taxon/urn:lsid:ipni.org:names:77190458-1","","Y","Accepted","Mimosa ceratonia var. ceratonia","Mimosa ceratonia","","177039","variety","https://powo.science.kew.org/taxon/urn:lsid:ipni.org:names:77190458-1","","Fabaceae","1","1","wcvp","0",""
"255","Mimosa medioxima",1,"176477","Mimosa medioxima",1,"species","","",NA,"Barneby","Fabaceae","Mimosa","Mimosa",1,"medioxima","medioxima",1,"","",NA,"","",NA,"","",NA,"","","https://powo.science.kew.org/taxon/urn:lsid:ipni.org:names:312844-2","","Y","Accepted","Mimosa medioxima","Mimosa medioxima","Barneby","176477","species","https://powo.science.kew.org/taxon/urn:lsid:ipni.org:names:312844-2","","Fabaceae","1","1","wcvp","0",""
"256","Mimosa carvalhoi",1,"176478","Mimosa carvalhoi",1,"species","","",NA,"Barneby","Fabaceae","Mimosa","Mimosa",1,"carvalhoi","carvalhoi",1,"","",NA,"","",NA,"","",NA,"","","https://powo.science.kew.org/taxon/urn:lsid:ipni.org:names:312845-2","","Y","Accepted","Mimosa carvalhoi","Mimosa carvalhoi","Barneby","176478","species","https://powo.science.kew.org/taxon/urn:lsid:ipni.org:names:312845-2","","Fabaceae","1","1","wcvp","0",""
"257","Mimosa brachystachya",1,"167563","Mimosa brachystachya",1,"species","","",NA,"Taub.","Fabaceae","Mimosa","Mimosa",1,"brachystachya","brachystachya",1,"","",NA,"","",NA,"","",NA,"","","https://powo.science.kew.org/taxon/urn:lsid:ipni.org:names:161547-2","","Y","Accepted","Mimosa brachystachya","Mimosa brachystachya","Taub.","167563","species","https://powo.science.kew.org/taxon/urn:lsid:ipni.org:names:161547-2","","Fabaceae","1","1","wcvp","0",""
"258","Mimosa guaranitica",1,"167629","Mimosa guaranitica",1,"species","","",NA,"Chodat & Hassl.","Fabaceae","Mimosa","Mimosa",1,"guaranitica","guaranitica",1,"","",NA,"","",NA,"","",NA,"","","https://powo.science.kew.org/taxon/urn:lsid:ipni.org:names:161705-2","","Y","Accepted","Mimosa guaranitica","Mimosa guaranitica","Chodat & Hassl.","167629","species","https://powo.science.kew.org/taxon/urn:lsid:ipni.org:names:161705-2","","Fabaceae","1","1","wcvp","0",""
"259","Mimosa misera",1,"172383","Mimosa misera",1,"species","","",NA,"Benth.","Fabaceae","Mimosa","Mimosa",1,"misera","misera",1,"","",NA,"","",NA,"","",NA,"","","https://powo.science.kew.org/taxon/urn:lsid:ipni.org:names:508335-1","","Y","Accepted","Mimosa misera","Mimosa misera","Benth.","172383","species","https://powo.science.kew.org/taxon/urn:lsid:ipni.org:names:508335-1","","Fabaceae","1","1","wcvp","0",""
"260","Mimosa misera var. misera",1,"177041","Mimosa misera var. misera",1,"variety","","",NA,"","Fabaceae","Mimosa","Mimosa",1,"misera","misera",1,"","",NA,"var.","misera",1,"","",NA,"","","https://powo.science.kew.org/taxon/urn:lsid:ipni.org:names:77190500-1","","Y","Accepted","Mimosa misera var. misera","Mimosa misera","","177041","variety","https://powo.science.kew.org/taxon/urn:lsid:ipni.org:names:77190500-1","","Fabaceae","1","1","wcvp","0",""
"261","Mimosa misera var. subinermis",1,"176484","Mimosa misera var. subinermis",1,"variety","","",NA,"(Benth.) Barneby","Fabaceae","Mimosa","Mimosa",1,"misera","misera",1,"","",NA,"var.","subinermis",1,"","",NA,"","","https://powo.science.kew.org/taxon/urn:lsid:ipni.org:names:1197860-2","","Y","Accepted","Mimosa misera var. subinermis","Mimosa misera","(Benth.) Barneby","176484","variety","https://powo.science.kew.org/taxon/urn:lsid:ipni.org:names:1197860-2","","Fabaceae","1","1","wcvp","0",""
"262","Mimosa leptantha",1,"172363","Mimosa leptantha",1,"species","","",NA,"Benth.","Fabaceae","Mimosa","Mimosa",1,"leptantha","leptantha",1,"","",NA,"","",NA,"","",NA,"","","https://powo.science.kew.org/taxon/urn:lsid:ipni.org:names:508230-1","","Y","Accepted","Mimosa leptantha","Mimosa leptantha","Benth.","172363","species","https://powo.science.kew.org/taxon/urn:lsid:ipni.org:names:508230-1","","Fabaceae","1","1","wcvp","0",""
"263","Mimosa ulbrichiana",1,"167745","Mimosa ulbrichiana",1,"species","","",NA,"Harms","Fabaceae","Mimosa","Mimosa",1,"ulbrichiana","ulbrichiana",1,"","",NA,"","",NA,"","",NA,"","","https://powo.science.kew.org/taxon/urn:lsid:ipni.org:names:162034-2","","Y","Accepted","Mimosa ulbrichiana","Mimosa ulbrichiana","Harms","167745","species","https://powo.science.kew.org/taxon/urn:lsid:ipni.org:names:162034-2","","Fabaceae","1","1","wcvp","0",""
"264","Mimosa minarum",1,"1232379","Mimosa minarum",1,"species","","",NA,"Barneby","Fabaceae","Mimosa","Mimosa",1,"minarum","minarum",1,"","",NA,"","",NA,"","",NA,"","","https://powo.science.kew.org/taxon/urn:lsid:ipni.org:names:312848-2","","Y","Accepted","Mimosa minarum","Mimosa minarum","Barneby","1232379","species","https://powo.science.kew.org/taxon/urn:lsid:ipni.org:names:312848-2","","Fabaceae","1","1","wcvp","0",""
"265","Mimosa morroensis",1,"176485","Mimosa morroensis",1,"species","","",NA,"Barneby","Fabaceae","Mimosa","Mimosa",1,"morroensis","morroensis",1,"","",NA,"","",NA,"","",NA,"","","https://powo.science.kew.org/taxon/urn:lsid:ipni.org:names:312849-2","","Y","Accepted","Mimosa morroensis","Mimosa morroensis","Barneby","176485","species","https://powo.science.kew.org/taxon/urn:lsid:ipni.org:names:312849-2","","Fabaceae","1","1","wcvp","0",""
"266","Mimosa brevipinna",1,"172276","Mimosa brevipinna",1,"species","","",NA,"Benth.","Fabaceae","Mimosa","Mimosa",1,"brevipinna","brevipinna",1,"","",NA,"","",NA,"","",NA,"","","https://powo.science.kew.org/taxon/urn:lsid:ipni.org:names:507736-1","","Y","Accepted","Mimosa brevipinna","Mimosa brevipinna","Benth.","172276","species","https://powo.science.kew.org/taxon/urn:lsid:ipni.org:names:507736-1","","Fabaceae","1","1","wcvp","0",""
"267","Mimosa hirsuticaulis",1,"167637","Mimosa hirsuticaulis",1,"species","","",NA,"Harms","Fabaceae","Mimosa","Mimosa",1,"hirsuticaulis","hirsuticaulis",1,"","",NA,"","",NA,"","",NA,"","","https://powo.science.kew.org/taxon/urn:lsid:ipni.org:names:161720-2","","Y","Accepted","Mimosa hirsuticaulis","Mimosa hirsuticaulis","Harms","167637","species","https://powo.science.kew.org/taxon/urn:lsid:ipni.org:names:161720-2","","Fabaceae","1","1","wcvp","0",""
"268","Mimosa setuligera",1,"167726","Mimosa setuligera",1,"species","","",NA,"Harms","Fabaceae","Mimosa","Mimosa",1,"setuligera","setuligera",1,"","",NA,"","",NA,"","",NA,"","","https://powo.science.kew.org/taxon/urn:lsid:ipni.org:names:161982-2","","Y","Accepted","Mimosa setuligera","Mimosa setuligera","Harms","167726","species","https://powo.science.kew.org/taxon/urn:lsid:ipni.org:names:161982-2","","Fabaceae","1","1","wcvp","0",""
"269","Mimosa borboremae",1,"171549","Mimosa borboremae",1,"species","","",NA,"Harms","Fabaceae","Mimosa","Mimosa",1,"borboremae","borboremae",1,"","",NA,"","",NA,"","",NA,"","","https://powo.science.kew.org/taxon/urn:lsid:ipni.org:names:312850-2","","Y","Accepted","Mimosa borboremae","Mimosa borboremae","Harms","171549","species","https://powo.science.kew.org/taxon/urn:lsid:ipni.org:names:312850-2","","Fabaceae","1","1","wcvp","0",""
"270","Mimosa cordistipula",1,"172294","Mimosa cordistipula",1,"species","","",NA,"Benth.","Fabaceae","Mimosa","Mimosa",1,"cordistipula","cordistipula",1,"","",NA,"","",NA,"","",NA,"","","https://powo.science.kew.org/taxon/urn:lsid:ipni.org:names:507845-1","","Y","Accepted","Mimosa cordistipula","Mimosa cordistipula","Benth.","172294","species","https://powo.science.kew.org/taxon/urn:lsid:ipni.org:names:507845-1","","Fabaceae","1","1","wcvp","0",""
"271","Mimosa blanchetii",1,"172269","Mimosa blanchetii",1,"species","","",NA,"Benth.","Fabaceae","Mimosa","Mimosa",1,"blanchetii","blanchetii",1,"","",NA,"","",NA,"","",NA,"","","https://powo.science.kew.org/taxon/urn:lsid:ipni.org:names:507712-1","","Y","Accepted","Mimosa blanchetii","Mimosa blanchetii","Benth.","172269","species","https://powo.science.kew.org/taxon/urn:lsid:ipni.org:names:507712-1","","Fabaceae","1","1","wcvp","0",""
"272","Mimosa xiquexiquensis",1,"177251","Mimosa xiquexiquensis",1,"species","","",NA,"Barneby","Fabaceae","Mimosa","Mimosa",1,"xiquexiquensis","xiquexiquensis",1,"","",NA,"","",NA,"","",NA,"","","https://powo.science.kew.org/taxon/urn:lsid:ipni.org:names:312851-2","","Y","Accepted","Mimosa xiquexiquensis","Mimosa xiquexiquensis","Barneby","177251","species","https://powo.science.kew.org/taxon/urn:lsid:ipni.org:names:312851-2","","Fabaceae","1","1","wcvp","0",""
"273","Mimosa campicola",1,"167574","Mimosa campicola",1,"species","","",NA,"Harms","Fabaceae","Mimosa","Mimosa",1,"campicola","campicola",1,"","",NA,"","",NA,"","",NA,"","","https://powo.science.kew.org/taxon/urn:lsid:ipni.org:names:161566-2","","Y","Accepted","Mimosa campicola","Mimosa campicola","Harms","167574","species","https://powo.science.kew.org/taxon/urn:lsid:ipni.org:names:161566-2","","Fabaceae","1","1","wcvp","0",""
"274","Mimosa campicola var. planipes",1,"1288227","Mimosa campicola var. planipes",1,"variety","","",NA,"Barneby","Fabaceae","Mimosa","Mimosa",1,"campicola","campicola",1,"","",NA,"var.","planipes",1,"","",NA,"","","https://powo.science.kew.org/taxon/urn:lsid:ipni.org:names:312853-2","","Y","Accepted","Mimosa campicola var. planipes","Mimosa campicola","Barneby","1288227","variety","https://powo.science.kew.org/taxon/urn:lsid:ipni.org:names:312853-2","","Fabaceae","1","1","wcvp","0",""
"275","Mimosa campicola var. campicola",1,"177044","Mimosa campicola var. campicola",1,"variety","","",NA,"","Fabaceae","Mimosa","Mimosa",1,"campicola","campicola",1,"","",NA,"var.","campicola",1,"","",NA,"","","https://powo.science.kew.org/taxon/urn:lsid:ipni.org:names:77190471-1","","Y","Accepted","Mimosa campicola var. campicola","Mimosa campicola","","177044","variety","https://powo.science.kew.org/taxon/urn:lsid:ipni.org:names:77190471-1","","Fabaceae","1","1","wcvp","0",""
"276","Mimosa pabstiana",1,"1232381","Mimosa pabstiana",1,"species","","",NA,"Barneby","Fabaceae","Mimosa","Mimosa",1,"pabstiana","pabstiana",1,"","",NA,"","",NA,"","",NA,"","","https://powo.science.kew.org/taxon/urn:lsid:ipni.org:names:312855-2","","Y","Accepted","Mimosa pabstiana","Mimosa pabstiana","Barneby","1232381","species","https://powo.science.kew.org/taxon/urn:lsid:ipni.org:names:312855-2","","Fabaceae","1","1","wcvp","0",""
"277","Mimosa palmetorum",1,"176486","Mimosa palmetorum",1,"species","","",NA,"Barneby","Fabaceae","Mimosa","Mimosa",1,"palmetorum","palmetorum",1,"","",NA,"","",NA,"","",NA,"","","https://powo.science.kew.org/taxon/urn:lsid:ipni.org:names:312857-2","","Y","Accepted","Mimosa palmetorum","Mimosa palmetorum","Barneby","176486","species","https://powo.science.kew.org/taxon/urn:lsid:ipni.org:names:312857-2","","Fabaceae","1","1","wcvp","0",""
"278","Mimosa piscatorum",1,"1049018","Mimosa piscatorum",1,"species","","",NA,"Barneby","Fabaceae","Mimosa","Mimosa",1,"piscatorum","piscatorum",1,"","",NA,"","",NA,"","",NA,"","","https://powo.science.kew.org/taxon/urn:lsid:ipni.org:names:312858-2","","Y","Accepted","Mimosa piscatorum","Mimosa piscatorum","Barneby","1049018","species","https://powo.science.kew.org/taxon/urn:lsid:ipni.org:names:312858-2","","Fabaceae","1","1","wcvp","0",""
"279","Mimosa subenervis",1,"172452","Mimosa subenervis",1,"species","","",NA,"Benth.","Fabaceae","Mimosa","Mimosa",1,"subenervis","subenervis",1,"","",NA,"","",NA,"","",NA,"","","https://powo.science.kew.org/taxon/urn:lsid:ipni.org:names:508750-1","","Y","Accepted","Mimosa subenervis","Mimosa subenervis","Benth.","172452","species","https://powo.science.kew.org/taxon/urn:lsid:ipni.org:names:508750-1","","Fabaceae","1","1","wcvp","0",""
"280","Mimosa polydidyma",1,"176488","Mimosa polydidyma",1,"species","","",NA,"Barneby","Fabaceae","Mimosa","Mimosa",1,"polydidyma","polydidyma",1,"","",NA,"","",NA,"","",NA,"","","https://powo.science.kew.org/taxon/urn:lsid:ipni.org:names:312859-2","","Y","Accepted","Mimosa polydidyma","Mimosa polydidyma","Barneby","176488","species","https://powo.science.kew.org/taxon/urn:lsid:ipni.org:names:312859-2","","Fabaceae","1","1","wcvp","0",""
"281","Mimosa filipes",1,"172326","Mimosa filipes",1,"species","","",NA,"Mart.","Fabaceae","Mimosa","Mimosa",1,"filipes","filipes",1,"","",NA,"","",NA,"","",NA,"","","https://powo.science.kew.org/taxon/urn:lsid:ipni.org:names:508005-1","","Y","Accepted","Mimosa filipes","Mimosa filipes","Mart.","172326","species","https://powo.science.kew.org/taxon/urn:lsid:ipni.org:names:508005-1","","Fabaceae","1","1","wcvp","0",""
"282","Mimosa quadrivalvis",1,"167712","Mimosa quadrivalvis",1,"species","","",NA,"L.","Fabaceae","Mimosa","Mimosa",1,"quadrivalvis","quadrivalvis",1,"","",NA,"","",NA,"","",NA,"","","https://powo.science.kew.org/taxon/urn:lsid:ipni.org:names:508578-1","","Y","Accepted","Mimosa quadrivalvis","Mimosa quadrivalvis","L.","167712","species","https://powo.science.kew.org/taxon/urn:lsid:ipni.org:names:508578-1","","Fabaceae","1","1","wcvp","0",""
"283","Mimosa quadrivalvis var. quadrivalvis",1,"177640","Mimosa quadrivalvis var. quadrivalvis",1,"variety","","",NA,"","Fabaceae","Mimosa","Mimosa",1,"quadrivalvis","quadrivalvis",1,"","",NA,"var.","quadrivalvis",1,"","",NA,"","","https://powo.science.kew.org/taxon/urn:lsid:ipni.org:names:77190527-1","","Y","Accepted","Mimosa quadrivalvis var. quadrivalvis","Mimosa quadrivalvis","","177640","variety","https://powo.science.kew.org/taxon/urn:lsid:ipni.org:names:77190527-1","","Fabaceae","1","1","wcvp","0",""
"284","Mimosa quadrivalvis var. distachya",1,"184688","Mimosa quadrivalvis var. distachya",1,"variety","","",NA,"(DC.) Barneby","Fabaceae","Mimosa","Mimosa",1,"quadrivalvis","quadrivalvis",1,"","",NA,"var.","distachya",1,"","",NA,"","","https://powo.science.kew.org/taxon/urn:lsid:ipni.org:names:967261-1","","Y","Synonym","Mimosa robusta","Mimosa robusta","R.Grether","1236602","species","https://powo.science.kew.org/taxon/urn:lsid:ipni.org:names:1014033-1","","Fabaceae","1","1","wcvp","0",""
"285","Mimosa quadrivalvis var. jaliscensis",1,"184691","Mimosa quadrivalvis var. jaliscensis",1,"variety","","",NA,"(J.F.Macbr.) Beard ex Barneby","Fabaceae","Mimosa","Mimosa",1,"quadrivalvis","quadrivalvis",1,"","",NA,"var.","jaliscensis",1,"","",NA,"","","https://powo.science.kew.org/taxon/urn:lsid:ipni.org:names:967262-1","","Y","Accepted","Mimosa quadrivalvis var. jaliscensis","Mimosa quadrivalvis","(J.F.Macbr.) Beard ex Barneby","184691","variety","https://powo.science.kew.org/taxon/urn:lsid:ipni.org:names:967262-1","","Fabaceae","1","1","wcvp","0",""
"286","Mimosa quadrivalvis var. diffusa",1,"184687","Mimosa quadrivalvis var. diffusa",1,"variety","","",NA,"(Rose) Beard ex Barneby","Fabaceae","Mimosa","Mimosa",1,"quadrivalvis","quadrivalvis",1,"","",NA,"var.","diffusa",1,"","",NA,"","","https://powo.science.kew.org/taxon/urn:lsid:ipni.org:names:967263-1","","Y","Accepted","Mimosa quadrivalvis var. diffusa","Mimosa quadrivalvis","(Rose) Beard ex Barneby","184687","variety","https://powo.science.kew.org/taxon/urn:lsid:ipni.org:names:967263-1","","Fabaceae","1","1","wcvp","0",""
"287","Mimosa quadrivalvis var. orbaniana",0.98899831109563,"184068","Mimosa quadrivalvis var. urbaniana",0.98899831109563,"variety","","",NA,"Barneby","Fabaceae","Mimosa","Mimosa",1,"quadrivalvis","quadrivalvis",1,"","",NA,"var.","urbaniana",0.88888888888889,"","",NA,"","","https://powo.science.kew.org/taxon/urn:lsid:ipni.org:names:965933-1","","","Accepted","Mimosa quadrivalvis var. urbaniana","Mimosa quadrivalvis","Barneby","184068","variety","https://powo.science.kew.org/taxon/urn:lsid:ipni.org:names:965933-1","","Fabaceae","1","1","wcvp","0",""
"288","Mimosa quadrivalvis var. tetragona",1,"184689","Mimosa quadrivalvis var. tetragona",1,"variety","","",NA,"(Poir.) Barneby","Fabaceae","Mimosa","Mimosa",1,"quadrivalvis","quadrivalvis",1,"","",NA,"var.","tetragona",1,"","",NA,"","","https://powo.science.kew.org/taxon/urn:lsid:ipni.org:names:967264-1","","Y","Synonym","Mimosa tetragona","Mimosa tetragona","Poir.","165426","species","https://powo.science.kew.org/taxon/urn:lsid:ipni.org:names:312864-2","","Fabaceae","1","1","wcvp","0",""
"289","Mimosa quadrivalvis var. leptocarpa",1,"184067","Mimosa quadrivalvis var. leptocarpa",1,"variety","","",NA,"(DC.) Barneby","Fabaceae","Mimosa","Mimosa",1,"quadrivalvis","quadrivalvis",1,"","",NA,"var.","leptocarpa",1,"","",NA,"","","https://powo.science.kew.org/taxon/urn:lsid:ipni.org:names:967265-1","","Y","Synonym","Mimosa candollei","Mimosa candollei","R.Grether","205995","species","https://powo.science.kew.org/taxon/urn:lsid:ipni.org:names:1014032-1","","Fabaceae","1","1","wcvp","0",""
"290","Mimosa quadrivalvis var. angustata",1,"184063","Mimosa quadrivalvis var. angustata",1,"variety","","",NA,"(Torr. & A.Gray) Barneby","Fabaceae","Mimosa","Mimosa",1,"quadrivalvis","quadrivalvis",1,"","",NA,"var.","angustata",1,"","",NA,"","","https://powo.science.kew.org/taxon/urn:lsid:ipni.org:names:967266-1","","Y","Accepted","Mimosa quadrivalvis var. angustata","Mimosa quadrivalvis","(Torr. & A.Gray) Barneby","184063","variety","https://powo.science.kew.org/taxon/urn:lsid:ipni.org:names:967266-1","","Fabaceae","1","1","wcvp","0",""
"291","Mimosa quadrivalvis var. floridana",1,"184069","Mimosa quadrivalvis var. floridana",1,"variety","","",NA,"(Chapm.) Barneby","Fabaceae","Mimosa","Mimosa",1,"quadrivalvis","quadrivalvis",1,"","",NA,"var.","floridana",1,"","",NA,"","","https://powo.science.kew.org/taxon/urn:lsid:ipni.org:names:1090589-2","","Y","Synonym","Mimosa floridana","Mimosa floridana","(Chapm.) Weakley & Flores-Cruz","1373400","species","https://powo.science.kew.org/taxon/urn:lsid:ipni.org:names:77175271-1","","Fabaceae","1","1","wcvp","0",""
"292","Mimosa quadrivalvis var. nuttallii",1,"1657066","Mimosa quadrivalvis var. nuttallii",1,"variety","","",NA,"(Raspail) Beard ex Barneby","Fabaceae","Mimosa","Mimosa",1,"quadrivalvis","quadrivalvis",1,"","",NA,"var.","nuttallii",1,"","",NA,"","","https://powo.science.kew.org/taxon/urn:lsid:ipni.org:names:967268-1","","Y","Accepted","Mimosa quadrivalvis var. nuttallii","Mimosa quadrivalvis","(Raspail) Beard ex Barneby","1657066","variety","https://powo.science.kew.org/taxon/urn:lsid:ipni.org:names:967268-1","","Fabaceae","1","1","wcvp","0",""
"293","Mimosa quadrivalvis var. hystricina",1,"184690","Mimosa quadrivalvis var. hystricina",1,"variety","","",NA,"(Small ex Britton & Rose) Barneby","Fabaceae","Mimosa","Mimosa",1,"quadrivalvis","quadrivalvis",1,"","",NA,"var.","hystricina",1,"","",NA,"","","https://powo.science.kew.org/taxon/urn:lsid:ipni.org:names:1073644-2","","Y","Synonym","Mimosa hystricina","Mimosa hystricina","(Small ex Britton & Rose) B.L.Turner","1245094","species","https://powo.science.kew.org/taxon/urn:lsid:ipni.org:names:979522-1","","Fabaceae","1","1","wcvp","0",""
"294","Mimosa quadrivalvis var. occidentalis",1,"184695","Mimosa quadrivalvis var. occidentalis",1,"variety","","",NA,"(Wooton & Standl.) Barneby","Fabaceae","Mimosa","Mimosa",1,"quadrivalvis","quadrivalvis",1,"","",NA,"var.","occidentalis",1,"","",NA,"","","https://powo.science.kew.org/taxon/urn:lsid:ipni.org:names:967270-1","","Y","Accepted","Mimosa quadrivalvis var. occidentalis","Mimosa quadrivalvis","(Wooton & Standl.) Barneby","184695","variety","https://powo.science.kew.org/taxon/urn:lsid:ipni.org:names:967270-1","","Fabaceae","1","1","wcvp","0",""
"295","Mimosa quadrivalvis var. platycarpa",1,"184696","Mimosa quadrivalvis var. platycarpa",1,"variety","","",NA,"(A.Gray) Barneby","Fabaceae","Mimosa","Mimosa",1,"quadrivalvis","quadrivalvis",1,"","",NA,"var.","platycarpa",1,"","",NA,"","","https://powo.science.kew.org/taxon/urn:lsid:ipni.org:names:967271-1","","Y","Accepted","Mimosa quadrivalvis var. platycarpa","Mimosa quadrivalvis","(A.Gray) Barneby","184696","variety","https://powo.science.kew.org/taxon/urn:lsid:ipni.org:names:967271-1","","Fabaceae","1","1","wcvp","0",""
"296","Mimosa quadrivalvis var. nelsonii",1,"205304","Mimosa quadrivalvis var. nelsonii",1,"variety","","",NA,"(Britton & Rose) Barneby","Fabaceae","Mimosa","Mimosa",1,"quadrivalvis","quadrivalvis",1,"","",NA,"var.","nelsonii",1,"","",NA,"","","https://powo.science.kew.org/taxon/urn:lsid:ipni.org:names:967272-1","","Y","Synonym","Mimosa monclovensis","Mimosa monclovensis","R.Grether & Marc.F.Simon","1385760","species","https://powo.science.kew.org/taxon/urn:lsid:ipni.org:names:77203978-1","","Fabaceae","1","1","wcvp","0",""
"297","Mimosa quadrivalvis var. latidens",1,"184692","Mimosa quadrivalvis var. latidens",1,"variety","","",NA,"(Small) Barneby","Fabaceae","Mimosa","Mimosa",1,"quadrivalvis","quadrivalvis",1,"","",NA,"var.","latidens",1,"","",NA,"","","https://powo.science.kew.org/taxon/urn:lsid:ipni.org:names:1124842-2","","Y","Synonym","Mimosa latidens","Mimosa latidens","(Small) B.L.Turner","1245095","species","https://powo.science.kew.org/taxon/urn:lsid:ipni.org:names:1162343-2","","Fabaceae","1","1","wcvp","0",""
"298","Mimosa quadrivalvis var. paw cijuga",0.5,"167712","Mimosa quadrivalvis",0.5,"species","","",NA,"L.","Fabaceae","Mimosa","Mimosa",1,"quadrivalvis","quadrivalvis",1,"","",NA,"","",NA,"","",NA,"","var. paw cijuga","https://powo.science.kew.org/taxon/urn:lsid:ipni.org:names:508578-1","","Y","Accepted","Mimosa quadrivalvis","Mimosa quadrivalvis","L.","167712","species","https://powo.science.kew.org/taxon/urn:lsid:ipni.org:names:508578-1","","Fabaceae","1","1","wcvp","1","[Partial]"
"299","Mimosa invisa",1,"162739","Mimosa invisa",1,"species","","",NA,"Mart. ex Colla","Fabaceae","Mimosa","Mimosa",1,"invisa","invisa",1,"","",NA,"","",NA,"","",NA,"","","https://powo.science.kew.org/taxon/urn:lsid:ipni.org:names:508165-1","","Y","Accepted","Mimosa invisa","Mimosa invisa","Mart. ex Colla","162739","species","https://powo.science.kew.org/taxon/urn:lsid:ipni.org:names:508165-1","","Fabaceae","1","1","wcvp","0",""
"300","Mimosa invisa subsp. invisa",1,"1375227","Mimosa invisa subsp. invisa",1,"subspecies","","",NA,"","Fabaceae","Mimosa","Mimosa",1,"invisa","invisa",1,"","",NA,"subsp.","invisa",1,"","",NA,"","","https://powo.science.kew.org/taxon/urn:lsid:ipni.org:names:77190445-1","","Y","Accepted","Mimosa invisa subsp. invisa","Mimosa invisa","","1375227","subspecies","https://powo.science.kew.org/taxon/urn:lsid:ipni.org:names:77190445-1","","Fabaceae","1","1","wcvp","0",""
"301","Mimosa invisa subsp. invisa var. invisa",0.77149326622765,"1375227","Mimosa invisa subsp. invisa",0.77149326622765,"subspecies","","",NA,"","Fabaceae","Mimosa","Mimosa",1,"invisa","invisa",1,"","",NA,"subsp.","invisa",1,"","",NA,"","var. invisa","https://powo.science.kew.org/taxon/urn:lsid:ipni.org:names:77190445-1","","Y","Accepted","Mimosa invisa subsp. invisa","Mimosa invisa","","1375227","subspecies","https://powo.science.kew.org/taxon/urn:lsid:ipni.org:names:77190445-1","","Fabaceae","1","1","wcvp","1","[Partial]"
"302","Mimosa invisa subsp. invisa var. macrostachya",0.77149326622765,"1375227","Mimosa invisa subsp. invisa",0.77149326622765,"subspecies","","",NA,"","Fabaceae","Mimosa","Mimosa",1,"invisa","invisa",1,"","",NA,"subsp.","invisa",1,"","",NA,"","var. macrostachya","https://powo.science.kew.org/taxon/urn:lsid:ipni.org:names:77190445-1","","Y","Accepted","Mimosa invisa subsp. invisa","Mimosa invisa","","1375227","subspecies","https://powo.science.kew.org/taxon/urn:lsid:ipni.org:names:77190445-1","","Fabaceae","1","1","wcvp","1","[Partial]"
"303","Mimosa invisa subsp. spiciflora",1,"1369739","Mimosa invisa subsp. spiciflora",1,"subspecies","","",NA,"(H.Karst.) Barneby","Fabaceae","Mimosa","Mimosa",1,"invisa","invisa",1,"","",NA,"subsp.","spiciflora",1,"","",NA,"","","https://powo.science.kew.org/taxon/urn:lsid:ipni.org:names:967277-1","","Y","Accepted","Mimosa invisa subsp. spiciflora","Mimosa invisa","(H.Karst.) Barneby","1369739","subspecies","https://powo.science.kew.org/taxon/urn:lsid:ipni.org:names:967277-1","","Fabaceae","1","1","wcvp","0",""
"304","Mimosa invisa subsp. spicifiora var. spiciflora",0.71774996129235,"1369739","Mimosa invisa subsp. spiciflora",0.71774996129235,"subspecies","","",NA,"(H.Karst.) Barneby","Fabaceae","Mimosa","Mimosa",1,"invisa","invisa",1,"","",NA,"subsp.","spiciflora",0.9,"","",NA,"","var. spiciflora","https://powo.science.kew.org/taxon/urn:lsid:ipni.org:names:967277-1","","","Accepted","Mimosa invisa subsp. spiciflora","Mimosa invisa","(H.Karst.) Barneby","1369739","subspecies","https://powo.science.kew.org/taxon/urn:lsid:ipni.org:names:967277-1","","Fabaceae","1","1","wcvp","1","[Partial]"
"305","Mimosa invisa subsp. spiciflora var. tovarensis",0.77149326622765,"1369739","Mimosa invisa subsp. spiciflora",0.77149326622765,"subspecies","","",NA,"(H.Karst.) Barneby","Fabaceae","Mimosa","Mimosa",1,"invisa","invisa",1,"","",NA,"subsp.","spiciflora",1,"","",NA,"","var. tovarensis","https://powo.science.kew.org/taxon/urn:lsid:ipni.org:names:967277-1","","Y","Accepted","Mimosa invisa subsp. spiciflora","Mimosa invisa","(H.Karst.) Barneby","1369739","subspecies","https://powo.science.kew.org/taxon/urn:lsid:ipni.org:names:967277-1","","Fabaceae","1","1","wcvp","1","[Partial]"
"306","Mimosa falconis",1,"1049095","Mimosa falconis",1,"species","","",NA,"Barneby","Fabaceae","Mimosa","Mimosa",1,"falconis","falconis",1,"","",NA,"","",NA,"","",NA,"","","https://powo.science.kew.org/taxon/urn:lsid:ipni.org:names:312875-2","","Y","Accepted","Mimosa falconis","Mimosa falconis","Barneby","1049095","species","https://powo.science.kew.org/taxon/urn:lsid:ipni.org:names:312875-2","","Fabaceae","1","1","wcvp","0",""
"307","Mimosa lemniscata",1,"372201","Mimosa lemniscata",1,"species","","",NA,"Barneby","Fabaceae","Mimosa","Mimosa",1,"lemniscata","lemniscata",1,"","",NA,"","",NA,"","",NA,"","","https://powo.science.kew.org/taxon/urn:lsid:ipni.org:names:312876-2","","Y","Accepted","Mimosa lemniscata","Mimosa lemniscata","Barneby","372201","species","https://powo.science.kew.org/taxon/urn:lsid:ipni.org:names:312876-2","","Fabaceae","1","1","wcvp","0",""
"308","Mimosa leptocarpa",1,"167654","Mimosa leptocarpa",1,"species","","",NA,"Rose","Fabaceae","Mimosa","Mimosa",1,"leptocarpa","leptocarpa",1,"","",NA,"","",NA,"","",NA,"","","https://powo.science.kew.org/taxon/urn:lsid:ipni.org:names:161768-2","","Y","Accepted","Mimosa leptocarpa","Mimosa leptocarpa","Rose","167654","species","https://powo.science.kew.org/taxon/urn:lsid:ipni.org:names:161768-2","","Fabaceae","1","1","wcvp","0",""
"309","Mimosa antioquiensis",0.98850510141534,"166679","Mimosa antioquensis",0.98850510141534,"species","","",NA,"Killip ex Rudd","Fabaceae","Mimosa","Mimosa",1,"antioquiensis","antioquensis",0.92307692307692,"","",NA,"","",NA,"","",NA,"","","https://powo.science.kew.org/taxon/urn:lsid:ipni.org:names:507647-1","","Y","Accepted","Mimosa antioquensis","Mimosa antioquensis","Killip ex Rudd","166679","species","https://powo.science.kew.org/taxon/urn:lsid:ipni.org:names:507647-1","","Fabaceae","1","1","wcvp","0",""
"310","Mimosa cylindracea",1,"172295","Mimosa cylindracea",1,"species","","",NA,"Benth.","Fabaceae","Mimosa","Mimosa",1,"cylindracea","cylindracea",1,"","",NA,"","",NA,"","",NA,"","","https://powo.science.kew.org/taxon/urn:lsid:ipni.org:names:507872-1","","Y","Accepted","Mimosa cylindracea","Mimosa cylindracea","Benth.","172295","species","https://powo.science.kew.org/taxon/urn:lsid:ipni.org:names:507872-1","","Fabaceae","1","1","wcvp","0",""
"311","Mimosa furfuracea",1,"172329","Mimosa furfuracea",1,"species","","",NA,"Benth.","Fabaceae","Mimosa","Mimosa",1,"furfuracea","furfuracea",1,"","",NA,"","",NA,"","",NA,"","","https://powo.science.kew.org/taxon/urn:lsid:ipni.org:names:508035-1","","Y","Accepted","Mimosa furfuracea","Mimosa furfuracea","Benth.","172329","species","https://powo.science.kew.org/taxon/urn:lsid:ipni.org:names:508035-1","","Fabaceae","1","1","wcvp","0",""
"312","Mimosa barretoi",1,"167559","Mimosa barretoi",1,"species","","",NA,"Hoehne","Fabaceae","Mimosa","Mimosa",1,"barretoi","barretoi",1,"","",NA,"","",NA,"","",NA,"","","https://powo.science.kew.org/taxon/urn:lsid:ipni.org:names:161526-2","","Y","Accepted","Mimosa barretoi","Mimosa barretoi","Hoehne","167559","species","https://powo.science.kew.org/taxon/urn:lsid:ipni.org:names:161526-2","","Fabaceae","1","1","wcvp","0",""
"313","Mimosa aurivillus",1,"172264","Mimosa aurivillus",1,"species","","",NA,"Mart.","Fabaceae","Mimosa","Mimosa",1,"aurivillus","aurivillus",1,"","",NA,"","",NA,"","",NA,"","","https://powo.science.kew.org/taxon/urn:lsid:ipni.org:names:312879-2","","Y","Accepted","Mimosa aurivillus","Mimosa aurivillus","Mart.","172264","species","https://powo.science.kew.org/taxon/urn:lsid:ipni.org:names:312879-2","","Fabaceae","1","1","wcvp","0",""
"314","Mimosa aurivillus var. aurivillus",1,"177617","Mimosa aurivillus var. aurivillus",1,"variety","","",NA,"","Fabaceae","Mimosa","Mimosa",1,"aurivillus","aurivillus",1,"","",NA,"var.","aurivillus",1,"","",NA,"","","https://powo.science.kew.org/taxon/urn:lsid:ipni.org:names:77190443-1","","Y","Accepted","Mimosa aurivillus var. aurivillus","Mimosa aurivillus","","177617","variety","https://powo.science.kew.org/taxon/urn:lsid:ipni.org:names:77190443-1","","Fabaceae","1","1","wcvp","0",""
"315","Mimosa aurivillus var. sordescens",1,"1288232","Mimosa aurivillus var. sordescens",1,"variety","","",NA,"Benth.","Fabaceae","Mimosa","Mimosa",1,"aurivillus","aurivillus",1,"","",NA,"var.","sordescens",1,"","",NA,"","","https://powo.science.kew.org/taxon/urn:lsid:ipni.org:names:161516-2","","Y","Accepted","Mimosa aurivillus var. sordescens","Mimosa aurivillus","Benth.","1288232","variety","https://powo.science.kew.org/taxon/urn:lsid:ipni.org:names:161516-2","","Fabaceae","1","1","wcvp","0",""
"316","Mimosa aurivillus var. warmingii",1,"1288233","Mimosa aurivillus var. warmingii",1,"variety","","",NA,"Barneby","Fabaceae","Mimosa","Mimosa",1,"aurivillus","aurivillus",1,"","",NA,"var.","warmingii",1,"","",NA,"","","https://powo.science.kew.org/taxon/urn:lsid:ipni.org:names:312880-2","","Y","Accepted","Mimosa aurivillus var. warmingii","Mimosa aurivillus","Barneby","1288233","variety","https://powo.science.kew.org/taxon/urn:lsid:ipni.org:names:312880-2","","Fabaceae","1","1","wcvp","0",""
"317","Mimosa aurivillus var. calothamnoides",1,"1288231","Mimosa aurivillus var. calothamnoides",1,"variety","","",NA,"Barneby","Fabaceae","Mimosa","Mimosa",1,"aurivillus","aurivillus",1,"","",NA,"var.","calothamnoides",1,"","",NA,"","","https://powo.science.kew.org/taxon/urn:lsid:ipni.org:names:312881-2","","Y","Accepted","Mimosa aurivillus var. calothamnoides","Mimosa aurivillus","Barneby","1288231","variety","https://powo.science.kew.org/taxon/urn:lsid:ipni.org:names:312881-2","","Fabaceae","1","1","wcvp","0",""
"318","Mimosa aurivillus var. calothamnos",1,"1232384","Mimosa aurivillus var. calothamnos",1,"variety","","",NA,"(Mart. ex Benth.) Barneby","Fabaceae","Mimosa","Mimosa",1,"aurivillus","aurivillus",1,"","",NA,"var.","calothamnos",1,"","",NA,"","","https://powo.science.kew.org/taxon/urn:lsid:ipni.org:names:967279-1","","Y","Accepted","Mimosa aurivillus var. calothamnos","Mimosa aurivillus","(Mart. ex Benth.) Barneby","1232384","variety","https://powo.science.kew.org/taxon/urn:lsid:ipni.org:names:967279-1","","Fabaceae","1","1","wcvp","0",""
"319","Mimosa peduncularis",1,"172413","Mimosa peduncularis",1,"species","","",NA,"Bong. ex Benth.","Fabaceae","Mimosa","Mimosa",1,"peduncularis","peduncularis",1,"","",NA,"","",NA,"","",NA,"","","https://powo.science.kew.org/taxon/urn:lsid:ipni.org:names:508462-1","","Y","Accepted","Mimosa peduncularis","Mimosa peduncularis","Bong. ex Benth.","172413","species","https://powo.science.kew.org/taxon/urn:lsid:ipni.org:names:508462-1","","Fabaceae","1","1","wcvp","0",""
"320","Mimosa leprosa",1,"167653","Mimosa leprosa",1,"species","","",NA,"(Bong. ex Benth.) J.F.Macbr.","Fabaceae","Mimosa","Mimosa",1,"leprosa","leprosa",1,"","",NA,"","",NA,"","",NA,"","","https://powo.science.kew.org/taxon/urn:lsid:ipni.org:names:161767-2","","Y","Accepted","Mimosa leprosa","Mimosa leprosa","(Bong. ex Benth.) J.F.Macbr.","167653","species","https://powo.science.kew.org/taxon/urn:lsid:ipni.org:names:161767-2","","Fabaceae","1","1","wcvp","0",""
"321","Mimosa leprosa var. leprosa",1,"1232385","Mimosa leprosa var. leprosa",1,"variety","","",NA,"","Fabaceae","Mimosa","Mimosa",1,"leprosa","leprosa",1,"","",NA,"var.","leprosa",1,"","",NA,"","","https://powo.science.kew.org/taxon/urn:lsid:ipni.org:names:77190442-1","","Y","Accepted","Mimosa leprosa var. leprosa","Mimosa leprosa","","1232385","variety","https://powo.science.kew.org/taxon/urn:lsid:ipni.org:names:77190442-1","","Fabaceae","1","1","wcvp","0",""
"322","Mimosa leprosa var. parviceps",1,"1288432","Mimosa leprosa var. parviceps",1,"variety","","",NA,"Barneby","Fabaceae","Mimosa","Mimosa",1,"leprosa","leprosa",1,"","",NA,"var.","parviceps",1,"","",NA,"","","https://powo.science.kew.org/taxon/urn:lsid:ipni.org:names:312883-2","","Y","Accepted","Mimosa leprosa var. parviceps","Mimosa leprosa","Barneby","1288432","variety","https://powo.science.kew.org/taxon/urn:lsid:ipni.org:names:312883-2","","Fabaceae","1","1","wcvp","0",""
"323","Mimosa calodendron",1,"1042432","Mimosa calodendron",1,"species","","",NA,"Mart. ex Benth.","Fabaceae","Mimosa","Mimosa",1,"calodendron","calodendron",1,"","",NA,"","",NA,"","",NA,"","","https://powo.science.kew.org/taxon/urn:lsid:ipni.org:names:312884-2","","Y","Accepted","Mimosa calodendron","Mimosa calodendron","Mart. ex Benth.","1042432","species","https://powo.science.kew.org/taxon/urn:lsid:ipni.org:names:312884-2","","Fabaceae","1","1","wcvp","0",""
"324","Mimosa macedoana",1,"167662","Mimosa macedoana",1,"species","","",NA,"Burkart","Fabaceae","Mimosa","Mimosa",1,"macedoana","macedoana",1,"","",NA,"","",NA,"","",NA,"","","https://powo.science.kew.org/taxon/urn:lsid:ipni.org:names:161787-2","","Y","Accepted","Mimosa macedoana","Mimosa macedoana","Burkart","167662","species","https://powo.science.kew.org/taxon/urn:lsid:ipni.org:names:161787-2","","Fabaceae","1","1","wcvp","0",""
"325","Mimosa macedoana var. macedoana",1,"1232386","Mimosa macedoana var. macedoana",1,"variety","","",NA,"","Fabaceae","Mimosa","Mimosa",1,"macedoana","macedoana",1,"","",NA,"var.","macedoana",1,"","",NA,"","","https://powo.science.kew.org/taxon/urn:lsid:ipni.org:names:77190508-1","","Y","Accepted","Mimosa macedoana var. macedoana","Mimosa macedoana","","1232386","variety","https://powo.science.kew.org/taxon/urn:lsid:ipni.org:names:77190508-1","","Fabaceae","1","1","wcvp","0",""
"326","Mimosa macedoana var. glabrescens",1,"1288465","Mimosa macedoana var. glabrescens",1,"variety","","",NA,"(Burkart) Barneby","Fabaceae","Mimosa","Mimosa",1,"macedoana","macedoana",1,"","",NA,"var.","glabrescens",1,"","",NA,"","","https://powo.science.kew.org/taxon/urn:lsid:ipni.org:names:967280-1","","Y","Accepted","Mimosa macedoana var. glabrescens","Mimosa macedoana","(Burkart) Barneby","1288465","variety","https://powo.science.kew.org/taxon/urn:lsid:ipni.org:names:967280-1","","Fabaceae","1","1","wcvp","0",""
"327","Mimosa chrysastra",1,"172290","Mimosa chrysastra",1,"species","","",NA,"Mart. ex Benth.","Fabaceae","Mimosa","Mimosa",1,"chrysastra","chrysastra",1,"","",NA,"","",NA,"","",NA,"","","https://powo.science.kew.org/taxon/urn:lsid:ipni.org:names:507807-1","","Y","Accepted","Mimosa chrysastra","Mimosa chrysastra","Mart. ex Benth.","172290","species","https://powo.science.kew.org/taxon/urn:lsid:ipni.org:names:507807-1","","Fabaceae","1","1","wcvp","0",""
"328","Mimosa chrysastra var. itambeana",1,"1288220","Mimosa chrysastra var. itambeana",1,"variety","","",NA,"Barneby","Fabaceae","Mimosa","Mimosa",1,"chrysastra","chrysastra",1,"","",NA,"var.","itambeana",1,"","",NA,"","","https://powo.science.kew.org/taxon/urn:lsid:ipni.org:names:312885-2","","Y","Accepted","Mimosa chrysastra var. itambeana","Mimosa chrysastra","Barneby","1288220","variety","https://powo.science.kew.org/taxon/urn:lsid:ipni.org:names:312885-2","","Fabaceae","1","1","wcvp","0",""
"329","Mimosa chrysastra var. chrysastra",1,"1232387","Mimosa chrysastra var. chrysastra",1,"variety","","",NA,"","Fabaceae","Mimosa","Mimosa",1,"chrysastra","chrysastra",1,"","",NA,"var.","chrysastra",1,"","",NA,"","","https://powo.science.kew.org/taxon/urn:lsid:ipni.org:names:77190462-1","","Y","Accepted","Mimosa chrysastra var. chrysastra","Mimosa chrysastra","","1232387","variety","https://powo.science.kew.org/taxon/urn:lsid:ipni.org:names:77190462-1","","Fabaceae","1","1","wcvp","0",""
"330","Mimosa scabrella",1,"163611","Mimosa scabrella",1,"species","","",NA,"Benth.","Fabaceae","Mimosa","Mimosa",1,"scabrella","scabrella",1,"","",NA,"","",NA,"","",NA,"","","https://powo.science.kew.org/taxon/urn:lsid:ipni.org:names:508647-1","","Y","Accepted","Mimosa scabrella","Mimosa scabrella","Benth.","163611","species","https://powo.science.kew.org/taxon/urn:lsid:ipni.org:names:508647-1","","Fabaceae","1","1","wcvp","0",""
"331","Mimosa eriocarpa",1,"172319","Mimosa eriocarpa",1,"species","","",NA,"Benth.","Fabaceae","Mimosa","Mimosa",1,"eriocarpa","eriocarpa",1,"","",NA,"","",NA,"","",NA,"","","https://powo.science.kew.org/taxon/urn:lsid:ipni.org:names:507962-1","","Y","Accepted","Mimosa eriocarpa","Mimosa eriocarpa","Benth.","172319","species","https://powo.science.kew.org/taxon/urn:lsid:ipni.org:names:507962-1","","Fabaceae","1","1","wcvp","0",""
"332","Mimosa taimbensis",1,"171552","Mimosa taimbensis",1,"species","","",NA,"Burkart","Fabaceae","Mimosa","Mimosa",1,"taimbensis","taimbensis",1,"","",NA,"","",NA,"","",NA,"","","https://powo.science.kew.org/taxon/urn:lsid:ipni.org:names:312886-2","","Y","Accepted","Mimosa taimbensis","Mimosa taimbensis","Burkart","171552","species","https://powo.science.kew.org/taxon/urn:lsid:ipni.org:names:312886-2","","Fabaceae","1","1","wcvp","0",""
"333","Mimosa lepidorepens",1,"167651","Mimosa lepidorepens",1,"species","","",NA,"Burkart","Fabaceae","Mimosa","Mimosa",1,"lepidorepens","lepidorepens",1,"","",NA,"","",NA,"","",NA,"","","https://powo.science.kew.org/taxon/urn:lsid:ipni.org:names:161765-2","","Y","Accepted","Mimosa lepidorepens","Mimosa lepidorepens","Burkart","167651","species","https://powo.science.kew.org/taxon/urn:lsid:ipni.org:names:161765-2","","Fabaceae","1","1","wcvp","0",""
"334","Mimosa bathyrrhena",1,"1232388","Mimosa bathyrrhena",1,"species","","",NA,"Barneby","Fabaceae","Mimosa","Mimosa",1,"bathyrrhena","bathyrrhena",1,"","",NA,"","",NA,"","",NA,"","","https://powo.science.kew.org/taxon/urn:lsid:ipni.org:names:312887-2","","Y","Accepted","Mimosa bathyrrhena","Mimosa bathyrrhena","Barneby","1232388","species","https://powo.science.kew.org/taxon/urn:lsid:ipni.org:names:312887-2","","Fabaceae","1","1","wcvp","0",""
"335","Mimosa bonplandii",1,"172271","Mimosa bonplandii",1,"species","","",NA,"Benth.","Fabaceae","Mimosa","Mimosa",1,"bonplandii","bonplandii",1,"","",NA,"","",NA,"","",NA,"","","https://powo.science.kew.org/taxon/urn:lsid:ipni.org:names:507715-1","","Y","Accepted","Mimosa bonplandii","Mimosa bonplandii","Benth.","172271","species","https://powo.science.kew.org/taxon/urn:lsid:ipni.org:names:507715-1","","Fabaceae","1","1","wcvp","0",""
"336","Mimosa urticaria",1,"1232389","Mimosa urticaria",1,"species","","",NA,"Barneby","Fabaceae","Mimosa","Mimosa",1,"urticaria","urticaria",1,"","",NA,"","",NA,"","",NA,"","","https://powo.science.kew.org/taxon/urn:lsid:ipni.org:names:312888-2","","Y","Accepted","Mimosa urticaria","Mimosa urticaria","Barneby","1232389","species","https://powo.science.kew.org/taxon/urn:lsid:ipni.org:names:312888-2","","Fabaceae","1","1","wcvp","0",""
"337","Mimosa daleoides",1,"172296","Mimosa daleoides",1,"species","","",NA,"Benth.","Fabaceae","Mimosa","Mimosa",1,"daleoides","daleoides",1,"","",NA,"","",NA,"","",NA,"","","https://powo.science.kew.org/taxon/urn:lsid:ipni.org:names:312889-2","","Y","Accepted","Mimosa daleoides","Mimosa daleoides","Benth.","172296","species","https://powo.science.kew.org/taxon/urn:lsid:ipni.org:names:312889-2","","Fabaceae","1","1","wcvp","0",""
"338","Mimosa pilulifera",1,"176448","Mimosa pilulifera",1,"species","","",NA,"Benth.","Fabaceae","Mimosa","Mimosa",1,"pilulifera","pilulifera",1,"","",NA,"","",NA,"","",NA,"","","https://powo.science.kew.org/taxon/urn:lsid:ipni.org:names:508491-1","","Y","Accepted","Mimosa pilulifera","Mimosa pilulifera","Benth.","176448","species","https://powo.science.kew.org/taxon/urn:lsid:ipni.org:names:508491-1","","Fabaceae","1","1","wcvp","0",""
"339","Mimosa pilulifera var. pseudincana",1,"1232390","Mimosa pilulifera var. pseudincana",1,"variety","","",NA,"(Burkart) Barneby","Fabaceae","Mimosa","Mimosa",1,"pilulifera","pilulifera",1,"","",NA,"var.","pseudincana",1,"","",NA,"","","https://powo.science.kew.org/taxon/urn:lsid:ipni.org:names:967281-1","","Y","Accepted","Mimosa pilulifera var. pseudincana","Mimosa pilulifera","(Burkart) Barneby","1232390","variety","https://powo.science.kew.org/taxon/urn:lsid:ipni.org:names:967281-1","","Fabaceae","1","1","wcvp","0",""
"340","Mimosa pilulifera var. pilulifera",1,"1232391","Mimosa pilulifera var. pilulifera",1,"variety","","",NA,"","Fabaceae","Mimosa","Mimosa",1,"pilulifera","pilulifera",1,"","",NA,"var.","pilulifera",1,"","",NA,"","","https://powo.science.kew.org/taxon/urn:lsid:ipni.org:names:77190578-1","","Y","Accepted","Mimosa pilulifera var. pilulifera","Mimosa pilulifera","","1232391","variety","https://powo.science.kew.org/taxon/urn:lsid:ipni.org:names:77190578-1","","Fabaceae","1","1","wcvp","0",""
"341","Mimosa psittacina",1,"1232392","Mimosa psittacina",1,"species","","",NA,"Barneby","Fabaceae","Mimosa","Mimosa",1,"psittacina","psittacina",1,"","",NA,"","",NA,"","",NA,"","","https://powo.science.kew.org/taxon/urn:lsid:ipni.org:names:312890-2","","Y","Accepted","Mimosa psittacina","Mimosa psittacina","Barneby","1232392","species","https://powo.science.kew.org/taxon/urn:lsid:ipni.org:names:312890-2","","Fabaceae","1","1","wcvp","0",""
"342","Mimosa rocae",1,"172426","Mimosa rocae",1,"species","","",NA,"Lorentz & Niederl.","Fabaceae","Mimosa","Mimosa",1,"rocae","rocae",1,"","",NA,"","",NA,"","",NA,"","","https://powo.science.kew.org/taxon/urn:lsid:ipni.org:names:508611-1","","Y","Accepted","Mimosa rocae","Mimosa rocae","Lorentz & Niederl.","172426","species","https://powo.science.kew.org/taxon/urn:lsid:ipni.org:names:508611-1","","Fabaceae","1","1","wcvp","0",""
"343","Mimosa berroi",1,"167561","Mimosa berroi",1,"species","","",NA,"Burkart","Fabaceae","Mimosa","Mimosa",1,"berroi","berroi",1,"","",NA,"","",NA,"","",NA,"","","https://powo.science.kew.org/taxon/urn:lsid:ipni.org:names:161531-2","","Y","Accepted","Mimosa berroi","Mimosa berroi","Burkart","167561","species","https://powo.science.kew.org/taxon/urn:lsid:ipni.org:names:161531-2","","Fabaceae","1","1","wcvp","0",""
"344","Mimosa incana",1,"178644","Mimosa incana",1,"species","","",NA,"Benth.","Fabaceae","Mimosa","Mimosa",1,"incana","incana",1,"","",NA,"","",NA,"","",NA,"","","https://powo.science.kew.org/taxon/urn:lsid:ipni.org:names:508148-1","","Y","Accepted","Mimosa incana","Mimosa incana","Benth.","178644","species","https://powo.science.kew.org/taxon/urn:lsid:ipni.org:names:508148-1","","Fabaceae","1","1","wcvp","0",""
"345","Mimosa flocculosa",1,"167613","Mimosa flocculosa",1,"species","","",NA,"Burkart","Fabaceae","Mimosa","Mimosa",1,"flocculosa","flocculosa",1,"","",NA,"","",NA,"","",NA,"","","https://powo.science.kew.org/taxon/urn:lsid:ipni.org:names:161668-2","","Y","Accepted","Mimosa flocculosa","Mimosa flocculosa","Burkart","167613","species","https://powo.science.kew.org/taxon/urn:lsid:ipni.org:names:161668-2","","Fabaceae","1","1","wcvp","0",""
"346","Mimosa plumosa",1,"167699","Mimosa plumosa",1,"species","","",NA,"Micheli","Fabaceae","Mimosa","Mimosa",1,"plumosa","plumosa",1,"","",NA,"","",NA,"","",NA,"","","https://powo.science.kew.org/taxon/urn:lsid:ipni.org:names:161898-2","","Y","Accepted","Mimosa plumosa","Mimosa plumosa","Micheli","167699","species","https://powo.science.kew.org/taxon/urn:lsid:ipni.org:names:161898-2","","Fabaceae","1","1","wcvp","0",""
"347","Mimosa involucrata",1,"172352","Mimosa involucrata",1,"species","","",NA,"Benth.","Fabaceae","Mimosa","Mimosa",1,"involucrata","involucrata",1,"","",NA,"","",NA,"","",NA,"","","https://powo.science.kew.org/taxon/urn:lsid:ipni.org:names:508166-1","","Y","Accepted","Mimosa involucrata","Mimosa involucrata","Benth.","172352","species","https://powo.science.kew.org/taxon/urn:lsid:ipni.org:names:508166-1","","Fabaceae","1","1","wcvp","0",""
"348","Mimosa setosa",1,"172441","Mimosa setosa",1,"species","","",NA,"Benth.","Fabaceae","Mimosa","Mimosa",1,"setosa","setosa",1,"","",NA,"","",NA,"","",NA,"","","https://powo.science.kew.org/taxon/urn:lsid:ipni.org:names:508684-1","","Y","Accepted","Mimosa setosa","Mimosa setosa","Benth.","172441","species","https://powo.science.kew.org/taxon/urn:lsid:ipni.org:names:508684-1","","Fabaceae","1","1","wcvp","0",""
"349","Mimosa setosa subsp. paludosa",1,"1333372","Mimosa setosa subsp. paludosa",1,"subspecies","","",NA,"(Benth.) Barneby","Fabaceae","Mimosa","Mimosa",1,"setosa","setosa",1,"","",NA,"subsp.","paludosa",1,"","",NA,"","","https://powo.science.kew.org/taxon/urn:lsid:ipni.org:names:967282-1","","Y","Synonym","Mimosa paludosa","Mimosa paludosa","Benth.","172406","species","https://powo.science.kew.org/taxon/urn:lsid:ipni.org:names:312892-2","","Fabaceae","1","1","wcvp","0",""
"350","Mimosa setosa subsp. paludosa var. palndosa",0.77149326622765,"1333372","Mimosa setosa subsp. paludosa",0.77149326622765,"subspecies","","",NA,"(Benth.) Barneby","Fabaceae","Mimosa","Mimosa",1,"setosa","setosa",1,"","",NA,"subsp.","paludosa",1,"","",NA,"","var. palndosa","https://powo.science.kew.org/taxon/urn:lsid:ipni.org:names:967282-1","","Y","Synonym","Mimosa paludosa","Mimosa paludosa","Benth.","172406","species","https://powo.science.kew.org/taxon/urn:lsid:ipni.org:names:312892-2","","Fabaceae","1","1","wcvp","1","[Partial]"
"351","Mimosa setosa subsp. paludosa var. metadenotricha",0.77149326622765,"1333372","Mimosa setosa subsp. paludosa",0.77149326622765,"subspecies","","",NA,"(Benth.) Barneby","Fabaceae","Mimosa","Mimosa",1,"setosa","setosa",1,"","",NA,"subsp.","paludosa",1,"","",NA,"","var. metadenotricha","https://powo.science.kew.org/taxon/urn:lsid:ipni.org:names:967282-1","","Y","Synonym","Mimosa paludosa","Mimosa paludosa","Benth.","172406","species","https://powo.science.kew.org/taxon/urn:lsid:ipni.org:names:312892-2","","Fabaceae","1","1","wcvp","1","[Partial]"
"352","Mimosa setosa subsp. setosa",0.96021221090168,"177666","Mimosa setosa var. setosa",0.96021221090168,"variety","","",NA,"","Fabaceae","Mimosa","Mimosa",1,"setosa","setosa",1,"","",NA,"var.","setosa",0.7,"","",NA,"","","https://powo.science.kew.org/taxon/urn:lsid:ipni.org:names:77190593-1","","Y","Accepted","Mimosa setosa var. setosa","Mimosa setosa","","177666","variety","https://powo.science.kew.org/taxon/urn:lsid:ipni.org:names:77190593-1","","Fabaceae","1","1","wcvp","0",""
"353","Mimosa setosa subsp. setosa var. setosa",0.61422004211051,"177666","Mimosa setosa var. setosa",0.61422004211051,"variety","","",NA,"","Fabaceae","Mimosa","Mimosa",1,"setosa","setosa",1,"","",NA,"var.","setosa",0.7,"","",NA,"","var. setosa","https://powo.science.kew.org/taxon/urn:lsid:ipni.org:names:77190593-1","","Y","Accepted","Mimosa setosa var. setosa","Mimosa setosa","","177666","variety","https://powo.science.kew.org/taxon/urn:lsid:ipni.org:names:77190593-1","","Fabaceae","1","1","wcvp","1","[Partial]"
"354","Mimosa setosa subsp. setosa var. pseudomelas",0.61422004211051,"177666","Mimosa setosa var. setosa",0.61422004211051,"variety","","",NA,"","Fabaceae","Mimosa","Mimosa",1,"setosa","setosa",1,"","",NA,"var.","setosa",0.7,"","",NA,"","var. pseudomelas","https://powo.science.kew.org/taxon/urn:lsid:ipni.org:names:77190593-1","","Y","Accepted","Mimosa setosa var. setosa","Mimosa setosa","","177666","variety","https://powo.science.kew.org/taxon/urn:lsid:ipni.org:names:77190593-1","","Fabaceae","1","1","wcvp","1","[Partial]"
"355","Mimosa setosa subsp. setosa var. nitens",0.61422004211051,"177666","Mimosa setosa var. setosa",0.61422004211051,"variety","","",NA,"","Fabaceae","Mimosa","Mimosa",1,"setosa","setosa",1,"","",NA,"var.","setosa",0.7,"","",NA,"","var. nitens","https://powo.science.kew.org/taxon/urn:lsid:ipni.org:names:77190593-1","","Y","Accepted","Mimosa setosa var. setosa","Mimosa setosa","","177666","variety","https://powo.science.kew.org/taxon/urn:lsid:ipni.org:names:77190593-1","","Fabaceae","1","1","wcvp","1","[Partial]"
"356","Mimosa setosa subsp. setosa var. rupigena",0.61422004211051,"177666","Mimosa setosa var. setosa",0.61422004211051,"variety","","",NA,"","Fabaceae","Mimosa","Mimosa",1,"setosa","setosa",1,"","",NA,"var.","setosa",0.7,"","",NA,"","var. rupigena","https://powo.science.kew.org/taxon/urn:lsid:ipni.org:names:77190593-1","","Y","Accepted","Mimosa setosa var. setosa","Mimosa setosa","","177666","variety","https://powo.science.kew.org/taxon/urn:lsid:ipni.org:names:77190593-1","","Fabaceae","1","1","wcvp","1","[Partial]"
"357","Mimosa setosa subsp. urbica",1,"1368984","Mimosa setosa subsp. urbica",1,"subspecies","","",NA,"Barneby","Fabaceae","Mimosa","Mimosa",1,"setosa","setosa",1,"","",NA,"subsp.","urbica",1,"","",NA,"","","https://powo.science.kew.org/taxon/urn:lsid:ipni.org:names:2373551-4","","Y","Synonym","Mimosa urbica","Mimosa urbica","(Barneby) Marc.F.Simon","1373461","species","https://powo.science.kew.org/taxon/urn:lsid:ipni.org:names:77175162-1","","Fabaceae","1","1","wcvp","0",""
"358","Mimosa setosa subsp. urbica var. urbica",0.77149326622765,"1368984","Mimosa setosa subsp. urbica",0.77149326622765,"subspecies","","",NA,"Barneby","Fabaceae","Mimosa","Mimosa",1,"setosa","setosa",1,"","",NA,"subsp.","urbica",1,"","",NA,"","var. urbica","https://powo.science.kew.org/taxon/urn:lsid:ipni.org:names:2373551-4","","Y","Synonym","Mimosa urbica","Mimosa urbica","(Barneby) Marc.F.Simon","1373461","species","https://powo.science.kew.org/taxon/urn:lsid:ipni.org:names:77175162-1","","Fabaceae","1","1","wcvp","1","[Partial]"
"359","Mimosa setosa subsp. urbica var. urbana",0.77149326622765,"1368984","Mimosa setosa subsp. urbica",0.77149326622765,"subspecies","","",NA,"Barneby","Fabaceae","Mimosa","Mimosa",1,"setosa","setosa",1,"","",NA,"subsp.","urbica",1,"","",NA,"","var. urbana","https://powo.science.kew.org/taxon/urn:lsid:ipni.org:names:2373551-4","","Y","Synonym","Mimosa urbica","Mimosa urbica","(Barneby) Marc.F.Simon","1373461","species","https://powo.science.kew.org/taxon/urn:lsid:ipni.org:names:77175162-1","","Fabaceae","1","1","wcvp","1","[Partial]"
"360","Mimosa melanocarpa",1,"172376","Mimosa melanocarpa",1,"species","","",NA,"Benth.","Fabaceae","Mimosa","Mimosa",1,"melanocarpa","melanocarpa",1,"","",NA,"","",NA,"","",NA,"","","https://powo.science.kew.org/taxon/urn:lsid:ipni.org:names:312900-2","","Y","Accepted","Mimosa melanocarpa","Mimosa melanocarpa","Benth.","172376","species","https://powo.science.kew.org/taxon/urn:lsid:ipni.org:names:312900-2","","Fabaceae","1","1","wcvp","0",""
"361","Mimosa caliciadenia",1,"1232394","Mimosa caliciadenia",1,"species","","",NA,"Barneby","Fabaceae","Mimosa","Mimosa",1,"caliciadenia","caliciadenia",1,"","",NA,"","",NA,"","",NA,"","","https://powo.science.kew.org/taxon/urn:lsid:ipni.org:names:312901-2","","Y","Accepted","Mimosa caliciadenia","Mimosa caliciadenia","Barneby","1232394","species","https://powo.science.kew.org/taxon/urn:lsid:ipni.org:names:312901-2","","Fabaceae","1","1","wcvp","0",""
"362","Mimosa accedens",1,"1232402","Mimosa accedens",1,"species","","",NA,"Barneby","Fabaceae","Mimosa","Mimosa",1,"accedens","accedens",1,"","",NA,"","",NA,"","",NA,"","","https://powo.science.kew.org/taxon/urn:lsid:ipni.org:names:312903-2","","Y","Accepted","Mimosa accedens","Mimosa accedens","Barneby","1232402","species","https://powo.science.kew.org/taxon/urn:lsid:ipni.org:names:312903-2","","Fabaceae","1","1","wcvp","0",""
"363","Mimosa riedelii",1,"172423","Mimosa riedelii",1,"species","","",NA,"Benth.","Fabaceae","Mimosa","Mimosa",1,"riedelii","riedelii",1,"","",NA,"","",NA,"","",NA,"","","https://powo.science.kew.org/taxon/urn:lsid:ipni.org:names:508607-1","","Y","Accepted","Mimosa riedelii","Mimosa riedelii","Benth.","172423","species","https://powo.science.kew.org/taxon/urn:lsid:ipni.org:names:508607-1","","Fabaceae","1","1","wcvp","0",""
"364","Mimosa orbignyana",1,"1230158","Mimosa orbignyana",1,"species","","",NA,"Barneby","Fabaceae","Mimosa","Mimosa",1,"orbignyana","orbignyana",1,"","",NA,"","",NA,"","",NA,"","","https://powo.science.kew.org/taxon/urn:lsid:ipni.org:names:312905-2","","Y","Accepted","Mimosa orbignyana","Mimosa orbignyana","Barneby","1230158","species","https://powo.science.kew.org/taxon/urn:lsid:ipni.org:names:312905-2","","Fabaceae","1","1","wcvp","0",""
"365","Mimosa foliolosa",1,"172328","Mimosa foliolosa",1,"species","","",NA,"Benth.","Fabaceae","Mimosa","Mimosa",1,"foliolosa","foliolosa",1,"","",NA,"","",NA,"","",NA,"","","https://powo.science.kew.org/taxon/urn:lsid:ipni.org:names:508024-1","","Y","Accepted","Mimosa foliolosa","Mimosa foliolosa","Benth.","172328","species","https://powo.science.kew.org/taxon/urn:lsid:ipni.org:names:508024-1","","Fabaceae","1","1","wcvp","0",""
"366","Mimosa foliolosa subsp. foliolosa",1,"1389090","Mimosa foliolosa subsp. foliolosa",1,"subspecies","","",NA,"","Fabaceae","Mimosa","Mimosa",1,"foliolosa","foliolosa",1,"","",NA,"subsp.","foliolosa",1,"","",NA,"","","https://powo.science.kew.org/taxon/urn:lsid:ipni.org:names:77190455-1","","Y","Accepted","Mimosa foliolosa subsp. foliolosa","Mimosa foliolosa","","1389090","subspecies","https://powo.science.kew.org/taxon/urn:lsid:ipni.org:names:77190455-1","","Fabaceae","1","1","wcvp","0",""
"367","Mimosa foliolosa subsp. foliolosa var. pubescens",0.77149326622765,"1389090","Mimosa foliolosa subsp. foliolosa",0.77149326622765,"subspecies","","",NA,"","Fabaceae","Mimosa","Mimosa",1,"foliolosa","foliolosa",1,"","",NA,"subsp.","foliolosa",1,"","",NA,"","var. pubescens","https://powo.science.kew.org/taxon/urn:lsid:ipni.org:names:77190455-1","","Y","Accepted","Mimosa foliolosa subsp. foliolosa","Mimosa foliolosa","","1389090","subspecies","https://powo.science.kew.org/taxon/urn:lsid:ipni.org:names:77190455-1","","Fabaceae","1","1","wcvp","1","[Partial]"
"368","Mimosa foliolosa subsp. foliolosa var. franciscana",0.77149326622765,"1389090","Mimosa foliolosa subsp. foliolosa",0.77149326622765,"subspecies","","",NA,"","Fabaceae","Mimosa","Mimosa",1,"foliolosa","foliolosa",1,"","",NA,"subsp.","foliolosa",1,"","",NA,"","var. franciscana","https://powo.science.kew.org/taxon/urn:lsid:ipni.org:names:77190455-1","","Y","Accepted","Mimosa foliolosa subsp. foliolosa","Mimosa foliolosa","","1389090","subspecies","https://powo.science.kew.org/taxon/urn:lsid:ipni.org:names:77190455-1","","Fabaceae","1","1","wcvp","1","[Partial]"
"369","Mimosa foliolosa subsp. foliolosa var. foliolosa",0.77149326622765,"1389090","Mimosa foliolosa subsp. foliolosa",0.77149326622765,"subspecies","","",NA,"","Fabaceae","Mimosa","Mimosa",1,"foliolosa","foliolosa",1,"","",NA,"subsp.","foliolosa",1,"","",NA,"","var. foliolosa","https://powo.science.kew.org/taxon/urn:lsid:ipni.org:names:77190455-1","","Y","Accepted","Mimosa foliolosa subsp. foliolosa","Mimosa foliolosa","","1389090","subspecies","https://powo.science.kew.org/taxon/urn:lsid:ipni.org:names:77190455-1","","Fabaceae","1","1","wcvp","1","[Partial]"
"370","Mimosa foliolosa subsp. foliolosa var. brevipinna",0.77149326622765,"1389090","Mimosa foliolosa subsp. foliolosa",0.77149326622765,"subspecies","","",NA,"","Fabaceae","Mimosa","Mimosa",1,"foliolosa","foliolosa",1,"","",NA,"subsp.","foliolosa",1,"","",NA,"","var. brevipinna","https://powo.science.kew.org/taxon/urn:lsid:ipni.org:names:77190455-1","","Y","Accepted","Mimosa foliolosa subsp. foliolosa","Mimosa foliolosa","","1389090","subspecies","https://powo.science.kew.org/taxon/urn:lsid:ipni.org:names:77190455-1","","Fabaceae","1","1","wcvp","1","[Partial]"
"371","Mimosa foliolosa subsp. foliolosa var. corpulenta",0.77149326622765,"1389090","Mimosa foliolosa subsp. foliolosa",0.77149326622765,"subspecies","","",NA,"","Fabaceae","Mimosa","Mimosa",1,"foliolosa","foliolosa",1,"","",NA,"subsp.","foliolosa",1,"","",NA,"","var. corpulenta","https://powo.science.kew.org/taxon/urn:lsid:ipni.org:names:77190455-1","","Y","Accepted","Mimosa foliolosa subsp. foliolosa","Mimosa foliolosa","","1389090","subspecies","https://powo.science.kew.org/taxon/urn:lsid:ipni.org:names:77190455-1","","Fabaceae","1","1","wcvp","1","[Partial]"
"372","Mimosa foliolosa subsp. pachycarpa",1,"1232404","Mimosa foliolosa subsp. pachycarpa",1,"subspecies","","",NA,"(Benth.) Barneby","Fabaceae","Mimosa","Mimosa",1,"foliolosa","foliolosa",1,"","",NA,"subsp.","pachycarpa",1,"","",NA,"","","https://powo.science.kew.org/taxon/urn:lsid:ipni.org:names:2374998-4","","Y","Synonym","Mimosa foliolosa var. pachycarpa","Mimosa foliolosa","(Benth.) Barneby","1232405","variety","https://powo.science.kew.org/taxon/urn:lsid:ipni.org:names:967289-1","","Fabaceae","1","1","wcvp","0",""
"373","Mimosa foliolosa subsp. pachycarpa var. multipinaa",0.77149326622765,"1232404","Mimosa foliolosa subsp. pachycarpa",0.77149326622765,"subspecies","","",NA,"(Benth.) Barneby","Fabaceae","Mimosa","Mimosa",1,"foliolosa","foliolosa",1,"","",NA,"subsp.","pachycarpa",1,"","",NA,"","var. multipinaa","https://powo.science.kew.org/taxon/urn:lsid:ipni.org:names:2374998-4","","Y","Synonym","Mimosa foliolosa var. pachycarpa","Mimosa foliolosa","(Benth.) Barneby","1232405","variety","https://powo.science.kew.org/taxon/urn:lsid:ipni.org:names:967289-1","","Fabaceae","1","1","wcvp","1","[Partial]"
"374","Mimosa foliolosa subsp. pachycarpa var. cercadoensis",0.77149326622765,"1232404","Mimosa foliolosa subsp. pachycarpa",0.77149326622765,"subspecies","","",NA,"(Benth.) Barneby","Fabaceae","Mimosa","Mimosa",1,"foliolosa","foliolosa",1,"","",NA,"subsp.","pachycarpa",1,"","",NA,"","var. cercadoensis","https://powo.science.kew.org/taxon/urn:lsid:ipni.org:names:2374998-4","","Y","Synonym","Mimosa foliolosa var. pachycarpa","Mimosa foliolosa","(Benth.) Barneby","1232405","variety","https://powo.science.kew.org/taxon/urn:lsid:ipni.org:names:967289-1","","Fabaceae","1","1","wcvp","1","[Partial]"
"375","Mimosa foliolosa subsp. pachycarpa var. foederalis",0.77149326622765,"1232404","Mimosa foliolosa subsp. pachycarpa",0.77149326622765,"subspecies","","",NA,"(Benth.) Barneby","Fabaceae","Mimosa","Mimosa",1,"foliolosa","foliolosa",1,"","",NA,"subsp.","pachycarpa",1,"","",NA,"","var. foederalis","https://powo.science.kew.org/taxon/urn:lsid:ipni.org:names:2374998-4","","Y","Synonym","Mimosa foliolosa var. pachycarpa","Mimosa foliolosa","(Benth.) Barneby","1232405","variety","https://powo.science.kew.org/taxon/urn:lsid:ipni.org:names:967289-1","","Fabaceae","1","1","wcvp","1","[Partial]"
"376","Mimosa foliolosa subsp. pachycarpa var. gravida",0.77149326622765,"1232404","Mimosa foliolosa subsp. pachycarpa",0.77149326622765,"subspecies","","",NA,"(Benth.) Barneby","Fabaceae","Mimosa","Mimosa",1,"foliolosa","foliolosa",1,"","",NA,"subsp.","pachycarpa",1,"","",NA,"","var. gravida","https://powo.science.kew.org/taxon/urn:lsid:ipni.org:names:2374998-4","","Y","Synonym","Mimosa foliolosa var. pachycarpa","Mimosa foliolosa","(Benth.) Barneby","1232405","variety","https://powo.science.kew.org/taxon/urn:lsid:ipni.org:names:967289-1","","Fabaceae","1","1","wcvp","1","[Partial]"
"377","Mimosa foliolosa subsp. pachycarpa var. pachycarpa",0.77149326622765,"1232404","Mimosa foliolosa subsp. pachycarpa",0.77149326622765,"subspecies","","",NA,"(Benth.) Barneby","Fabaceae","Mimosa","Mimosa",1,"foliolosa","foliolosa",1,"","",NA,"subsp.","pachycarpa",1,"","",NA,"","var. pachycarpa","https://powo.science.kew.org/taxon/urn:lsid:ipni.org:names:2374998-4","","Y","Synonym","Mimosa foliolosa var. pachycarpa","Mimosa foliolosa","(Benth.) Barneby","1232405","variety","https://powo.science.kew.org/taxon/urn:lsid:ipni.org:names:967289-1","","Fabaceae","1","1","wcvp","1","[Partial]"
"378","Mimosa foliolosa subsp. pachycarpa var. viscidula",0.77149326622765,"1232404","Mimosa foliolosa subsp. pachycarpa",0.77149326622765,"subspecies","","",NA,"(Benth.) Barneby","Fabaceae","Mimosa","Mimosa",1,"foliolosa","foliolosa",1,"","",NA,"subsp.","pachycarpa",1,"","",NA,"","var. viscidula","https://powo.science.kew.org/taxon/urn:lsid:ipni.org:names:2374998-4","","Y","Synonym","Mimosa foliolosa var. pachycarpa","Mimosa foliolosa","(Benth.) Barneby","1232405","variety","https://powo.science.kew.org/taxon/urn:lsid:ipni.org:names:967289-1","","Fabaceae","1","1","wcvp","1","[Partial]"
"379","Mimosa foliolosa subsp. pachycarpa var. vernicosa",0.77149326622765,"1232404","Mimosa foliolosa subsp. pachycarpa",0.77149326622765,"subspecies","","",NA,"(Benth.) Barneby","Fabaceae","Mimosa","Mimosa",1,"foliolosa","foliolosa",1,"","",NA,"subsp.","pachycarpa",1,"","",NA,"","var. vernicosa","https://powo.science.kew.org/taxon/urn:lsid:ipni.org:names:2374998-4","","Y","Synonym","Mimosa foliolosa var. pachycarpa","Mimosa foliolosa","(Benth.) Barneby","1232405","variety","https://powo.science.kew.org/taxon/urn:lsid:ipni.org:names:967289-1","","Fabaceae","1","1","wcvp","1","[Partial]"
"380","Mimosa foliolosa subsp. pachycarpa var. peregrina",0.77149326622765,"1232404","Mimosa foliolosa subsp. pachycarpa",0.77149326622765,"subspecies","","",NA,"(Benth.) Barneby","Fabaceae","Mimosa","Mimosa",1,"foliolosa","foliolosa",1,"","",NA,"subsp.","pachycarpa",1,"","",NA,"","var. peregrina","https://powo.science.kew.org/taxon/urn:lsid:ipni.org:names:2374998-4","","Y","Synonym","Mimosa foliolosa var. pachycarpa","Mimosa foliolosa","(Benth.) Barneby","1232405","variety","https://powo.science.kew.org/taxon/urn:lsid:ipni.org:names:967289-1","","Fabaceae","1","1","wcvp","1","[Partial]"
"381","Mimosa foliolosa subsp. brevibractea",1,"1368981","Mimosa foliolosa subsp. brevibractea",1,"subspecies","","",NA,"Barneby","Fabaceae","Mimosa","Mimosa",1,"foliolosa","foliolosa",1,"","",NA,"subsp.","brevibractea",1,"","",NA,"","","https://powo.science.kew.org/taxon/urn:lsid:ipni.org:names:312918-2","","Y","Accepted","Mimosa foliolosa subsp. brevibractea","Mimosa foliolosa","Barneby","1368981","subspecies","https://powo.science.kew.org/taxon/urn:lsid:ipni.org:names:312918-2","","Fabaceae","1","1","wcvp","0",""
"382","Mimosa foliolosa subsp. brevibractea var. brevibractea",0.77149326622765,"1368981","Mimosa foliolosa subsp. brevibractea",0.77149326622765,"subspecies","","",NA,"Barneby","Fabaceae","Mimosa","Mimosa",1,"foliolosa","foliolosa",1,"","",NA,"subsp.","brevibractea",1,"","",NA,"","var. brevibractea","https://powo.science.kew.org/taxon/urn:lsid:ipni.org:names:312918-2","","Y","Accepted","Mimosa foliolosa subsp. brevibractea","Mimosa foliolosa","Barneby","1368981","subspecies","https://powo.science.kew.org/taxon/urn:lsid:ipni.org:names:312918-2","","Fabaceae","1","1","wcvp","1","[Partial]"
"383","Mimosa foliolosa subsp. brevibractea var. paranani",0.77149326622765,"1368981","Mimosa foliolosa subsp. brevibractea",0.77149326622765,"subspecies","","",NA,"Barneby","Fabaceae","Mimosa","Mimosa",1,"foliolosa","foliolosa",1,"","",NA,"subsp.","brevibractea",1,"","",NA,"","var. paranani","https://powo.science.kew.org/taxon/urn:lsid:ipni.org:names:312918-2","","Y","Accepted","Mimosa foliolosa subsp. brevibractea","Mimosa foliolosa","Barneby","1368981","subspecies","https://powo.science.kew.org/taxon/urn:lsid:ipni.org:names:312918-2","","Fabaceae","1","1","wcvp","1","[Partial]"
"384","Mimosa foliolosa subsp. brevibractea var. antana",0.77149326622765,"1368981","Mimosa foliolosa subsp. brevibractea",0.77149326622765,"subspecies","","",NA,"Barneby","Fabaceae","Mimosa","Mimosa",1,"foliolosa","foliolosa",1,"","",NA,"subsp.","brevibractea",1,"","",NA,"","var. antana","https://powo.science.kew.org/taxon/urn:lsid:ipni.org:names:312918-2","","Y","Accepted","Mimosa foliolosa subsp. brevibractea","Mimosa foliolosa","Barneby","1368981","subspecies","https://powo.science.kew.org/taxon/urn:lsid:ipni.org:names:312918-2","","Fabaceae","1","1","wcvp","1","[Partial]"
"385","Mimosa foliolosa subsp. brevibractea var. rigens",0.77149326622765,"1368981","Mimosa foliolosa subsp. brevibractea",0.77149326622765,"subspecies","","",NA,"Barneby","Fabaceae","Mimosa","Mimosa",1,"foliolosa","foliolosa",1,"","",NA,"subsp.","brevibractea",1,"","",NA,"","var. rigens","https://powo.science.kew.org/taxon/urn:lsid:ipni.org:names:312918-2","","Y","Accepted","Mimosa foliolosa subsp. brevibractea","Mimosa foliolosa","Barneby","1368981","subspecies","https://powo.science.kew.org/taxon/urn:lsid:ipni.org:names:312918-2","","Fabaceae","1","1","wcvp","1","[Partial]"
"386","Mimosa pachycarpoides",1,"167685","Mimosa pachycarpoides",1,"species","","",NA,"Malme","Fabaceae","Mimosa","Mimosa",1,"pachycarpoides","pachycarpoides",1,"","",NA,"","",NA,"","",NA,"","","https://powo.science.kew.org/taxon/urn:lsid:ipni.org:names:161864-2","","Y","Accepted","Mimosa pachycarpoides","Mimosa pachycarpoides","Malme","167685","species","https://powo.science.kew.org/taxon/urn:lsid:ipni.org:names:161864-2","","Fabaceae","1","1","wcvp","0",""
"387","Mimosa auriberbis",1,"1232407","Mimosa auriberbis",1,"species","","",NA,"Barneby","Fabaceae","Mimosa","Mimosa",1,"auriberbis","auriberbis",1,"","",NA,"","",NA,"","",NA,"","","https://powo.science.kew.org/taxon/urn:lsid:ipni.org:names:312922-2","","Y","Accepted","Mimosa auriberbis","Mimosa auriberbis","Barneby","1232407","species","https://powo.science.kew.org/taxon/urn:lsid:ipni.org:names:312922-2","","Fabaceae","1","1","wcvp","0",""
"388","Mimosa rava",1,"1232408","Mimosa rava",1,"species","","",NA,"Barneby","Fabaceae","Mimosa","Mimosa",1,"rava","rava",1,"","",NA,"","",NA,"","",NA,"","","https://powo.science.kew.org/taxon/urn:lsid:ipni.org:names:312923-2","","Y","Accepted","Mimosa rava","Mimosa rava","Barneby","1232408","species","https://powo.science.kew.org/taxon/urn:lsid:ipni.org:names:312923-2","","Fabaceae","1","1","wcvp","0",""
"389","Mimosa leiocephala",1,"172362","Mimosa leiocephala",1,"species","","",NA,"Benth.","Fabaceae","Mimosa","Mimosa",1,"leiocephala","leiocephala",1,"","",NA,"","",NA,"","",NA,"","","https://powo.science.kew.org/taxon/urn:lsid:ipni.org:names:508221-1","","Y","Accepted","Mimosa leiocephala","Mimosa leiocephala","Benth.","172362","species","https://powo.science.kew.org/taxon/urn:lsid:ipni.org:names:508221-1","","Fabaceae","1","1","wcvp","0",""
"390","Mimosa nitens",1,"172394","Mimosa nitens",1,"species","","",NA,"Benth.","Fabaceae","Mimosa","Mimosa",1,"nitens","nitens",1,"","",NA,"","",NA,"","",NA,"","","https://powo.science.kew.org/taxon/urn:lsid:ipni.org:names:508388-1","","Y","Accepted","Mimosa nitens","Mimosa nitens","Benth.","172394","species","https://powo.science.kew.org/taxon/urn:lsid:ipni.org:names:508388-1","","Fabaceae","1","1","wcvp","0",""
"391","Mimosa lithoreas",1,"1232409","Mimosa lithoreas",1,"species","","",NA,"Barneby","Fabaceae","Mimosa","Mimosa",1,"lithoreas","lithoreas",1,"","",NA,"","",NA,"","",NA,"","","https://powo.science.kew.org/taxon/urn:lsid:ipni.org:names:312924-2","","Y","Accepted","Mimosa lithoreas","Mimosa lithoreas","Barneby","1232409","species","https://powo.science.kew.org/taxon/urn:lsid:ipni.org:names:312924-2","","Fabaceae","1","1","wcvp","0",""
"392","Mimosa humivagans",1,"1232417","Mimosa humivagans",1,"species","","",NA,"Barneby","Fabaceae","Mimosa","Mimosa",1,"humivagans","humivagans",1,"","",NA,"","",NA,"","",NA,"","","https://powo.science.kew.org/taxon/urn:lsid:ipni.org:names:312925-2","","Y","Accepted","Mimosa humivagans","Mimosa humivagans","Barneby","1232417","species","https://powo.science.kew.org/taxon/urn:lsid:ipni.org:names:312925-2","","Fabaceae","1","1","wcvp","0",""
"393","Mimosa prorepens",1,"1232418","Mimosa prorepens",1,"species","","",NA,"Barneby","Fabaceae","Mimosa","Mimosa",1,"prorepens","prorepens",1,"","",NA,"","",NA,"","",NA,"","","https://powo.science.kew.org/taxon/urn:lsid:ipni.org:names:312926-2","","Y","Accepted","Mimosa prorepens","Mimosa prorepens","Barneby","1232418","species","https://powo.science.kew.org/taxon/urn:lsid:ipni.org:names:312926-2","","Fabaceae","1","1","wcvp","0",""
"394","Mimosa pseudofoliolosa",1,"1232419","Mimosa pseudofoliolosa",1,"species","","",NA,"Barneby","Fabaceae","Mimosa","Mimosa",1,"pseudofoliolosa","pseudofoliolosa",1,"","",NA,"","",NA,"","",NA,"","","https://powo.science.kew.org/taxon/urn:lsid:ipni.org:names:312927-2","","Y","Accepted","Mimosa pseudofoliolosa","Mimosa pseudofoliolosa","Barneby","1232419","species","https://powo.science.kew.org/taxon/urn:lsid:ipni.org:names:312927-2","","Fabaceae","1","1","wcvp","0",""
"395","Mimosa antrorsa",1,"172260","Mimosa antrorsa",1,"species","","",NA,"Benth.","Fabaceae","Mimosa","Mimosa",1,"antrorsa","antrorsa",1,"","",NA,"","",NA,"","",NA,"","","https://powo.science.kew.org/taxon/urn:lsid:ipni.org:names:507648-1","","Y","Accepted","Mimosa antrorsa","Mimosa antrorsa","Benth.","172260","species","https://powo.science.kew.org/taxon/urn:lsid:ipni.org:names:507648-1","","Fabaceae","1","1","wcvp","0",""
"396","Mimosa adenotricha",1,"172253","Mimosa adenotricha",1,"species","","",NA,"Benth.","Fabaceae","Mimosa","Mimosa",1,"adenotricha","adenotricha",1,"","",NA,"","",NA,"","",NA,"","","https://powo.science.kew.org/taxon/urn:lsid:ipni.org:names:507604-1","","Y","Accepted","Mimosa adenotricha","Mimosa adenotricha","Benth.","172253","species","https://powo.science.kew.org/taxon/urn:lsid:ipni.org:names:507604-1","","Fabaceae","1","1","wcvp","0",""
"397","Mimosa albolanata",1,"167541","Mimosa albolanata",1,"species","","",NA,"Taub.","Fabaceae","Mimosa","Mimosa",1,"albolanata","albolanata",1,"","",NA,"","",NA,"","",NA,"","","https://powo.science.kew.org/taxon/urn:lsid:ipni.org:names:161480-2","","Y","Accepted","Mimosa albolanata","Mimosa albolanata","Taub.","167541","species","https://powo.science.kew.org/taxon/urn:lsid:ipni.org:names:161480-2","","Fabaceae","1","1","wcvp","0",""
"398","Mimosa albolanata var. brasiliana",1,"1288243","Mimosa albolanata var. brasiliana",1,"variety","","",NA,"Barneby","Fabaceae","Mimosa","Mimosa",1,"albolanata","albolanata",1,"","",NA,"var.","brasiliana",1,"","",NA,"","","https://powo.science.kew.org/taxon/urn:lsid:ipni.org:names:312928-2","","Y","Accepted","Mimosa albolanata var. brasiliana","Mimosa albolanata","Barneby","1288243","variety","https://powo.science.kew.org/taxon/urn:lsid:ipni.org:names:312928-2","","Fabaceae","1","1","wcvp","0",""
"399","Mimosa albolanata var. albolanata",1,"1232420","Mimosa albolanata var. albolanata",1,"variety","","",NA,"","Fabaceae","Mimosa","Mimosa",1,"albolanata","albolanata",1,"","",NA,"var.","albolanata",1,"","",NA,"","","https://powo.science.kew.org/taxon/urn:lsid:ipni.org:names:77190451-1","","Y","Accepted","Mimosa albolanata var. albolanata","Mimosa albolanata","","1232420","variety","https://powo.science.kew.org/taxon/urn:lsid:ipni.org:names:77190451-1","","Fabaceae","1","1","wcvp","0",""
"400","Mimosa albolanata var. paucipinna",1,"1288245","Mimosa albolanata var. paucipinna",1,"variety","","",NA,"(Benth.) Barneby","Fabaceae","Mimosa","Mimosa",1,"albolanata","albolanata",1,"","",NA,"var.","paucipinna",1,"","",NA,"","","https://powo.science.kew.org/taxon/urn:lsid:ipni.org:names:967291-1","","Y","Accepted","Mimosa albolanata var. paucipinna","Mimosa albolanata","(Benth.) Barneby","1288245","variety","https://powo.science.kew.org/taxon/urn:lsid:ipni.org:names:967291-1","","Fabaceae","1","1","wcvp","0",""
"401","Mimosa albolanata var. grossiceps",1,"1288244","Mimosa albolanata var. grossiceps",1,"variety","","",NA,"Barneby","Fabaceae","Mimosa","Mimosa",1,"albolanata","albolanata",1,"","",NA,"var.","grossiceps",1,"","",NA,"","","https://powo.science.kew.org/taxon/urn:lsid:ipni.org:names:312929-2","","Y","Accepted","Mimosa albolanata var. grossiceps","Mimosa albolanata","Barneby","1288244","variety","https://powo.science.kew.org/taxon/urn:lsid:ipni.org:names:312929-2","","Fabaceae","1","1","wcvp","0",""
"402","Mimosa eriorrhachis",1,"1232421","Mimosa eriorrhachis",1,"species","","",NA,"Barneby","Fabaceae","Mimosa","Mimosa",1,"eriorrhachis","eriorrhachis",1,"","",NA,"","",NA,"","",NA,"","","https://powo.science.kew.org/taxon/urn:lsid:ipni.org:names:312930-2","","Y","Accepted","Mimosa eriorrhachis","Mimosa eriorrhachis","Barneby","1232421","species","https://powo.science.kew.org/taxon/urn:lsid:ipni.org:names:312930-2","","Fabaceae","1","1","wcvp","0",""
"403","Mimosa cryptothamnos",1,"1232422","Mimosa cryptothamnos",1,"species","","",NA,"Barneby","Fabaceae","Mimosa","Mimosa",1,"cryptothamnos","cryptothamnos",1,"","",NA,"","",NA,"","",NA,"","","https://powo.science.kew.org/taxon/urn:lsid:ipni.org:names:312931-2","","Y","Accepted","Mimosa cryptothamnos","Mimosa cryptothamnos","Barneby","1232422","species","https://powo.science.kew.org/taxon/urn:lsid:ipni.org:names:312931-2","","Fabaceae","1","1","wcvp","0",""
"404","Mimosa claussenii",1,"182230","Mimosa claussenii",1,"species","","",NA,"Benth.","Fabaceae","Mimosa","Mimosa",1,"claussenii","claussenii",1,"","",NA,"","",NA,"","",NA,"","","https://powo.science.kew.org/taxon/urn:lsid:ipni.org:names:312932-2","","Y","Accepted","Mimosa claussenii","Mimosa claussenii","Benth.","182230","species","https://powo.science.kew.org/taxon/urn:lsid:ipni.org:names:312932-2","","Fabaceae","1","1","wcvp","0",""
"405","Mimosa claussenii var. claussenii",1,"1232423","Mimosa claussenii var. claussenii",1,"variety","","",NA,"","Fabaceae","Mimosa","Mimosa",1,"claussenii","claussenii",1,"","",NA,"var.","claussenii",1,"","",NA,"","","https://powo.science.kew.org/taxon/urn:lsid:ipni.org:names:77190493-1","","Y","Accepted","Mimosa claussenii var. claussenii","Mimosa claussenii","","1232423","variety","https://powo.science.kew.org/taxon/urn:lsid:ipni.org:names:77190493-1","","Fabaceae","1","1","wcvp","0",""
"406","Mimosa claussenii var. prorsiseta",1,"1288400","Mimosa claussenii var. prorsiseta",1,"variety","","",NA,"Barneby","Fabaceae","Mimosa","Mimosa",1,"claussenii","claussenii",1,"","",NA,"var.","prorsiseta",1,"","",NA,"","","https://powo.science.kew.org/taxon/urn:lsid:ipni.org:names:312934-2","","Y","Accepted","Mimosa claussenii var. prorsiseta","Mimosa claussenii","Barneby","1288400","variety","https://powo.science.kew.org/taxon/urn:lsid:ipni.org:names:312934-2","","Fabaceae","1","1","wcvp","0",""
"407","Mimosa claussenii var. corneiseta",1,"1288222","Mimosa claussenii var. corneiseta",1,"variety","","",NA,"Barneby","Fabaceae","Mimosa","Mimosa",1,"claussenii","claussenii",1,"","",NA,"var.","corneiseta",1,"","",NA,"","","https://powo.science.kew.org/taxon/urn:lsid:ipni.org:names:312935-2","","Y","Accepted","Mimosa claussenii var. corneiseta","Mimosa claussenii","Barneby","1288222","variety","https://powo.science.kew.org/taxon/urn:lsid:ipni.org:names:312935-2","","Fabaceae","1","1","wcvp","0",""
"408","Mimosa claussenii var. vespertilionis",1,"1288403","Mimosa claussenii var. vespertilionis",1,"variety","","",NA,"Barneby","Fabaceae","Mimosa","Mimosa",1,"claussenii","claussenii",1,"","",NA,"var.","vespertilionis",1,"","",NA,"","","https://powo.science.kew.org/taxon/urn:lsid:ipni.org:names:312936-2","","Y","Accepted","Mimosa claussenii var. vespertilionis","Mimosa claussenii","Barneby","1288403","variety","https://powo.science.kew.org/taxon/urn:lsid:ipni.org:names:312936-2","","Fabaceae","1","1","wcvp","0",""
"409","Mimosa claussenii var. megistophylla",1,"1288398","Mimosa claussenii var. megistophylla",1,"variety","","",NA,"Barneby","Fabaceae","Mimosa","Mimosa",1,"claussenii","claussenii",1,"","",NA,"var.","megistophylla",1,"","",NA,"","","https://powo.science.kew.org/taxon/urn:lsid:ipni.org:names:312937-2","","Y","Accepted","Mimosa claussenii var. megistophylla","Mimosa claussenii","Barneby","1288398","variety","https://powo.science.kew.org/taxon/urn:lsid:ipni.org:names:312937-2","","Fabaceae","1","1","wcvp","0",""
"410","Mimosa claussenii var. soderstromii",1,"1288402","Mimosa claussenii var. soderstromii",1,"variety","","",NA,"Barneby","Fabaceae","Mimosa","Mimosa",1,"claussenii","claussenii",1,"","",NA,"var.","soderstromii",1,"","",NA,"","","https://powo.science.kew.org/taxon/urn:lsid:ipni.org:names:312938-2","","Y","Accepted","Mimosa claussenii var. soderstromii","Mimosa claussenii","Barneby","1288402","variety","https://powo.science.kew.org/taxon/urn:lsid:ipni.org:names:312938-2","","Fabaceae","1","1","wcvp","0",""
"411","Mimosa claussenii var. microphyllidia",1,"1288399","Mimosa claussenii var. microphyllidia",1,"variety","","",NA,"Barneby","Fabaceae","Mimosa","Mimosa",1,"claussenii","claussenii",1,"","",NA,"var.","microphyllidia",1,"","",NA,"","","https://powo.science.kew.org/taxon/urn:lsid:ipni.org:names:312939-2","","Y","Accepted","Mimosa claussenii var. microphyllidia","Mimosa claussenii","Barneby","1288399","variety","https://powo.science.kew.org/taxon/urn:lsid:ipni.org:names:312939-2","","Fabaceae","1","1","wcvp","0",""
"412","Mimosa claussenii var. pumila",1,"1288401","Mimosa claussenii var. pumila",1,"variety","","",NA,"Barneby","Fabaceae","Mimosa","Mimosa",1,"claussenii","claussenii",1,"","",NA,"var.","pumila",1,"","",NA,"","","https://powo.science.kew.org/taxon/urn:lsid:ipni.org:names:312940-2","","Y","Accepted","Mimosa claussenii var. pumila","Mimosa claussenii","Barneby","1288401","variety","https://powo.science.kew.org/taxon/urn:lsid:ipni.org:names:312940-2","","Fabaceae","1","1","wcvp","0",""
"413","Mimosa claussenii var. claviceps",1,"1288221","Mimosa claussenii var. claviceps",1,"variety","","",NA,"Barneby","Fabaceae","Mimosa","Mimosa",1,"claussenii","claussenii",1,"","",NA,"var.","claviceps",1,"","",NA,"","","https://powo.science.kew.org/taxon/urn:lsid:ipni.org:names:312941-2","","Y","Accepted","Mimosa claussenii var. claviceps","Mimosa claussenii","Barneby","1288221","variety","https://powo.science.kew.org/taxon/urn:lsid:ipni.org:names:312941-2","","Fabaceae","1","1","wcvp","0",""
"414","Mimosa claussenii var. dolichopoda",1,"1288223","Mimosa claussenii var. dolichopoda",1,"variety","","",NA,"Barneby","Fabaceae","Mimosa","Mimosa",1,"claussenii","claussenii",1,"","",NA,"var.","dolichopoda",1,"","",NA,"","","https://powo.science.kew.org/taxon/urn:lsid:ipni.org:names:312942-2","","Y","Accepted","Mimosa claussenii var. dolichopoda","Mimosa claussenii","Barneby","1288223","variety","https://powo.science.kew.org/taxon/urn:lsid:ipni.org:names:312942-2","","Fabaceae","1","1","wcvp","0",""
"415","Mimosa gardneri",1,"172330","Mimosa gardneri",1,"species","","",NA,"Benth.","Fabaceae","Mimosa","Mimosa",1,"gardneri","gardneri",1,"","",NA,"","",NA,"","",NA,"","","https://powo.science.kew.org/taxon/urn:lsid:ipni.org:names:312943-2","","Y","Accepted","Mimosa gardneri","Mimosa gardneri","Benth.","172330","species","https://powo.science.kew.org/taxon/urn:lsid:ipni.org:names:312943-2","","Fabaceae","1","1","wcvp","0",""
"416","Mimosa stylosa",1,"1232430","Mimosa stylosa",1,"species","","",NA,"Barneby","Fabaceae","Mimosa","Mimosa",1,"stylosa","stylosa",1,"","",NA,"","",NA,"","",NA,"","","https://powo.science.kew.org/taxon/urn:lsid:ipni.org:names:312944-2","","Y","Accepted","Mimosa stylosa","Mimosa stylosa","Barneby","1232430","species","https://powo.science.kew.org/taxon/urn:lsid:ipni.org:names:312944-2","","Fabaceae","1","1","wcvp","0",""
"417","Mimosa rheiptera",1,"1232431","Mimosa rheiptera",1,"species","","",NA,"Barneby","Fabaceae","Mimosa","Mimosa",1,"rheiptera","rheiptera",1,"","",NA,"","",NA,"","",NA,"","","https://powo.science.kew.org/taxon/urn:lsid:ipni.org:names:312945-2","","Y","Accepted","Mimosa rheiptera","Mimosa rheiptera","Barneby","1232431","species","https://powo.science.kew.org/taxon/urn:lsid:ipni.org:names:312945-2","","Fabaceae","1","1","wcvp","0",""
"418","Mimosa struthionoptera",1,"1232432","Mimosa struthionoptera",1,"species","","",NA,"Barneby","Fabaceae","Mimosa","Mimosa",1,"struthionoptera","struthionoptera",1,"","",NA,"","",NA,"","",NA,"","","https://powo.science.kew.org/taxon/urn:lsid:ipni.org:names:312946-2","","Y","Accepted","Mimosa struthionoptera","Mimosa struthionoptera","Barneby","1232432","species","https://powo.science.kew.org/taxon/urn:lsid:ipni.org:names:312946-2","","Fabaceae","1","1","wcvp","0",""
"419","Mimosa longepedunculata",1,"167658","Mimosa longepedunculata",1,"species","","",NA,"Taub.","Fabaceae","Mimosa","Mimosa",1,"longepedunculata","longepedunculata",1,"","",NA,"","",NA,"","",NA,"","","https://powo.science.kew.org/taxon/urn:lsid:ipni.org:names:161780-2","","Y","Accepted","Mimosa longepedunculata","Mimosa longepedunculata","Taub.","167658","species","https://powo.science.kew.org/taxon/urn:lsid:ipni.org:names:161780-2","","Fabaceae","1","1","wcvp","0",""
"420","Mimosa setosissima",1,"167725","Mimosa setosissima",1,"species","","",NA,"Taub.","Fabaceae","Mimosa","Mimosa",1,"setosissima","setosissima",1,"","",NA,"","",NA,"","",NA,"","","https://powo.science.kew.org/taxon/urn:lsid:ipni.org:names:161981-2","","Y","Accepted","Mimosa setosissima","Mimosa setosissima","Taub.","167725","species","https://powo.science.kew.org/taxon/urn:lsid:ipni.org:names:161981-2","","Fabaceae","1","1","wcvp","0",""
"421","Mimosa decorticans",1,"1232433","Mimosa decorticans",1,"species","","",NA,"Barneby","Fabaceae","Mimosa","Mimosa",1,"decorticans","decorticans",1,"","",NA,"","",NA,"","",NA,"","","https://powo.science.kew.org/taxon/urn:lsid:ipni.org:names:312981-2","","Y","Accepted","Mimosa decorticans","Mimosa decorticans","Barneby","1232433","species","https://powo.science.kew.org/taxon/urn:lsid:ipni.org:names:312981-2","","Fabaceae","1","1","wcvp","0",""
"422","Mimosa heringeri",1,"1232434","Mimosa heringeri",1,"species","","",NA,"Barneby","Fabaceae","Mimosa","Mimosa",1,"heringeri","heringeri",1,"","",NA,"","",NA,"","",NA,"","","https://powo.science.kew.org/taxon/urn:lsid:ipni.org:names:312982-2","","Y","Accepted","Mimosa heringeri","Mimosa heringeri","Barneby","1232434","species","https://powo.science.kew.org/taxon/urn:lsid:ipni.org:names:312982-2","","Fabaceae","1","1","wcvp","0",""
"423","Mimosa densa",1,"172298","Mimosa densa",1,"species","","",NA,"Benth.","Fabaceae","Mimosa","Mimosa",1,"densa","densa",1,"","",NA,"","",NA,"","",NA,"","","https://powo.science.kew.org/taxon/urn:lsid:ipni.org:names:507892-1","","Y","Accepted","Mimosa densa","Mimosa densa","Benth.","172298","species","https://powo.science.kew.org/taxon/urn:lsid:ipni.org:names:507892-1","","Fabaceae","1","1","wcvp","0",""
"424","Mimosa densa var. densa",1,"1232435","Mimosa densa var. densa",1,"variety","","",NA,"","Fabaceae","Mimosa","Mimosa",1,"densa","densa",1,"","",NA,"var.","densa",1,"","",NA,"","","https://powo.science.kew.org/taxon/urn:lsid:ipni.org:names:77190469-1","","Y","Accepted","Mimosa densa var. densa","Mimosa densa","","1232435","variety","https://powo.science.kew.org/taxon/urn:lsid:ipni.org:names:77190469-1","","Fabaceae","1","1","wcvp","0",""
"425","Mimosa densa var. alligantina",1,"1288389","Mimosa densa var. alligantina",1,"variety","","",NA,"Barneby","Fabaceae","Mimosa","Mimosa",1,"densa","densa",1,"","",NA,"var.","alligantina",1,"","",NA,"","","https://powo.science.kew.org/taxon/urn:lsid:ipni.org:names:312983-2","","Y","Accepted","Mimosa densa var. alligantina","Mimosa densa","Barneby","1288389","variety","https://powo.science.kew.org/taxon/urn:lsid:ipni.org:names:312983-2","","Fabaceae","1","1","wcvp","0",""
"426","Mimosa laniceps",1,"1232436","Mimosa laniceps",1,"species","","",NA,"Barneby","Fabaceae","Mimosa","Mimosa",1,"laniceps","laniceps",1,"","",NA,"","",NA,"","",NA,"","","https://powo.science.kew.org/taxon/urn:lsid:ipni.org:names:312984-2","","Y","Accepted","Mimosa laniceps","Mimosa laniceps","Barneby","1232436","species","https://powo.science.kew.org/taxon/urn:lsid:ipni.org:names:312984-2","","Fabaceae","1","1","wcvp","0",""
"427","Mimosa pycnocoma",1,"1042482","Mimosa pycnocoma",1,"species","","",NA,"Benth.","Fabaceae","Mimosa","Mimosa",1,"pycnocoma","pycnocoma",1,"","",NA,"","",NA,"","",NA,"","","https://powo.science.kew.org/taxon/urn:lsid:ipni.org:names:508572-1","","Y","Accepted","Mimosa pycnocoma","Mimosa pycnocoma","Benth.","1042482","species","https://powo.science.kew.org/taxon/urn:lsid:ipni.org:names:508572-1","","Fabaceae","1","1","wcvp","0",""
"428","Mimosa oligosperma",1,"1232437","Mimosa oligosperma",1,"species","","",NA,"Barneby","Fabaceae","Mimosa","Mimosa",1,"oligosperma","oligosperma",1,"","",NA,"","",NA,"","",NA,"","","https://powo.science.kew.org/taxon/urn:lsid:ipni.org:names:312985-2","","Y","Accepted","Mimosa oligosperma","Mimosa oligosperma","Barneby","1232437","species","https://powo.science.kew.org/taxon/urn:lsid:ipni.org:names:312985-2","","Fabaceae","1","1","wcvp","0",""
"429","Mimosa rhodostegia",1,"1232438","Mimosa rhodostegia",1,"species","","",NA,"Barneby","Fabaceae","Mimosa","Mimosa",1,"rhodostegia","rhodostegia",1,"","",NA,"","",NA,"","",NA,"","","https://powo.science.kew.org/taxon/urn:lsid:ipni.org:names:312986-2","","Y","Accepted","Mimosa rhodostegia","Mimosa rhodostegia","Barneby","1232438","species","https://powo.science.kew.org/taxon/urn:lsid:ipni.org:names:312986-2","","Fabaceae","1","1","wcvp","0",""
"430","Mimosa regina",1,"1232439","Mimosa regina",1,"species","","",NA,"Barneby","Fabaceae","Mimosa","Mimosa",1,"regina","regina",1,"","",NA,"","",NA,"","",NA,"","","https://powo.science.kew.org/taxon/urn:lsid:ipni.org:names:312987-2","","Y","Accepted","Mimosa regina","Mimosa regina","Barneby","1232439","species","https://powo.science.kew.org/taxon/urn:lsid:ipni.org:names:312987-2","","Fabaceae","1","1","wcvp","0",""
"431","Mimosa manidea",1,"1232440","Mimosa manidea",1,"species","","",NA,"Barneby","Fabaceae","Mimosa","Mimosa",1,"manidea","manidea",1,"","",NA,"","",NA,"","",NA,"","","https://powo.science.kew.org/taxon/urn:lsid:ipni.org:names:312988-2","","Y","Accepted","Mimosa manidea","Mimosa manidea","Barneby","1232440","species","https://powo.science.kew.org/taxon/urn:lsid:ipni.org:names:312988-2","","Fabaceae","1","1","wcvp","0",""
"432","Mimosa capito",1,"1232441","Mimosa capito",1,"species","","",NA,"Barneby","Fabaceae","Mimosa","Mimosa",1,"capito","capito",1,"","",NA,"","",NA,"","",NA,"","","https://powo.science.kew.org/taxon/urn:lsid:ipni.org:names:312989-2","","Y","Accepted","Mimosa capito","Mimosa capito","Barneby","1232441","species","https://powo.science.kew.org/taxon/urn:lsid:ipni.org:names:312989-2","","Fabaceae","1","1","wcvp","0",""
"433","Mimosa oedoclada",1,"1232442","Mimosa oedoclada",1,"species","","",NA,"Barneby","Fabaceae","Mimosa","Mimosa",1,"oedoclada","oedoclada",1,"","",NA,"","",NA,"","",NA,"","","https://powo.science.kew.org/taxon/urn:lsid:ipni.org:names:312990-2","","Y","Accepted","Mimosa oedoclada","Mimosa oedoclada","Barneby","1232442","species","https://powo.science.kew.org/taxon/urn:lsid:ipni.org:names:312990-2","","Fabaceae","1","1","wcvp","0",""
"434","Mimosa dominarum",1,"1232443","Mimosa dominarum",1,"species","","",NA,"Barneby","Fabaceae","Mimosa","Mimosa",1,"dominarum","dominarum",1,"","",NA,"","",NA,"","",NA,"","","https://powo.science.kew.org/taxon/urn:lsid:ipni.org:names:312991-2","","Y","Accepted","Mimosa dominarum","Mimosa dominarum","Barneby","1232443","species","https://powo.science.kew.org/taxon/urn:lsid:ipni.org:names:312991-2","","Fabaceae","1","1","wcvp","0",""
"435","Mimosa splendida",1,"1232444","Mimosa splendida",1,"species","","",NA,"Barneby","Fabaceae","Mimosa","Mimosa",1,"splendida","splendida",1,"","",NA,"","",NA,"","",NA,"","","https://powo.science.kew.org/taxon/urn:lsid:ipni.org:names:312992-2","","Y","Accepted","Mimosa splendida","Mimosa splendida","Barneby","1232444","species","https://powo.science.kew.org/taxon/urn:lsid:ipni.org:names:312992-2","","Fabaceae","1","1","wcvp","0",""
"436","Mimosa irwinii",1,"1232445","Mimosa irwinii",1,"species","","",NA,"Barneby","Fabaceae","Mimosa","Mimosa",1,"irwinii","irwinii",1,"","",NA,"","",NA,"","",NA,"","","https://powo.science.kew.org/taxon/urn:lsid:ipni.org:names:312993-2","","Y","Accepted","Mimosa irwinii","Mimosa irwinii","Barneby","1232445","species","https://powo.science.kew.org/taxon/urn:lsid:ipni.org:names:312993-2","","Fabaceae","1","1","wcvp","0",""
"437","Mimosa speciosissima",1,"167731","Mimosa speciosissima",1,"species","","",NA,"Taub.","Fabaceae","Mimosa","Mimosa",1,"speciosissima","speciosissima",1,"","",NA,"","",NA,"","",NA,"","","https://powo.science.kew.org/taxon/urn:lsid:ipni.org:names:161990-2","","Y","Accepted","Mimosa speciosissima","Mimosa speciosissima","Taub.","167731","species","https://powo.science.kew.org/taxon/urn:lsid:ipni.org:names:161990-2","","Fabaceae","1","1","wcvp","0",""
"438","Mimosa ulei",1,"167746","Mimosa ulei",1,"species","","",NA,"Taub.","Fabaceae","Mimosa","Mimosa",1,"ulei","ulei",1,"","",NA,"","",NA,"","",NA,"","","https://powo.science.kew.org/taxon/urn:lsid:ipni.org:names:162035-2","","Y","Accepted","Mimosa ulei","Mimosa ulei","Taub.","167746","species","https://powo.science.kew.org/taxon/urn:lsid:ipni.org:names:162035-2","","Fabaceae","1","1","wcvp","0",""
"439","Mimosa ulei var. ulei",1,"1232446","Mimosa ulei var. ulei",1,"variety","","",NA,"","Fabaceae","Mimosa","Mimosa",1,"ulei","ulei",1,"","",NA,"var.","ulei",1,"","",NA,"","","https://powo.science.kew.org/taxon/urn:lsid:ipni.org:names:77190547-1","","Y","Accepted","Mimosa ulei var. ulei","Mimosa ulei","","1232446","variety","https://powo.science.kew.org/taxon/urn:lsid:ipni.org:names:77190547-1","","Fabaceae","1","1","wcvp","0",""
"440","Mimosa ulei var. grallator",1,"1288540","Mimosa ulei var. grallator",1,"variety","","",NA,"Barneby","Fabaceae","Mimosa","Mimosa",1,"ulei","ulei",1,"","",NA,"var.","grallator",1,"","",NA,"","","https://powo.science.kew.org/taxon/urn:lsid:ipni.org:names:312994-2","","Y","Accepted","Mimosa ulei var. grallator","Mimosa ulei","Barneby","1288540","variety","https://powo.science.kew.org/taxon/urn:lsid:ipni.org:names:312994-2","","Fabaceae","1","1","wcvp","0",""
"441","Mimosa maguirei",1,"1232447","Mimosa maguirei",1,"species","","",NA,"Barneby","Fabaceae","Mimosa","Mimosa",1,"maguirei","maguirei",1,"","",NA,"","",NA,"","",NA,"","","https://powo.science.kew.org/taxon/urn:lsid:ipni.org:names:312995-2","","Y","Accepted","Mimosa maguirei","Mimosa maguirei","Barneby","1232447","species","https://powo.science.kew.org/taxon/urn:lsid:ipni.org:names:312995-2","","Fabaceae","1","1","wcvp","0",""
"442","Mimosa pellita",1,"179774","Mimosa pellita",1,"species","","",NA,"Humb. & Bonpl. ex Willd.","Fabaceae","Mimosa","Mimosa",1,"pellita","pellita",1,"","",NA,"","",NA,"","",NA,"","","https://powo.science.kew.org/taxon/urn:lsid:ipni.org:names:508468-1","","Y","Synonym","Mimosa pigra var. pigra","Mimosa pigra","","206003","variety","https://powo.science.kew.org/taxon/urn:lsid:ipni.org:names:77190600-1","","Fabaceae","1","1","wcvp","0",""
"443","Mimosa pellita var. pellita",0.59957384396743,"179774","Mimosa pellita",0.59957384396743,"species","","",NA,"Humb. & Bonpl. ex Willd.","Fabaceae","Mimosa","Mimosa",1,"pellita","pellita",1,"","",NA,"","",NA,"","",NA,"","var. pellita","https://powo.science.kew.org/taxon/urn:lsid:ipni.org:names:508468-1","","Y","Synonym","Mimosa pigra var. pigra","Mimosa pigra","","206003","variety","https://powo.science.kew.org/taxon/urn:lsid:ipni.org:names:77190600-1","","Fabaceae","1","1","wcvp","1","[Partial]"
"444","Mimosa pellita var. dehiscens",1,"1048985","Mimosa pellita var. dehiscens",1,"variety","","",NA,"Barneby","Fabaceae","Mimosa","Mimosa",1,"pellita","pellita",1,"","",NA,"var.","dehiscens",1,"","",NA,"","","https://powo.science.kew.org/taxon/urn:lsid:ipni.org:names:312999-2","","Y","Synonym","Mimosa pigra var. dehiscens","Mimosa pigra","(Barneby) Glazier & Mackinder","1239102","variety","https://powo.science.kew.org/taxon/urn:lsid:ipni.org:names:995976-1","","Fabaceae","1","1","wcvp","0",""
"445","Mimosa pellita var. hispida",1,"1369754","Mimosa pellita var. hispida",1,"variety","","",NA,"(Willd.) Barneby","Fabaceae","Mimosa","Mimosa",1,"pellita","pellita",1,"","",NA,"var.","hispida",1,"","",NA,"","","https://powo.science.kew.org/taxon/urn:lsid:ipni.org:names:967292-1","","Y","Synonym","Mimosa pigra var. pigra","Mimosa pigra","","206003","variety","https://powo.science.kew.org/taxon/urn:lsid:ipni.org:names:77190600-1","","Fabaceae","1","1","wcvp","0",""
"446","Mimosa tarda",1,"1048987","Mimosa tarda",1,"species","","",NA,"Barneby","Fabaceae","Mimosa","Mimosa",1,"tarda","tarda",1,"","",NA,"","",NA,"","",NA,"","","https://powo.science.kew.org/taxon/urn:lsid:ipni.org:names:313001-2","","Y","Accepted","Mimosa tarda","Mimosa tarda","Barneby","1048987","species","https://powo.science.kew.org/taxon/urn:lsid:ipni.org:names:313001-2","","Fabaceae","1","1","wcvp","0",""
"447","Mimosa orinocoensis",1,"1048988","Mimosa orinocoensis",1,"species","","",NA,"Barneby","Fabaceae","Mimosa","Mimosa",1,"orinocoensis","orinocoensis",1,"","",NA,"","",NA,"","",NA,"","","https://powo.science.kew.org/taxon/urn:lsid:ipni.org:names:313002-2","","Y","Accepted","Mimosa orinocoensis","Mimosa orinocoensis","Barneby","1048988","species","https://powo.science.kew.org/taxon/urn:lsid:ipni.org:names:313002-2","","Fabaceae","1","1","wcvp","0",""
"448","Mimosa asperata",1,"163219","Mimosa asperata",1,"species","","",NA,"L.","Fabaceae","Mimosa","Mimosa",1,"asperata","asperata",1,"","",NA,"","",NA,"","",NA,"","","https://powo.science.kew.org/taxon/urn:lsid:ipni.org:names:161506-2","","Y","Synonym","Mimosa pigra var. asperata","Mimosa pigra","(L.) Zarucchi, Vincent & Gandhi","1348467","variety","https://powo.science.kew.org/taxon/urn:lsid:ipni.org:names:60477057-2","","Fabaceae","1","1","wcvp","0",""
"449","Mimosa elliptica",1,"162640","Mimosa elliptica",1,"species","","",NA,"Benth.","Fabaceae","Mimosa","Mimosa",1,"elliptica","elliptica",1,"","",NA,"","",NA,"","",NA,"","","https://powo.science.kew.org/taxon/urn:lsid:ipni.org:names:161640-2","","Y","Accepted","Mimosa elliptica","Mimosa elliptica","Benth.","162640","species","https://powo.science.kew.org/taxon/urn:lsid:ipni.org:names:161640-2","","Fabaceae","1","1","wcvp","0",""
"450","Mimosa pigra",1,"163132","Mimosa pigra",1,"species","","",NA,"L.","Fabaceae","Mimosa","Mimosa",1,"pigra","pigra",1,"","",NA,"","",NA,"","",NA,"","","https://powo.science.kew.org/taxon/urn:lsid:ipni.org:names:313003-2","","Y","Accepted","Mimosa pigra","Mimosa pigra","L.","163132","species","https://powo.science.kew.org/taxon/urn:lsid:ipni.org:names:313003-2","","Fabaceae","1","1","wcvp","0",""
"451","Mimosa miranda",1,"176479","Mimosa miranda",1,"species","","",NA,"Barneby","Fabaceae","Mimosa","Mimosa",1,"miranda","miranda",1,"","",NA,"","",NA,"","",NA,"","","https://powo.science.kew.org/taxon/urn:lsid:ipni.org:names:313004-2","","Y","Accepted","Mimosa miranda","Mimosa miranda","Barneby","176479","species","https://powo.science.kew.org/taxon/urn:lsid:ipni.org:names:313004-2","","Fabaceae","1","1","wcvp","0",""
"452","Mimosa weddelliana",1,"172473","Mimosa weddelliana",1,"species","","",NA,"Benth.","Fabaceae","Mimosa","Mimosa",1,"weddelliana","weddelliana",1,"","",NA,"","",NA,"","",NA,"","","https://powo.science.kew.org/taxon/urn:lsid:ipni.org:names:313005-2","","Y","Accepted","Mimosa weddelliana","Mimosa weddelliana","Benth.","172473","species","https://powo.science.kew.org/taxon/urn:lsid:ipni.org:names:313005-2","","Fabaceae","1","1","wcvp","0",""
"453","Mimosa dormiens",1,"172311","Mimosa dormiens",1,"species","","",NA,"Humb. & Bonpl. ex Willd.","Fabaceae","Mimosa","Mimosa",1,"dormiens","dormiens",1,"","",NA,"","",NA,"","",NA,"","","https://powo.science.kew.org/taxon/urn:lsid:ipni.org:names:507929-1","","Y","Accepted","Mimosa dormiens","Mimosa dormiens","Humb. & Bonpl. ex Willd.","172311","species","https://powo.science.kew.org/taxon/urn:lsid:ipni.org:names:507929-1","","Fabaceae","1","1","wcvp","0",""
"454","Mimosa strigillosa",1,"172451","Mimosa strigillosa",1,"species","","",NA,"Torr. & A.Gray","Fabaceae","Mimosa","Mimosa",1,"strigillosa","strigillosa",1,"","",NA,"","",NA,"","",NA,"","","https://powo.science.kew.org/taxon/urn:lsid:ipni.org:names:313006-2","","Y","Accepted","Mimosa strigillosa","Mimosa strigillosa","Torr. & A.Gray","172451","species","https://powo.science.kew.org/taxon/urn:lsid:ipni.org:names:313006-2","","Fabaceae","1","1","wcvp","0",""
"455","Mimosa somnians",1,"172444","Mimosa somnians",1,"species","","",NA,"Humb. & Bonpl. ex Willd.","Fabaceae","Mimosa","Mimosa",1,"somnians","somnians",1,"","",NA,"","",NA,"","",NA,"","","https://powo.science.kew.org/taxon/urn:lsid:ipni.org:names:508701-1","","Y","Accepted","Mimosa somnians","Mimosa somnians","Humb. & Bonpl. ex Willd.","172444","species","https://powo.science.kew.org/taxon/urn:lsid:ipni.org:names:508701-1","","Fabaceae","1","1","wcvp","0",""
"456","Mimosa somnians subsp. somnians",0.96021221090168,"177042","Mimosa somnians var. somnians",0.96021221090168,"variety","","",NA,"","Fabaceae","Mimosa","Mimosa",1,"somnians","somnians",1,"","",NA,"var.","somnians",0.7,"","",NA,"","","https://powo.science.kew.org/taxon/urn:lsid:ipni.org:names:77190615-1","","Y","Accepted","Mimosa somnians var. somnians","Mimosa somnians","","177042","variety","https://powo.science.kew.org/taxon/urn:lsid:ipni.org:names:77190615-1","","Fabaceae","1","1","wcvp","0",""
"457","Mimosa somnians subsp. somnians var. somnians",0.61422004211051,"177042","Mimosa somnians var. somnians",0.61422004211051,"variety","","",NA,"","Fabaceae","Mimosa","Mimosa",1,"somnians","somnians",1,"","",NA,"var.","somnians",0.7,"","",NA,"","var. somnians","https://powo.science.kew.org/taxon/urn:lsid:ipni.org:names:77190615-1","","Y","Accepted","Mimosa somnians var. somnians","Mimosa somnians","","177042","variety","https://powo.science.kew.org/taxon/urn:lsid:ipni.org:names:77190615-1","","Fabaceae","1","1","wcvp","1","[Partial]"
"458","Mimosa somnians subsp. somnians var. deminuta",0.61422004211051,"177042","Mimosa somnians var. somnians",0.61422004211051,"variety","","",NA,"","Fabaceae","Mimosa","Mimosa",1,"somnians","somnians",1,"","",NA,"var.","somnians",0.7,"","",NA,"","var. deminuta","https://powo.science.kew.org/taxon/urn:lsid:ipni.org:names:77190615-1","","Y","Accepted","Mimosa somnians var. somnians","Mimosa somnians","","177042","variety","https://powo.science.kew.org/taxon/urn:lsid:ipni.org:names:77190615-1","","Fabaceae","1","1","wcvp","1","[Partial]"
"459","Mimosa somnians subsp. lasiocarpa",1,"1232448","Mimosa somnians subsp. lasiocarpa",1,"subspecies","","",NA,"(Benth.) Barneby","Fabaceae","Mimosa","Mimosa",1,"somnians","somnians",1,"","",NA,"subsp.","lasiocarpa",1,"","",NA,"","","https://powo.science.kew.org/taxon/urn:lsid:ipni.org:names:2373473-4","","Y","Synonym","Mimosa somnians var. lasiocarpa","Mimosa somnians","(Benth.) Barneby","1288486","variety","https://powo.science.kew.org/taxon/urn:lsid:ipni.org:names:967294-1","","Fabaceae","1","1","wcvp","0",""
"460","Mimosa somnians subsp. lasiocarpa var. lasiocarpa",0.77149326622765,"1232448","Mimosa somnians subsp. lasiocarpa",0.77149326622765,"subspecies","","",NA,"(Benth.) Barneby","Fabaceae","Mimosa","Mimosa",1,"somnians","somnians",1,"","",NA,"subsp.","lasiocarpa",1,"","",NA,"","var. lasiocarpa","https://powo.science.kew.org/taxon/urn:lsid:ipni.org:names:2373473-4","","Y","Synonym","Mimosa somnians var. lasiocarpa","Mimosa somnians","(Benth.) Barneby","1288486","variety","https://powo.science.kew.org/taxon/urn:lsid:ipni.org:names:967294-1","","Fabaceae","1","1","wcvp","1","[Partial]"
"461","Mimosa somnians subsp. lasiocarpa var. lupulina",0.77149326622765,"1232448","Mimosa somnians subsp. lasiocarpa",0.77149326622765,"subspecies","","",NA,"(Benth.) Barneby","Fabaceae","Mimosa","Mimosa",1,"somnians","somnians",1,"","",NA,"subsp.","lasiocarpa",1,"","",NA,"","var. lupulina","https://powo.science.kew.org/taxon/urn:lsid:ipni.org:names:2373473-4","","Y","Synonym","Mimosa somnians var. lasiocarpa","Mimosa somnians","(Benth.) Barneby","1288486","variety","https://powo.science.kew.org/taxon/urn:lsid:ipni.org:names:967294-1","","Fabaceae","1","1","wcvp","1","[Partial]"
"462","Mimosa somnians subsp. viscida",1,"1368986","Mimosa somnians subsp. viscida",1,"subspecies","","",NA,"(Willd.) Barneby","Fabaceae","Mimosa","Mimosa",1,"somnians","somnians",1,"","",NA,"subsp.","viscida",1,"","",NA,"","","https://powo.science.kew.org/taxon/urn:lsid:ipni.org:names:2373450-4","","Y","Illegitimate","Mimosa somnians var. somnians","Mimosa somnians","","177042","variety","https://powo.science.kew.org/taxon/urn:lsid:ipni.org:names:77190615-1","","Fabaceae","1","1","wcvp","0",""
"463","Mimosa somnians subsp. viscida var. viscida",0.77149326622765,"1368986","Mimosa somnians subsp. viscida",0.77149326622765,"subspecies","","",NA,"(Willd.) Barneby","Fabaceae","Mimosa","Mimosa",1,"somnians","somnians",1,"","",NA,"subsp.","viscida",1,"","",NA,"","var. viscida","https://powo.science.kew.org/taxon/urn:lsid:ipni.org:names:2373450-4","","Y","Illegitimate","Mimosa somnians var. somnians","Mimosa somnians","","177042","variety","https://powo.science.kew.org/taxon/urn:lsid:ipni.org:names:77190615-1","","Fabaceae","1","1","wcvp","1","[Partial]"
"464","Mimosa somnians subsp. viscida var. leptocaulis",0.77149326622765,"1368986","Mimosa somnians subsp. viscida",0.77149326622765,"subspecies","","",NA,"(Willd.) Barneby","Fabaceae","Mimosa","Mimosa",1,"somnians","somnians",1,"","",NA,"subsp.","viscida",1,"","",NA,"","var. leptocaulis","https://powo.science.kew.org/taxon/urn:lsid:ipni.org:names:2373450-4","","Y","Illegitimate","Mimosa somnians var. somnians","Mimosa somnians","","177042","variety","https://powo.science.kew.org/taxon/urn:lsid:ipni.org:names:77190615-1","","Fabaceae","1","1","wcvp","1","[Partial]"
"465","Mimosa somnians subsp. viscida var. aquatica",0.77149326622765,"1368986","Mimosa somnians subsp. viscida",0.77149326622765,"subspecies","","",NA,"(Willd.) Barneby","Fabaceae","Mimosa","Mimosa",1,"somnians","somnians",1,"","",NA,"subsp.","viscida",1,"","",NA,"","var. aquatica","https://powo.science.kew.org/taxon/urn:lsid:ipni.org:names:2373450-4","","Y","Illegitimate","Mimosa somnians var. somnians","Mimosa somnians","","177042","variety","https://powo.science.kew.org/taxon/urn:lsid:ipni.org:names:77190615-1","","Fabaceae","1","1","wcvp","1","[Partial]"
"466","Mimosa somnians subsp. viscida var. velascoensis",0.77149326622765,"1368986","Mimosa somnians subsp. viscida",0.77149326622765,"subspecies","","",NA,"(Willd.) Barneby","Fabaceae","Mimosa","Mimosa",1,"somnians","somnians",1,"","",NA,"subsp.","viscida",1,"","",NA,"","var. velascoensis","https://powo.science.kew.org/taxon/urn:lsid:ipni.org:names:2373450-4","","Y","Illegitimate","Mimosa somnians var. somnians","Mimosa somnians","","177042","variety","https://powo.science.kew.org/taxon/urn:lsid:ipni.org:names:77190615-1","","Fabaceae","1","1","wcvp","1","[Partial]"
"467","Mimosa somnians subsp. longipes",1,"1288487","Mimosa somnians subsp. longipes",1,"subspecies","","",NA,"(Barneby) Barneby","Fabaceae","Mimosa","Mimosa",1,"somnians","somnians",1,"","",NA,"subsp.","longipes",1,"","",NA,"","","https://powo.science.kew.org/taxon/urn:lsid:ipni.org:names:2373451-4","","Y","Synonym","Mimosa somnians var. longipes","Mimosa somnians","Barneby","1707584","variety","https://powo.science.kew.org/taxon/urn:lsid:ipni.org:names:967298-1","","Fabaceae","1","1","wcvp","0",""
"468","Mimosa somnians subsp. longipes var. longipes",0.77149326622765,"1288487","Mimosa somnians subsp. longipes",0.77149326622765,"subspecies","","",NA,"(Barneby) Barneby","Fabaceae","Mimosa","Mimosa",1,"somnians","somnians",1,"","",NA,"subsp.","longipes",1,"","",NA,"","var. longipes","https://powo.science.kew.org/taxon/urn:lsid:ipni.org:names:2373451-4","","Y","Synonym","Mimosa somnians var. longipes","Mimosa somnians","Barneby","1707584","variety","https://powo.science.kew.org/taxon/urn:lsid:ipni.org:names:967298-1","","Fabaceae","1","1","wcvp","1","[Partial]"
"469","Mimosa somnians subsp. longipes var. possensis",0.77149326622765,"1288487","Mimosa somnians subsp. longipes",0.77149326622765,"subspecies","","",NA,"(Barneby) Barneby","Fabaceae","Mimosa","Mimosa",1,"somnians","somnians",1,"","",NA,"subsp.","longipes",1,"","",NA,"","var. possensis","https://powo.science.kew.org/taxon/urn:lsid:ipni.org:names:2373451-4","","Y","Synonym","Mimosa somnians var. longipes","Mimosa somnians","Barneby","1707584","variety","https://powo.science.kew.org/taxon/urn:lsid:ipni.org:names:967298-1","","Fabaceae","1","1","wcvp","1","[Partial]"
"470","Mimosa glaucula",1,"176480","Mimosa glaucula",1,"species","","",NA,"Barneby","Fabaceae","Mimosa","Mimosa",1,"glaucula","glaucula",1,"","",NA,"","",NA,"","",NA,"","","https://powo.science.kew.org/taxon/urn:lsid:ipni.org:names:313109-2","","Y","Accepted","Mimosa glaucula","Mimosa glaucula","Barneby","176480","species","https://powo.science.kew.org/taxon/urn:lsid:ipni.org:names:313109-2","","Fabaceae","1","1","wcvp","0",""
"471","Mimosa somnambulans",1,"1232449","Mimosa somnambulans",1,"species","","",NA,"Barneby","Fabaceae","Mimosa","Mimosa",1,"somnambulans","somnambulans",1,"","",NA,"","",NA,"","",NA,"","","https://powo.science.kew.org/taxon/urn:lsid:ipni.org:names:313140-2","","Y","Accepted","Mimosa somnambulans","Mimosa somnambulans","Barneby","1232449","species","https://powo.science.kew.org/taxon/urn:lsid:ipni.org:names:313140-2","","Fabaceae","1","1","wcvp","0",""
"472","Mimosa monacensis",1,"1232450","Mimosa monacensis",1,"species","","",NA,"Barneby","Fabaceae","Mimosa","Mimosa",1,"monacensis","monacensis",1,"","",NA,"","",NA,"","",NA,"","","https://powo.science.kew.org/taxon/urn:lsid:ipni.org:names:313141-2","","Y","Accepted","Mimosa monacensis","Mimosa monacensis","Barneby","1232450","species","https://powo.science.kew.org/taxon/urn:lsid:ipni.org:names:313141-2","","Fabaceae","1","1","wcvp","0",""
"473","Mimosa poculata",1,"1232451","Mimosa poculata",1,"species","","",NA,"Barneby","Fabaceae","Mimosa","Mimosa",1,"poculata","poculata",1,"","",NA,"","",NA,"","",NA,"","","https://powo.science.kew.org/taxon/urn:lsid:ipni.org:names:313143-2","","Y","Accepted","Mimosa poculata","Mimosa poculata","Barneby","1232451","species","https://powo.science.kew.org/taxon/urn:lsid:ipni.org:names:313143-2","","Fabaceae","1","1","wcvp","0",""
"474","Mimosa leptorhachis",1,"172364","Mimosa leptorhachis",1,"species","","",NA,"Benth.","Fabaceae","Mimosa","Mimosa",1,"leptorhachis","leptorhachis",1,"","",NA,"","",NA,"","",NA,"","","https://powo.science.kew.org/taxon/urn:lsid:ipni.org:names:508235-1","","Y","Accepted","Mimosa leptorhachis","Mimosa leptorhachis","Benth.","172364","species","https://powo.science.kew.org/taxon/urn:lsid:ipni.org:names:508235-1","","Fabaceae","1","1","wcvp","0",""
"475","Mimosa calliandroides",1,"167572","Mimosa calliandroides",1,"species","","",NA,"Hoehne","Fabaceae","Mimosa","Mimosa",1,"calliandroides","calliandroides",1,"","",NA,"","",NA,"","",NA,"","","https://powo.science.kew.org/taxon/urn:lsid:ipni.org:names:161557-2","","Y","Accepted","Mimosa calliandroides","Mimosa calliandroides","Hoehne","167572","species","https://powo.science.kew.org/taxon/urn:lsid:ipni.org:names:161557-2","","Fabaceae","1","1","wcvp","0",""
"476","Mimosa surumuensis",1,"167737","Mimosa surumuensis",1,"species","","",NA,"Harms","Fabaceae","Mimosa","Mimosa",1,"surumuensis","surumuensis",1,"","",NA,"","",NA,"","",NA,"","","https://powo.science.kew.org/taxon/urn:lsid:ipni.org:names:162008-2","","Y","Accepted","Mimosa surumuensis","Mimosa surumuensis","Harms","167737","species","https://powo.science.kew.org/taxon/urn:lsid:ipni.org:names:162008-2","","Fabaceae","1","1","wcvp","0",""
"477","Mimosa brachycarpa",1,"172273","Mimosa brachycarpa",1,"species","","",NA,"Benth.","Fabaceae","Mimosa","Mimosa",1,"brachycarpa","brachycarpa",1,"","",NA,"","",NA,"","",NA,"","","https://powo.science.kew.org/taxon/urn:lsid:ipni.org:names:507723-1","","Y","Accepted","Mimosa brachycarpa","Mimosa brachycarpa","Benth.","172273","species","https://powo.science.kew.org/taxon/urn:lsid:ipni.org:names:507723-1","","Fabaceae","1","1","wcvp","0",""
"478","Mimosa microcephala",1,"172380","Mimosa microcephala",1,"species","","",NA,"Humb. & Bonpl. ex Willd.","Fabaceae","Mimosa","Mimosa",1,"microcephala","microcephala",1,"","",NA,"","",NA,"","",NA,"","","https://powo.science.kew.org/taxon/urn:lsid:ipni.org:names:508324-1","","Y","Accepted","Mimosa microcephala","Mimosa microcephala","Humb. & Bonpl. ex Willd.","172380","species","https://powo.science.kew.org/taxon/urn:lsid:ipni.org:names:508324-1","","Fabaceae","1","1","wcvp","0",""
"479","Mimosa microcephala subsp. cataractae",1,"1368982","Mimosa microcephala subsp. cataractae",1,"subspecies","","",NA,"(Ducke) Barneby","Fabaceae","Mimosa","Mimosa",1,"microcephala","microcephala",1,"","",NA,"subsp.","cataractae",1,"","",NA,"","","https://powo.science.kew.org/taxon/urn:lsid:ipni.org:names:967300-1","","Y","Accepted","Mimosa microcephala subsp. cataractae","Mimosa microcephala","(Ducke) Barneby","1368982","subspecies","https://powo.science.kew.org/taxon/urn:lsid:ipni.org:names:967300-1","","Fabaceae","1","1","wcvp","0",""
"480","Mimosa microcephala subsp. cataractae var. cataractae",0.77149326622765,"1368982","Mimosa microcephala subsp. cataractae",0.77149326622765,"subspecies","","",NA,"(Ducke) Barneby","Fabaceae","Mimosa","Mimosa",1,"microcephala","microcephala",1,"","",NA,"subsp.","cataractae",1,"","",NA,"","var. cataractae","https://powo.science.kew.org/taxon/urn:lsid:ipni.org:names:967300-1","","Y","Accepted","Mimosa microcephala subsp. cataractae","Mimosa microcephala","(Ducke) Barneby","1368982","subspecies","https://powo.science.kew.org/taxon/urn:lsid:ipni.org:names:967300-1","","Fabaceae","1","1","wcvp","1","[Partial]"
"481","Mimosa microcephala subsp. cataractae var. lumaria",0.77149326622765,"1368982","Mimosa microcephala subsp. cataractae",0.77149326622765,"subspecies","","",NA,"(Ducke) Barneby","Fabaceae","Mimosa","Mimosa",1,"microcephala","microcephala",1,"","",NA,"subsp.","cataractae",1,"","",NA,"","var. lumaria","https://powo.science.kew.org/taxon/urn:lsid:ipni.org:names:967300-1","","Y","Accepted","Mimosa microcephala subsp. cataractae","Mimosa microcephala","(Ducke) Barneby","1368982","subspecies","https://powo.science.kew.org/taxon/urn:lsid:ipni.org:names:967300-1","","Fabaceae","1","1","wcvp","1","[Partial]"
"482","Mimosa microcephala subsp. microcephala",1,"1049016","Mimosa microcephala subsp. microcephala",1,"subspecies","","",NA,"","Fabaceae","Mimosa","Mimosa",1,"microcephala","microcephala",1,"","",NA,"subsp.","microcephala",1,"","",NA,"","","https://powo.science.kew.org/taxon/urn:lsid:ipni.org:names:77190498-1","","Y","Accepted","Mimosa microcephala subsp. microcephala","Mimosa microcephala","","1049016","subspecies","https://powo.science.kew.org/taxon/urn:lsid:ipni.org:names:77190498-1","","Fabaceae","1","1","wcvp","0",""
"483","Mimosa microcephala subsp. microcephala var. communis Barneby",0.77149326622765,"1049016","Mimosa microcephala subsp. microcephala",0.77149326622765,"subspecies","Barneby","",NA,"","Fabaceae","Mimosa","Mimosa",1,"microcephala","microcephala",1,"","",NA,"subsp.","microcephala",1,"","",NA,"","var. communis","https://powo.science.kew.org/taxon/urn:lsid:ipni.org:names:77190498-1","","Y","Accepted","Mimosa microcephala subsp. microcephala","Mimosa microcephala","","1049016","subspecies","https://powo.science.kew.org/taxon/urn:lsid:ipni.org:names:77190498-1","","Fabaceae","1","1","wcvp","1","[Partial]"
"484","Mimosa microcephala subsp. microcephala var. microcephala",0.77149326622765,"1049016","Mimosa microcephala subsp. microcephala",0.77149326622765,"subspecies","","",NA,"","Fabaceae","Mimosa","Mimosa",1,"microcephala","microcephala",1,"","",NA,"subsp.","microcephala",1,"","",NA,"","var. microcephala","https://powo.science.kew.org/taxon/urn:lsid:ipni.org:names:77190498-1","","Y","Accepted","Mimosa microcephala subsp. microcephala","Mimosa microcephala","","1049016","subspecies","https://powo.science.kew.org/taxon/urn:lsid:ipni.org:names:77190498-1","","Fabaceae","1","1","wcvp","1","[Partial]"
"485","Mimosa microcephala subsp. microcephala var. mituensis",0.77149326622765,"1049016","Mimosa microcephala subsp. microcephala",0.77149326622765,"subspecies","","",NA,"","Fabaceae","Mimosa","Mimosa",1,"microcephala","microcephala",1,"","",NA,"subsp.","microcephala",1,"","",NA,"","var. mituensis","https://powo.science.kew.org/taxon/urn:lsid:ipni.org:names:77190498-1","","Y","Accepted","Mimosa microcephala subsp. microcephala","Mimosa microcephala","","1049016","subspecies","https://powo.science.kew.org/taxon/urn:lsid:ipni.org:names:77190498-1","","Fabaceae","1","1","wcvp","1","[Partial]"
"486","Mimosa brachycarpoides",1,"1049013","Mimosa brachycarpoides",1,"species","","",NA,"Barneby","Fabaceae","Mimosa","Mimosa",1,"brachycarpoides","brachycarpoides",1,"","",NA,"","",NA,"","",NA,"","","https://powo.science.kew.org/taxon/urn:lsid:ipni.org:names:313148-2","","Y","Accepted","Mimosa brachycarpoides","Mimosa brachycarpoides","Barneby","1049013","species","https://powo.science.kew.org/taxon/urn:lsid:ipni.org:names:313148-2","","Fabaceae","1","1","wcvp","0",""
"487","Mimosa scaberrima",1,"167721","Mimosa scaberrima",1,"species","","",NA,"Hoehne","Fabaceae","Mimosa","Mimosa",1,"scaberrima","scaberrima",1,"","",NA,"","",NA,"","",NA,"","","https://powo.science.kew.org/taxon/urn:lsid:ipni.org:names:161964-2","","Y","Accepted","Mimosa scaberrima","Mimosa scaberrima","Hoehne","167721","species","https://powo.science.kew.org/taxon/urn:lsid:ipni.org:names:161964-2","","Fabaceae","1","1","wcvp","0",""
"488","Mimosa neptunioides",1,"1040253","Mimosa neptunioides",1,"species","","",NA,"Harms","Fabaceae","Mimosa","Mimosa",1,"neptunioides","neptunioides",1,"","",NA,"","",NA,"","",NA,"","","https://powo.science.kew.org/taxon/urn:lsid:ipni.org:names:161844-2","","Y","Accepted","Mimosa neptunioides","Mimosa neptunioides","Harms","1040253","species","https://powo.science.kew.org/taxon/urn:lsid:ipni.org:names:161844-2","","Fabaceae","1","1","wcvp","0",""
"489","Mimosa cisparanensis",1,"1232452","Mimosa cisparanensis",1,"species","","",NA,"Barneby","Fabaceae","Mimosa","Mimosa",1,"cisparanensis","cisparanensis",1,"","",NA,"","",NA,"","",NA,"","","https://powo.science.kew.org/taxon/urn:lsid:ipni.org:names:313150-2","","Y","Accepted","Mimosa cisparanensis","Mimosa cisparanensis","Barneby","1232452","species","https://powo.science.kew.org/taxon/urn:lsid:ipni.org:names:313150-2","","Fabaceae","1","1","wcvp","0",""
"490","Mimosa occidentalis",1,"167680","Mimosa occidentalis",1,"species","","",NA,"Britton & Rose","Fabaceae","Mimosa","Mimosa",1,"occidentalis","occidentalis",1,"","",NA,"","",NA,"","",NA,"","","https://powo.science.kew.org/taxon/urn:lsid:ipni.org:names:161859-2","","Y","Accepted","Mimosa occidentalis","Mimosa occidentalis","Britton & Rose","167680","species","https://powo.science.kew.org/taxon/urn:lsid:ipni.org:names:161859-2","","Fabaceae","1","1","wcvp","0",""
"491","Mimosa occidentalis var. occidentalis",1,"1232453","Mimosa occidentalis var. occidentalis",1,"variety","","",NA,"","Fabaceae","Mimosa","Mimosa",1,"occidentalis","occidentalis",1,"","",NA,"var.","occidentalis",1,"","",NA,"","","https://powo.science.kew.org/taxon/urn:lsid:ipni.org:names:77190581-1","","Y","Accepted","Mimosa occidentalis var. occidentalis","Mimosa occidentalis","","1232453","variety","https://powo.science.kew.org/taxon/urn:lsid:ipni.org:names:77190581-1","","Fabaceae","1","1","wcvp","0",""
"492","Mimosa occidentalis var. novo-galiciana",0.99331094433448,"1787897","Mimosa occidentalis var. novogaliciana",0.99331094433448,"variety","","",NA,"Barneby","Fabaceae","Mimosa","Mimosa",1,"occidentalis","occidentalis",1,"","",NA,"var.","novogaliciana",0.92857142857143,"","",NA,"","","https://powo.science.kew.org/taxon/urn:lsid:ipni.org:names:313151-2","","Y","Accepted","Mimosa occidentalis var. novogaliciana","Mimosa occidentalis","Barneby","1787897","variety","https://powo.science.kew.org/taxon/urn:lsid:ipni.org:names:313151-2","","Fabaceae","1","1","wcvp","0",""
"493","Mimosa camporum",1,"172286","Mimosa camporum",1,"species","","",NA,"Benth.","Fabaceae","Mimosa","Mimosa",1,"camporum","camporum",1,"","",NA,"","",NA,"","",NA,"","","https://powo.science.kew.org/taxon/urn:lsid:ipni.org:names:507771-1","","Y","Accepted","Mimosa camporum","Mimosa camporum","Benth.","172286","species","https://powo.science.kew.org/taxon/urn:lsid:ipni.org:names:507771-1","","Fabaceae","1","1","wcvp","0",""
"494","Mimosa rondoniana",1,"167718","Mimosa rondoniana",1,"species","","",NA,"Hoehne","Fabaceae","Mimosa","Mimosa",1,"rondoniana","rondoniana",1,"","",NA,"","",NA,"","",NA,"","","https://powo.science.kew.org/taxon/urn:lsid:ipni.org:names:161951-2","","Y","Accepted","Mimosa rondoniana","Mimosa rondoniana","Hoehne","167718","species","https://powo.science.kew.org/taxon/urn:lsid:ipni.org:names:161951-2","","Fabaceae","1","1","wcvp","0",""
"495","Mimosa rojasii",1,"167717","Mimosa rojasii",1,"species","","",NA,"Hassl.","Fabaceae","Mimosa","Mimosa",1,"rojasii","rojasii",1,"","",NA,"","",NA,"","",NA,"","","https://powo.science.kew.org/taxon/urn:lsid:ipni.org:names:161950-2","","Y","Accepted","Mimosa rojasii","Mimosa rojasii","Hassl.","167717","species","https://powo.science.kew.org/taxon/urn:lsid:ipni.org:names:161950-2","","Fabaceae","1","1","wcvp","0",""
"496","Mimosa josephina",1,"1230157","Mimosa josephina",1,"species","","",NA,"Barneby","Fabaceae","Mimosa","Mimosa",1,"josephina","josephina",1,"","",NA,"","",NA,"","",NA,"","","https://powo.science.kew.org/taxon/urn:lsid:ipni.org:names:313154-2","","Y","Accepted","Mimosa josephina","Mimosa josephina","Barneby","1230157","species","https://powo.science.kew.org/taxon/urn:lsid:ipni.org:names:313154-2","","Fabaceae","1","1","wcvp","0",""
"497","Mimosa chacoensis",1,"177026","Mimosa chacoensis",1,"species","","",NA,"Barneby & Fortunato","Fabaceae","Mimosa","Mimosa",1,"chacoensis","chacoensis",1,"","",NA,"","",NA,"","",NA,"","","https://powo.science.kew.org/taxon/urn:lsid:ipni.org:names:280938-2","","Y","Accepted","Mimosa chacoensis","Mimosa chacoensis","Barneby & Fortunato","177026","species","https://powo.science.kew.org/taxon/urn:lsid:ipni.org:names:280938-2","","Fabaceae","1","1","wcvp","0",""
"498","Mimosa chodatii",1,"182229","Mimosa chodatii",1,"species","","",NA,"Hassl.","Fabaceae","Mimosa","Mimosa",1,"chodatii","chodatii",1,"","",NA,"","",NA,"","",NA,"","","https://powo.science.kew.org/taxon/urn:lsid:ipni.org:names:161583-2","","Y","Accepted","Mimosa chodatii","Mimosa chodatii","Hassl.","182229","species","https://powo.science.kew.org/taxon/urn:lsid:ipni.org:names:161583-2","","Fabaceae","1","1","wcvp","0",""
"499","Mimosa piresii",1,"1232454","Mimosa piresii",1,"species","","",NA,"Barneby","Fabaceae","Mimosa","Mimosa",1,"piresii","piresii",1,"","",NA,"","",NA,"","",NA,"","","https://powo.science.kew.org/taxon/urn:lsid:ipni.org:names:313156-2","","Y","Accepted","Mimosa piresii","Mimosa piresii","Barneby","1232454","species","https://powo.science.kew.org/taxon/urn:lsid:ipni.org:names:313156-2","","Fabaceae","1","1","wcvp","0",""
"500","Mimosa macropogon",1,"1232455","Mimosa macropogon",1,"species","","",NA,"Barneby","Fabaceae","Mimosa","Mimosa",1,"macropogon","macropogon",1,"","",NA,"","",NA,"","",NA,"","","https://powo.science.kew.org/taxon/urn:lsid:ipni.org:names:313157-2","","Y","Accepted","Mimosa macropogon","Mimosa macropogon","Barneby","1232455","species","https://powo.science.kew.org/taxon/urn:lsid:ipni.org:names:313157-2","","Fabaceae","1","1","wcvp","0",""
"501","Mimosa kuhlmannii",1,"167646","Mimosa kuhlmannii",1,"species","","",NA,"Hoehne","Fabaceae","Mimosa","Mimosa",1,"kuhlmannii","kuhlmannii",1,"","",NA,"","",NA,"","",NA,"","","https://powo.science.kew.org/taxon/urn:lsid:ipni.org:names:161748-2","","Y","Accepted","Mimosa kuhlmannii","Mimosa kuhlmannii","Hoehne","167646","species","https://powo.science.kew.org/taxon/urn:lsid:ipni.org:names:161748-2","","Fabaceae","1","1","wcvp","0",""
"502","Mimosa regnellii",1,"172419","Mimosa regnellii",1,"species","","",NA,"Benth.","Fabaceae","Mimosa","Mimosa",1,"regnellii","regnellii",1,"","",NA,"","",NA,"","",NA,"","","https://powo.science.kew.org/taxon/urn:lsid:ipni.org:names:508589-1","","Y","Accepted","Mimosa regnellii","Mimosa regnellii","Benth.","172419","species","https://powo.science.kew.org/taxon/urn:lsid:ipni.org:names:508589-1","","Fabaceae","1","1","wcvp","0",""
"503","Mimosa regnellii var. regnellii",1,"177642","Mimosa regnellii var. regnellii",1,"variety","","",NA,"","Fabaceae","Mimosa","Mimosa",1,"regnellii","regnellii",1,"","",NA,"var.","regnellii",1,"","",NA,"","","https://powo.science.kew.org/taxon/urn:lsid:ipni.org:names:77190608-1","","Y","Accepted","Mimosa regnellii var. regnellii","Mimosa regnellii","","177642","variety","https://powo.science.kew.org/taxon/urn:lsid:ipni.org:names:77190608-1","","Fabaceae","1","1","wcvp","0",""
"504","Mimosa regnellii var. exuta",1,"1288541","Mimosa regnellii var. exuta",1,"variety","","",NA,"Barneby","Fabaceae","Mimosa","Mimosa",1,"regnellii","regnellii",1,"","",NA,"var.","exuta",1,"","",NA,"","","https://powo.science.kew.org/taxon/urn:lsid:ipni.org:names:313159-2","","Y","Accepted","Mimosa regnellii var. exuta","Mimosa regnellii","Barneby","1288541","variety","https://powo.science.kew.org/taxon/urn:lsid:ipni.org:names:313159-2","","Fabaceae","1","1","wcvp","0",""
"505","Mimosa regnellii var. supersetosa",1,"1288476","Mimosa regnellii var. supersetosa",1,"variety","","",NA,"(Burkart) Barneby","Fabaceae","Mimosa","Mimosa",1,"regnellii","regnellii",1,"","",NA,"var.","supersetosa",1,"","",NA,"","","https://powo.science.kew.org/taxon/urn:lsid:ipni.org:names:967301-1","","Y","Accepted","Mimosa regnellii var. supersetosa","Mimosa regnellii","(Burkart) Barneby","1288476","variety","https://powo.science.kew.org/taxon/urn:lsid:ipni.org:names:967301-1","","Fabaceae","1","1","wcvp","0",""
"506","Mimosa regnellii var. grossiseta",1,"1288475","Mimosa regnellii var. grossiseta",1,"variety","","",NA,"Barneby","Fabaceae","Mimosa","Mimosa",1,"regnellii","regnellii",1,"","",NA,"var.","grossiseta",1,"","",NA,"","","https://powo.science.kew.org/taxon/urn:lsid:ipni.org:names:313160-2","","Y","Accepted","Mimosa regnellii var. grossiseta","Mimosa regnellii","Barneby","1288475","variety","https://powo.science.kew.org/taxon/urn:lsid:ipni.org:names:313160-2","","Fabaceae","1","1","wcvp","0",""
"507","Mimosa micropteris",1,"172381","Mimosa micropteris",1,"species","","",NA,"Benth.","Fabaceae","Mimosa","Mimosa",1,"micropteris","micropteris",1,"","",NA,"","",NA,"","",NA,"","","https://powo.science.kew.org/taxon/urn:lsid:ipni.org:names:313161-2","","Y","Accepted","Mimosa micropteris","Mimosa micropteris","Benth.","172381","species","https://powo.science.kew.org/taxon/urn:lsid:ipni.org:names:313161-2","","Fabaceae","1","1","wcvp","0",""
"508","Mimosa micropteris var. micropteris",1,"1232456","Mimosa micropteris var. micropteris",1,"variety","","",NA,"","Fabaceae","Mimosa","Mimosa",1,"micropteris","micropteris",1,"","",NA,"var.","micropteris",1,"","",NA,"","","https://powo.science.kew.org/taxon/urn:lsid:ipni.org:names:77190488-1","","Y","Accepted","Mimosa micropteris var. micropteris","Mimosa micropteris","","1232456","variety","https://powo.science.kew.org/taxon/urn:lsid:ipni.org:names:77190488-1","","Fabaceae","1","1","wcvp","0",""
"509","Mimosa deceptrix",1,"1232457","Mimosa deceptrix",1,"species","","",NA,"Barneby","Fabaceae","Mimosa","Mimosa",1,"deceptrix","deceptrix",1,"","",NA,"","",NA,"","",NA,"","","https://powo.science.kew.org/taxon/urn:lsid:ipni.org:names:313162-2","","Y","Accepted","Mimosa deceptrix","Mimosa deceptrix","Barneby","1232457","species","https://powo.science.kew.org/taxon/urn:lsid:ipni.org:names:313162-2","","Fabaceae","1","1","wcvp","0",""
"510","Mimosa chartostegia",1,"1232458","Mimosa chartostegia",1,"species","","",NA,"Barneby","Fabaceae","Mimosa","Mimosa",1,"chartostegia","chartostegia",1,"","",NA,"","",NA,"","",NA,"","","https://powo.science.kew.org/taxon/urn:lsid:ipni.org:names:313163-2","","Y","Accepted","Mimosa chartostegia","Mimosa chartostegia","Barneby","1232458","species","https://powo.science.kew.org/taxon/urn:lsid:ipni.org:names:313163-2","","Fabaceae","1","1","wcvp","0",""
"511","Mimosa candelabrum",1,"167577","Mimosa candelabrum",1,"species","","",NA,"Hassl.","Fabaceae","Mimosa","Mimosa",1,"candelabrum","candelabrum",1,"","",NA,"","",NA,"","",NA,"","","https://powo.science.kew.org/taxon/urn:lsid:ipni.org:names:161568-2","","Y","Accepted","Mimosa candelabrum","Mimosa candelabrum","Hassl.","167577","species","https://powo.science.kew.org/taxon/urn:lsid:ipni.org:names:161568-2","","Fabaceae","1","1","wcvp","0",""
"512","Mimosa altoparanensis",1,"179696","Mimosa altoparanensis",1,"species","","",NA,"Burkart","Fabaceae","Mimosa","Mimosa",1,"altoparanensis","altoparanensis",1,"","",NA,"","",NA,"","",NA,"","","https://powo.science.kew.org/taxon/urn:lsid:ipni.org:names:289779-2","","Y","Accepted","Mimosa altoparanensis","Mimosa altoparanensis","Burkart","179696","species","https://powo.science.kew.org/taxon/urn:lsid:ipni.org:names:289779-2","","Fabaceae","1","1","wcvp","0",""
"513","Mimosa myriophylla",1,"172392","Mimosa myriophylla",1,"species","","",NA,"Bong. ex Benth.","Fabaceae","Mimosa","Mimosa",1,"myriophylla","myriophylla",1,"","",NA,"","",NA,"","",NA,"","","https://powo.science.kew.org/taxon/urn:lsid:ipni.org:names:313164-2","","Y","Accepted","Mimosa myriophylla","Mimosa myriophylla","Bong. ex Benth.","172392","species","https://powo.science.kew.org/taxon/urn:lsid:ipni.org:names:313164-2","","Fabaceae","1","1","wcvp","0",""
"514","Mimosa callidryas",1,"1232459","Mimosa callidryas",1,"species","","",NA,"Barneby","Fabaceae","Mimosa","Mimosa",1,"callidryas","callidryas",1,"","",NA,"","",NA,"","",NA,"","","https://powo.science.kew.org/taxon/urn:lsid:ipni.org:names:313165-2","","Y","Accepted","Mimosa callidryas","Mimosa callidryas","Barneby","1232459","species","https://powo.science.kew.org/taxon/urn:lsid:ipni.org:names:313165-2","","Fabaceae","1","1","wcvp","0",""
"515","Mimosa glazioui",0.95322410145539,"372233","Mimosa glaziovii",0.95322410145539,"species","","",NA,"Benth.","Fabaceae","Mimosa","Mimosa",1,"glazioui","glaziovii",0.77777777777778,"","",NA,"","",NA,"","",NA,"","","https://powo.science.kew.org/taxon/urn:lsid:ipni.org:names:508055-1","","","Accepted","Mimosa glaziovii","Mimosa glaziovii","Benth.","372233","species","https://powo.science.kew.org/taxon/urn:lsid:ipni.org:names:508055-1","","Fabaceae","1","1","wcvp","0",""
"516","Mimosa balduinii",1,"182228","Mimosa balduinii",1,"species","","",NA,"Burkart","Fabaceae","Mimosa","Mimosa",1,"balduinii","balduinii",1,"","",NA,"","",NA,"","",NA,"","","https://powo.science.kew.org/taxon/urn:lsid:ipni.org:names:161522-2","","Y","Accepted","Mimosa balduinii","Mimosa balduinii","Burkart","182228","species","https://powo.science.kew.org/taxon/urn:lsid:ipni.org:names:161522-2","","Fabaceae","1","1","wcvp","0",""
"517","Mimosa polycarpa",1,"175909","Mimosa polycarpa",1,"species","","",NA,"Kunth","Fabaceae","Mimosa","Mimosa",1,"polycarpa","polycarpa",1,"","",NA,"","",NA,"","",NA,"","","https://powo.science.kew.org/taxon/urn:lsid:ipni.org:names:508517-1","","Y","Accepted","Mimosa polycarpa","Mimosa polycarpa","Kunth","175909","species","https://powo.science.kew.org/taxon/urn:lsid:ipni.org:names:508517-1","","Fabaceae","1","1","wcvp","0",""
"518","Mimosa polycarpa var. spegazzinii",1,"167701","Mimosa polycarpa var. spegazzinii",1,"variety","","",NA,"(Pirotta) Burkart","Fabaceae","Mimosa","Mimosa",1,"polycarpa","polycarpa",1,"","",NA,"var.","spegazzinii",1,"","",NA,"","","https://powo.science.kew.org/taxon/urn:lsid:ipni.org:names:161902-2","","Y","Accepted","Mimosa polycarpa var. spegazzinii","Mimosa polycarpa","(Pirotta) Burkart","167701","variety","https://powo.science.kew.org/taxon/urn:lsid:ipni.org:names:161902-2","","Fabaceae","1","1","wcvp","0",""
"519","Mimosa polycarpa var. polycarpa",1,"177634","Mimosa polycarpa var. polycarpa",1,"variety","","",NA,"","Fabaceae","Mimosa","Mimosa",1,"polycarpa","polycarpa",1,"","",NA,"var.","polycarpa",1,"","",NA,"","","https://powo.science.kew.org/taxon/urn:lsid:ipni.org:names:77190575-1","","Y","Accepted","Mimosa polycarpa var. polycarpa","Mimosa polycarpa","","177634","variety","https://powo.science.kew.org/taxon/urn:lsid:ipni.org:names:77190575-1","","Fabaceae","1","1","wcvp","0",""
"520","Mimosa polycarpa var. redundans",1,"1369755","Mimosa polycarpa var. redundans",1,"variety","","",NA,"Barneby","Fabaceae","Mimosa","Mimosa",1,"polycarpa","polycarpa",1,"","",NA,"var.","redundans",1,"","",NA,"","","https://powo.science.kew.org/taxon/urn:lsid:ipni.org:names:313169-2","","Y","Accepted","Mimosa polycarpa var. redundans","Mimosa polycarpa","Barneby","1369755","variety","https://powo.science.kew.org/taxon/urn:lsid:ipni.org:names:313169-2","","Fabaceae","1","1","wcvp","0",""
"521","Mimosa polycarpa var. subandina",1,"1369756","Mimosa polycarpa var. subandina",1,"variety","","",NA,"Barneby","Fabaceae","Mimosa","Mimosa",1,"polycarpa","polycarpa",1,"","",NA,"var.","subandina",1,"","",NA,"","","https://powo.science.kew.org/taxon/urn:lsid:ipni.org:names:313170-2","","Y","Accepted","Mimosa polycarpa var. subandina","Mimosa polycarpa","Barneby","1369756","variety","https://powo.science.kew.org/taxon/urn:lsid:ipni.org:names:313170-2","","Fabaceae","1","1","wcvp","0",""
"522","Mimosa tenuipendula",1,"167740","Mimosa tenuipendula",1,"species","","",NA,"Burkart","Fabaceae","Mimosa","Mimosa",1,"tenuipendula","tenuipendula",1,"","",NA,"","",NA,"","",NA,"","","https://powo.science.kew.org/taxon/urn:lsid:ipni.org:names:162016-2","","Y","Accepted","Mimosa tenuipendula","Mimosa tenuipendula","Burkart","167740","species","https://powo.science.kew.org/taxon/urn:lsid:ipni.org:names:162016-2","","Fabaceae","1","1","wcvp","0",""
"523","Mimosa balansae",1,"179752","Mimosa balansae",1,"species","","",NA,"Micheli","Fabaceae","Mimosa","Mimosa",1,"balansae","balansae",1,"","",NA,"","",NA,"","",NA,"","","https://powo.science.kew.org/taxon/urn:lsid:ipni.org:names:313171-2","","Y","Accepted","Mimosa balansae","Mimosa balansae","Micheli","179752","species","https://powo.science.kew.org/taxon/urn:lsid:ipni.org:names:313171-2","","Fabaceae","1","1","wcvp","0",""
"524","Mimosa williamsii",1,"167756","Mimosa williamsii",1,"species","","",NA,"Rusby","Fabaceae","Mimosa","Mimosa",1,"williamsii","williamsii",1,"","",NA,"","",NA,"","",NA,"","","https://powo.science.kew.org/taxon/urn:lsid:ipni.org:names:162068-2","","Y","Accepted","Mimosa williamsii","Mimosa williamsii","Rusby","167756","species","https://powo.science.kew.org/taxon/urn:lsid:ipni.org:names:162068-2","","Fabaceae","1","1","wcvp","0",""
"525","Mimosa pectinatipinna",1,"167691","Mimosa pectinatipinna",1,"species","","",NA,"Burkart","Fabaceae","Mimosa","Mimosa",1,"pectinatipinna","pectinatipinna",1,"","",NA,"","",NA,"","",NA,"","","https://powo.science.kew.org/taxon/urn:lsid:ipni.org:names:161880-2","","Y","Accepted","Mimosa pectinatipinna","Mimosa pectinatipinna","Burkart","167691","species","https://powo.science.kew.org/taxon/urn:lsid:ipni.org:names:161880-2","","Fabaceae","1","1","wcvp","0",""
"526","Mimosa ctenodes",1,"1048966","Mimosa ctenodes",1,"species","","",NA,"Barneby","Fabaceae","Mimosa","Mimosa",1,"ctenodes","ctenodes",1,"","",NA,"","",NA,"","",NA,"","","https://powo.science.kew.org/taxon/urn:lsid:ipni.org:names:313173-2","","Y","Accepted","Mimosa ctenodes","Mimosa ctenodes","Barneby","1048966","species","https://powo.science.kew.org/taxon/urn:lsid:ipni.org:names:313173-2","","Fabaceae","1","1","wcvp","0",""
"527","Mimosa rusbyana",1,"1230159","Mimosa rusbyana",1,"species","","",NA,"Barneby & Fortunato","Fabaceae","Mimosa","Mimosa",1,"rusbyana","rusbyana",1,"","",NA,"","",NA,"","",NA,"","","https://powo.science.kew.org/taxon/urn:lsid:ipni.org:names:313175-2","","Y","Accepted","Mimosa rusbyana","Mimosa rusbyana","Barneby & Fortunato","1230159","species","https://powo.science.kew.org/taxon/urn:lsid:ipni.org:names:313175-2","","Fabaceae","1","1","wcvp","0",""
"528","Mimosa cuzcoana",1,"167591","Mimosa cuzcoana",1,"species","","",NA,"J.F.Macbr.","Fabaceae","Mimosa","Mimosa",1,"cuzcoana","cuzcoana",1,"","",NA,"","",NA,"","",NA,"","","https://powo.science.kew.org/taxon/urn:lsid:ipni.org:names:161613-2","","Y","Accepted","Mimosa cuzcoana","Mimosa cuzcoana","J.F.Macbr.","167591","species","https://powo.science.kew.org/taxon/urn:lsid:ipni.org:names:161613-2","","Fabaceae","1","1","wcvp","0",""
"529","Mimosa schrankioides",1,"172434","Mimosa schrankioides",1,"species","","",NA,"Benth.","Fabaceae","Mimosa","Mimosa",1,"schrankioides","schrankioides",1,"","",NA,"","",NA,"","",NA,"","","https://powo.science.kew.org/taxon/urn:lsid:ipni.org:names:508652-1","","Y","Accepted","Mimosa schrankioides","Mimosa schrankioides","Benth.","172434","species","https://powo.science.kew.org/taxon/urn:lsid:ipni.org:names:508652-1","","Fabaceae","1","1","wcvp","0",""
"530","Mimosa schrankioides var. sagotiana",1,"1048989","Mimosa schrankioides var. sagotiana",1,"variety","","",NA,"(Benth.) Barneby","Fabaceae","Mimosa","Mimosa",1,"schrankioides","schrankioides",1,"","",NA,"var.","sagotiana",1,"","",NA,"","","https://powo.science.kew.org/taxon/urn:lsid:ipni.org:names:967303-1","","Y","Accepted","Mimosa schrankioides var. sagotiana","Mimosa schrankioides","(Benth.) Barneby","1048989","variety","https://powo.science.kew.org/taxon/urn:lsid:ipni.org:names:967303-1","","Fabaceae","1","1","wcvp","0",""
"531","Mimosa schrankioides var. schrankioides",1,"1049020","Mimosa schrankioides var. schrankioides",1,"variety","","",NA,"","Fabaceae","Mimosa","Mimosa",1,"schrankioides","schrankioides",1,"","",NA,"var.","schrankioides",1,"","",NA,"","","https://powo.science.kew.org/taxon/urn:lsid:ipni.org:names:77190579-1","","Y","Accepted","Mimosa schrankioides var. schrankioides","Mimosa schrankioides","","1049020","variety","https://powo.science.kew.org/taxon/urn:lsid:ipni.org:names:77190579-1","","Fabaceae","1","1","wcvp","0",""
"532","Mimosa casta",1,"172288","Mimosa casta",1,"species","","",NA,"L.","Fabaceae","Mimosa","Mimosa",1,"casta","casta",1,"","",NA,"","",NA,"","",NA,"","","https://powo.science.kew.org/taxon/urn:lsid:ipni.org:names:313177-2","","Y","Accepted","Mimosa casta","Mimosa casta","L.","172288","species","https://powo.science.kew.org/taxon/urn:lsid:ipni.org:names:313177-2","","Fabaceae","1","1","wcvp","0",""
"533","Mimosa vexans",1,"1232460","Mimosa vexans",1,"species","","",NA,"Barneby","Fabaceae","Mimosa","Mimosa",1,"vexans","vexans",1,"","",NA,"","",NA,"","",NA,"","","https://powo.science.kew.org/taxon/urn:lsid:ipni.org:names:313178-2","","Y","Accepted","Mimosa vexans","Mimosa vexans","Barneby","1232460","species","https://powo.science.kew.org/taxon/urn:lsid:ipni.org:names:313178-2","","Fabaceae","1","1","wcvp","0",""
"534","Mimosa teledactyla",1,"167739","Mimosa teledactyla",1,"species","","",NA,"Donn.Sm.","Fabaceae","Mimosa","Mimosa",1,"teledactyla","teledactyla",1,"","",NA,"","",NA,"","",NA,"","","https://powo.science.kew.org/taxon/urn:lsid:ipni.org:names:162013-2","","Y","Accepted","Mimosa teledactyla","Mimosa teledactyla","Donn.Sm.","167739","species","https://powo.science.kew.org/taxon/urn:lsid:ipni.org:names:162013-2","","Fabaceae","1","1","wcvp","0",""
"535","Mimosa sensitiva",1,"172437","Mimosa sensitiva",1,"species","","",NA,"L.","Fabaceae","Mimosa","Mimosa",1,"sensitiva","sensitiva",1,"","",NA,"","",NA,"","",NA,"","","https://powo.science.kew.org/taxon/urn:lsid:ipni.org:names:508671-1","","Y","Accepted","Mimosa sensitiva","Mimosa sensitiva","L.","172437","species","https://powo.science.kew.org/taxon/urn:lsid:ipni.org:names:508671-1","","Fabaceae","1","1","wcvp","0",""
"536","Mimosa sensitiva var. sensitiva",1,"177082","Mimosa sensitiva var. sensitiva",1,"variety","","",NA,"","Fabaceae","Mimosa","Mimosa",1,"sensitiva","sensitiva",1,"","",NA,"var.","sensitiva",1,"","",NA,"","","https://powo.science.kew.org/taxon/urn:lsid:ipni.org:names:77190561-1","","Y","Accepted","Mimosa sensitiva var. sensitiva","Mimosa sensitiva","","177082","variety","https://powo.science.kew.org/taxon/urn:lsid:ipni.org:names:77190561-1","","Fabaceae","1","1","wcvp","0",""
"537","Mimosa sensitiva var. malitiosa",1,"176492","Mimosa sensitiva var. malitiosa",1,"variety","","",NA,"(Mart.) Barneby","Fabaceae","Mimosa","Mimosa",1,"sensitiva","sensitiva",1,"","",NA,"var.","malitiosa",1,"","",NA,"","","https://powo.science.kew.org/taxon/urn:lsid:ipni.org:names:924356-1","","Y","Accepted","Mimosa sensitiva var. malitiosa","Mimosa sensitiva","(Mart.) Barneby","176492","variety","https://powo.science.kew.org/taxon/urn:lsid:ipni.org:names:924356-1","","Fabaceae","1","1","wcvp","0",""
"538","Mimosa velloziana",1,"172467","Mimosa velloziana",1,"species","","",NA,"Mart.","Fabaceae","Mimosa","Mimosa",1,"velloziana","velloziana",1,"","",NA,"","",NA,"","",NA,"","","https://powo.science.kew.org/taxon/urn:lsid:ipni.org:names:30012686-2","","Y","Accepted","Mimosa velloziana","Mimosa velloziana","Mart.","172467","species","https://powo.science.kew.org/taxon/urn:lsid:ipni.org:names:30012686-2","","Fabaceae","1","1","wcvp","0",""
"539","Mimosa albida",1,"181658","Mimosa albida",1,"species","","",NA,"Humb. & Bonpl. ex Willd.","Fabaceae","Mimosa","Mimosa",1,"albida","albida",1,"","",NA,"","",NA,"","",NA,"","","https://powo.science.kew.org/taxon/urn:lsid:ipni.org:names:507622-1","","Y","Accepted","Mimosa albida","Mimosa albida","Humb. & Bonpl. ex Willd.","181658","species","https://powo.science.kew.org/taxon/urn:lsid:ipni.org:names:507622-1","","Fabaceae","1","1","wcvp","0",""
"540","Mimosa albida var. albida",1,"176853","Mimosa albida var. albida",1,"variety","","",NA,"","Fabaceae","Mimosa","Mimosa",1,"albida","albida",1,"","",NA,"var.","albida",1,"","",NA,"","","https://powo.science.kew.org/taxon/urn:lsid:ipni.org:names:77190464-1","","Y","Accepted","Mimosa albida var. albida","Mimosa albida","","176853","variety","https://powo.science.kew.org/taxon/urn:lsid:ipni.org:names:77190464-1","","Fabaceae","1","1","wcvp","0",""
"541","Mimosa albida var. glabrior",1,"1043866","Mimosa albida var. glabrior",1,"variety","","",NA,"B.L.Rob.","Fabaceae","Mimosa","Mimosa",1,"albida","albida",1,"","",NA,"var.","glabrior",1,"","",NA,"","","https://powo.science.kew.org/taxon/urn:lsid:ipni.org:names:161476-2","","Y","Accepted","Mimosa albida var. glabrior","Mimosa albida","B.L.Rob.","1043866","variety","https://powo.science.kew.org/taxon/urn:lsid:ipni.org:names:161476-2","","Fabaceae","1","1","wcvp","0",""
"542","Mimosa albida var. willdenowii",1,"166678","Mimosa albida var. willdenowii",1,"variety","","",NA,"(Poir.) Rudd","Fabaceae","Mimosa","Mimosa",1,"albida","albida",1,"","",NA,"var.","willdenowii",1,"","",NA,"","","https://powo.science.kew.org/taxon/urn:lsid:ipni.org:names:161479-2","","Y","Accepted","Mimosa albida var. willdenowii","Mimosa albida","(Poir.) Rudd","166678","variety","https://powo.science.kew.org/taxon/urn:lsid:ipni.org:names:161479-2","","Fabaceae","1","1","wcvp","0",""
"543","Mimosa sensibilis",1,"172436","Mimosa sensibilis",1,"species","","",NA,"Griseb.","Fabaceae","Mimosa","Mimosa",1,"sensibilis","sensibilis",1,"","",NA,"","",NA,"","",NA,"","","https://powo.science.kew.org/taxon/urn:lsid:ipni.org:names:508669-1","","Y","Accepted","Mimosa sensibilis","Mimosa sensibilis","Griseb.","172436","species","https://powo.science.kew.org/taxon/urn:lsid:ipni.org:names:508669-1","","Fabaceae","1","1","wcvp","0",""
"544","Mimosa sensibilis var. sensibilis",1,"1232461","Mimosa sensibilis var. sensibilis",1,"variety","","",NA,"","Fabaceae","Mimosa","Mimosa",1,"sensibilis","sensibilis",1,"","",NA,"var.","sensibilis",1,"","",NA,"","","https://powo.science.kew.org/taxon/urn:lsid:ipni.org:names:77190550-1","","Y","Accepted","Mimosa sensibilis var. sensibilis","Mimosa sensibilis","","1232461","variety","https://powo.science.kew.org/taxon/urn:lsid:ipni.org:names:77190550-1","","Fabaceae","1","1","wcvp","0",""
"545","Mimosa sensibilis var. urucumensis",1,"1369766","Mimosa sensibilis var. urucumensis",1,"variety","","",NA,"Barneby","Fabaceae","Mimosa","Mimosa",1,"sensibilis","sensibilis",1,"","",NA,"var.","urucumensis",1,"","",NA,"","","https://powo.science.kew.org/taxon/urn:lsid:ipni.org:names:965934-1","","Y","Accepted","Mimosa sensibilis var. urucumensis","Mimosa sensibilis","Barneby","1369766","variety","https://powo.science.kew.org/taxon/urn:lsid:ipni.org:names:965934-1","","Fabaceae","1","1","wcvp","0",""
"546","Mimosa sensibilis var. aquidabani",1,"1232463","Mimosa sensibilis var. aquidabani",1,"variety","","",NA,"Barneby","Fabaceae","Mimosa","Mimosa",1,"sensibilis","sensibilis",1,"","",NA,"var.","aquidabani",1,"","",NA,"","","https://powo.science.kew.org/taxon/urn:lsid:ipni.org:names:313182-2","","Y","Accepted","Mimosa sensibilis var. aquidabani","Mimosa sensibilis","Barneby","1232463","variety","https://powo.science.kew.org/taxon/urn:lsid:ipni.org:names:313182-2","","Fabaceae","1","1","wcvp","0",""
"547","Mimosa debilis",1,"172297","Mimosa debilis",1,"species","","",NA,"Humb. & Bonpl. ex Willd.","Fabaceae","Mimosa","Mimosa",1,"debilis","debilis",1,"","",NA,"","",NA,"","",NA,"","","https://powo.science.kew.org/taxon/urn:lsid:ipni.org:names:507880-1","","Y","Accepted","Mimosa debilis","Mimosa debilis","Humb. & Bonpl. ex Willd.","172297","species","https://powo.science.kew.org/taxon/urn:lsid:ipni.org:names:507880-1","","Fabaceae","1","1","wcvp","0",""
"548","Mimosa debilis var. debilis",1,"1049014","Mimosa debilis var. debilis",1,"variety","","",NA,"","Fabaceae","Mimosa","Mimosa",1,"debilis","debilis",1,"","",NA,"var.","debilis",1,"","",NA,"","","https://powo.science.kew.org/taxon/urn:lsid:ipni.org:names:77190448-1","","Y","Accepted","Mimosa debilis var. debilis","Mimosa debilis","","1049014","variety","https://powo.science.kew.org/taxon/urn:lsid:ipni.org:names:77190448-1","","Fabaceae","1","1","wcvp","0",""
"549","Mimosa debilis var. aequatoriana",1,"1369715","Mimosa debilis var. aequatoriana",1,"variety","","",NA,"(Rudd) Barneby","Fabaceae","Mimosa","Mimosa",1,"debilis","debilis",1,"","",NA,"var.","aequatoriana",1,"","",NA,"","","https://powo.science.kew.org/taxon/urn:lsid:ipni.org:names:967304-1","","Y","Accepted","Mimosa debilis var. aequatoriana","Mimosa debilis","(Rudd) Barneby","1369715","variety","https://powo.science.kew.org/taxon/urn:lsid:ipni.org:names:967304-1","","Fabaceae","1","1","wcvp","0",""
"550","Mimosa debilis var. parapitiensis",1,"1369716","Mimosa debilis var. parapitiensis",1,"variety","","",NA,"(Burkart) Barneby","Fabaceae","Mimosa","Mimosa",1,"debilis","debilis",1,"","",NA,"var.","parapitiensis",1,"","",NA,"","","https://powo.science.kew.org/taxon/urn:lsid:ipni.org:names:967305-1","","Y","Accepted","Mimosa debilis var. parapitiensis","Mimosa debilis","(Burkart) Barneby","1369716","variety","https://powo.science.kew.org/taxon/urn:lsid:ipni.org:names:967305-1","","Fabaceae","1","1","wcvp","0",""
"551","Mimosa debilis var. vestita",1,"1369717","Mimosa debilis var. vestita",1,"variety","","",NA,"(Benth.) Barneby","Fabaceae","Mimosa","Mimosa",1,"debilis","debilis",1,"","",NA,"var.","vestita",1,"","",NA,"","","https://powo.science.kew.org/taxon/urn:lsid:ipni.org:names:967306-1","","Y","Accepted","Mimosa debilis var. vestita","Mimosa debilis","(Benth.) Barneby","1369717","variety","https://powo.science.kew.org/taxon/urn:lsid:ipni.org:names:967306-1","","Fabaceae","1","1","wcvp","0",""
"552","Mimosa debilis var. amnis-mortium",1,"1288397","Mimosa debilis var. amnis-mortium",1,"variety","","",NA,"Barneby","Fabaceae","Mimosa","Mimosa",1,"debilis","debilis",1,"","",NA,"var.","amnis-mortium",1,"","",NA,"","","https://powo.science.kew.org/taxon/urn:lsid:ipni.org:names:313196-2","","Y","Accepted","Mimosa debilis var. amnis-mortium","Mimosa debilis","Barneby","1288397","variety","https://powo.science.kew.org/taxon/urn:lsid:ipni.org:names:313196-2","","Fabaceae","1","1","wcvp","0",""
"553","Mimosa platyphylla",1,"176453","Mimosa platyphylla",1,"species","","",NA,"Benth.","Fabaceae","Mimosa","Mimosa",1,"platyphylla","platyphylla",1,"","",NA,"","",NA,"","",NA,"","","https://powo.science.kew.org/taxon/urn:lsid:ipni.org:names:508504-1","","Y","Accepted","Mimosa platyphylla","Mimosa platyphylla","Benth.","176453","species","https://powo.science.kew.org/taxon/urn:lsid:ipni.org:names:508504-1","","Fabaceae","1","1","wcvp","0",""
"554","Mimosa nuda",1,"172395","Mimosa nuda",1,"species","","",NA,"Benth.","Fabaceae","Mimosa","Mimosa",1,"nuda","nuda",1,"","",NA,"","",NA,"","",NA,"","","https://powo.science.kew.org/taxon/urn:lsid:ipni.org:names:508396-1","","Y","Synonym","Mimosa debilis var. debilis","Mimosa debilis","","1049014","variety","https://powo.science.kew.org/taxon/urn:lsid:ipni.org:names:77190448-1","","Fabaceae","1","1","wcvp","0",""
"555","Mimosa nuda var. glaberrima",1,"1369749","Mimosa nuda var. glaberrima",1,"variety","","",NA,"(Chodat & Hassl.) Barneby","Fabaceae","Mimosa","Mimosa",1,"nuda","nuda",1,"","",NA,"var.","glaberrima",1,"","",NA,"","","https://powo.science.kew.org/taxon/urn:lsid:ipni.org:names:1066410-2","","Y","Synonym","Mimosa debilis var. debilis","Mimosa debilis","","1049014","variety","https://powo.science.kew.org/taxon/urn:lsid:ipni.org:names:77190448-1","","Fabaceae","1","1","wcvp","0",""
"556","Mimosa nuda var. gracilipes",1,"1369750","Mimosa nuda var. gracilipes",1,"variety","","",NA,"(Harms) Barneby","Fabaceae","Mimosa","Mimosa",1,"nuda","nuda",1,"","",NA,"var.","gracilipes",1,"","",NA,"","","https://powo.science.kew.org/taxon/urn:lsid:ipni.org:names:967308-1","","Y","Synonym","Mimosa debilis var. debilis","Mimosa debilis","","1049014","variety","https://powo.science.kew.org/taxon/urn:lsid:ipni.org:names:77190448-1","","Fabaceae","1","1","wcvp","0",""
"557","Mimosa nuda var. ramosa",1,"1369751","Mimosa nuda var. ramosa",1,"variety","","",NA,"(Benth.) Barneby","Fabaceae","Mimosa","Mimosa",1,"nuda","nuda",1,"","",NA,"var.","ramosa",1,"","",NA,"","","https://powo.science.kew.org/taxon/urn:lsid:ipni.org:names:967309-1","","Y","Synonym","Mimosa debilis var. debilis","Mimosa debilis","","1049014","variety","https://powo.science.kew.org/taxon/urn:lsid:ipni.org:names:77190448-1","","Fabaceae","1","1","wcvp","0",""
"558","Mimosa nuda var. angusta",1,"1232464","Mimosa nuda var. angusta",1,"variety","","",NA,"(Benth.) Barneby","Fabaceae","Mimosa","Mimosa",1,"nuda","nuda",1,"","",NA,"var.","angusta",1,"","",NA,"","","https://powo.science.kew.org/taxon/urn:lsid:ipni.org:names:967310-1","","Y","Synonym","Mimosa debilis var. angusta","Mimosa debilis","(Benth.) M.Morales & Fortunato","1350210","variety","https://powo.science.kew.org/taxon/urn:lsid:ipni.org:names:77106220-1","","Fabaceae","1","1","wcvp","0",""
"559","Mimosa nuda var. nuda",0.59957384396743,"172395","Mimosa nuda",0.59957384396743,"species","","",NA,"Benth.","Fabaceae","Mimosa","Mimosa",1,"nuda","nuda",1,"","",NA,"","",NA,"","",NA,"","var. nuda","https://powo.science.kew.org/taxon/urn:lsid:ipni.org:names:508396-1","","Y","Synonym","Mimosa debilis var. debilis","Mimosa debilis","","1049014","variety","https://powo.science.kew.org/taxon/urn:lsid:ipni.org:names:77190448-1","","Fabaceae","1","1","wcvp","1","[Partial]"
"560","Mimosa acapulcensis",1,"1040191","Mimosa acapulcensis",1,"species","","",NA,"B.L.Rob.","Fabaceae","Mimosa","Mimosa",1,"acapulcensis","acapulcensis",1,"","",NA,"","",NA,"","",NA,"","","https://powo.science.kew.org/taxon/urn:lsid:ipni.org:names:161458-2","","Y","Accepted","Mimosa acapulcensis","Mimosa acapulcensis","B.L.Rob.","1040191","species","https://powo.science.kew.org/taxon/urn:lsid:ipni.org:names:161458-2","","Fabaceae","1","1","wcvp","0",""
"561","Mimosa sousae",1,"176745","Mimosa sousae",1,"species","","",NA,"R.Grether","Fabaceae","Mimosa","Mimosa",1,"sousae","sousae",1,"","",NA,"","",NA,"","",NA,"","","https://powo.science.kew.org/taxon/urn:lsid:ipni.org:names:161989-2","","Y","Accepted","Mimosa sousae","Mimosa sousae","R.Grether","176745","species","https://powo.science.kew.org/taxon/urn:lsid:ipni.org:names:161989-2","","Fabaceae","1","1","wcvp","0",""
"562","Mimosa alleniana",1,"167542","Mimosa alleniana",1,"species","","",NA,"Morong","Fabaceae","Mimosa","Mimosa",1,"alleniana","alleniana",1,"","",NA,"","",NA,"","",NA,"","","https://powo.science.kew.org/taxon/urn:lsid:ipni.org:names:161481-2","","Y","Accepted","Mimosa alleniana","Mimosa alleniana","Morong","167542","species","https://powo.science.kew.org/taxon/urn:lsid:ipni.org:names:161481-2","","Fabaceae","1","1","wcvp","0",""
"563","Mimosa brevipetiolata",1,"167565","Mimosa brevipetiolata",1,"species","","",NA,"Burkart","Fabaceae","Mimosa","Mimosa",1,"brevipetiolata","brevipetiolata",1,"","",NA,"","",NA,"","",NA,"","","https://powo.science.kew.org/taxon/urn:lsid:ipni.org:names:161548-2","","Y","Accepted","Mimosa brevipetiolata","Mimosa brevipetiolata","Burkart","167565","species","https://powo.science.kew.org/taxon/urn:lsid:ipni.org:names:161548-2","","Fabaceae","1","1","wcvp","0",""
"564","Mimosa brevipetiolata var. hirtula",1,"1232466","Mimosa brevipetiolata var. hirtula",1,"variety","","",NA,"(Burkart) Barneby","Fabaceae","Mimosa","Mimosa",1,"brevipetiolata","brevipetiolata",1,"","",NA,"var.","hirtula",1,"","",NA,"","","https://powo.science.kew.org/taxon/urn:lsid:ipni.org:names:967311-1","","Y","Accepted","Mimosa brevipetiolata var. hirtula","Mimosa brevipetiolata","(Burkart) Barneby","1232466","variety","https://powo.science.kew.org/taxon/urn:lsid:ipni.org:names:967311-1","","Fabaceae","1","1","wcvp","0",""
"565","Mimosa brevipetiolata var. pilosula",1,"1232467","Mimosa brevipetiolata var. pilosula",1,"variety","","",NA,"(Burkart) Barneby","Fabaceae","Mimosa","Mimosa",1,"brevipetiolata","brevipetiolata",1,"","",NA,"var.","pilosula",1,"","",NA,"","","https://powo.science.kew.org/taxon/urn:lsid:ipni.org:names:967312-1","","Y","Synonym","Mimosa brevipetiolata var. hirtula","Mimosa brevipetiolata","(Burkart) Barneby","1232466","variety","https://powo.science.kew.org/taxon/urn:lsid:ipni.org:names:967311-1","","Fabaceae","1","1","wcvp","0",""
"566","Mimosa brevipetiolata var. brevipetiolata",1,"1232468","Mimosa brevipetiolata var. brevipetiolata",1,"variety","","",NA,"","Fabaceae","Mimosa","Mimosa",1,"brevipetiolata","brevipetiolata",1,"","",NA,"var.","brevipetiolata",1,"","",NA,"","","https://powo.science.kew.org/taxon/urn:lsid:ipni.org:names:77190479-1","","Y","Accepted","Mimosa brevipetiolata var. brevipetiolata","Mimosa brevipetiolata","","1232468","variety","https://powo.science.kew.org/taxon/urn:lsid:ipni.org:names:77190479-1","","Fabaceae","1","1","wcvp","0",""
"567","Mimosa brevipetiolata var. pauperoides",1,"1369713","Mimosa brevipetiolata var. pauperoides",1,"variety","","",NA,"(Burkart) Barneby","Fabaceae","Mimosa","Mimosa",1,"brevipetiolata","brevipetiolata",1,"","",NA,"var.","pauperoides",1,"","",NA,"","","https://powo.science.kew.org/taxon/urn:lsid:ipni.org:names:967313-1","","Y","Accepted","Mimosa brevipetiolata var. pauperoides","Mimosa brevipetiolata","(Burkart) Barneby","1369713","variety","https://powo.science.kew.org/taxon/urn:lsid:ipni.org:names:967313-1","","Fabaceae","1","1","wcvp","0",""
"568","Mimosa brevipetiolata var. rojasiana",1,"1232469","Mimosa brevipetiolata var. rojasiana",1,"variety","","",NA,"(Hassl.) Barneby","Fabaceae","Mimosa","Mimosa",1,"brevipetiolata","brevipetiolata",1,"","",NA,"var.","rojasiana",1,"","",NA,"","","https://powo.science.kew.org/taxon/urn:lsid:ipni.org:names:967314-1","","Y","Synonym","Mimosa balansae","Mimosa balansae","Micheli","179752","species","https://powo.science.kew.org/taxon/urn:lsid:ipni.org:names:313171-2","","Fabaceae","1","1","wcvp","0",""
"569","Mimosa pedunculosa",1,"172414","Mimosa pedunculosa",1,"species","","",NA,"Micheli","Fabaceae","Mimosa","Mimosa",1,"pedunculosa","pedunculosa",1,"","",NA,"","",NA,"","",NA,"","","https://powo.science.kew.org/taxon/urn:lsid:ipni.org:names:508466-1","","Y","Accepted","Mimosa pedunculosa","Mimosa pedunculosa","Micheli","172414","species","https://powo.science.kew.org/taxon/urn:lsid:ipni.org:names:508466-1","","Fabaceae","1","1","wcvp","0",""
"570","Mimosa petraea",1,"167695","Mimosa petraea",1,"species","","",NA,"Chodat & Hassl.","Fabaceae","Mimosa","Mimosa",1,"petraea","petraea",1,"","",NA,"","",NA,"","",NA,"","","https://powo.science.kew.org/taxon/urn:lsid:ipni.org:names:161885-2","","Y","Accepted","Mimosa petraea","Mimosa petraea","Chodat & Hassl.","167695","species","https://powo.science.kew.org/taxon/urn:lsid:ipni.org:names:161885-2","","Fabaceae","1","1","wcvp","0",""
"571","Mimosa leimonias",1,"1232470","Mimosa leimonias",1,"species","","",NA,"Barneby & Fortunato","Fabaceae","Mimosa","Mimosa",1,"leimonias","leimonias",1,"","",NA,"","",NA,"","",NA,"","","https://powo.science.kew.org/taxon/urn:lsid:ipni.org:names:313199-2","","Y","Accepted","Mimosa leimonias","Mimosa leimonias","Barneby & Fortunato","1232470","species","https://powo.science.kew.org/taxon/urn:lsid:ipni.org:names:313199-2","","Fabaceae","1","1","wcvp","0",""
"572","Mimosa uninervis",1,"1040286","Mimosa uninervis",1,"species","","",NA,"(Chodat & Hassl.) Hassl.","Fabaceae","Mimosa","Mimosa",1,"uninervis","uninervis",1,"","",NA,"","",NA,"","",NA,"","","https://powo.science.kew.org/taxon/urn:lsid:ipni.org:names:162041-2","","Y","Accepted","Mimosa uninervis","Mimosa uninervis","(Chodat & Hassl.) Hassl.","1040286","species","https://powo.science.kew.org/taxon/urn:lsid:ipni.org:names:162041-2","","Fabaceae","1","1","wcvp","0",""
"573","Mimosa oligophylla",1,"172401","Mimosa oligophylla",1,"species","","",NA,"Micheli","Fabaceae","Mimosa","Mimosa",1,"oligophylla","oligophylla",1,"","",NA,"","",NA,"","",NA,"","","https://powo.science.kew.org/taxon/urn:lsid:ipni.org:names:313200-2","","Y","Accepted","Mimosa oligophylla","Mimosa oligophylla","Micheli","172401","species","https://powo.science.kew.org/taxon/urn:lsid:ipni.org:names:313200-2","","Fabaceae","1","1","wcvp","0",""
"574","Mimosa flagellaris",1,"172327","Mimosa flagellaris",1,"species","","",NA,"Benth.","Fabaceae","Mimosa","Mimosa",1,"flagellaris","flagellaris",1,"","",NA,"","",NA,"","",NA,"","","https://powo.science.kew.org/taxon/urn:lsid:ipni.org:names:313201-2","","Y","Accepted","Mimosa flagellaris","Mimosa flagellaris","Benth.","172327","species","https://powo.science.kew.org/taxon/urn:lsid:ipni.org:names:313201-2","","Fabaceae","1","1","wcvp","0",""
"575","Mimosa cainguensis",1,"167570","Mimosa cainguensis",1,"species","","",NA,"Burkart","Fabaceae","Mimosa","Mimosa",1,"cainguensis","cainguensis",1,"","",NA,"","",NA,"","",NA,"","","https://powo.science.kew.org/taxon/urn:lsid:ipni.org:names:161554-2","","Y","Accepted","Mimosa cainguensis","Mimosa cainguensis","Burkart","167570","species","https://powo.science.kew.org/taxon/urn:lsid:ipni.org:names:161554-2","","Fabaceae","1","1","wcvp","0",""
"576","Mimosa filipetiola",1,"172885","Mimosa filipetiola",1,"species","","",NA,"Burkart","Fabaceae","Mimosa","Mimosa",1,"filipetiola","filipetiola",1,"","",NA,"","",NA,"","",NA,"","","https://powo.science.kew.org/taxon/urn:lsid:ipni.org:names:161663-2","","Y","Accepted","Mimosa filipetiola","Mimosa filipetiola","Burkart","172885","species","https://powo.science.kew.org/taxon/urn:lsid:ipni.org:names:161663-2","","Fabaceae","1","1","wcvp","0",""
"577","Mimosa psilocarpa",1,"1040266","Mimosa psilocarpa",1,"species","","",NA,"B.L.Rob.","Fabaceae","Mimosa","Mimosa",1,"psilocarpa","psilocarpa",1,"","",NA,"","",NA,"","",NA,"","","https://powo.science.kew.org/taxon/urn:lsid:ipni.org:names:161915-2","","Y","Accepted","Mimosa psilocarpa","Mimosa psilocarpa","B.L.Rob.","1040266","species","https://powo.science.kew.org/taxon/urn:lsid:ipni.org:names:161915-2","","Fabaceae","1","1","wcvp","0",""
"578","Mimosa lactiflua",1,"172354","Mimosa lactiflua",1,"species","","",NA,"Delile ex Benth.","Fabaceae","Mimosa","Mimosa",1,"lactiflua","lactiflua",1,"","",NA,"","",NA,"","",NA,"","","https://powo.science.kew.org/taxon/urn:lsid:ipni.org:names:508192-1","","Y","Accepted","Mimosa lactiflua","Mimosa lactiflua","Delile ex Benth.","172354","species","https://powo.science.kew.org/taxon/urn:lsid:ipni.org:names:508192-1","","Fabaceae","1","1","wcvp","0",""
"579","Mimosa caerulea",1,"167569","Mimosa caerulea",1,"species","","",NA,"Rose","Fabaceae","Mimosa","Mimosa",1,"caerulea","caerulea",1,"","",NA,"","",NA,"","",NA,"","","https://powo.science.kew.org/taxon/urn:lsid:ipni.org:names:161553-2","","Y","Accepted","Mimosa caerulea","Mimosa caerulea","Rose","167569","species","https://powo.science.kew.org/taxon/urn:lsid:ipni.org:names:161553-2","","Fabaceae","1","1","wcvp","0",""
"580","Mimosa margaritae",1,"1040880","Mimosa margaritae",1,"species","","",NA,"Rose","Fabaceae","Mimosa","Mimosa",1,"margaritae","margaritae",1,"","",NA,"","",NA,"","",NA,"","","https://powo.science.kew.org/taxon/urn:lsid:ipni.org:names:161798-2","","Y","Accepted","Mimosa margaritae","Mimosa margaritae","Rose","1040880","species","https://powo.science.kew.org/taxon/urn:lsid:ipni.org:names:161798-2","","Fabaceae","1","1","wcvp","0",""
"581","Mimosa sicyocarpa",1,"1040280","Mimosa sicyocarpa",1,"species","","",NA,"B.L.Rob.","Fabaceae","Mimosa","Mimosa",1,"sicyocarpa","sicyocarpa",1,"","",NA,"","",NA,"","",NA,"","","https://powo.science.kew.org/taxon/urn:lsid:ipni.org:names:161983-2","","Y","Accepted","Mimosa sicyocarpa","Mimosa sicyocarpa","B.L.Rob.","1040280","species","https://powo.science.kew.org/taxon/urn:lsid:ipni.org:names:161983-2","","Fabaceae","1","1","wcvp","0",""
"582","Mimosa deamii",1,"1040213","Mimosa deamii",1,"species","","",NA,"B.L.Rob.","Fabaceae","Mimosa","Mimosa",1,"deamii","deamii",1,"","",NA,"","",NA,"","",NA,"","","https://powo.science.kew.org/taxon/urn:lsid:ipni.org:names:161620-2","","Y","Accepted","Mimosa deamii","Mimosa deamii","B.L.Rob.","1040213","species","https://powo.science.kew.org/taxon/urn:lsid:ipni.org:names:161620-2","","Fabaceae","1","1","wcvp","0",""
"583","Mimosa goldmanii",1,"1040225","Mimosa goldmanii",1,"species","","",NA,"B.L.Rob.","Fabaceae","Mimosa","Mimosa",1,"goldmanii","goldmanii",1,"","",NA,"","",NA,"","",NA,"","","https://powo.science.kew.org/taxon/urn:lsid:ipni.org:names:161689-2","","Y","Accepted","Mimosa goldmanii","Mimosa goldmanii","B.L.Rob.","1040225","species","https://powo.science.kew.org/taxon/urn:lsid:ipni.org:names:161689-2","","Fabaceae","1","1","wcvp","0",""
"584","Mimosa tricephala",1,"1042501","Mimosa tricephala",1,"species","","",NA,"Schltdl. & Cham.","Fabaceae","Mimosa","Mimosa",1,"tricephala","tricephala",1,"","",NA,"","",NA,"","",NA,"","","https://powo.science.kew.org/taxon/urn:lsid:ipni.org:names:508812-1","","Y","Accepted","Mimosa tricephala","Mimosa tricephala","Schltdl. & Cham.","1042501","species","https://powo.science.kew.org/taxon/urn:lsid:ipni.org:names:508812-1","","Fabaceae","1","1","wcvp","0",""
"585","Mimosa xanti",1,"172476","Mimosa xanti",1,"species","","",NA,"A.Gray","Fabaceae","Mimosa","Mimosa",1,"xanti","xanti",1,"","",NA,"","",NA,"","",NA,"","","https://powo.science.kew.org/taxon/urn:lsid:ipni.org:names:319755-2","","Y","Synonym","Mimosa tricephala var. xanti","Mimosa tricephala","(A.Gray) Chehaibar & R.Grether","1369770","variety","https://powo.science.kew.org/taxon/urn:lsid:ipni.org:names:1128979-2","","Fabaceae","1","1","wcvp","0",""
"586","Mimosa incarum",1,"1048990","Mimosa incarum",1,"species","","",NA,"Barneby","Fabaceae","Mimosa","Mimosa",1,"incarum","incarum",1,"","",NA,"","",NA,"","",NA,"","","https://powo.science.kew.org/taxon/urn:lsid:ipni.org:names:960629-1","","Y","Accepted","Mimosa incarum","Mimosa incarum","Barneby","1048990","species","https://powo.science.kew.org/taxon/urn:lsid:ipni.org:names:960629-1","","Fabaceae","1","1","wcvp","0",""
"587","Mimosa boliviana",1,"172270","Mimosa boliviana",1,"species","","",NA,"Benth.","Fabaceae","Mimosa","Mimosa",1,"boliviana","boliviana",1,"","",NA,"","",NA,"","",NA,"","","https://powo.science.kew.org/taxon/urn:lsid:ipni.org:names:313208-2","","Y","Accepted","Mimosa boliviana","Mimosa boliviana","Benth.","172270","species","https://powo.science.kew.org/taxon/urn:lsid:ipni.org:names:313208-2","","Fabaceae","1","1","wcvp","0",""
"588","Mimosa dolens",1,"172309","Mimosa dolens",1,"species","","",NA,"Vell.","Fabaceae","Mimosa","Mimosa",1,"dolens","dolens",1,"","",NA,"","",NA,"","",NA,"","","https://powo.science.kew.org/taxon/urn:lsid:ipni.org:names:507923-1","","Y","Accepted","Mimosa dolens","Mimosa dolens","Vell.","172309","species","https://powo.science.kew.org/taxon/urn:lsid:ipni.org:names:507923-1","","Fabaceae","1","1","wcvp","0",""
"589","Mimosa dolens subsp. acerba",1,"1369723","Mimosa dolens subsp. acerba",1,"subspecies","","",NA,"(Benth.) Barneby","Fabaceae","Mimosa","Mimosa",1,"dolens","dolens",1,"","",NA,"subsp.","acerba",1,"","",NA,"","","https://powo.science.kew.org/taxon/urn:lsid:ipni.org:names:967316-1","","Y","Accepted","Mimosa dolens subsp. acerba","Mimosa dolens","(Benth.) Barneby","1369723","subspecies","https://powo.science.kew.org/taxon/urn:lsid:ipni.org:names:967316-1","","Fabaceae","1","1","wcvp","0",""
"590","Mimosa dolens subsp. acerba var. acerba",0.77149326622765,"1369723","Mimosa dolens subsp. acerba",0.77149326622765,"subspecies","","",NA,"(Benth.) Barneby","Fabaceae","Mimosa","Mimosa",1,"dolens","dolens",1,"","",NA,"subsp.","acerba",1,"","",NA,"","var. acerba","https://powo.science.kew.org/taxon/urn:lsid:ipni.org:names:967316-1","","Y","Accepted","Mimosa dolens subsp. acerba","Mimosa dolens","(Benth.) Barneby","1369723","subspecies","https://powo.science.kew.org/taxon/urn:lsid:ipni.org:names:967316-1","","Fabaceae","1","1","wcvp","1","[Partial]"
"591","Mimosa dolens subsp. acerba var. latifolia",0.77149326622765,"1369723","Mimosa dolens subsp. acerba",0.77149326622765,"subspecies","","",NA,"(Benth.) Barneby","Fabaceae","Mimosa","Mimosa",1,"dolens","dolens",1,"","",NA,"subsp.","acerba",1,"","",NA,"","var. latifolia","https://powo.science.kew.org/taxon/urn:lsid:ipni.org:names:967316-1","","Y","Accepted","Mimosa dolens subsp. acerba","Mimosa dolens","(Benth.) Barneby","1369723","subspecies","https://powo.science.kew.org/taxon/urn:lsid:ipni.org:names:967316-1","","Fabaceae","1","1","wcvp","1","[Partial]"
"592","Mimosa dolens subsp. acerba var. rudis",0.77149326622765,"1369723","Mimosa dolens subsp. acerba",0.77149326622765,"subspecies","","",NA,"(Benth.) Barneby","Fabaceae","Mimosa","Mimosa",1,"dolens","dolens",1,"","",NA,"subsp.","acerba",1,"","",NA,"","var. rudis","https://powo.science.kew.org/taxon/urn:lsid:ipni.org:names:967316-1","","Y","Accepted","Mimosa dolens subsp. acerba","Mimosa dolens","(Benth.) Barneby","1369723","subspecies","https://powo.science.kew.org/taxon/urn:lsid:ipni.org:names:967316-1","","Fabaceae","1","1","wcvp","1","[Partial]"
"593","Mimosa dolens subsp. acerba var. uncta",0.77149326622765,"1369723","Mimosa dolens subsp. acerba",0.77149326622765,"subspecies","","",NA,"(Benth.) Barneby","Fabaceae","Mimosa","Mimosa",1,"dolens","dolens",1,"","",NA,"subsp.","acerba",1,"","",NA,"","var. uncta","https://powo.science.kew.org/taxon/urn:lsid:ipni.org:names:967316-1","","Y","Accepted","Mimosa dolens subsp. acerba","Mimosa dolens","(Benth.) Barneby","1369723","subspecies","https://powo.science.kew.org/taxon/urn:lsid:ipni.org:names:967316-1","","Fabaceae","1","1","wcvp","1","[Partial]"
"594","Mimosa dolens subsp. acerba var. pubescens",0.77149326622765,"1369723","Mimosa dolens subsp. acerba",0.77149326622765,"subspecies","","",NA,"(Benth.) Barneby","Fabaceae","Mimosa","Mimosa",1,"dolens","dolens",1,"","",NA,"subsp.","acerba",1,"","",NA,"","var. pubescens","https://powo.science.kew.org/taxon/urn:lsid:ipni.org:names:967316-1","","Y","Accepted","Mimosa dolens subsp. acerba","Mimosa dolens","(Benth.) Barneby","1369723","subspecies","https://powo.science.kew.org/taxon/urn:lsid:ipni.org:names:967316-1","","Fabaceae","1","1","wcvp","1","[Partial]"
"595","Mimosa dolens subsp. acerba var. psendorigida",0.77149326622765,"1369723","Mimosa dolens subsp. acerba",0.77149326622765,"subspecies","","",NA,"(Benth.) Barneby","Fabaceae","Mimosa","Mimosa",1,"dolens","dolens",1,"","",NA,"subsp.","acerba",1,"","",NA,"","var. psendorigida","https://powo.science.kew.org/taxon/urn:lsid:ipni.org:names:967316-1","","Y","Accepted","Mimosa dolens subsp. acerba","Mimosa dolens","(Benth.) Barneby","1369723","subspecies","https://powo.science.kew.org/taxon/urn:lsid:ipni.org:names:967316-1","","Fabaceae","1","1","wcvp","1","[Partial]"
"596","Mimosa dolens subsp. rigida var. rigida",0.77149326622765,"1208789","Mimosa dolens subsp. rigida",0.77149326622765,"subspecies","","",NA,"(Benth.) Barneby","Fabaceae","Mimosa","Mimosa",1,"dolens","dolens",1,"","",NA,"subsp.","rigida",1,"","",NA,"","var. rigida","https://powo.science.kew.org/taxon/urn:lsid:ipni.org:names:967321-1","","Y","Accepted","Mimosa dolens subsp. rigida","Mimosa dolens","(Benth.) Barneby","1208789","subspecies","https://powo.science.kew.org/taxon/urn:lsid:ipni.org:names:967321-1","","Fabaceae","1","1","wcvp","1","[Partial]"
"597","Mimosa dolens subsp. rigida var. rigescens",0.77149326622765,"1208789","Mimosa dolens subsp. rigida",0.77149326622765,"subspecies","","",NA,"(Benth.) Barneby","Fabaceae","Mimosa","Mimosa",1,"dolens","dolens",1,"","",NA,"subsp.","rigida",1,"","",NA,"","var. rigescens","https://powo.science.kew.org/taxon/urn:lsid:ipni.org:names:967321-1","","Y","Accepted","Mimosa dolens subsp. rigida","Mimosa dolens","(Benth.) Barneby","1208789","subspecies","https://powo.science.kew.org/taxon/urn:lsid:ipni.org:names:967321-1","","Fabaceae","1","1","wcvp","1","[Partial]"
"598","Mimosa dolens subsp. rigida var. foliolosa",0.77149326622765,"1208789","Mimosa dolens subsp. rigida",0.77149326622765,"subspecies","","",NA,"(Benth.) Barneby","Fabaceae","Mimosa","Mimosa",1,"dolens","dolens",1,"","",NA,"subsp.","rigida",1,"","",NA,"","var. foliolosa","https://powo.science.kew.org/taxon/urn:lsid:ipni.org:names:967321-1","","Y","Accepted","Mimosa dolens subsp. rigida","Mimosa dolens","(Benth.) Barneby","1208789","subspecies","https://powo.science.kew.org/taxon/urn:lsid:ipni.org:names:967321-1","","Fabaceae","1","1","wcvp","1","[Partial]"
"599","Mimosa dolens subsp. rigida var. anisitsii",0.77149326622765,"1208789","Mimosa dolens subsp. rigida",0.77149326622765,"subspecies","","",NA,"(Benth.) Barneby","Fabaceae","Mimosa","Mimosa",1,"dolens","dolens",1,"","",NA,"subsp.","rigida",1,"","",NA,"","var. anisitsii","https://powo.science.kew.org/taxon/urn:lsid:ipni.org:names:967321-1","","Y","Accepted","Mimosa dolens subsp. rigida","Mimosa dolens","(Benth.) Barneby","1208789","subspecies","https://powo.science.kew.org/taxon/urn:lsid:ipni.org:names:967321-1","","Fabaceae","1","1","wcvp","1","[Partial]"
"600","Mimosa dolens subsp. rigida var. deterior",0.77149326622765,"1208789","Mimosa dolens subsp. rigida",0.77149326622765,"subspecies","","",NA,"(Benth.) Barneby","Fabaceae","Mimosa","Mimosa",1,"dolens","dolens",1,"","",NA,"subsp.","rigida",1,"","",NA,"","var. deterior","https://powo.science.kew.org/taxon/urn:lsid:ipni.org:names:967321-1","","Y","Accepted","Mimosa dolens subsp. rigida","Mimosa dolens","(Benth.) Barneby","1208789","subspecies","https://powo.science.kew.org/taxon/urn:lsid:ipni.org:names:967321-1","","Fabaceae","1","1","wcvp","1","[Partial]"
"601","Mimosa dolens subsp. ericphylla",0.99025364493243,"1232471","Mimosa dolens subsp. eriophylla",0.99025364493243,"subspecies","","",NA,"(Benth.) Barneby","Fabaceae","Mimosa","Mimosa",1,"dolens","dolens",1,"","",NA,"subsp.","eriophylla",0.9,"","",NA,"","","https://powo.science.kew.org/taxon/urn:lsid:ipni.org:names:967325-1","","","Accepted","Mimosa dolens subsp. eriophylla","Mimosa dolens","(Benth.) Barneby","1232471","subspecies","https://powo.science.kew.org/taxon/urn:lsid:ipni.org:names:967325-1","","Fabaceae","1","1","wcvp","0",""
"602","Mimosa dolens subsp. callosa",1,"1333373","Mimosa dolens subsp. callosa",1,"subspecies","","",NA,"(Benth.) Barneby","Fabaceae","Mimosa","Mimosa",1,"dolens","dolens",1,"","",NA,"subsp.","callosa",1,"","",NA,"","","https://powo.science.kew.org/taxon/urn:lsid:ipni.org:names:967326-1","","Y","Accepted","Mimosa dolens subsp. callosa","Mimosa dolens","(Benth.) Barneby","1333373","subspecies","https://powo.science.kew.org/taxon/urn:lsid:ipni.org:names:967326-1","","Fabaceae","1","1","wcvp","0",""
"603","Mimosa dolens subsp. dolens",1,"1375226","Mimosa dolens subsp. dolens",1,"subspecies","","",NA,"","Fabaceae","Mimosa","Mimosa",1,"dolens","dolens",1,"","",NA,"subsp.","dolens",1,"","",NA,"","","https://powo.science.kew.org/taxon/urn:lsid:ipni.org:names:77190452-1","","Y","Accepted","Mimosa dolens subsp. dolens","Mimosa dolens","","1375226","subspecies","https://powo.science.kew.org/taxon/urn:lsid:ipni.org:names:77190452-1","","Fabaceae","1","1","wcvp","0",""
"604","Mimosa dolens subsp. dolens var. dolens",0.77149326622765,"1375226","Mimosa dolens subsp. dolens",0.77149326622765,"subspecies","","",NA,"","Fabaceae","Mimosa","Mimosa",1,"dolens","dolens",1,"","",NA,"subsp.","dolens",1,"","",NA,"","var. dolens","https://powo.science.kew.org/taxon/urn:lsid:ipni.org:names:77190452-1","","Y","Accepted","Mimosa dolens subsp. dolens","Mimosa dolens","","1375226","subspecies","https://powo.science.kew.org/taxon/urn:lsid:ipni.org:names:77190452-1","","Fabaceae","1","1","wcvp","1","[Partial]"
"605","Mimosa dolens subsp. dolens var. pangloea",0.77149326622765,"1375226","Mimosa dolens subsp. dolens",0.77149326622765,"subspecies","","",NA,"","Fabaceae","Mimosa","Mimosa",1,"dolens","dolens",1,"","",NA,"subsp.","dolens",1,"","",NA,"","var. pangloea","https://powo.science.kew.org/taxon/urn:lsid:ipni.org:names:77190452-1","","Y","Accepted","Mimosa dolens subsp. dolens","Mimosa dolens","","1375226","subspecies","https://powo.science.kew.org/taxon/urn:lsid:ipni.org:names:77190452-1","","Fabaceae","1","1","wcvp","1","[Partial]"
"606","Mimosa lundiana",1,"172370","Mimosa lundiana",1,"species","","",NA,"Benth.","Fabaceae","Mimosa","Mimosa",1,"lundiana","lundiana",1,"","",NA,"","",NA,"","",NA,"","","https://powo.science.kew.org/taxon/urn:lsid:ipni.org:names:508271-1","","Y","Accepted","Mimosa lundiana","Mimosa lundiana","Benth.","172370","species","https://powo.science.kew.org/taxon/urn:lsid:ipni.org:names:508271-1","","Fabaceae","1","1","wcvp","0",""
"607","Mimosa insidiosa",1,"172350","Mimosa insidiosa",1,"species","","",NA,"Mart.","Fabaceae","Mimosa","Mimosa",1,"insidiosa","insidiosa",1,"","",NA,"","",NA,"","",NA,"","","https://powo.science.kew.org/taxon/urn:lsid:ipni.org:names:508156-1","","Y","Accepted","Mimosa insidiosa","Mimosa insidiosa","Mart.","172350","species","https://powo.science.kew.org/taxon/urn:lsid:ipni.org:names:508156-1","","Fabaceae","1","1","wcvp","0",""
"608","Mimosa insidiosa var. insidiosa",1,"177677","Mimosa insidiosa var. insidiosa",1,"variety","","",NA,"","Fabaceae","Mimosa","Mimosa",1,"insidiosa","insidiosa",1,"","",NA,"var.","insidiosa",1,"","",NA,"","","https://powo.science.kew.org/taxon/urn:lsid:ipni.org:names:77190491-1","","Y","Accepted","Mimosa insidiosa var. insidiosa","Mimosa insidiosa","","177677","variety","https://powo.science.kew.org/taxon/urn:lsid:ipni.org:names:77190491-1","","Fabaceae","1","1","wcvp","0",""
"609","Mimosa insidiosa var. major",1,"1288543","Mimosa insidiosa var. major",1,"variety","","",NA,"Benth.","Fabaceae","Mimosa","Mimosa",1,"insidiosa","insidiosa",1,"","",NA,"var.","major",1,"","",NA,"","","https://powo.science.kew.org/taxon/urn:lsid:ipni.org:names:161738-2","","Y","Accepted","Mimosa insidiosa var. major","Mimosa insidiosa","Benth.","1288543","variety","https://powo.science.kew.org/taxon/urn:lsid:ipni.org:names:161738-2","","Fabaceae","1","1","wcvp","0",""
"610","Mimosa trichocephala",1,"172462","Mimosa trichocephala",1,"species","","",NA,"Benth.","Fabaceae","Mimosa","Mimosa",1,"trichocephala","trichocephala",1,"","",NA,"","",NA,"","",NA,"","","https://powo.science.kew.org/taxon/urn:lsid:ipni.org:names:508813-1","","Y","Accepted","Mimosa trichocephala","Mimosa trichocephala","Benth.","172462","species","https://powo.science.kew.org/taxon/urn:lsid:ipni.org:names:508813-1","","Fabaceae","1","1","wcvp","0",""
"611","Mimosa nycteridis",1,"1209170","Mimosa nycteridis",1,"species","","",NA,"Barneby","Fabaceae","Mimosa","Mimosa",1,"nycteridis","nycteridis",1,"","",NA,"","",NA,"","",NA,"","","https://powo.science.kew.org/taxon/urn:lsid:ipni.org:names:313224-2","","Y","Accepted","Mimosa nycteridis","Mimosa nycteridis","Barneby","1209170","species","https://powo.science.kew.org/taxon/urn:lsid:ipni.org:names:313224-2","","Fabaceae","1","1","wcvp","0",""
"612","Mimosa pusilliceps",1,"1232473","Mimosa pusilliceps",1,"species","","",NA,"Barneby","Fabaceae","Mimosa","Mimosa",1,"pusilliceps","pusilliceps",1,"","",NA,"","",NA,"","",NA,"","","https://powo.science.kew.org/taxon/urn:lsid:ipni.org:names:313225-2","","Y","Accepted","Mimosa pusilliceps","Mimosa pusilliceps","Barneby","1232473","species","https://powo.science.kew.org/taxon/urn:lsid:ipni.org:names:313225-2","","Fabaceae","1","1","wcvp","0",""
"613","Mimosa ramosissima",1,"172417","Mimosa ramosissima",1,"species","","",NA,"Benth.","Fabaceae","Mimosa","Mimosa",1,"ramosissima","ramosissima",1,"","",NA,"","",NA,"","",NA,"","","https://powo.science.kew.org/taxon/urn:lsid:ipni.org:names:508585-1","","Y","Accepted","Mimosa ramosissima","Mimosa ramosissima","Benth.","172417","species","https://powo.science.kew.org/taxon/urn:lsid:ipni.org:names:508585-1","","Fabaceae","1","1","wcvp","0",""
"614","Mimosa oblonga",1,"172396","Mimosa oblonga",1,"species","","",NA,"Benth.","Fabaceae","Mimosa","Mimosa",1,"oblonga","oblonga",1,"","",NA,"","",NA,"","",NA,"","","https://powo.science.kew.org/taxon/urn:lsid:ipni.org:names:508403-1","","Y","Accepted","Mimosa oblonga","Mimosa oblonga","Benth.","172396","species","https://powo.science.kew.org/taxon/urn:lsid:ipni.org:names:508403-1","","Fabaceae","1","1","wcvp","0",""
"615","Mimosa oblonga var. oblonga",1,"1232474","Mimosa oblonga var. oblonga",1,"variety","","",NA,"","Fabaceae","Mimosa","Mimosa",1,"oblonga","oblonga",1,"","",NA,"var.","oblonga",1,"","",NA,"","","https://powo.science.kew.org/taxon/urn:lsid:ipni.org:names:77190548-1","","Y","Accepted","Mimosa oblonga var. oblonga","Mimosa oblonga","","1232474","variety","https://powo.science.kew.org/taxon/urn:lsid:ipni.org:names:77190548-1","","Fabaceae","1","1","wcvp","0",""
"616","Mimosa oblonga var. pinetorum",1,"1288470","Mimosa oblonga var. pinetorum",1,"variety","","",NA,"Barneby","Fabaceae","Mimosa","Mimosa",1,"oblonga","oblonga",1,"","",NA,"var.","pinetorum",1,"","",NA,"","","https://powo.science.kew.org/taxon/urn:lsid:ipni.org:names:313227-2","","Y","Accepted","Mimosa oblonga var. pinetorum","Mimosa oblonga","Barneby","1288470","variety","https://powo.science.kew.org/taxon/urn:lsid:ipni.org:names:313227-2","","Fabaceae","1","1","wcvp","0",""
"617","Mimosa orthacantha",1,"172403","Mimosa orthacantha",1,"species","","",NA,"Benth.","Fabaceae","Mimosa","Mimosa",1,"orthacantha","orthacantha",1,"","",NA,"","",NA,"","",NA,"","","https://powo.science.kew.org/taxon/urn:lsid:ipni.org:names:508420-1","","Y","Accepted","Mimosa orthacantha","Mimosa orthacantha","Benth.","172403","species","https://powo.science.kew.org/taxon/urn:lsid:ipni.org:names:508420-1","","Fabaceae","1","1","wcvp","0",""
"618","Mimosa chaetosphaera",1,"1232475","Mimosa chaetosphaera",1,"species","","",NA,"Barneby","Fabaceae","Mimosa","Mimosa",1,"chaetosphaera","chaetosphaera",1,"","",NA,"","",NA,"","",NA,"","","https://powo.science.kew.org/taxon/urn:lsid:ipni.org:names:961724-1","","Y","Accepted","Mimosa chaetosphaera","Mimosa chaetosphaera","Barneby","1232475","species","https://powo.science.kew.org/taxon/urn:lsid:ipni.org:names:961724-1","","Fabaceae","1","1","wcvp","0",""
"619","Mimosa serra",1,"172890","Mimosa serra",1,"species","","",NA,"Burkart","Fabaceae","Mimosa","Mimosa",1,"serra","serra",1,"","",NA,"","",NA,"","",NA,"","","https://powo.science.kew.org/taxon/urn:lsid:ipni.org:names:508677-1","","Y","Accepted","Mimosa serra","Mimosa serra","Burkart","172890","species","https://powo.science.kew.org/taxon/urn:lsid:ipni.org:names:508677-1","","Fabaceae","1","1","wcvp","0",""
"620","Mimosa sparsiformis",1,"1232476","Mimosa sparsiformis",1,"species","","",NA,"Barneby","Fabaceae","Mimosa","Mimosa",1,"sparsiformis","sparsiformis",1,"","",NA,"","",NA,"","",NA,"","","https://powo.science.kew.org/taxon/urn:lsid:ipni.org:names:313230-2","","Y","Accepted","Mimosa sparsiformis","Mimosa sparsiformis","Barneby","1232476","species","https://powo.science.kew.org/taxon/urn:lsid:ipni.org:names:313230-2","","Fabaceae","1","1","wcvp","0",""
"621","Mimosa atlantica",1,"1232477","Mimosa atlantica",1,"species","","",NA,"Barneby","Fabaceae","Mimosa","Mimosa",1,"atlantica","atlantica",1,"","",NA,"","",NA,"","",NA,"","","https://powo.science.kew.org/taxon/urn:lsid:ipni.org:names:313231-2","","Y","Accepted","Mimosa atlantica","Mimosa atlantica","Barneby","1232477","species","https://powo.science.kew.org/taxon/urn:lsid:ipni.org:names:313231-2","","Fabaceae","1","1","wcvp","0",""
"622","Mimosa monticola",1,"1040250","Mimosa monticola",1,"species","","",NA,"Dusén","Fabaceae","Mimosa","Mimosa",1,"monticola","monticola",1,"","",NA,"","",NA,"","",NA,"","","https://powo.science.kew.org/taxon/urn:lsid:ipni.org:names:161836-2","","Y","Accepted","Mimosa monticola","Mimosa monticola","Dusén","1040250","species","https://powo.science.kew.org/taxon/urn:lsid:ipni.org:names:161836-2","","Fabaceae","1","1","wcvp","0",""
"623","Mimosa monticola var. monticola",1,"1288551","Mimosa monticola var. monticola",1,"variety","","",NA,"","Fabaceae","Mimosa","Mimosa",1,"monticola","monticola",1,"","",NA,"var.","monticola",1,"","",NA,"","","https://powo.science.kew.org/taxon/urn:lsid:ipni.org:names:77190436-1","","Y","Accepted","Mimosa monticola var. monticola","Mimosa monticola","","1288551","variety","https://powo.science.kew.org/taxon/urn:lsid:ipni.org:names:77190436-1","","Fabaceae","1","1","wcvp","0",""
"624","Mimosa monticola var. schwackeana",1,"1288460","Mimosa monticola var. schwackeana",1,"variety","","",NA,"Barneby","Fabaceae","Mimosa","Mimosa",1,"monticola","monticola",1,"","",NA,"var.","schwackeana",1,"","",NA,"","","https://powo.science.kew.org/taxon/urn:lsid:ipni.org:names:313232-2","","Y","Accepted","Mimosa monticola var. schwackeana","Mimosa monticola","Barneby","1288460","variety","https://powo.science.kew.org/taxon/urn:lsid:ipni.org:names:313232-2","","Fabaceae","1","1","wcvp","0",""
"625","Mimosa gymnas",1,"1209065","Mimosa gymnas",1,"species","","",NA,"Barneby","Fabaceae","Mimosa","Mimosa",1,"gymnas","gymnas",1,"","",NA,"","",NA,"","",NA,"","","https://powo.science.kew.org/taxon/urn:lsid:ipni.org:names:313233-2","","Y","Accepted","Mimosa gymnas","Mimosa gymnas","Barneby","1209065","species","https://powo.science.kew.org/taxon/urn:lsid:ipni.org:names:313233-2","","Fabaceae","1","1","wcvp","0",""
"626","Mimosa sparsa",1,"172446","Mimosa sparsa",1,"species","","",NA,"Benth.","Fabaceae","Mimosa","Mimosa",1,"sparsa","sparsa",1,"","",NA,"","",NA,"","",NA,"","","https://powo.science.kew.org/taxon/urn:lsid:ipni.org:names:508706-1","","Y","Accepted","Mimosa sparsa","Mimosa sparsa","Benth.","172446","species","https://powo.science.kew.org/taxon/urn:lsid:ipni.org:names:508706-1","","Fabaceae","1","1","wcvp","0",""
"627","Mimosa glabra",1,"172331","Mimosa glabra",1,"species","","",NA,"Benth.","Fabaceae","Mimosa","Mimosa",1,"glabra","glabra",1,"","",NA,"","",NA,"","",NA,"","","https://powo.science.kew.org/taxon/urn:lsid:ipni.org:names:508044-1","","Y","Accepted","Mimosa glabra","Mimosa glabra","Benth.","172331","species","https://powo.science.kew.org/taxon/urn:lsid:ipni.org:names:508044-1","","Fabaceae","1","1","wcvp","0",""
"628","Mimosa prionopus",1,"1232478","Mimosa prionopus",1,"species","","",NA,"Barneby","Fabaceae","Mimosa","Mimosa",1,"prionopus","prionopus",1,"","",NA,"","",NA,"","",NA,"","","https://powo.science.kew.org/taxon/urn:lsid:ipni.org:names:313234-2","","Y","Accepted","Mimosa prionopus","Mimosa prionopus","Barneby","1232478","species","https://powo.science.kew.org/taxon/urn:lsid:ipni.org:names:313234-2","","Fabaceae","1","1","wcvp","0",""
"629","Mimosa pseudocallosa",1,"172887","Mimosa pseudocallosa",1,"species","","",NA,"Burkart","Fabaceae","Mimosa","Mimosa",1,"pseudocallosa","pseudocallosa",1,"","",NA,"","",NA,"","",NA,"","","https://powo.science.kew.org/taxon/urn:lsid:ipni.org:names:508542-1","","Y","Accepted","Mimosa pseudocallosa","Mimosa pseudocallosa","Burkart","172887","species","https://powo.science.kew.org/taxon/urn:lsid:ipni.org:names:508542-1","","Fabaceae","1","1","wcvp","0",""
"630","Mimosa ourobrancoensis",1,"167682","Mimosa ourobrancoensis",1,"species","","",NA,"Burkart","Fabaceae","Mimosa","Mimosa",1,"ourobrancoensis","ourobrancoensis",1,"","",NA,"","",NA,"","",NA,"","","https://powo.science.kew.org/taxon/urn:lsid:ipni.org:names:161862-2","","Y","Accepted","Mimosa ourobrancoensis","Mimosa ourobrancoensis","Burkart","167682","species","https://powo.science.kew.org/taxon/urn:lsid:ipni.org:names:161862-2","","Fabaceae","1","1","wcvp","0",""
"631","Mimosa rupestris",1,"172430","Mimosa rupestris",1,"species","","",NA,"Benth.","Fabaceae","Mimosa","Mimosa",1,"rupestris","rupestris",1,"","",NA,"","",NA,"","",NA,"","","https://powo.science.kew.org/taxon/urn:lsid:ipni.org:names:313236-2","","Y","Accepted","Mimosa rupestris","Mimosa rupestris","Benth.","172430","species","https://powo.science.kew.org/taxon/urn:lsid:ipni.org:names:313236-2","","Fabaceae","1","1","wcvp","0",""
"632","Mimosa parvipinna",1,"172409","Mimosa parvipinna",1,"species","","",NA,"Benth.","Fabaceae","Mimosa","Mimosa",1,"parvipinna","parvipinna",1,"","",NA,"","",NA,"","",NA,"","","https://powo.science.kew.org/taxon/urn:lsid:ipni.org:names:508452-1","","Y","Accepted","Mimosa parvipinna","Mimosa parvipinna","Benth.","172409","species","https://powo.science.kew.org/taxon/urn:lsid:ipni.org:names:508452-1","","Fabaceae","1","1","wcvp","0",""
"633","Mimosa obstrigosa",1,"167679","Mimosa obstrigosa",1,"species","","",NA,"Burkart","Fabaceae","Mimosa","Mimosa",1,"obstrigosa","obstrigosa",1,"","",NA,"","",NA,"","",NA,"","","https://powo.science.kew.org/taxon/urn:lsid:ipni.org:names:161858-2","","Y","Accepted","Mimosa obstrigosa","Mimosa obstrigosa","Burkart","167679","species","https://powo.science.kew.org/taxon/urn:lsid:ipni.org:names:161858-2","","Fabaceae","1","1","wcvp","0",""
"634","Mimosa ramulosa",1,"172418","Mimosa ramulosa",1,"species","","",NA,"Benth.","Fabaceae","Mimosa","Mimosa",1,"ramulosa","ramulosa",1,"","",NA,"","",NA,"","",NA,"","","https://powo.science.kew.org/taxon/urn:lsid:ipni.org:names:313237-2","","Y","Accepted","Mimosa ramulosa","Mimosa ramulosa","Benth.","172418","species","https://powo.science.kew.org/taxon/urn:lsid:ipni.org:names:313237-2","","Fabaceae","1","1","wcvp","0",""
"635","Mimosa tandilensis",1,"167738","Mimosa tandilensis",1,"species","","",NA,"Speg.","Fabaceae","Mimosa","Mimosa",1,"tandilensis","tandilensis",1,"","",NA,"","",NA,"","",NA,"","","https://powo.science.kew.org/taxon/urn:lsid:ipni.org:names:162012-2","","Y","Accepted","Mimosa tandilensis","Mimosa tandilensis","Speg.","167738","species","https://powo.science.kew.org/taxon/urn:lsid:ipni.org:names:162012-2","","Fabaceae","1","1","wcvp","0",""
"636","Mimosa adpressa",1,"170320","Mimosa adpressa",1,"species","","",NA,"Hook. & Arn.","Fabaceae","Mimosa","Mimosa",1,"adpressa","adpressa",1,"","",NA,"","",NA,"","",NA,"","","https://powo.science.kew.org/taxon/urn:lsid:ipni.org:names:507609-1","","Y","Accepted","Mimosa adpressa","Mimosa adpressa","Hook. & Arn.","170320","species","https://powo.science.kew.org/taxon/urn:lsid:ipni.org:names:507609-1","","Fabaceae","1","1","wcvp","0",""
"637","Mimosa sprengelii",1,"1042494","Mimosa sprengelii",1,"species","","",NA,"DC.","Fabaceae","Mimosa","Mimosa",1,"sprengelii","sprengelii",1,"","",NA,"","",NA,"","",NA,"","","https://powo.science.kew.org/taxon/urn:lsid:ipni.org:names:313239-2","","Y","Accepted","Mimosa sprengelii","Mimosa sprengelii","DC.","1042494","species","https://powo.science.kew.org/taxon/urn:lsid:ipni.org:names:313239-2","","Fabaceae","1","1","wcvp","0",""
"638","Mimosa ramboi",1,"167715","Mimosa ramboi",1,"species","","",NA,"Burkart","Fabaceae","Mimosa","Mimosa",1,"ramboi","ramboi",1,"","",NA,"","",NA,"","",NA,"","","https://powo.science.kew.org/taxon/urn:lsid:ipni.org:names:161933-2","","Y","Accepted","Mimosa ramboi","Mimosa ramboi","Burkart","167715","species","https://powo.science.kew.org/taxon/urn:lsid:ipni.org:names:161933-2","","Fabaceae","1","1","wcvp","0",""
"639","Mimosa pudica",1,"163417","Mimosa pudica",1,"species","","",NA,"L.","Fabaceae","Mimosa","Mimosa",1,"pudica","pudica",1,"","",NA,"","",NA,"","",NA,"","","https://powo.science.kew.org/taxon/urn:lsid:ipni.org:names:313242-2","","Y","Accepted","Mimosa pudica","Mimosa pudica","L.","163417","species","https://powo.science.kew.org/taxon/urn:lsid:ipni.org:names:313242-2","","Fabaceae","1","1","wcvp","0",""
"640","Mimosa pudica var. unijuga",1,"176809","Mimosa pudica var. unijuga",1,"variety","","",NA,"(Duchass. & Walp.) Griseb.","Fabaceae","Mimosa","Mimosa",1,"pudica","pudica",1,"","",NA,"var.","unijuga",1,"","",NA,"","","https://powo.science.kew.org/taxon/urn:lsid:ipni.org:names:1147275-2","","Y","Accepted","Mimosa pudica var. unijuga","Mimosa pudica","(Duchass. & Walp.) Griseb.","176809","variety","https://powo.science.kew.org/taxon/urn:lsid:ipni.org:names:1147275-2","","Fabaceae","1","1","wcvp","0",""
"641","Mimosa pudica var. tetrandra",1,"176706","Mimosa pudica var. tetrandra",1,"variety","","",NA,"(Humb. & Bonpl. ex Willd.) DC.","Fabaceae","Mimosa","Mimosa",1,"pudica","pudica",1,"","",NA,"var.","tetrandra",1,"","",NA,"","","https://powo.science.kew.org/taxon/urn:lsid:ipni.org:names:161922-2","","Y","Accepted","Mimosa pudica var. tetrandra","Mimosa pudica","(Humb. & Bonpl. ex Willd.) DC.","176706","variety","https://powo.science.kew.org/taxon/urn:lsid:ipni.org:names:161922-2","","Fabaceae","1","1","wcvp","0",""
"642","Mimosa pudica var. pastoris",1,"1369760","Mimosa pudica var. pastoris",1,"variety","","",NA,"Barneby","Fabaceae","Mimosa","Mimosa",1,"pudica","pudica",1,"","",NA,"var.","pastoris",1,"","",NA,"","","https://powo.science.kew.org/taxon/urn:lsid:ipni.org:names:313245-2","","Y","Accepted","Mimosa pudica var. pastoris","Mimosa pudica","Barneby","1369760","variety","https://powo.science.kew.org/taxon/urn:lsid:ipni.org:names:313245-2","","Fabaceae","1","1","wcvp","0",""
"643","Mimosa pudica var. hispida",1,"1340910","Mimosa pudica var. hispida",1,"variety","","",NA,"Brenan","Fabaceae","Mimosa","Mimosa",1,"pudica","pudica",1,"","",NA,"var.","hispida",1,"","",NA,"","","https://powo.science.kew.org/taxon/urn:lsid:ipni.org:names:161921-2","","Y","Accepted","Mimosa pudica var. hispida","Mimosa pudica","Brenan","1340910","variety","https://powo.science.kew.org/taxon/urn:lsid:ipni.org:names:161921-2","","Fabaceae","1","1","wcvp","0",""
"644","Mimosa polydactyla",1,"163319","Mimosa polydactyla",1,"species","","",NA,"Humb. & Bonpl. ex Willd.","Fabaceae","Mimosa","Mimosa",1,"polydactyla","polydactyla",1,"","",NA,"","",NA,"","",NA,"","","https://powo.science.kew.org/taxon/urn:lsid:ipni.org:names:508520-1","","Y","Accepted","Mimosa polydactyla","Mimosa polydactyla","Humb. & Bonpl. ex Willd.","163319","species","https://powo.science.kew.org/taxon/urn:lsid:ipni.org:names:508520-1","","Fabaceae","1","1","wcvp","0",""
"645","Mimosa huberi",1,"1049015","Mimosa huberi",1,"species","","",NA,"Barneby","Fabaceae","Mimosa","Mimosa",1,"huberi","huberi",1,"","",NA,"","",NA,"","",NA,"","","https://powo.science.kew.org/taxon/urn:lsid:ipni.org:names:313246-2","","Y","Accepted","Mimosa huberi","Mimosa huberi","Barneby","1049015","species","https://powo.science.kew.org/taxon/urn:lsid:ipni.org:names:313246-2","","Fabaceae","1","1","wcvp","0",""
"646","Mimosa guaviarensis",1,"372237","Mimosa guaviarensis",1,"species","","",NA,"Barneby","Fabaceae","Mimosa","Mimosa",1,"guaviarensis","guaviarensis",1,"","",NA,"","",NA,"","",NA,"","","https://powo.science.kew.org/taxon/urn:lsid:ipni.org:names:313247-2","","Y","Accepted","Mimosa guaviarensis","Mimosa guaviarensis","Barneby","372237","species","https://powo.science.kew.org/taxon/urn:lsid:ipni.org:names:313247-2","","Fabaceae","1","1","wcvp","0",""
"647","Mimosa verecunda",1,"172468","Mimosa verecunda",1,"species","","",NA,"Benth.","Fabaceae","Mimosa","Mimosa",1,"verecunda","verecunda",1,"","",NA,"","",NA,"","",NA,"","","https://powo.science.kew.org/taxon/urn:lsid:ipni.org:names:508857-1","","Y","Accepted","Mimosa verecunda","Mimosa verecunda","Benth.","172468","species","https://powo.science.kew.org/taxon/urn:lsid:ipni.org:names:508857-1","","Fabaceae","1","1","wcvp","0",""
"648","Mimosa xanthocentra",1,"172474","Mimosa xanthocentra",1,"species","","",NA,"Mart.","Fabaceae","Mimosa","Mimosa",1,"xanthocentra","xanthocentra",1,"","",NA,"","",NA,"","",NA,"","","https://powo.science.kew.org/taxon/urn:lsid:ipni.org:names:508889-1","","Y","Accepted","Mimosa xanthocentra","Mimosa xanthocentra","Mart.","172474","species","https://powo.science.kew.org/taxon/urn:lsid:ipni.org:names:508889-1","","Fabaceae","1","1","wcvp","0",""
"649","Mimosa xanthocentra subsp. xanthocentra",0.96021221090168,"177043","Mimosa xanthocentra var. xanthocentra",0.96021221090168,"variety","","",NA,"","Fabaceae","Mimosa","Mimosa",1,"xanthocentra","xanthocentra",1,"","",NA,"var.","xanthocentra",0.7,"","",NA,"","","https://powo.science.kew.org/taxon/urn:lsid:ipni.org:names:77190556-1","","Y","Accepted","Mimosa xanthocentra var. xanthocentra","Mimosa xanthocentra","","177043","variety","https://powo.science.kew.org/taxon/urn:lsid:ipni.org:names:77190556-1","","Fabaceae","1","1","wcvp","0",""
"650","Mimosa xanthocentra subsp. xanthocentra var. xanthocentra",0.61422004211051,"177043","Mimosa xanthocentra var. xanthocentra",0.61422004211051,"variety","","",NA,"","Fabaceae","Mimosa","Mimosa",1,"xanthocentra","xanthocentra",1,"","",NA,"var.","xanthocentra",0.7,"","",NA,"","var. xanthocentra","https://powo.science.kew.org/taxon/urn:lsid:ipni.org:names:77190556-1","","Y","Accepted","Mimosa xanthocentra var. xanthocentra","Mimosa xanthocentra","","177043","variety","https://powo.science.kew.org/taxon/urn:lsid:ipni.org:names:77190556-1","","Fabaceae","1","1","wcvp","1","[Partial]"
"651","Mimosa xanthocentra subsp. xanthocentra var. mansii",0.61422004211051,"177043","Mimosa xanthocentra var. xanthocentra",0.61422004211051,"variety","","",NA,"","Fabaceae","Mimosa","Mimosa",1,"xanthocentra","xanthocentra",1,"","",NA,"var.","xanthocentra",0.7,"","",NA,"","var. mansii","https://powo.science.kew.org/taxon/urn:lsid:ipni.org:names:77190556-1","","Y","Accepted","Mimosa xanthocentra var. xanthocentra","Mimosa xanthocentra","","177043","variety","https://powo.science.kew.org/taxon/urn:lsid:ipni.org:names:77190556-1","","Fabaceae","1","1","wcvp","1","[Partial]"
"652","Mimosa xanthocentra subsp. subsericea",1,"1232479","Mimosa xanthocentra subsp. subsericea",1,"subspecies","","",NA,"(Benth.) Barneby","Fabaceae","Mimosa","Mimosa",1,"xanthocentra","xanthocentra",1,"","",NA,"subsp.","subsericea",1,"","",NA,"","","https://powo.science.kew.org/taxon/urn:lsid:ipni.org:names:2374238-4","","Y","Synonym","Mimosa xanthocentra var. subsericea","Mimosa xanthocentra","(Benth.) Barneby","176490","variety","https://powo.science.kew.org/taxon/urn:lsid:ipni.org:names:967330-1","","Fabaceae","1","1","wcvp","0",""
"653","Mimosa xanthocentra subsp. subsericea var. longepetiolata",0.77149326622765,"1232479","Mimosa xanthocentra subsp. subsericea",0.77149326622765,"subspecies","","",NA,"(Benth.) Barneby","Fabaceae","Mimosa","Mimosa",1,"xanthocentra","xanthocentra",1,"","",NA,"subsp.","subsericea",1,"","",NA,"","var. longepetiolata","https://powo.science.kew.org/taxon/urn:lsid:ipni.org:names:2374238-4","","Y","Synonym","Mimosa xanthocentra var. subsericea","Mimosa xanthocentra","(Benth.) Barneby","176490","variety","https://powo.science.kew.org/taxon/urn:lsid:ipni.org:names:967330-1","","Fabaceae","1","1","wcvp","1","[Partial]"
"654","Mimosa xanthocentra subsp. subsericea var. subsericea",0.77149326622765,"1232479","Mimosa xanthocentra subsp. subsericea",0.77149326622765,"subspecies","","",NA,"(Benth.) Barneby","Fabaceae","Mimosa","Mimosa",1,"xanthocentra","xanthocentra",1,"","",NA,"subsp.","subsericea",1,"","",NA,"","var. subsericea","https://powo.science.kew.org/taxon/urn:lsid:ipni.org:names:2374238-4","","Y","Synonym","Mimosa xanthocentra var. subsericea","Mimosa xanthocentra","(Benth.) Barneby","176490","variety","https://powo.science.kew.org/taxon/urn:lsid:ipni.org:names:967330-1","","Fabaceae","1","1","wcvp","1","[Partial]"
"655","Mimosa xanthocentra subsp. subsericea var. exilis",0.77149326622765,"1232479","Mimosa xanthocentra subsp. subsericea",0.77149326622765,"subspecies","","",NA,"(Benth.) Barneby","Fabaceae","Mimosa","Mimosa",1,"xanthocentra","xanthocentra",1,"","",NA,"subsp.","subsericea",1,"","",NA,"","var. exilis","https://powo.science.kew.org/taxon/urn:lsid:ipni.org:names:2374238-4","","Y","Synonym","Mimosa xanthocentra var. subsericea","Mimosa xanthocentra","(Benth.) Barneby","176490","variety","https://powo.science.kew.org/taxon/urn:lsid:ipni.org:names:967330-1","","Fabaceae","1","1","wcvp","1","[Partial]"
"656","Mimosa xanthocentra subsp. subsericea var. miseranda",0.77149326622765,"1232479","Mimosa xanthocentra subsp. subsericea",0.77149326622765,"subspecies","","",NA,"(Benth.) Barneby","Fabaceae","Mimosa","Mimosa",1,"xanthocentra","xanthocentra",1,"","",NA,"subsp.","subsericea",1,"","",NA,"","var. miseranda","https://powo.science.kew.org/taxon/urn:lsid:ipni.org:names:2374238-4","","Y","Synonym","Mimosa xanthocentra var. subsericea","Mimosa xanthocentra","(Benth.) Barneby","176490","variety","https://powo.science.kew.org/taxon/urn:lsid:ipni.org:names:967330-1","","Fabaceae","1","1","wcvp","1","[Partial]"
"657","Mimosa xanthocentra subsp. tremula",1,"1232480","Mimosa xanthocentra subsp. tremula",1,"subspecies","","",NA,"(Benth.) Barneby","Fabaceae","Mimosa","Mimosa",1,"xanthocentra","xanthocentra",1,"","",NA,"subsp.","tremula",1,"","",NA,"","","https://powo.science.kew.org/taxon/urn:lsid:ipni.org:names:2374199-4","","Y","Synonym","Mimosa xanthocentra var. tremula","Mimosa xanthocentra","(Benth.) Barneby","1232481","variety","https://powo.science.kew.org/taxon/urn:lsid:ipni.org:names:967332-1","","Fabaceae","1","1","wcvp","0",""
"658","Mimosa xanthocentra subsp. tremula var. tremula",0.77149326622765,"1232480","Mimosa xanthocentra subsp. tremula",0.77149326622765,"subspecies","","",NA,"(Benth.) Barneby","Fabaceae","Mimosa","Mimosa",1,"xanthocentra","xanthocentra",1,"","",NA,"subsp.","tremula",1,"","",NA,"","var. tremula","https://powo.science.kew.org/taxon/urn:lsid:ipni.org:names:2374199-4","","Y","Synonym","Mimosa xanthocentra var. tremula","Mimosa xanthocentra","(Benth.) Barneby","1232481","variety","https://powo.science.kew.org/taxon/urn:lsid:ipni.org:names:967332-1","","Fabaceae","1","1","wcvp","1","[Partial]"
"659","Mimosa xanthocentra subsp. tremula var. tenuis",0.77149326622765,"1232480","Mimosa xanthocentra subsp. tremula",0.77149326622765,"subspecies","","",NA,"(Benth.) Barneby","Fabaceae","Mimosa","Mimosa",1,"xanthocentra","xanthocentra",1,"","",NA,"subsp.","tremula",1,"","",NA,"","var. tenuis","https://powo.science.kew.org/taxon/urn:lsid:ipni.org:names:2374199-4","","Y","Synonym","Mimosa xanthocentra var. tremula","Mimosa xanthocentra","(Benth.) Barneby","1232481","variety","https://powo.science.kew.org/taxon/urn:lsid:ipni.org:names:967332-1","","Fabaceae","1","1","wcvp","1","[Partial]"
"660","Mimosa centurionis",1,"1223377","Mimosa centurionis",1,"species","","",NA,"Barneby","Fabaceae","Mimosa","Mimosa",1,"centurionis","centurionis",1,"","",NA,"","",NA,"","",NA,"","","https://powo.science.kew.org/taxon/urn:lsid:ipni.org:names:961725-1","","Y","Accepted","Mimosa centurionis","Mimosa centurionis","Barneby","1223377","species","https://powo.science.kew.org/taxon/urn:lsid:ipni.org:names:961725-1","","Fabaceae","1","1","wcvp","0",""
"661","Mimosa morongii",1,"167674","Mimosa morongii",1,"species","","",NA,"Britton","Fabaceae","Mimosa","Mimosa",1,"morongii","morongii",1,"","",NA,"","",NA,"","",NA,"","","https://powo.science.kew.org/taxon/urn:lsid:ipni.org:names:161839-2","","Y","Accepted","Mimosa morongii","Mimosa morongii","Britton","167674","species","https://powo.science.kew.org/taxon/urn:lsid:ipni.org:names:161839-2","","Fabaceae","1","1","wcvp","0",""
"662","Mimosa bipennatula",1,"1232482","Mimosa bipennatula",1,"species","","",NA,"Barneby","Fabaceae","Mimosa","Mimosa",1,"bipennatula","bipennatula",1,"","",NA,"","",NA,"","",NA,"","","https://powo.science.kew.org/taxon/urn:lsid:ipni.org:names:313256-2","","Y","Accepted","Mimosa bipennatula","Mimosa bipennatula","Barneby","1232482","species","https://powo.science.kew.org/taxon/urn:lsid:ipni.org:names:313256-2","","Fabaceae","1","1","wcvp","0",""
"663","Mimosa jacobita",1,"1230156","Mimosa jacobita",1,"species","","",NA,"Barneby","Fabaceae","Mimosa","Mimosa",1,"jacobita","jacobita",1,"","",NA,"","",NA,"","",NA,"","","https://powo.science.kew.org/taxon/urn:lsid:ipni.org:names:313257-2","","Y","Accepted","Mimosa jacobita","Mimosa jacobita","Barneby","1230156","species","https://powo.science.kew.org/taxon/urn:lsid:ipni.org:names:313257-2","","Fabaceae","1","1","wcvp","0",""
"664","Mimosa affinis",1,"1040192","Mimosa affinis",1,"species","","",NA,"B.L.Rob.","Fabaceae","Mimosa","Mimosa",1,"affinis","affinis",1,"","",NA,"","",NA,"","",NA,"","","https://powo.science.kew.org/taxon/urn:lsid:ipni.org:names:161470-2","","Y","Accepted","Mimosa affinis","Mimosa affinis","B.L.Rob.","1040192","species","https://powo.science.kew.org/taxon/urn:lsid:ipni.org:names:161470-2","","Fabaceae","1","1","wcvp","0",""
"665","Mimosa disperma",1,"1049091","Mimosa disperma",1,"species","","",NA,"Barneby","Fabaceae","Mimosa","Mimosa",1,"disperma","disperma",1,"","",NA,"","",NA,"","",NA,"","","https://powo.science.kew.org/taxon/urn:lsid:ipni.org:names:313260-2","","Y","Accepted","Mimosa disperma","Mimosa disperma","Barneby","1049091","species","https://powo.science.kew.org/taxon/urn:lsid:ipni.org:names:313260-2","","Fabaceae","1","1","wcvp","0",""
"666","Mimosa tequilana",1,"167741","Mimosa tequilana",1,"species","","",NA,"S.Watson","Fabaceae","Mimosa","Mimosa",1,"tequilana","tequilana",1,"","",NA,"","",NA,"","",NA,"","","https://powo.science.kew.org/taxon/urn:lsid:ipni.org:names:162018-2","","Y","Accepted","Mimosa tequilana","Mimosa tequilana","S.Watson","167741","species","https://powo.science.kew.org/taxon/urn:lsid:ipni.org:names:162018-2","","Fabaceae","1","1","wcvp","0",""
"667","Mimosa niomarlei",1,"1232483","Mimosa niomarlei",1,"species","","",NA,"Afr.Fern.","Fabaceae","Mimosa","Mimosa",1,"niomarlei","niomarlei",1,"","",NA,"","",NA,"","",NA,"","","https://powo.science.kew.org/taxon/urn:lsid:ipni.org:names:313262-2","","Y","Accepted","Mimosa niomarlei","Mimosa niomarlei","Afr.Fern.","1232483","species","https://powo.science.kew.org/taxon/urn:lsid:ipni.org:names:313262-2","","Fabaceae","1","1","wcvp","0",""
"668","Mimosa simplicissima",1,"371902","Mimosa simplicissima",1,"species","","",NA,"Barneby","Fabaceae","Mimosa","Mimosa",1,"simplicissima","simplicissima",1,"","",NA,"","",NA,"","",NA,"","","https://powo.science.kew.org/taxon/urn:lsid:ipni.org:names:960641-1","","Y","Accepted","Mimosa simplicissima","Mimosa simplicissima","Barneby","371902","species","https://powo.science.kew.org/taxon/urn:lsid:ipni.org:names:960641-1","","Fabaceae","1","1","wcvp","0",""
"669","Mimosa hypoglauca",1,"172346","Mimosa hypoglauca",1,"species","","",NA,"Mart.","Fabaceae","Mimosa","Mimosa",1,"hypoglauca","hypoglauca",1,"","",NA,"","",NA,"","",NA,"","","https://powo.science.kew.org/taxon/urn:lsid:ipni.org:names:313268-2","","Y","Accepted","Mimosa hypoglauca","Mimosa hypoglauca","Mart.","172346","species","https://powo.science.kew.org/taxon/urn:lsid:ipni.org:names:313268-2","","Fabaceae","1","1","wcvp","0",""
"670","Mimosa hypoglauca var. hypoglauca",1,"177250","Mimosa hypoglauca var. hypoglauca",1,"variety","","",NA,"","Fabaceae","Mimosa","Mimosa",1,"hypoglauca","hypoglauca",1,"","",NA,"var.","hypoglauca",1,"","",NA,"","","https://powo.science.kew.org/taxon/urn:lsid:ipni.org:names:77190482-1","","Y","Accepted","Mimosa hypoglauca var. hypoglauca","Mimosa hypoglauca","","177250","variety","https://powo.science.kew.org/taxon/urn:lsid:ipni.org:names:77190482-1","","Fabaceae","1","1","wcvp","0",""
"671","Mimosa hypoglauca var. allostegia",1,"1288443","Mimosa hypoglauca var. allostegia",1,"variety","","",NA,"Barneby","Fabaceae","Mimosa","Mimosa",1,"hypoglauca","hypoglauca",1,"","",NA,"var.","allostegia",1,"","",NA,"","","https://powo.science.kew.org/taxon/urn:lsid:ipni.org:names:313269-2","","Y","Accepted","Mimosa hypoglauca var. allostegia","Mimosa hypoglauca","Barneby","1288443","variety","https://powo.science.kew.org/taxon/urn:lsid:ipni.org:names:313269-2","","Fabaceae","1","1","wcvp","0",""
"672","Mimosa hypoglauca var. dawsonii",1,"1288444","Mimosa hypoglauca var. dawsonii",1,"variety","","",NA,"Barneby","Fabaceae","Mimosa","Mimosa",1,"hypoglauca","hypoglauca",1,"","",NA,"var.","dawsonii",1,"","",NA,"","","https://powo.science.kew.org/taxon/urn:lsid:ipni.org:names:313270-2","","Y","Accepted","Mimosa hypoglauca var. dawsonii","Mimosa hypoglauca","Barneby","1288444","variety","https://powo.science.kew.org/taxon/urn:lsid:ipni.org:names:313270-2","","Fabaceae","1","1","wcvp","0",""
"673","Mimosa hypoglauca var. syncollandra",1,"1288445","Mimosa hypoglauca var. syncollandra",1,"variety","","",NA,"Barneby","Fabaceae","Mimosa","Mimosa",1,"hypoglauca","hypoglauca",1,"","",NA,"var.","syncollandra",1,"","",NA,"","","https://powo.science.kew.org/taxon/urn:lsid:ipni.org:names:965694-1","","Y","Accepted","Mimosa hypoglauca var. syncollandra","Mimosa hypoglauca","Barneby","1288445","variety","https://powo.science.kew.org/taxon/urn:lsid:ipni.org:names:965694-1","","Fabaceae","1","1","wcvp","0",""
"674","Mimosa calocephala",1,"172282","Mimosa calocephala",1,"species","","",NA,"Mart.","Fabaceae","Mimosa","Mimosa",1,"calocephala","calocephala",1,"","",NA,"","",NA,"","",NA,"","","https://powo.science.kew.org/taxon/urn:lsid:ipni.org:names:507763-1","","Y","Accepted","Mimosa calocephala","Mimosa calocephala","Mart.","172282","species","https://powo.science.kew.org/taxon/urn:lsid:ipni.org:names:507763-1","","Fabaceae","1","1","wcvp","0",""
"675","Mimosa calocephala var. calocephala",1,"1232484","Mimosa calocephala var. calocephala",1,"variety","","",NA,"","Fabaceae","Mimosa","Mimosa",1,"calocephala","calocephala",1,"","",NA,"var.","calocephala",1,"","",NA,"","","https://powo.science.kew.org/taxon/urn:lsid:ipni.org:names:77190478-1","","Y","Accepted","Mimosa calocephala var. calocephala","Mimosa calocephala","","1232484","variety","https://powo.science.kew.org/taxon/urn:lsid:ipni.org:names:77190478-1","","Fabaceae","1","1","wcvp","0",""
"676","Mimosa calocephala var. pohlii",1,"1288226","Mimosa calocephala var. pohlii",1,"variety","","",NA,"(Benth.) Barneby","Fabaceae","Mimosa","Mimosa",1,"calocephala","calocephala",1,"","",NA,"var.","pohlii",1,"","",NA,"","","https://powo.science.kew.org/taxon/urn:lsid:ipni.org:names:967334-1","","Y","Accepted","Mimosa calocephala var. pohlii","Mimosa calocephala","(Benth.) Barneby","1288226","variety","https://powo.science.kew.org/taxon/urn:lsid:ipni.org:names:967334-1","","Fabaceae","1","1","wcvp","0",""
"677","Mimosa polycephala",1,"176459","Mimosa polycephala",1,"species","","",NA,"Benth.","Fabaceae","Mimosa","Mimosa",1,"polycephala","polycephala",1,"","",NA,"","",NA,"","",NA,"","","https://powo.science.kew.org/taxon/urn:lsid:ipni.org:names:508518-1","","Y","Accepted","Mimosa polycephala","Mimosa polycephala","Benth.","176459","species","https://powo.science.kew.org/taxon/urn:lsid:ipni.org:names:508518-1","","Fabaceae","1","1","wcvp","0",""
"678","Mimosa polycephala var. taxifolia",1,"1288467","Mimosa polycephala var. taxifolia",1,"variety","","",NA,"Barneby","Fabaceae","Mimosa","Mimosa",1,"polycephala","polycephala",1,"","",NA,"var.","taxifolia",1,"","",NA,"","","https://powo.science.kew.org/taxon/urn:lsid:ipni.org:names:313274-2","","Y","Accepted","Mimosa polycephala var. taxifolia","Mimosa polycephala","Barneby","1288467","variety","https://powo.science.kew.org/taxon/urn:lsid:ipni.org:names:313274-2","","Fabaceae","1","1","wcvp","0",""
"679","Mimosa polycephala var. polycephala",1,"1232485","Mimosa polycephala var. polycephala",1,"variety","","",NA,"","Fabaceae","Mimosa","Mimosa",1,"polycephala","polycephala",1,"","",NA,"var.","polycephala",1,"","",NA,"","","https://powo.science.kew.org/taxon/urn:lsid:ipni.org:names:77190580-1","","Y","Accepted","Mimosa polycephala var. polycephala","Mimosa polycephala","","1232485","variety","https://powo.science.kew.org/taxon/urn:lsid:ipni.org:names:77190580-1","","Fabaceae","1","1","wcvp","0",""
"680","Mimosa papposa",1,"172408","Mimosa papposa",1,"species","","",NA,"Benth.","Fabaceae","Mimosa","Mimosa",1,"papposa","papposa",1,"","",NA,"","",NA,"","",NA,"","","https://powo.science.kew.org/taxon/urn:lsid:ipni.org:names:508441-1","","Y","Accepted","Mimosa papposa","Mimosa papposa","Benth.","172408","species","https://powo.science.kew.org/taxon/urn:lsid:ipni.org:names:508441-1","","Fabaceae","1","1","wcvp","0",""
"681","Mimosa papposa var. papposa",1,"177682","Mimosa papposa var. papposa",1,"variety","","",NA,"","Fabaceae","Mimosa","Mimosa",1,"papposa","papposa",1,"","",NA,"var.","papposa",1,"","",NA,"","","https://powo.science.kew.org/taxon/urn:lsid:ipni.org:names:77190603-1","","Y","Accepted","Mimosa papposa var. papposa","Mimosa papposa","","177682","variety","https://powo.science.kew.org/taxon/urn:lsid:ipni.org:names:77190603-1","","Fabaceae","1","1","wcvp","0",""
"682","Mimosa papposa var. segrex",1,"1288553","Mimosa papposa var. segrex",1,"variety","","",NA,"Barneby","Fabaceae","Mimosa","Mimosa",1,"papposa","papposa",1,"","",NA,"var.","segrex",1,"","",NA,"","","https://powo.science.kew.org/taxon/urn:lsid:ipni.org:names:313275-2","","Y","Accepted","Mimosa papposa var. segrex","Mimosa papposa","Barneby","1288553","variety","https://powo.science.kew.org/taxon/urn:lsid:ipni.org:names:313275-2","","Fabaceae","1","1","wcvp","0",""
"683","Mimosa venatorum",1,"1209173","Mimosa venatorum",1,"species","","",NA,"Barneby","Fabaceae","Mimosa","Mimosa",1,"venatorum","venatorum",1,"","",NA,"","",NA,"","",NA,"","","https://powo.science.kew.org/taxon/urn:lsid:ipni.org:names:313276-2","","Y","Accepted","Mimosa venatorum","Mimosa venatorum","Barneby","1209173","species","https://powo.science.kew.org/taxon/urn:lsid:ipni.org:names:313276-2","","Fabaceae","1","1","wcvp","0",""
"684","Mimosa pyrenea",1,"167711","Mimosa pyrenea",1,"species","","",NA,"Taub.","Fabaceae","Mimosa","Mimosa",1,"pyrenea","pyrenea",1,"","",NA,"","",NA,"","",NA,"","","https://powo.science.kew.org/taxon/urn:lsid:ipni.org:names:161929-2","","Y","Accepted","Mimosa pyrenea","Mimosa pyrenea","Taub.","167711","species","https://powo.science.kew.org/taxon/urn:lsid:ipni.org:names:161929-2","","Fabaceae","1","1","wcvp","0",""
"685","Mimosa callithrix",1,"167573","Mimosa callithrix",1,"species","","",NA,"Malme","Fabaceae","Mimosa","Mimosa",1,"callithrix","callithrix",1,"","",NA,"","",NA,"","",NA,"","","https://powo.science.kew.org/taxon/urn:lsid:ipni.org:names:161558-2","","Y","Accepted","Mimosa callithrix","Mimosa callithrix","Malme","167573","species","https://powo.science.kew.org/taxon/urn:lsid:ipni.org:names:161558-2","","Fabaceae","1","1","wcvp","0",""
"686","Mimosa thermarum",1,"1232486","Mimosa thermarum",1,"species","","",NA,"Barneby","Fabaceae","Mimosa","Mimosa",1,"thermarum","thermarum",1,"","",NA,"","",NA,"","",NA,"","","https://powo.science.kew.org/taxon/urn:lsid:ipni.org:names:313278-2","","Y","Accepted","Mimosa thermarum","Mimosa thermarum","Barneby","1232486","species","https://powo.science.kew.org/taxon/urn:lsid:ipni.org:names:313278-2","","Fabaceae","1","1","wcvp","0",""
"687","Mimosa lanuginosa",1,"167648","Mimosa lanuginosa",1,"species","","",NA,"Glaz. ex Burkart","Fabaceae","Mimosa","Mimosa",1,"lanuginosa","lanuginosa",1,"","",NA,"","",NA,"","",NA,"","","https://powo.science.kew.org/taxon/urn:lsid:ipni.org:names:313279-2","","Y","Accepted","Mimosa lanuginosa","Mimosa lanuginosa","Glaz. ex Burkart","167648","species","https://powo.science.kew.org/taxon/urn:lsid:ipni.org:names:313279-2","","Fabaceae","1","1","wcvp","0",""
"688","Mimosa lanuginosa var. lanuginosa",1,"1232487","Mimosa lanuginosa var. lanuginosa",1,"variety","","",NA,"","Fabaceae","Mimosa","Mimosa",1,"lanuginosa","lanuginosa",1,"","",NA,"var.","lanuginosa",1,"","",NA,"","","https://powo.science.kew.org/taxon/urn:lsid:ipni.org:names:77190421-1","","Y","Accepted","Mimosa lanuginosa var. lanuginosa","Mimosa lanuginosa","","1232487","variety","https://powo.science.kew.org/taxon/urn:lsid:ipni.org:names:77190421-1","","Fabaceae","1","1","wcvp","0",""
"689","Mimosa lanuginosa var. raduliformis",1,"1288431","Mimosa lanuginosa var. raduliformis",1,"variety","","",NA,"Barneby","Fabaceae","Mimosa","Mimosa",1,"lanuginosa","lanuginosa",1,"","",NA,"var.","raduliformis",1,"","",NA,"","","https://powo.science.kew.org/taxon/urn:lsid:ipni.org:names:313280-2","","Y","Accepted","Mimosa lanuginosa var. raduliformis","Mimosa lanuginosa","Barneby","1288431","variety","https://powo.science.kew.org/taxon/urn:lsid:ipni.org:names:313280-2","","Fabaceae","1","1","wcvp","0",""
"690","Mimosa radula",1,"172416","Mimosa radula",1,"species","","",NA,"Benth.","Fabaceae","Mimosa","Mimosa",1,"radula","radula",1,"","",NA,"","",NA,"","",NA,"","","https://powo.science.kew.org/taxon/urn:lsid:ipni.org:names:508582-1","","Y","Accepted","Mimosa radula","Mimosa radula","Benth.","172416","species","https://powo.science.kew.org/taxon/urn:lsid:ipni.org:names:508582-1","","Fabaceae","1","1","wcvp","0",""
"691","Mimosa radula var. radula",1,"1232488","Mimosa radula var. radula",1,"variety","","",NA,"","Fabaceae","Mimosa","Mimosa",1,"radula","radula",1,"","",NA,"var.","radula",1,"","",NA,"","","https://powo.science.kew.org/taxon/urn:lsid:ipni.org:names:77190610-1","","Y","Accepted","Mimosa radula var. radula","Mimosa radula","","1232488","variety","https://powo.science.kew.org/taxon/urn:lsid:ipni.org:names:77190610-1","","Fabaceae","1","1","wcvp","0",""
"692","Mimosa radula var. calycina",1,"1288549","Mimosa radula var. calycina",1,"variety","","",NA,"(Benth.) Barneby","Fabaceae","Mimosa","Mimosa",1,"radula","radula",1,"","",NA,"var.","calycina",1,"","",NA,"","","https://powo.science.kew.org/taxon/urn:lsid:ipni.org:names:967335-1","","Y","Accepted","Mimosa radula var. calycina","Mimosa radula","(Benth.) Barneby","1288549","variety","https://powo.science.kew.org/taxon/urn:lsid:ipni.org:names:967335-1","","Fabaceae","1","1","wcvp","0",""
"693","Mimosa radula var. semitonsa",1,"1288474","Mimosa radula var. semitonsa",1,"variety","","",NA,"Barneby","Fabaceae","Mimosa","Mimosa",1,"radula","radula",1,"","",NA,"var.","semitonsa",1,"","",NA,"","","https://powo.science.kew.org/taxon/urn:lsid:ipni.org:names:313282-2","","Y","Accepted","Mimosa radula var. semitonsa","Mimosa radula","Barneby","1288474","variety","https://powo.science.kew.org/taxon/urn:lsid:ipni.org:names:313282-2","","Fabaceae","1","1","wcvp","0",""
"694","Mimosa radula var. radulina",1,"1288751","Mimosa radula var. radulina",1,"variety","","",NA,"Barneby","Fabaceae","Mimosa","Mimosa",1,"radula","radula",1,"","",NA,"var.","radulina",1,"","",NA,"","","https://powo.science.kew.org/taxon/urn:lsid:ipni.org:names:313283-2","","Y","Accepted","Mimosa radula var. radulina","Mimosa radula","Barneby","1288751","variety","https://powo.science.kew.org/taxon/urn:lsid:ipni.org:names:313283-2","","Fabaceae","1","1","wcvp","0",""
"695","Mimosa radula var. imbricata",1,"1288550","Mimosa radula var. imbricata",1,"variety","","",NA,"(Benth.) Barneby","Fabaceae","Mimosa","Mimosa",1,"radula","radula",1,"","",NA,"var.","imbricata",1,"","",NA,"","","https://powo.science.kew.org/taxon/urn:lsid:ipni.org:names:967336-1","","Y","Accepted","Mimosa radula var. imbricata","Mimosa radula","(Benth.) Barneby","1288550","variety","https://powo.science.kew.org/taxon/urn:lsid:ipni.org:names:967336-1","","Fabaceae","1","1","wcvp","0",""
"696","Mimosa virgula",1,"1232489","Mimosa virgula",1,"species","","",NA,"Barneby","Fabaceae","Mimosa","Mimosa",1,"virgula","virgula",1,"","",NA,"","",NA,"","",NA,"","","https://powo.science.kew.org/taxon/urn:lsid:ipni.org:names:313285-2","","Y","Accepted","Mimosa virgula","Mimosa virgula","Barneby","1232489","species","https://powo.science.kew.org/taxon/urn:lsid:ipni.org:names:313285-2","","Fabaceae","1","1","wcvp","0",""
"697","Mimosa pseudoradula",1,"1232490","Mimosa pseudoradula",1,"species","","",NA,"Glaz. ex Barneby","Fabaceae","Mimosa","Mimosa",1,"pseudoradula","pseudoradula",1,"","",NA,"","",NA,"","",NA,"","","https://powo.science.kew.org/taxon/urn:lsid:ipni.org:names:313286-2","","Y","Accepted","Mimosa pseudoradula","Mimosa pseudoradula","Glaz. ex Barneby","1232490","species","https://powo.science.kew.org/taxon/urn:lsid:ipni.org:names:313286-2","","Fabaceae","1","1","wcvp","0",""
"698","Mimosa pseudoradula var. detonsa",1,"1288455","Mimosa pseudoradula var. detonsa",1,"variety","","",NA,"Barneby","Fabaceae","Mimosa","Mimosa",1,"pseudoradula","pseudoradula",1,"","",NA,"var.","detonsa",1,"","",NA,"","","https://powo.science.kew.org/taxon/urn:lsid:ipni.org:names:313287-2","","Y","Synonym","Mimosa detonsa","Mimosa detonsa","(Barneby) T.P.Mendes & M.J.Silva","1431313","species","https://powo.science.kew.org/taxon/urn:lsid:ipni.org:names:77219842-1","","Fabaceae","1","1","wcvp","0",""
"699","Mimosa pseudoradula var anapolitana",1,"1288453","Mimosa pseudoradula var. anapolitana",1,"variety","","",NA,"Barneby","Fabaceae","Mimosa","Mimosa",1,"pseudoradula","pseudoradula",1,"","",NA,"var.","anapolitana",1,"","",NA,"","","https://powo.science.kew.org/taxon/urn:lsid:ipni.org:names:313288-2","","Y","Synonym","Mimosa detonsa","Mimosa detonsa","(Barneby) T.P.Mendes & M.J.Silva","1431313","species","https://powo.science.kew.org/taxon/urn:lsid:ipni.org:names:77219842-1","","Fabaceae","1","1","wcvp","0",""
"700","Mimosa pseudoradula var. crystallites",1,"1288454","Mimosa pseudoradula var. crystallites",1,"variety","","",NA,"Barneby","Fabaceae","Mimosa","Mimosa",1,"pseudoradula","pseudoradula",1,"","",NA,"var.","crystallites",1,"","",NA,"","","https://powo.science.kew.org/taxon/urn:lsid:ipni.org:names:313289-2","","Y","Synonym","Mimosa detonsa","Mimosa detonsa","(Barneby) T.P.Mendes & M.J.Silva","1431313","species","https://powo.science.kew.org/taxon/urn:lsid:ipni.org:names:77219842-1","","Fabaceae","1","1","wcvp","0",""
"701","Mimosa pseudoradula var. pseudoradula",0.59957384396743,"1232490","Mimosa pseudoradula",0.59957384396743,"species","","",NA,"Glaz. ex Barneby","Fabaceae","Mimosa","Mimosa",1,"pseudoradula","pseudoradula",1,"","",NA,"","",NA,"","",NA,"","var. pseudoradula","https://powo.science.kew.org/taxon/urn:lsid:ipni.org:names:313286-2","","Y","Accepted","Mimosa pseudoradula","Mimosa pseudoradula","Glaz. ex Barneby","1232490","species","https://powo.science.kew.org/taxon/urn:lsid:ipni.org:names:313286-2","","Fabaceae","1","1","wcvp","1","[Partial]"
"702","Mimosa flavocaesia",1,"1232496","Mimosa flavocaesia",1,"species","","",NA,"Barneby","Fabaceae","Mimosa","Mimosa",1,"flavocaesia","flavocaesia",1,"","",NA,"","",NA,"","",NA,"","","https://powo.science.kew.org/taxon/urn:lsid:ipni.org:names:313290-2","","Y","Accepted","Mimosa flavocaesia","Mimosa flavocaesia","Barneby","1232496","species","https://powo.science.kew.org/taxon/urn:lsid:ipni.org:names:313290-2","","Fabaceae","1","1","wcvp","0",""
"703","Mimosa cyclophylla",1,"167592","Mimosa cyclophylla",1,"species","","",NA,"Taub.","Fabaceae","Mimosa","Mimosa",1,"cyclophylla","cyclophylla",1,"","",NA,"","",NA,"","",NA,"","","https://powo.science.kew.org/taxon/urn:lsid:ipni.org:names:161615-2","","Y","Accepted","Mimosa cyclophylla","Mimosa cyclophylla","Taub.","167592","species","https://powo.science.kew.org/taxon/urn:lsid:ipni.org:names:161615-2","","Fabaceae","1","1","wcvp","0",""
"704","Mimosa petiolaris",1,"167694","Mimosa petiolaris",1,"species","","",NA,"Benth.","Fabaceae","Mimosa","Mimosa",1,"petiolaris","petiolaris",1,"","",NA,"","",NA,"","",NA,"","","https://powo.science.kew.org/taxon/urn:lsid:ipni.org:names:161884-2","","Y","Accepted","Mimosa petiolaris","Mimosa petiolaris","Benth.","167694","species","https://powo.science.kew.org/taxon/urn:lsid:ipni.org:names:161884-2","","Fabaceae","1","1","wcvp","0",""
"705","Mimosa uniceps",1,"1232497","Mimosa uniceps",1,"species","","",NA,"Barneby","Fabaceae","Mimosa","Mimosa",1,"uniceps","uniceps",1,"","",NA,"","",NA,"","",NA,"","","https://powo.science.kew.org/taxon/urn:lsid:ipni.org:names:313291-2","","Y","Accepted","Mimosa uniceps","Mimosa uniceps","Barneby","1232497","species","https://powo.science.kew.org/taxon/urn:lsid:ipni.org:names:313291-2","","Fabaceae","1","1","wcvp","0",""
"706","Mimosa longipes",1,"172366","Mimosa longipes",1,"species","","",NA,"Benth.","Fabaceae","Mimosa","Mimosa",1,"longipes","longipes",1,"","",NA,"","",NA,"","",NA,"","","https://powo.science.kew.org/taxon/urn:lsid:ipni.org:names:508259-1","","Y","Accepted","Mimosa longipes","Mimosa longipes","Benth.","172366","species","https://powo.science.kew.org/taxon/urn:lsid:ipni.org:names:508259-1","","Fabaceae","1","1","wcvp","0",""
"707","Mimosa pumilio",1,"1232498","Mimosa pumilio",1,"species","","",NA,"Barneby","Fabaceae","Mimosa","Mimosa",1,"pumilio","pumilio",1,"","",NA,"","",NA,"","",NA,"","","https://powo.science.kew.org/taxon/urn:lsid:ipni.org:names:313292-2","","Y","Accepted","Mimosa pumilio","Mimosa pumilio","Barneby","1232498","species","https://powo.science.kew.org/taxon/urn:lsid:ipni.org:names:313292-2","","Fabaceae","1","1","wcvp","0",""
"708","Mimosa setifera",1,"167724","Mimosa setifera",1,"species","","",NA,"Pilg.","Fabaceae","Mimosa","Mimosa",1,"setifera","setifera",1,"","",NA,"","",NA,"","",NA,"","","https://powo.science.kew.org/taxon/urn:lsid:ipni.org:names:161978-2","","Y","Accepted","Mimosa setifera","Mimosa setifera","Pilg.","167724","species","https://powo.science.kew.org/taxon/urn:lsid:ipni.org:names:161978-2","","Fabaceae","1","1","wcvp","0",""
"709","Mimosa dicerastes",1,"1232499","Mimosa dicerastes",1,"species","","",NA,"Barneby","Fabaceae","Mimosa","Mimosa",1,"dicerastes","dicerastes",1,"","",NA,"","",NA,"","",NA,"","","https://powo.science.kew.org/taxon/urn:lsid:ipni.org:names:313294-2","","Y","Accepted","Mimosa dicerastes","Mimosa dicerastes","Barneby","1232499","species","https://powo.science.kew.org/taxon/urn:lsid:ipni.org:names:313294-2","","Fabaceae","1","1","wcvp","0",""
"710","Mimosa discobola",1,"1232500","Mimosa discobola",1,"species","","",NA,"Barneby","Fabaceae","Mimosa","Mimosa",1,"discobola","discobola",1,"","",NA,"","",NA,"","",NA,"","","https://powo.science.kew.org/taxon/urn:lsid:ipni.org:names:313296-2","","Y","Accepted","Mimosa discobola","Mimosa discobola","Barneby","1232500","species","https://powo.science.kew.org/taxon/urn:lsid:ipni.org:names:313296-2","","Fabaceae","1","1","wcvp","0",""
"711","Mimosa hirsutissima",1,"172341","Mimosa hirsutissima",1,"species","","",NA,"Mart.","Fabaceae","Mimosa","Mimosa",1,"hirsutissima","hirsutissima",1,"","",NA,"","",NA,"","",NA,"","","https://powo.science.kew.org/taxon/urn:lsid:ipni.org:names:508117-1","","Y","Accepted","Mimosa hirsutissima","Mimosa hirsutissima","Mart.","172341","species","https://powo.science.kew.org/taxon/urn:lsid:ipni.org:names:508117-1","","Fabaceae","1","1","wcvp","0",""
"712","Mimosa hirsutissima var. hirsutissima",1,"177045","Mimosa hirsutissima var. hirsutissima",1,"variety","","",NA,"","Fabaceae","Mimosa","Mimosa",1,"hirsutissima","hirsutissima",1,"","",NA,"var.","hirsutissima",1,"","",NA,"","","https://powo.science.kew.org/taxon/urn:lsid:ipni.org:names:77190496-1","","Y","Accepted","Mimosa hirsutissima var. hirsutissima","Mimosa hirsutissima","","177045","variety","https://powo.science.kew.org/taxon/urn:lsid:ipni.org:names:77190496-1","","Fabaceae","1","1","wcvp","0",""
"713","Mimosa hirsutissima var. barbigera",1,"176489","Mimosa hirsutissima var. barbigera",1,"variety","","",NA,"(Benth.) Barneby","Fabaceae","Mimosa","Mimosa",1,"hirsutissima","hirsutissima",1,"","",NA,"var.","barbigera",1,"","",NA,"","","https://powo.science.kew.org/taxon/urn:lsid:ipni.org:names:924353-1","","Y","Accepted","Mimosa hirsutissima var. barbigera","Mimosa hirsutissima","(Benth.) Barneby","176489","variety","https://powo.science.kew.org/taxon/urn:lsid:ipni.org:names:924353-1","","Fabaceae","1","1","wcvp","0",""
"714","Mimosa hirsutissima var. grossa",1,"1288442","Mimosa hirsutissima var. grossa",1,"variety","","",NA,"Barneby","Fabaceae","Mimosa","Mimosa",1,"hirsutissima","hirsutissima",1,"","",NA,"var.","grossa",1,"","",NA,"","","https://powo.science.kew.org/taxon/urn:lsid:ipni.org:names:313113-2","","Y","Accepted","Mimosa hirsutissima var. grossa","Mimosa hirsutissima","Barneby","1288442","variety","https://powo.science.kew.org/taxon/urn:lsid:ipni.org:names:313113-2","","Fabaceae","1","1","wcvp","0",""
"715","Mimosa pogonoclada",1,"176455","Mimosa pogonoclada",1,"species","","",NA,"Benth.","Fabaceae","Mimosa","Mimosa",1,"pogonoclada","pogonoclada",1,"","",NA,"","",NA,"","",NA,"","","https://powo.science.kew.org/taxon/urn:lsid:ipni.org:names:508511-1","","Y","Accepted","Mimosa pogonoclada","Mimosa pogonoclada","Benth.","176455","species","https://powo.science.kew.org/taxon/urn:lsid:ipni.org:names:508511-1","","Fabaceae","1","1","wcvp","0",""
"716","Mimosa vestita",1,"172471","Mimosa vestita",1,"species","","",NA,"Benth.","Fabaceae","Mimosa","Mimosa",1,"vestita","vestita",1,"","",NA,"","",NA,"","",NA,"","","https://powo.science.kew.org/taxon/urn:lsid:ipni.org:names:508861-1","","Y","Accepted","Mimosa vestita","Mimosa vestita","Benth.","172471","species","https://powo.science.kew.org/taxon/urn:lsid:ipni.org:names:508861-1","","Fabaceae","1","1","wcvp","0",""
"717","Mimosa digitata",1,"172304","Mimosa digitata",1,"species","","",NA,"Benth.","Fabaceae","Mimosa","Mimosa",1,"digitata","digitata",1,"","",NA,"","",NA,"","",NA,"","","https://powo.science.kew.org/taxon/urn:lsid:ipni.org:names:507904-1","","Y","Accepted","Mimosa digitata","Mimosa digitata","Benth.","172304","species","https://powo.science.kew.org/taxon/urn:lsid:ipni.org:names:507904-1","","Fabaceae","1","1","wcvp","0",""
"718","Mimosa rufipila",1,"172429","Mimosa rufipila",1,"species","","",NA,"Benth.","Fabaceae","Mimosa","Mimosa",1,"rufipila","rufipila",1,"","",NA,"","",NA,"","",NA,"","","https://powo.science.kew.org/taxon/urn:lsid:ipni.org:names:508626-1","","Y","Accepted","Mimosa rufipila","Mimosa rufipila","Benth.","172429","species","https://powo.science.kew.org/taxon/urn:lsid:ipni.org:names:508626-1","","Fabaceae","1","1","wcvp","0",""
"719","Mimosa macrocephala",1,"172373","Mimosa macrocephala",1,"species","","",NA,"Benth.","Fabaceae","Mimosa","Mimosa",1,"macrocephala","macrocephala",1,"","",NA,"","",NA,"","",NA,"","","https://powo.science.kew.org/taxon/urn:lsid:ipni.org:names:313301-2","","Y","Accepted","Mimosa macrocephala","Mimosa macrocephala","Benth.","172373","species","https://powo.science.kew.org/taxon/urn:lsid:ipni.org:names:313301-2","","Fabaceae","1","1","wcvp","0",""
"720","Mimosa procurrens",1,"176460","Mimosa procurrens",1,"species","","",NA,"Benth.","Fabaceae","Mimosa","Mimosa",1,"procurrens","procurrens",1,"","",NA,"","",NA,"","",NA,"","","https://powo.science.kew.org/taxon/urn:lsid:ipni.org:names:508532-1","","Y","Accepted","Mimosa procurrens","Mimosa procurrens","Benth.","176460","species","https://powo.science.kew.org/taxon/urn:lsid:ipni.org:names:508532-1","","Fabaceae","1","1","wcvp","0",""
"721","Mimosa monadelpha",1,"1430766","Mimosa monadelpha",1,"species","","",NA,"Chodat & Hassl.","Fabaceae","Mimosa","Mimosa",1,"monadelpha","monadelpha",1,"","",NA,"","",NA,"","",NA,"","","https://powo.science.kew.org/taxon/urn:lsid:ipni.org:names:161835-2","","Y","Illegitimate","Mimosa amambayensis var. amambayensis","Mimosa amambayensis","","177664","variety","https://powo.science.kew.org/taxon/urn:lsid:ipni.org:names:77190425-1","","Fabaceae","1","2","wcvp","4","[HigherTaxa]"
"722","Mimosa monadelpha var. monadelpha",0.59957384396743,"1430766","Mimosa monadelpha",0.59957384396743,"species","","",NA,"Chodat & Hassl.","Fabaceae","Mimosa","Mimosa",1,"monadelpha","monadelpha",1,"","",NA,"","",NA,"","",NA,"","var. monadelpha","https://powo.science.kew.org/taxon/urn:lsid:ipni.org:names:161835-2","","Y","Illegitimate","Mimosa amambayensis var. amambayensis","Mimosa amambayensis","","177664","variety","https://powo.science.kew.org/taxon/urn:lsid:ipni.org:names:77190425-1","","Fabaceae","1","2","wcvp","5","[Partial] [HigherTaxa]"
"723","Mimosa monadelpha var. glabrata",1,"1232501","Mimosa monadelpha var. glabrata",1,"variety","","",NA,"(Hassl.) Barneby","Fabaceae","Mimosa","Mimosa",1,"monadelpha","monadelpha",1,"","",NA,"var.","glabrata",1,"","",NA,"","","https://powo.science.kew.org/taxon/urn:lsid:ipni.org:names:967337-1","","Y","Synonym","Mimosa amambayensis var. glabrata","Mimosa amambayensis","Hassl.","1340853","variety","https://powo.science.kew.org/taxon/urn:lsid:ipni.org:names:161483-2","","Fabaceae","1","1","wcvp","0",""
"724","Mimosa lupinoides",1,"167661","Mimosa lupinoides",1,"species","","",NA,"Chodat & Hassl.","Fabaceae","Mimosa","Mimosa",1,"lupinoides","lupinoides",1,"","",NA,"","",NA,"","",NA,"","","https://powo.science.kew.org/taxon/urn:lsid:ipni.org:names:161783-2","","Y","Accepted","Mimosa lupinoides","Mimosa lupinoides","Chodat & Hassl.","167661","species","https://powo.science.kew.org/taxon/urn:lsid:ipni.org:names:161783-2","","Fabaceae","1","1","wcvp","0",""
"725","Mimosa caaguazuensis",1,"369064","Mimosa caaguazuensis",1,"species","","",NA,"Barneby","Fabaceae","Mimosa","Mimosa",1,"caaguazuensis","caaguazuensis",1,"","",NA,"","",NA,"","",NA,"","","https://powo.science.kew.org/taxon/urn:lsid:ipni.org:names:313302-2","","Y","Accepted","Mimosa caaguazuensis","Mimosa caaguazuensis","Barneby","369064","species","https://powo.science.kew.org/taxon/urn:lsid:ipni.org:names:313302-2","","Fabaceae","1","1","wcvp","0",""
"726","Mimosa brevipes",1,"172275","Mimosa brevipes",1,"species","","",NA,"Benth.","Fabaceae","Mimosa","Mimosa",1,"brevipes","brevipes",1,"","",NA,"","",NA,"","",NA,"","","https://powo.science.kew.org/taxon/urn:lsid:ipni.org:names:507734-1","","Y","Accepted","Mimosa brevipes","Mimosa brevipes","Benth.","172275","species","https://powo.science.kew.org/taxon/urn:lsid:ipni.org:names:507734-1","","Fabaceae","1","1","wcvp","0",""
"727","Mimosa diversipila",1,"176569","Mimosa diversipila",1,"species","","",NA,"M.Micheli","Fabaceae","Mimosa","Mimosa",1,"diversipila","diversipila",1,"","",NA,"","",NA,"","",NA,"","","https://powo.science.kew.org/taxon/urn:lsid:ipni.org:names:50970930-1","","Y","Accepted","Mimosa diversipila","Mimosa diversipila","M.Micheli","176569","species","https://powo.science.kew.org/taxon/urn:lsid:ipni.org:names:50970930-1","","Fabaceae","1","1","wcvp","0",""
"728","Mimosa diversipila var. subglabriseta",1,"1369722","Mimosa diversipila var. subglabriseta",1,"variety","","",NA,"Barneby & Fortunato","Fabaceae","Mimosa","Mimosa",1,"diversipila","diversipila",1,"","",NA,"var.","subglabriseta",1,"","",NA,"","","https://powo.science.kew.org/taxon/urn:lsid:ipni.org:names:313304-2","","Y","Accepted","Mimosa diversipila var. subglabriseta","Mimosa diversipila","Barneby & Fortunato","1369722","variety","https://powo.science.kew.org/taxon/urn:lsid:ipni.org:names:313304-2","","Fabaceae","1","1","wcvp","0",""
"729","Mimosa diversipila var. diversipila",1,"1232502","Mimosa diversipila var. diversipila",1,"variety","","",NA,"","Fabaceae","Mimosa","Mimosa",1,"diversipila","diversipila",1,"","",NA,"var.","diversipila",1,"","",NA,"","","https://powo.science.kew.org/taxon/urn:lsid:ipni.org:names:77190466-1","","Y","Accepted","Mimosa diversipila var. diversipila","Mimosa diversipila","","1232502","variety","https://powo.science.kew.org/taxon/urn:lsid:ipni.org:names:77190466-1","","Fabaceae","1","1","wcvp","0",""
"730","Mimosa fernandez-casasii",1,"1048976","Mimosa fernandez-casasii",1,"species","","",NA,"Barneby & Fortunato","Fabaceae","Mimosa","Mimosa",1,"fernandez-casasii","fernandez-casasii",1,"","",NA,"","",NA,"","",NA,"","","https://powo.science.kew.org/taxon/urn:lsid:ipni.org:names:313305-2","","Y","Accepted","Mimosa fernandez-casasii","Mimosa fernandez-casasii","Barneby & Fortunato","1048976","species","https://powo.science.kew.org/taxon/urn:lsid:ipni.org:names:313305-2","","Fabaceae","1","1","wcvp","0",""
"731","Mimosa cryptogloea",1,"1232503","Mimosa cryptogloea",1,"species","","",NA,"Barneby","Fabaceae","Mimosa","Mimosa",1,"cryptogloea","cryptogloea",1,"","",NA,"","",NA,"","",NA,"","","https://powo.science.kew.org/taxon/urn:lsid:ipni.org:names:313306-2","","Y","Accepted","Mimosa cryptogloea","Mimosa cryptogloea","Barneby","1232503","species","https://powo.science.kew.org/taxon/urn:lsid:ipni.org:names:313306-2","","Fabaceae","1","1","wcvp","0",""
"732","Mimosa sceptrum",1,"1232504","Mimosa sceptrum",1,"species","","",NA,"Barneby","Fabaceae","Mimosa","Mimosa",1,"sceptrum","sceptrum",1,"","",NA,"","",NA,"","",NA,"","","https://powo.science.kew.org/taxon/urn:lsid:ipni.org:names:313307-2","","Y","Accepted","Mimosa sceptrum","Mimosa sceptrum","Barneby","1232504","species","https://powo.science.kew.org/taxon/urn:lsid:ipni.org:names:313307-2","","Fabaceae","1","1","wcvp","0",""
"733","Mimosa custodis",1,"1232505","Mimosa custodis",1,"species","","",NA,"Barneby","Fabaceae","Mimosa","Mimosa",1,"custodis","custodis",1,"","",NA,"","",NA,"","",NA,"","","https://powo.science.kew.org/taxon/urn:lsid:ipni.org:names:313308-2","","Y","Accepted","Mimosa custodis","Mimosa custodis","Barneby","1232505","species","https://powo.science.kew.org/taxon/urn:lsid:ipni.org:names:313308-2","","Fabaceae","1","1","wcvp","0",""
"734","Mimosa longiracemosa",1,"1232506","Mimosa longiracemosa",1,"species","","",NA,"(Burkart) Barneby","Fabaceae","Mimosa","Mimosa",1,"longiracemosa","longiracemosa",1,"","",NA,"","",NA,"","",NA,"","","https://powo.science.kew.org/taxon/urn:lsid:ipni.org:names:963461-1","","Y","Accepted","Mimosa longiracemosa","Mimosa longiracemosa","(Burkart) Barneby","1232506","species","https://powo.science.kew.org/taxon/urn:lsid:ipni.org:names:963461-1","","Fabaceae","1","1","wcvp","0",""
"735","Mimosa nitidula",1,"1232507","Mimosa nitidula",1,"species","","",NA,"Barneby","Fabaceae","Mimosa","Mimosa",1,"nitidula","nitidula",1,"","",NA,"","",NA,"","",NA,"","","https://powo.science.kew.org/taxon/urn:lsid:ipni.org:names:313309-2","","Y","Accepted","Mimosa nitidula","Mimosa nitidula","Barneby","1232507","species","https://powo.science.kew.org/taxon/urn:lsid:ipni.org:names:313309-2","","Fabaceae","1","1","wcvp","0",""
"736","Mimosa pseudopetiolaris",1,"1048572","Mimosa pseudopetiolaris",1,"species","","",NA,"Barneby","Fabaceae","Mimosa","Mimosa",1,"pseudopetiolaris","pseudopetiolaris",1,"","",NA,"","",NA,"","",NA,"","","https://powo.science.kew.org/taxon/urn:lsid:ipni.org:names:313310-2","","Y","Accepted","Mimosa pseudopetiolaris","Mimosa pseudopetiolaris","Barneby","1048572","species","https://powo.science.kew.org/taxon/urn:lsid:ipni.org:names:313310-2","","Fabaceae","1","1","wcvp","0",""
"737","Mimosa thomista",1,"1232508","Mimosa thomista",1,"species","","",NA,"Barneby","Fabaceae","Mimosa","Mimosa",1,"thomista","thomista",1,"","",NA,"","",NA,"","",NA,"","","https://powo.science.kew.org/taxon/urn:lsid:ipni.org:names:313312-2","","Y","Accepted","Mimosa thomista","Mimosa thomista","Barneby","1232508","species","https://powo.science.kew.org/taxon/urn:lsid:ipni.org:names:313312-2","","Fabaceae","1","1","wcvp","0",""
"738","Mimosa pogocephala",1,"176454","Mimosa pogocephala",1,"species","","",NA,"Benth.","Fabaceae","Mimosa","Mimosa",1,"pogocephala","pogocephala",1,"","",NA,"","",NA,"","",NA,"","","https://powo.science.kew.org/taxon/urn:lsid:ipni.org:names:508510-1","","Y","Accepted","Mimosa pogocephala","Mimosa pogocephala","Benth.","176454","species","https://powo.science.kew.org/taxon/urn:lsid:ipni.org:names:508510-1","","Fabaceae","1","1","wcvp","0",""
"739","Mimosa bombycina",1,"1232509","Mimosa bombycina",1,"species","","",NA,"Barneby","Fabaceae","Mimosa","Mimosa",1,"bombycina","bombycina",1,"","",NA,"","",NA,"","",NA,"","","https://powo.science.kew.org/taxon/urn:lsid:ipni.org:names:313315-2","","Y","Accepted","Mimosa bombycina","Mimosa bombycina","Barneby","1232509","species","https://powo.science.kew.org/taxon/urn:lsid:ipni.org:names:313315-2","","Fabaceae","1","1","wcvp","0",""
"740","Mimosa bombycina var. bombycina",1,"1232510","Mimosa bombycina var. bombycina",1,"variety","","",NA,"","Fabaceae","Mimosa","Mimosa",1,"bombycina","bombycina",1,"","",NA,"var.","bombycina",1,"","",NA,"","","https://powo.science.kew.org/taxon/urn:lsid:ipni.org:names:77190449-1","","Y","Accepted","Mimosa bombycina var. bombycina","Mimosa bombycina","","1232510","variety","https://powo.science.kew.org/taxon/urn:lsid:ipni.org:names:77190449-1","","Fabaceae","1","1","wcvp","0",""
"741","Mimosa bombycina var. pluriceps",1,"1288234","Mimosa bombycina var. pluriceps",1,"variety","","",NA,"Barneby","Fabaceae","Mimosa","Mimosa",1,"bombycina","bombycina",1,"","",NA,"var.","pluriceps",1,"","",NA,"","","https://powo.science.kew.org/taxon/urn:lsid:ipni.org:names:965704-1","","Y","Accepted","Mimosa bombycina var. pluriceps","Mimosa bombycina","Barneby","1288234","variety","https://powo.science.kew.org/taxon/urn:lsid:ipni.org:names:965704-1","","Fabaceae","1","1","wcvp","0",""
"742","Mimosa parviceps",1,"1232511","Mimosa parviceps",1,"species","","",NA,"Barneby","Fabaceae","Mimosa","Mimosa",1,"parviceps","parviceps",1,"","",NA,"","",NA,"","",NA,"","","https://powo.science.kew.org/taxon/urn:lsid:ipni.org:names:313317-2","","Y","Accepted","Mimosa parviceps","Mimosa parviceps","Barneby","1232511","species","https://powo.science.kew.org/taxon/urn:lsid:ipni.org:names:313317-2","","Fabaceae","1","1","wcvp","0",""
"743","Mimosa montis-carasae",1,"1232512","Mimosa montis-carasae",1,"species","","",NA,"Barneby","Fabaceae","Mimosa","Mimosa",1,"montis-carasae","montis-carasae",1,"","",NA,"","",NA,"","",NA,"","","https://powo.science.kew.org/taxon/urn:lsid:ipni.org:names:313318-2","","Y","Accepted","Mimosa montis-carasae","Mimosa montis-carasae","Barneby","1232512","species","https://powo.science.kew.org/taxon/urn:lsid:ipni.org:names:313318-2","","Fabaceae","1","1","wcvp","0",""
"744","Mimosa adamantina",1,"1232513","Mimosa adamantina",1,"species","","",NA,"Barneby","Fabaceae","Mimosa","Mimosa",1,"adamantina","adamantina",1,"","",NA,"","",NA,"","",NA,"","","https://powo.science.kew.org/taxon/urn:lsid:ipni.org:names:313319-2","","Y","Accepted","Mimosa adamantina","Mimosa adamantina","Barneby","1232513","species","https://powo.science.kew.org/taxon/urn:lsid:ipni.org:names:313319-2","","Fabaceae","1","1","wcvp","0",""
"745","Mimosa adamantina var. adamantina",1,"1232514","Mimosa adamantina var. adamantina",1,"variety","","",NA,"","Fabaceae","Mimosa","Mimosa",1,"adamantina","adamantina",1,"","",NA,"var.","adamantina",1,"","",NA,"","","https://powo.science.kew.org/taxon/urn:lsid:ipni.org:names:77190472-1","","Y","Accepted","Mimosa adamantina var. adamantina","Mimosa adamantina","","1232514","variety","https://powo.science.kew.org/taxon/urn:lsid:ipni.org:names:77190472-1","","Fabaceae","1","1","wcvp","0",""
"746","Mimosa adamantina var. hebecarpa",1,"1288241","Mimosa adamantina var. hebecarpa",1,"variety","","",NA,"Barneby","Fabaceae","Mimosa","Mimosa",1,"adamantina","adamantina",1,"","",NA,"var.","hebecarpa",1,"","",NA,"","","https://powo.science.kew.org/taxon/urn:lsid:ipni.org:names:313320-2","","Y","Accepted","Mimosa adamantina var. hebecarpa","Mimosa adamantina","Barneby","1288241","variety","https://powo.science.kew.org/taxon/urn:lsid:ipni.org:names:313320-2","","Fabaceae","1","1","wcvp","0",""
"747","Mimosa multiplex",1,"172390","Mimosa multiplex",1,"species","","",NA,"Benth.","Fabaceae","Mimosa","Mimosa",1,"multiplex","multiplex",1,"","",NA,"","",NA,"","",NA,"","","https://powo.science.kew.org/taxon/urn:lsid:ipni.org:names:508360-1","","Y","Accepted","Mimosa multiplex","Mimosa multiplex","Benth.","172390","species","https://powo.science.kew.org/taxon/urn:lsid:ipni.org:names:508360-1","","Fabaceae","1","1","wcvp","0",""
"748","Mimosa ernestii",1,"182231","Mimosa ernestii",1,"species","","",NA,"Harms","Fabaceae","Mimosa","Mimosa",1,"ernestii","ernestii",1,"","",NA,"","",NA,"","",NA,"","","https://powo.science.kew.org/taxon/urn:lsid:ipni.org:names:161645-2","","Y","Accepted","Mimosa ernestii","Mimosa ernestii","Harms","182231","species","https://powo.science.kew.org/taxon/urn:lsid:ipni.org:names:161645-2","","Fabaceae","1","1","wcvp","0",""
"749","Mimosa setistipula",1,"172440","Mimosa setistipula",1,"species","","",NA,"Benth.","Fabaceae","Mimosa","Mimosa",1,"setistipula","setistipula",1,"","",NA,"","",NA,"","",NA,"","","https://powo.science.kew.org/taxon/urn:lsid:ipni.org:names:508683-1","","Y","Accepted","Mimosa setistipula","Mimosa setistipula","Benth.","172440","species","https://powo.science.kew.org/taxon/urn:lsid:ipni.org:names:508683-1","","Fabaceae","1","1","wcvp","0",""
"750","Mimosa coniflora",1,"172883","Mimosa coniflora",1,"species","","",NA,"Burkart","Fabaceae","Mimosa","Mimosa",1,"coniflora","coniflora",1,"","",NA,"","",NA,"","",NA,"","","https://powo.science.kew.org/taxon/urn:lsid:ipni.org:names:161600-2","","Y","Accepted","Mimosa coniflora","Mimosa coniflora","Burkart","172883","species","https://powo.science.kew.org/taxon/urn:lsid:ipni.org:names:161600-2","","Fabaceae","1","1","wcvp","0",""
"751","Mimosa congestifolia",1,"167587","Mimosa congestifolia",1,"species","","",NA,"Burkart","Fabaceae","Mimosa","Mimosa",1,"congestifolia","congestifolia",1,"","",NA,"","",NA,"","",NA,"","","https://powo.science.kew.org/taxon/urn:lsid:ipni.org:names:161599-2","","Y","Accepted","Mimosa congestifolia","Mimosa congestifolia","Burkart","167587","species","https://powo.science.kew.org/taxon/urn:lsid:ipni.org:names:161599-2","","Fabaceae","1","1","wcvp","0",""
"752","Mimosa reduviosa",1,"1232515","Mimosa reduviosa",1,"species","","",NA,"Barneby","Fabaceae","Mimosa","Mimosa",1,"reduviosa","reduviosa",1,"","",NA,"","",NA,"","",NA,"","","https://powo.science.kew.org/taxon/urn:lsid:ipni.org:names:313322-2","","Y","Accepted","Mimosa reduviosa","Mimosa reduviosa","Barneby","1232515","species","https://powo.science.kew.org/taxon/urn:lsid:ipni.org:names:313322-2","","Fabaceae","1","1","wcvp","0",""
"753","Mimosa bocainae",1,"1232516","Mimosa bocainae",1,"species","","",NA,"Barneby","Fabaceae","Mimosa","Mimosa",1,"bocainae","bocainae",1,"","",NA,"","",NA,"","",NA,"","","https://powo.science.kew.org/taxon/urn:lsid:ipni.org:names:313323-2","","Y","Accepted","Mimosa bocainae","Mimosa bocainae","Barneby","1232516","species","https://powo.science.kew.org/taxon/urn:lsid:ipni.org:names:313323-2","","Fabaceae","1","1","wcvp","0",""
"754","Mimosa lasiocephala",1,"172358","Mimosa lasiocephala",1,"species","","",NA,"Benth.","Fabaceae","Mimosa","Mimosa",1,"lasiocephala","lasiocephala",1,"","",NA,"","",NA,"","",NA,"","","https://powo.science.kew.org/taxon/urn:lsid:ipni.org:names:508204-1","","Y","Accepted","Mimosa lasiocephala","Mimosa lasiocephala","Benth.","172358","species","https://powo.science.kew.org/taxon/urn:lsid:ipni.org:names:508204-1","","Fabaceae","1","1","wcvp","0",""
"755","Mimosa itatiaiensis",1,"167642","Mimosa itatiaiensis",1,"species","","",NA,"Dusen","Fabaceae","Mimosa","Mimosa",1,"itatiaiensis","itatiaiensis",1,"","",NA,"","",NA,"","",NA,"","","https://powo.science.kew.org/taxon/urn:lsid:ipni.org:names:161744-2","","Y","Accepted","Mimosa itatiaiensis","Mimosa itatiaiensis","Dusen","167642","species","https://powo.science.kew.org/taxon/urn:lsid:ipni.org:names:161744-2","","Fabaceae","1","1","wcvp","0",""
"756","Mimosa microcarpa",1,"172379","Mimosa microcarpa",1,"species","","",NA,"Benth.","Fabaceae","Mimosa","Mimosa",1,"microcarpa","microcarpa",1,"","",NA,"","",NA,"","",NA,"","","https://powo.science.kew.org/taxon/urn:lsid:ipni.org:names:508323-1","","Y","Accepted","Mimosa microcarpa","Mimosa microcarpa","Benth.","172379","species","https://powo.science.kew.org/taxon/urn:lsid:ipni.org:names:508323-1","","Fabaceae","1","1","wcvp","0",""
"757","Mimosa paranapiacabae",1,"1232517","Mimosa paranapiacabae",1,"species","","",NA,"Barneby","Fabaceae","Mimosa","Mimosa",1,"paranapiacabae","paranapiacabae",1,"","",NA,"","",NA,"","",NA,"","","https://powo.science.kew.org/taxon/urn:lsid:ipni.org:names:960683-1","","Y","Accepted","Mimosa paranapiacabae","Mimosa paranapiacabae","Barneby","1232517","species","https://powo.science.kew.org/taxon/urn:lsid:ipni.org:names:960683-1","","Fabaceae","1","1","wcvp","0",""
"758","Mimosa hilariana",1,"1232518","Mimosa hilariana",1,"species","","",NA,"Barneby","Fabaceae","Mimosa","Mimosa",1,"hilariana","hilariana",1,"","",NA,"","",NA,"","",NA,"","","https://powo.science.kew.org/taxon/urn:lsid:ipni.org:names:313325-2","","Y","Accepted","Mimosa hilariana","Mimosa hilariana","Barneby","1232518","species","https://powo.science.kew.org/taxon/urn:lsid:ipni.org:names:313325-2","","Fabaceae","1","1","wcvp","0",""
"759","Mimosa lanata",1,"172355","Mimosa lanata",1,"species","","",NA,"Benth.","Fabaceae","Mimosa","Mimosa",1,"lanata","lanata",1,"","",NA,"","",NA,"","",NA,"","","https://powo.science.kew.org/taxon/urn:lsid:ipni.org:names:508197-1","","Y","Accepted","Mimosa lanata","Mimosa lanata","Benth.","172355","species","https://powo.science.kew.org/taxon/urn:lsid:ipni.org:names:508197-1","","Fabaceae","1","1","wcvp","0",""
"760","Mimosa macrocalyx",1,"172372","Mimosa macrocalyx",1,"species","","",NA,"Micheli","Fabaceae","Mimosa","Mimosa",1,"macrocalyx","macrocalyx",1,"","",NA,"","",NA,"","",NA,"","","https://powo.science.kew.org/taxon/urn:lsid:ipni.org:names:508279-1","","Y","Accepted","Mimosa macrocalyx","Mimosa macrocalyx","Micheli","172372","species","https://powo.science.kew.org/taxon/urn:lsid:ipni.org:names:508279-1","","Fabaceae","1","1","wcvp","0",""
"761","Mimosa pedersenii",1,"1232519","Mimosa pedersenii",1,"species","","",NA,"Barneby","Fabaceae","Mimosa","Mimosa",1,"pedersenii","pedersenii",1,"","",NA,"","",NA,"","",NA,"","","https://powo.science.kew.org/taxon/urn:lsid:ipni.org:names:313328-2","","Y","Accepted","Mimosa pedersenii","Mimosa pedersenii","Barneby","1232519","species","https://powo.science.kew.org/taxon/urn:lsid:ipni.org:names:313328-2","","Fabaceae","1","1","wcvp","0",""
"762","Mimosa reptans",1,"172420","Mimosa reptans",1,"species","","",NA,"Benth.","Fabaceae","Mimosa","Mimosa",1,"reptans","reptans",1,"","",NA,"","",NA,"","",NA,"","","https://powo.science.kew.org/taxon/urn:lsid:ipni.org:names:313330-2","","Y","Accepted","Mimosa reptans","Mimosa reptans","Benth.","172420","species","https://powo.science.kew.org/taxon/urn:lsid:ipni.org:names:313330-2","","Fabaceae","1","1","wcvp","0",""
"763","Mimosa schleidenii",1,"167722","Mimosa schleidenii",1,"species","","",NA,"Herter","Fabaceae","Mimosa","Mimosa",1,"schleidenii","schleidenii",1,"","",NA,"","",NA,"","",NA,"","","https://powo.science.kew.org/taxon/urn:lsid:ipni.org:names:290874-2","","Y","Accepted","Mimosa schleidenii","Mimosa schleidenii","Herter","167722","species","https://powo.science.kew.org/taxon/urn:lsid:ipni.org:names:290874-2","","Fabaceae","1","1","wcvp","0",""
"764","Mimosa fachinalensis",1,"172884","Mimosa fachinalensis",1,"species","","",NA,"Burkart","Fabaceae","Mimosa","Mimosa",1,"fachinalensis","fachinalensis",1,"","",NA,"","",NA,"","",NA,"","","https://powo.science.kew.org/taxon/urn:lsid:ipni.org:names:161652-2","","Y","Accepted","Mimosa fachinalensis","Mimosa fachinalensis","Burkart","172884","species","https://powo.science.kew.org/taxon/urn:lsid:ipni.org:names:161652-2","","Fabaceae","1","1","wcvp","0",""
"765","Mimosa luciana",1,"1232520","Mimosa luciana",1,"species","","",NA,"Barneby","Fabaceae","Mimosa","Mimosa",1,"luciana","luciana",1,"","",NA,"","",NA,"","",NA,"","","https://powo.science.kew.org/taxon/urn:lsid:ipni.org:names:313331-2","","Y","Accepted","Mimosa luciana","Mimosa luciana","Barneby","1232520","species","https://powo.science.kew.org/taxon/urn:lsid:ipni.org:names:313331-2","","Fabaceae","1","1","wcvp","0",""
"766","Mimosa humifusa",1,"172344","Mimosa humifusa",1,"species","","",NA,"Benth.","Fabaceae","Mimosa","Mimosa",1,"humifusa","humifusa",1,"","",NA,"","",NA,"","",NA,"","","https://powo.science.kew.org/taxon/urn:lsid:ipni.org:names:508134-1","","Y","Accepted","Mimosa humifusa","Mimosa humifusa","Benth.","172344","species","https://powo.science.kew.org/taxon/urn:lsid:ipni.org:names:508134-1","","Fabaceae","1","1","wcvp","0",""
"767","Mimosa paupera",1,"172412","Mimosa paupera",1,"species","","",NA,"Benth.","Fabaceae","Mimosa","Mimosa",1,"paupera","paupera",1,"","",NA,"","",NA,"","",NA,"","","https://powo.science.kew.org/taxon/urn:lsid:ipni.org:names:508458-1","","Y","Accepted","Mimosa paupera","Mimosa paupera","Benth.","172412","species","https://powo.science.kew.org/taxon/urn:lsid:ipni.org:names:508458-1","","Fabaceae","1","1","wcvp","0",""
"768","Mimosa paupera var. pampera",0.98518987842647,"177669","Mimosa paupera var. paupera",0.98518987842647,"variety","","",NA,"","Fabaceae","Mimosa","Mimosa",1,"paupera","paupera",1,"","",NA,"var.","paupera",0.85714285714286,"","",NA,"","","https://powo.science.kew.org/taxon/urn:lsid:ipni.org:names:77190612-1","","","Accepted","Mimosa paupera var. paupera","Mimosa paupera","","177669","variety","https://powo.science.kew.org/taxon/urn:lsid:ipni.org:names:77190612-1","","Fabaceae","1","1","wcvp","0",""
"769","Mimosa paupera var. dives",1,"1369753","Mimosa paupera var. dives",1,"variety","","",NA,"Barneby","Fabaceae","Mimosa","Mimosa",1,"paupera","paupera",1,"","",NA,"var.","dives",1,"","",NA,"","","https://powo.science.kew.org/taxon/urn:lsid:ipni.org:names:313332-2","","Y","Accepted","Mimosa paupera var. dives","Mimosa paupera","Barneby","1369753","variety","https://powo.science.kew.org/taxon/urn:lsid:ipni.org:names:313332-2","","Fabaceae","1","1","wcvp","0",""
"770","Mimosa falcipinna",1,"1042448","Mimosa falcipinna",1,"species","","",NA,"Benth.","Fabaceae","Mimosa","Mimosa",1,"falcipinna","falcipinna",1,"","",NA,"","",NA,"","",NA,"","","https://powo.science.kew.org/taxon/urn:lsid:ipni.org:names:507985-1","","Y","Accepted","Mimosa falcipinna","Mimosa falcipinna","Benth.","1042448","species","https://powo.science.kew.org/taxon/urn:lsid:ipni.org:names:507985-1","","Fabaceae","1","1","wcvp","0",""
"771","Mimosa distans",1,"172307","Mimosa distans",1,"species","","",NA,"Benth.","Fabaceae","Mimosa","Mimosa",1,"distans","distans",1,"","",NA,"","",NA,"","",NA,"","","https://powo.science.kew.org/taxon/urn:lsid:ipni.org:names:313333-2","","Y","Accepted","Mimosa distans","Mimosa distans","Benth.","172307","species","https://powo.science.kew.org/taxon/urn:lsid:ipni.org:names:313333-2","","Fabaceae","1","1","wcvp","0",""
"772","Mimosa distans subsp. distans",1,"1389088","Mimosa distans subsp. distans",1,"subspecies","","",NA,"","Fabaceae","Mimosa","Mimosa",1,"distans","distans",1,"","",NA,"subsp.","distans",1,"","",NA,"","","https://powo.science.kew.org/taxon/urn:lsid:ipni.org:names:77190423-1","","Y","Accepted","Mimosa distans subsp. distans","Mimosa distans","","1389088","subspecies","https://powo.science.kew.org/taxon/urn:lsid:ipni.org:names:77190423-1","","Fabaceae","1","1","wcvp","0",""
"773","Mimosa distans subsp. distans var. distans",0.77149326622765,"1389088","Mimosa distans subsp. distans",0.77149326622765,"subspecies","","",NA,"","Fabaceae","Mimosa","Mimosa",1,"distans","distans",1,"","",NA,"subsp.","distans",1,"","",NA,"","var. distans","https://powo.science.kew.org/taxon/urn:lsid:ipni.org:names:77190423-1","","Y","Accepted","Mimosa distans subsp. distans","Mimosa distans","","1389088","subspecies","https://powo.science.kew.org/taxon/urn:lsid:ipni.org:names:77190423-1","","Fabaceae","1","1","wcvp","1","[Partial]"
"774","Mimosa distans subsp. distans var. neuroloma",0.77149326622765,"1389088","Mimosa distans subsp. distans",0.77149326622765,"subspecies","","",NA,"","Fabaceae","Mimosa","Mimosa",1,"distans","distans",1,"","",NA,"subsp.","distans",1,"","",NA,"","var. neuroloma","https://powo.science.kew.org/taxon/urn:lsid:ipni.org:names:77190423-1","","Y","Accepted","Mimosa distans subsp. distans","Mimosa distans","","1389088","subspecies","https://powo.science.kew.org/taxon/urn:lsid:ipni.org:names:77190423-1","","Fabaceae","1","1","wcvp","1","[Partial]"
"775","Mimosa distans subsp. elongata",1,"1232522","Mimosa distans subsp. elongata",1,"subspecies","","",NA,"(Benth.) Barneby","Fabaceae","Mimosa","Mimosa",1,"distans","distans",1,"","",NA,"subsp.","elongata",1,"","",NA,"","","https://powo.science.kew.org/taxon/urn:lsid:ipni.org:names:967340-1","","Y","Accepted","Mimosa distans subsp. elongata","Mimosa distans","(Benth.) Barneby","1232522","subspecies","https://powo.science.kew.org/taxon/urn:lsid:ipni.org:names:967340-1","","Fabaceae","1","1","wcvp","0",""
"776","Mimosa distans subsp. elongata var. elongata",0.77149326622765,"1232522","Mimosa distans subsp. elongata",0.77149326622765,"subspecies","","",NA,"(Benth.) Barneby","Fabaceae","Mimosa","Mimosa",1,"distans","distans",1,"","",NA,"subsp.","elongata",1,"","",NA,"","var. elongata","https://powo.science.kew.org/taxon/urn:lsid:ipni.org:names:967340-1","","Y","Accepted","Mimosa distans subsp. elongata","Mimosa distans","(Benth.) Barneby","1232522","subspecies","https://powo.science.kew.org/taxon/urn:lsid:ipni.org:names:967340-1","","Fabaceae","1","1","wcvp","1","[Partial]"
"777","Mimosa distans subsp. elongata var. planaltinae",0.77149326622765,"1232522","Mimosa distans subsp. elongata",0.77149326622765,"subspecies","","",NA,"(Benth.) Barneby","Fabaceae","Mimosa","Mimosa",1,"distans","distans",1,"","",NA,"subsp.","elongata",1,"","",NA,"","var. planaltinae","https://powo.science.kew.org/taxon/urn:lsid:ipni.org:names:967340-1","","Y","Accepted","Mimosa distans subsp. elongata","Mimosa distans","(Benth.) Barneby","1232522","subspecies","https://powo.science.kew.org/taxon/urn:lsid:ipni.org:names:967340-1","","Fabaceae","1","1","wcvp","1","[Partial]"
"778","Mimosa distans subsp. elongata var. paraguariensis",0.77149326622765,"1232522","Mimosa distans subsp. elongata",0.77149326622765,"subspecies","","",NA,"(Benth.) Barneby","Fabaceae","Mimosa","Mimosa",1,"distans","distans",1,"","",NA,"subsp.","elongata",1,"","",NA,"","var. paraguariensis","https://powo.science.kew.org/taxon/urn:lsid:ipni.org:names:967340-1","","Y","Accepted","Mimosa distans subsp. elongata","Mimosa distans","(Benth.) Barneby","1232522","subspecies","https://powo.science.kew.org/taxon/urn:lsid:ipni.org:names:967340-1","","Fabaceae","1","1","wcvp","1","[Partial]"
"779","Mimosa distans subsp. elongata var. quadripinna",0.77149326622765,"1232522","Mimosa distans subsp. elongata",0.77149326622765,"subspecies","","",NA,"(Benth.) Barneby","Fabaceae","Mimosa","Mimosa",1,"distans","distans",1,"","",NA,"subsp.","elongata",1,"","",NA,"","var. quadripinna","https://powo.science.kew.org/taxon/urn:lsid:ipni.org:names:967340-1","","Y","Accepted","Mimosa distans subsp. elongata","Mimosa distans","(Benth.) Barneby","1232522","subspecies","https://powo.science.kew.org/taxon/urn:lsid:ipni.org:names:967340-1","","Fabaceae","1","1","wcvp","1","[Partial]"
"780","Mimosa distans subsp. elongata var. terezinae",0.77149326622765,"1232522","Mimosa distans subsp. elongata",0.77149326622765,"subspecies","","",NA,"(Benth.) Barneby","Fabaceae","Mimosa","Mimosa",1,"distans","distans",1,"","",NA,"subsp.","elongata",1,"","",NA,"","var. terezinae","https://powo.science.kew.org/taxon/urn:lsid:ipni.org:names:967340-1","","Y","Accepted","Mimosa distans subsp. elongata","Mimosa distans","(Benth.) Barneby","1232522","subspecies","https://powo.science.kew.org/taxon/urn:lsid:ipni.org:names:967340-1","","Fabaceae","1","1","wcvp","1","[Partial]"
"781","Mimosa ramentacea",1,"172888","Mimosa ramentacea",1,"species","","",NA,"Burkart","Fabaceae","Mimosa","Mimosa",1,"ramentacea","ramentacea",1,"","",NA,"","",NA,"","",NA,"","","https://powo.science.kew.org/taxon/urn:lsid:ipni.org:names:508584-1","","Y","Accepted","Mimosa ramentacea","Mimosa ramentacea","Burkart","172888","species","https://powo.science.kew.org/taxon/urn:lsid:ipni.org:names:508584-1","","Fabaceae","1","1","wcvp","0",""
"782","Mimosa niederleinii",1,"167677","Mimosa niederleinii",1,"species","","",NA,"Burkart","Fabaceae","Mimosa","Mimosa",1,"niederleinii","niederleinii",1,"","",NA,"","",NA,"","",NA,"","","https://powo.science.kew.org/taxon/urn:lsid:ipni.org:names:161851-2","","Y","Accepted","Mimosa niederleinii","Mimosa niederleinii","Burkart","167677","species","https://powo.science.kew.org/taxon/urn:lsid:ipni.org:names:161851-2","","Fabaceae","1","1","wcvp","0",""
"783","Mimosa pseudolepidota",1,"1232524","Mimosa pseudolepidota",1,"species","","",NA,"(Burkart) Barneby","Fabaceae","Mimosa","Mimosa",1,"pseudolepidota","pseudolepidota",1,"","",NA,"","",NA,"","",NA,"","","https://powo.science.kew.org/taxon/urn:lsid:ipni.org:names:963463-1","","Y","Accepted","Mimosa pseudolepidota","Mimosa pseudolepidota","(Burkart) Barneby","1232524","species","https://powo.science.kew.org/taxon/urn:lsid:ipni.org:names:963463-1","","Fabaceae","1","1","wcvp","0",""
"784","Mimosa kuhnisteroides",1,"1209166","Mimosa kuhnisteroides",1,"species","","",NA,"Barneby","Fabaceae","Mimosa","Mimosa",1,"kuhnisteroides","kuhnisteroides",1,"","",NA,"","",NA,"","",NA,"","","https://powo.science.kew.org/taxon/urn:lsid:ipni.org:names:313342-2","","Y","Accepted","Mimosa kuhnisteroides","Mimosa kuhnisteroides","Barneby","1209166","species","https://powo.science.kew.org/taxon/urn:lsid:ipni.org:names:313342-2","","Fabaceae","1","1","wcvp","0",""
"785","Mimosa axillaris",1,"172265","Mimosa axillaris",1,"species","","",NA,"Benth.","Fabaceae","Mimosa","Mimosa",1,"axillaris","axillaris",1,"","",NA,"","",NA,"","",NA,"","","https://powo.science.kew.org/taxon/urn:lsid:ipni.org:names:507678-1","","Y","Accepted","Mimosa axillaris","Mimosa axillaris","Benth.","172265","species","https://powo.science.kew.org/taxon/urn:lsid:ipni.org:names:507678-1","","Fabaceae","1","1","wcvp","0",""
"786","Mimosa dryandroides",1,"167596","Mimosa dryandroides",1,"species","","",NA,"Taub.","Fabaceae","Mimosa","Mimosa",1,"dryandroides","dryandroides",1,"","",NA,"","",NA,"","",NA,"","","https://powo.science.kew.org/taxon/urn:lsid:ipni.org:names:161633-2","","Y","Accepted","Mimosa dryandroides","Mimosa dryandroides","Taub.","167596","species","https://powo.science.kew.org/taxon/urn:lsid:ipni.org:names:161633-2","","Fabaceae","1","1","wcvp","0",""
"787","Mimosa dryandroides var. dryandroides",1,"1232525","Mimosa dryandroides var. dryandroides",1,"variety","","",NA,"","Fabaceae","Mimosa","Mimosa",1,"dryandroides","dryandroides",1,"","",NA,"var.","dryandroides",1,"","",NA,"","","https://powo.science.kew.org/taxon/urn:lsid:ipni.org:names:77190486-1","","Y","Accepted","Mimosa dryandroides var. dryandroides","Mimosa dryandroides","","1232525","variety","https://powo.science.kew.org/taxon/urn:lsid:ipni.org:names:77190486-1","","Fabaceae","1","1","wcvp","0",""
"788","Mimosa dryandroides var. extratropica",1,"1288404","Mimosa dryandroides var. extratropica",1,"variety","","",NA,"Barneby","Fabaceae","Mimosa","Mimosa",1,"dryandroides","dryandroides",1,"","",NA,"var.","extratropica",1,"","",NA,"","","https://powo.science.kew.org/taxon/urn:lsid:ipni.org:names:313344-2","","Y","Accepted","Mimosa dryandroides var. extratropica","Mimosa dryandroides","Barneby","1288404","variety","https://powo.science.kew.org/taxon/urn:lsid:ipni.org:names:313344-2","","Fabaceae","1","1","wcvp","0",""
"789","Mimosa per-dusenii",1,"167693","Mimosa per-dusenii",1,"species","","",NA,"Burkart","Fabaceae","Mimosa","Mimosa",1,"per-dusenii","per-dusenii",1,"","",NA,"","",NA,"","",NA,"","","https://powo.science.kew.org/taxon/urn:lsid:ipni.org:names:161881-2","","Y","Accepted","Mimosa per-dusenii","Mimosa per-dusenii","Burkart","167693","species","https://powo.science.kew.org/taxon/urn:lsid:ipni.org:names:161881-2","","Fabaceae","1","1","wcvp","0",""
"790","Mimosa dutrae",1,"167598","Mimosa dutrae",1,"species","","",NA,"Malme","Fabaceae","Mimosa","Mimosa",1,"dutrae","dutrae",1,"","",NA,"","",NA,"","",NA,"","","https://powo.science.kew.org/taxon/urn:lsid:ipni.org:names:161635-2","","Y","Accepted","Mimosa dutrae","Mimosa dutrae","Malme","167598","species","https://powo.science.kew.org/taxon/urn:lsid:ipni.org:names:161635-2","","Fabaceae","1","1","wcvp","0",""
"791","Mimosa widgrenii",1,"167755","Mimosa widgrenii",1,"species","","",NA,"Harms","Fabaceae","Mimosa","Mimosa",1,"widgrenii","widgrenii",1,"","",NA,"","",NA,"","",NA,"","","https://powo.science.kew.org/taxon/urn:lsid:ipni.org:names:162067-2","","Y","Accepted","Mimosa widgrenii","Mimosa widgrenii","Harms","167755","species","https://powo.science.kew.org/taxon/urn:lsid:ipni.org:names:162067-2","","Fabaceae","1","1","wcvp","0",""
"792","Mimosa diffusa",1,"172303","Mimosa diffusa",1,"species","","",NA,"Benth.","Fabaceae","Mimosa","Mimosa",1,"diffusa","diffusa",1,"","",NA,"","",NA,"","",NA,"","","https://powo.science.kew.org/taxon/urn:lsid:ipni.org:names:507903-1","","Y","Accepted","Mimosa diffusa","Mimosa diffusa","Benth.","172303","species","https://powo.science.kew.org/taxon/urn:lsid:ipni.org:names:507903-1","","Fabaceae","1","1","wcvp","0",""
"793","Mimosa modesta",1,"172384","Mimosa modesta",1,"species","","",NA,"Mart.","Fabaceae","Mimosa","Mimosa",1,"modesta","modesta",1,"","",NA,"","",NA,"","",NA,"","","https://powo.science.kew.org/taxon/urn:lsid:ipni.org:names:508338-1","","Y","Accepted","Mimosa modesta","Mimosa modesta","Mart.","172384","species","https://powo.science.kew.org/taxon/urn:lsid:ipni.org:names:508338-1","","Fabaceae","1","1","wcvp","0",""
"794","Mimosa modesta var. modesta",1,"177046","Mimosa modesta var. modesta",1,"variety","","",NA,"","Fabaceae","Mimosa","Mimosa",1,"modesta","modesta",1,"","",NA,"var.","modesta",1,"","",NA,"","","https://powo.science.kew.org/taxon/urn:lsid:ipni.org:names:77190490-1","","Y","Accepted","Mimosa modesta var. modesta","Mimosa modesta","","177046","variety","https://powo.science.kew.org/taxon/urn:lsid:ipni.org:names:77190490-1","","Fabaceae","1","1","wcvp","0",""
"795","Mimosa modesta var. ursinoides",1,"176491","Mimosa modesta var. ursinoides",1,"variety","","",NA,"(Harms) Barneby","Fabaceae","Mimosa","Mimosa",1,"modesta","modesta",1,"","",NA,"var.","ursinoides",1,"","",NA,"","","https://powo.science.kew.org/taxon/urn:lsid:ipni.org:names:967341-1","","Y","Accepted","Mimosa modesta var. ursinoides","Mimosa modesta","(Harms) Barneby","176491","variety","https://powo.science.kew.org/taxon/urn:lsid:ipni.org:names:967341-1","","Fabaceae","1","1","wcvp","0",""
"796","Mimosa honesta",1,"172343","Mimosa honesta",1,"species","","",NA,"Mart.","Fabaceae","Mimosa","Mimosa",1,"honesta","honesta",1,"","",NA,"","",NA,"","",NA,"","","https://powo.science.kew.org/taxon/urn:lsid:ipni.org:names:508124-1","","Y","Accepted","Mimosa honesta","Mimosa honesta","Mart.","172343","species","https://powo.science.kew.org/taxon/urn:lsid:ipni.org:names:508124-1","","Fabaceae","1","1","wcvp","0",""
"797","Mimosa skinneri",1,"172442","Mimosa skinneri",1,"species","","",NA,"Benth.","Fabaceae","Mimosa","Mimosa",1,"skinneri","skinneri",1,"","",NA,"","",NA,"","",NA,"","","https://powo.science.kew.org/taxon/urn:lsid:ipni.org:names:508698-1","","Y","Accepted","Mimosa skinneri","Mimosa skinneri","Benth.","172442","species","https://powo.science.kew.org/taxon/urn:lsid:ipni.org:names:508698-1","","Fabaceae","1","1","wcvp","0",""
"798","Mimosa skinneri var. desmodioides",1,"1288483","Mimosa skinneri var. desmodioides",1,"variety","","",NA,"(Benth.) Barneby","Fabaceae","Mimosa","Mimosa",1,"skinneri","skinneri",1,"","",NA,"var.","desmodioides",1,"","",NA,"","","https://powo.science.kew.org/taxon/urn:lsid:ipni.org:names:967342-1","","Y","Accepted","Mimosa skinneri var. desmodioides","Mimosa skinneri","(Benth.) Barneby","1288483","variety","https://powo.science.kew.org/taxon/urn:lsid:ipni.org:names:967342-1","","Fabaceae","1","1","wcvp","0",""
"799","Mimosa skinneri var. minima",1,"1288484","Mimosa skinneri var. minima",1,"variety","","",NA,"(Burkart) Barneby","Fabaceae","Mimosa","Mimosa",1,"skinneri","skinneri",1,"","",NA,"var.","minima",1,"","",NA,"","","https://powo.science.kew.org/taxon/urn:lsid:ipni.org:names:967343-1","","Y","Accepted","Mimosa skinneri var. minima","Mimosa skinneri","(Burkart) Barneby","1288484","variety","https://powo.science.kew.org/taxon/urn:lsid:ipni.org:names:967343-1","","Fabaceae","1","1","wcvp","0",""
"800","Mimosa skinneri var. carajaram",0.98899831109563,"1288481","Mimosa skinneri var. carajarum",0.98899831109563,"variety","","",NA,"Barneby","Fabaceae","Mimosa","Mimosa",1,"skinneri","skinneri",1,"","",NA,"var.","carajarum",0.88888888888889,"","",NA,"","","https://powo.science.kew.org/taxon/urn:lsid:ipni.org:names:313350-2","","","Accepted","Mimosa skinneri var. carajarum","Mimosa skinneri","Barneby","1288481","variety","https://powo.science.kew.org/taxon/urn:lsid:ipni.org:names:313350-2","","Fabaceae","1","1","wcvp","0",""
"801","Mimosa skinneri var. skinneri",1,"1232526","Mimosa skinneri var. skinneri",1,"variety","","",NA,"","Fabaceae","Mimosa","Mimosa",1,"skinneri","skinneri",1,"","",NA,"var.","skinneri",1,"","",NA,"","","https://powo.science.kew.org/taxon/urn:lsid:ipni.org:names:77190601-1","","Y","Accepted","Mimosa skinneri var. skinneri","Mimosa skinneri","","1232526","variety","https://powo.science.kew.org/taxon/urn:lsid:ipni.org:names:77190601-1","","Fabaceae","1","1","wcvp","0",""
"802","Mimosa ursina",1,"172466","Mimosa ursina",1,"species","","",NA,"Mart.","Fabaceae","Mimosa","Mimosa",1,"ursina","ursina",1,"","",NA,"","",NA,"","",NA,"","","https://powo.science.kew.org/taxon/urn:lsid:ipni.org:names:508842-1","","Y","Accepted","Mimosa ursina","Mimosa ursina","Mart.","172466","species","https://powo.science.kew.org/taxon/urn:lsid:ipni.org:names:508842-1","","Fabaceae","1","1","wcvp","0",""
"803","Mimosa viva",1,"172472","Mimosa viva",1,"species","","",NA,"L.","Fabaceae","Mimosa","Mimosa",1,"viva","viva",1,"","",NA,"","",NA,"","",NA,"","","https://powo.science.kew.org/taxon/urn:lsid:ipni.org:names:317717-2","","Y","Accepted","Mimosa viva","Mimosa viva","L.","172472","species","https://powo.science.kew.org/taxon/urn:lsid:ipni.org:names:317717-2","","Fabaceae","1","1","wcvp","0",""
"804","Revised",NA,"","[No match found]",NA,"","","",NA,"","","Revised","",NA,"","",NA,"","",NA,"","",NA,"","",NA,"","Revised","","","","","","","","","","","","","","","","",""
"805","Remaining - Phylogeny 1",NA,"","[No match found]",NA,"","","",NA,"","","","",NA,"","",NA,"","",NA,"","",NA,"","",NA,"","Remaining - Phylogeny 1","","","","","","","","","","","","","","","","",""
"806","Phylogeny 1:    323",0.72523657116296,"1750078","Phylogyne",0.82523657116296,"genus","","",NA,"Salisb. ex Haw.","Amaryllidaceae","Phylogeny","Phylogyne",0.77777777777778,"","",NA,"","",NA,"","",NA,"","",NA,"","1: 323","https://powo.science.kew.org/taxon/urn:lsid:ipni.org:names:60469185-2","","Y","Synonym","Narcissus","","L.","1409448","genus","https://powo.science.kew.org/taxon/urn:lsid:ipni.org:names:1558-1","","Amaryllidaceae","1","1","wcvp","0",""
"807","Phylogeny 1-2:  425",0.72523657116296,"1750078","Phylogyne",0.82523657116296,"genus","","",NA,"Salisb. ex Haw.","Amaryllidaceae","Phylogeny","Phylogyne",0.77777777777778,"","",NA,"","",NA,"","",NA,"","",NA,"","1-2: 425","https://powo.science.kew.org/taxon/urn:lsid:ipni.org:names:60469185-2","","Y","Synonym","Narcissus","","L.","1409448","genus","https://powo.science.kew.org/taxon/urn:lsid:ipni.org:names:1558-1","","Amaryllidaceae","1","1","wcvp","0",""
"808","All taxa:        803",0.49957384396743,"1424252","Ala",0.59957384396743,"genus","","",NA,"Szlach.","Orchidaceae","All","Ala",0.66666666666667,"","",NA,"","",NA,"","",NA,"","",NA,"","taxa: 803","https://powo.science.kew.org/taxon/urn:lsid:ipni.org:names:987940-1","","","Invalid","Habenaria","","Willd.","1403507","genus","https://powo.science.kew.org/taxon/urn:lsid:ipni.org:names:325751-2","","Orchidaceae","1","1","wcvp","0",""
