"taxon","taxon_coded","filename","created_at","phylogeny","habit","root_system","height_min","height_low","height_high","height_max","height_unit","extrafloral_nectaries_presence","extrafloral_nectaries_location","extrafloral_nectary_length_min","extrafloral_nectary_length_low","extrafloral_nectary_length_high","extrafloral_nectary_length_max","extrafloral_nectary_length_unit","extrafloral_nectary_width_min","extrafloral_nectary_width_low","extrafloral_nectary_width_high","extrafloral_nectary_width_max","extrafloral_nectary_width_unit","extrafloral_nectary_shape","inflorescence_type","inflorescence_shape","inflorescence_length_min","inflorescence_length_low","inflorescence_length_high","inflorescence_length_max","inflorescence_length_unit","inflorescence_width_min","inflorescence_width_low","inflorescence_width_high","inflorescence_width_max","inflorescence_width_unit","inflorescence_organization","inflorescence_peduncle_length_min","inflorescence_peduncle_length_low","inflorescence_peduncle_length_high","inflorescence_peduncle_length_max","inflorescence_peduncle_length_unit","inflorescence_peduncle_width_min","inflorescence_peduncle_width_low","inflorescence_peduncle_width_high","inflorescence_peduncle_width_max","inflorescence_peduncle_width_unit","flower_merosity","pedicel_length_min","pedicel_length_low","pedicel_length_high","pedicel_length_max","pedicel_length_unit","pedicel_width_min","pedicel_width_low","pedicel_width_high","pedicel_width_max","pedicel_width_unit","calyx_shape","calyx_length_min","calyx_length_low","calyx_length_high","calyx_length_max","calyx_length_unit","calyx_lobe_length_min","calyx_lobe_length_low","calyx_lobe_length_high","calyx_lobe_length_max","calyx_lobe_length_unit","corolla_shape","corolla_length_min","corolla_length_low","corolla_length_high","corolla_length_max","corolla_length_unit","corolla_lobe_length_low","corolla_lobe_length_high","corolla_lobe_length_max","corolla_lobe_length_unit","corolla_lobe_width_min","corolla_lobe_width_low","corolla_lobe_width_high","corolla_lobe_width_max","corolla_lobe_width_unit","stamen_count","filament_length_min","filament_length_low","filament_length_high","filament_length_max","filament_length_unit","filament_color","style_length_min","style_length_low","style_length_high","style_length_max","style_length_unit","species"
"Mimosa myriadenia","Mimosa_myriadenia","Barneby_1991_Sensitivae_Censitae_treatment_0001.txt","2025-07-09T10:43:09,657",1,"vines,shrubs","",NA,1,2,NA,"m","present","leaf-stalk, pinna-rachises",NA,0.3,0.5,NA,"mm",NA,1.3,3.5,NA,"mm","patelliform elliptic, tub-shaped, cupular","amentiform spikelike racemes","",NA,NA,NA,NA,"",NA,3,4,NA,"mm","paniculate",3,3,7,NA,"cm",NA,NA,NA,NA,"","5-merous",0.1,NA,0.45,NA,"mm",NA,NA,NA,NA,"","campanulate",0.5,0.5,0.7,0.7,"mm",0.1,0.1,0.3,0.3,"mm","turbinate",NA,1.3,1.8,NA,"mm",0.7,0.9,NA,"mm",NA,0.5,0.7,NA,"mm","",NA,1.2,2.5,3,"mm","white",NA,NA,NA,NA,"","Mimosa_myriadenia"
"Mimosa myriadenia var. punctulata","Mimosa_myriadenia_punctulata","Barneby_1991_Sensitivae_Censitae_treatment_0002.txt","2025-07-09T10:44:23,591",2,"","",NA,NA,NA,NA,"","","",NA,NA,NA,NA,"",NA,NA,NA,NA,"","","","",NA,NA,NA,NA,"",NA,NA,NA,NA,"","",NA,NA,NA,NA,"",NA,NA,NA,NA,"","",NA,NA,NA,NA,"",NA,NA,NA,NA,"","",NA,NA,NA,NA,"",NA,NA,NA,NA,"","",NA,NA,NA,NA,"",NA,NA,NA,"",NA,NA,NA,NA,"","",NA,NA,NA,NA,"","",NA,NA,NA,NA,"","Mimosa_myriadenia_punctulata"
"Mimosa myriadenia var. myriadenia","Mimosa_myriadenia_myriadenia","Barneby_1991_Sensitivae_Censitae_treatment_0003.txt","2025-07-09T10:45:37,633",0,"ok","",NA,NA,NA,NA,"","","",NA,NA,NA,NA,"",NA,NA,NA,NA,"","","","",NA,NA,NA,NA,"",NA,NA,NA,NA,"","",NA,NA,NA,NA,"",NA,NA,NA,NA,"","",NA,NA,NA,NA,"",NA,NA,NA,NA,"","",NA,NA,NA,NA,"",NA,NA,NA,NA,"","",NA,NA,NA,NA,"",NA,NA,NA,"",NA,NA,NA,NA,"","",NA,NA,NA,NA,"","",NA,NA,NA,NA,"","Mimosa_myriadenia_myriadenia"
"Mimosa myriadenia var. desquamata","Mimosa_myriadenia_desquamata","Barneby_1991_Sensitivae_Censitae_treatment_0004.txt","2025-07-09T10:46:53,397",0,"","",NA,NA,NA,NA,"","","",NA,NA,NA,NA,"",NA,NA,NA,NA,"","","","",NA,NA,NA,NA,"",NA,NA,NA,NA,"","",NA,NA,NA,NA,"",NA,NA,NA,NA,"","",NA,NA,NA,NA,"",NA,NA,NA,NA,"","",NA,NA,NA,NA,"",NA,NA,NA,NA,"","",NA,NA,NA,NA,"",NA,NA,NA,"",NA,NA,NA,NA,"","",NA,NA,NA,NA,"","",NA,NA,NA,NA,"","Mimosa_myriadenia_desquamata"
"Mimosa myriadenia var. dispersa","Mimosa_myriadenia_dispersa","Barneby_1991_Sensitivae_Censitae_treatment_0005.txt","2025-07-09T10:48:03,858",0,"","",NA,NA,NA,NA,"","","",NA,NA,NA,NA,"",NA,NA,NA,NA,"","","","",NA,NA,NA,NA,"",NA,NA,NA,NA,"","",NA,NA,NA,NA,"",NA,NA,NA,NA,"","",NA,NA,NA,NA,"",NA,NA,NA,NA,"","",NA,NA,NA,NA,"",NA,NA,NA,NA,"","",NA,NA,NA,NA,"",NA,NA,NA,"",NA,NA,NA,NA,"","",NA,NA,NA,NA,"","",NA,NA,NA,NA,"","Mimosa_myriadenia_dispersa"
"Mimosa myriadenia var. egena","Mimosa_myriadenia_egena","Barneby_1991_Sensitivae_Censitae_treatment_0006.txt","2025-07-09T10:49:14,519",0,"","",NA,NA,NA,NA,"","","",NA,NA,NA,NA,"",NA,NA,NA,NA,"","","","",NA,NA,NA,NA,"",NA,NA,NA,NA,"","",NA,NA,NA,NA,"",NA,NA,NA,NA,"","",NA,NA,NA,NA,"",NA,NA,NA,NA,"","",NA,NA,NA,NA,"",NA,NA,NA,NA,"","",NA,NA,NA,NA,"",NA,NA,NA,"",NA,NA,NA,NA,"","",NA,NA,NA,NA,"","",NA,NA,NA,NA,"","Mimosa_myriadenia_egena"
"Mimosa annularis","Mimosa_annularis","Barneby_1991_Sensitivae_Censitae_treatment_0007.txt","2025-07-09T10:50:34,658",0,"shrubs","",NA,3,10,30,"m","present","near base of petiole and on lfstk close below 1-2 furthermost pairs of pinnae, always on pinna-rachises below furthest pair (or sometimes several pairs) of lfts",1,NA,2.6,NA,"mm",0.8,NA,2.5,NA,"mm","ovoid or flask-shaped, or less often broad-based depressed","capitula","globose",NA,NA,NA,NA,"",4,4,5,5,"mm","panicle",NA,4,11,NA,"mm",NA,NA,NA,NA,"","4- or 5-merous",NA,NA,NA,NA,"",NA,NA,NA,NA,"","campanulate",0.6,0.6,0.8,0.8,"mm",NA,NA,NA,NA,"","turbinate",NA,1.7,2.3,NA,"mm",0.6,0.9,NA,"mm",NA,0.4,0.6,NA,"mm","8",NA,2,4,NA,"mm","white",NA,NA,NA,NA,"","Mimosa_annularis"
"Mimosa annularis var. odora","Mimosa_annularis_odora","Barneby_1991_Sensitivae_Censitae_treatment_0008.txt","2025-07-09T10:51:48,102",0,"Climbing","",NA,NA,NA,NA,"","","",NA,NA,NA,NA,"",NA,NA,NA,NA,"","","","",NA,NA,NA,NA,"",NA,NA,NA,NA,"","",NA,NA,NA,NA,"",NA,NA,NA,NA,"","",NA,NA,NA,NA,"",NA,NA,NA,NA,"","",NA,NA,NA,NA,"",NA,NA,NA,NA,"","",NA,NA,NA,NA,"",NA,NA,NA,"",NA,NA,NA,NA,"","",NA,NA,NA,NA,"","",NA,NA,NA,NA,"","Mimosa_annularis_odora"
"Mimosa annularis var. annularis","Mimosa_annularis_annularis","Barneby_1991_Sensitivae_Censitae_treatment_0009.txt","2025-07-09T10:53:00,930",0,"","",NA,NA,NA,NA,"","","",NA,NA,NA,NA,"",NA,NA,NA,NA,"","","","",NA,NA,NA,NA,"",NA,NA,NA,NA,"","",NA,NA,NA,NA,"",NA,NA,NA,NA,"","",NA,NA,NA,NA,"",NA,NA,NA,NA,"","",NA,NA,NA,NA,"",NA,NA,NA,NA,"","",NA,NA,NA,NA,"",NA,NA,NA,"",NA,NA,NA,NA,"","",NA,NA,NA,NA,"","",NA,NA,NA,NA,"","Mimosa_annularis_annularis"
"Mimosa annularis var. xinguensis","Mimosa_annularis_xinguensis","Barneby_1991_Sensitivae_Censitae_treatment_0010.txt","2025-07-09T10:54:17,015",0,"climbing","",NA,NA,NA,NA,"","","",NA,NA,NA,NA,"",NA,NA,NA,NA,"","","","",NA,NA,NA,NA,"",NA,NA,NA,NA,"","",NA,NA,NA,NA,"",NA,NA,NA,NA,"","",NA,NA,NA,NA,"",NA,NA,NA,NA,"","",NA,NA,NA,NA,"",NA,NA,NA,NA,"","",NA,NA,NA,NA,"",NA,NA,NA,"",NA,NA,NA,NA,"","",NA,NA,NA,NA,"","",NA,NA,NA,NA,"","Mimosa_annularis_xinguensis"
"Mimosa uribeana","Mimosa_uribeana","Barneby_1991_Sensitivae_Censitae_treatment_0011.txt","2025-07-09T10:55:32,423",0,"vines","",NA,NA,NA,NA,"","present","Mid-petiole, at tip of the primary rachis and of each pinna",NA,NA,1,NA,"mm",NA,2,3,NA,"mm","shallowly cupular","capitula","",NA,NA,NA,NA,"",NA,4,4,NA,"mm","spiciform or perhaps paniculate",NA,NA,NA,NA,"",NA,NA,NA,NA,"","",NA,NA,NA,NA,"",NA,NA,NA,NA,"","",NA,NA,NA,NA,"",NA,NA,NA,NA,"","",NA,2,2,NA,"mm",NA,NA,NA,"",NA,NA,NA,NA,"","",NA,4,4,NA,"mm","white",NA,NA,NA,NA,"","Mimosa_uribeana"
"Mimosa watsonii","Mimosa_watsonii","Barneby_1991_Sensitivae_Censitae_treatment_0012.txt","2025-07-09T10:56:44,988",1,"high-climbing vines","",NA,NA,NA,NA,"","present","leaf-stalks, shortly above pulvinus, interpinnal segments",0.5,0.7,1.4,NA,"mm",0.5,0.7,1.4,NA,"mm","squatly tub-shaped","capitula","globose",NA,3.5,5.5,NA,"mm",NA,3.5,5.5,NA,"mm","panicle",4,4,15,15,"mm",NA,NA,NA,NA,"","4-merous",NA,NA,NA,NA,"",NA,NA,NA,NA,"","campanulate",0.5,0.5,1,1,"mm",NA,NA,NA,NA,"","turbinate",NA,1.7,2.7,NA,"mm",0.8,1.2,NA,"mm",NA,0.65,0.9,NA,"mm","8",NA,4,5.5,NA,"mm","white",NA,NA,NA,NA,"","Mimosa_watsonii"
"Mimosa watsonii var. watsonii","Mimosa_watsonii_watsonii","Barneby_1991_Sensitivae_Censitae_treatment_0013.txt","2025-07-09T10:58:03,734",1,"","",NA,NA,NA,NA,"","","",NA,NA,NA,NA,"",NA,NA,NA,NA,"","","","",NA,NA,NA,NA,"",NA,NA,NA,NA,"","",NA,NA,NA,NA,"",NA,NA,NA,NA,"","",NA,NA,NA,NA,"",NA,NA,NA,NA,"","",NA,NA,NA,NA,"",NA,NA,NA,NA,"","",NA,NA,NA,NA,"",NA,NA,NA,"",NA,NA,NA,NA,"","",NA,NA,NA,NA,"","",NA,NA,NA,NA,"","Mimosa_watsonii"
"Mimosa watsonii var. recordii","Mimosa_watsonii_recordii","Barneby_1991_Sensitivae_Censitae_treatment_0014.txt","2025-07-09T10:59:16,133",1,"","",NA,NA,NA,NA,"","","",NA,NA,NA,NA,"",NA,NA,NA,NA,"","","","",NA,NA,NA,NA,"",NA,NA,NA,NA,"","",NA,NA,NA,NA,"",NA,NA,NA,NA,"","",NA,NA,NA,NA,"",NA,NA,NA,NA,"","",NA,NA,NA,NA,"",NA,NA,NA,NA,"","",NA,NA,NA,NA,"",NA,NA,NA,"",NA,NA,NA,NA,"","",NA,NA,NA,NA,"","",NA,NA,NA,NA,"","Mimosa_watsonii"
"Mimosa guanchezii","Mimosa_guanchezii","Barneby_1991_Sensitivae_Censitae_treatment_0015.txt","2025-07-09T11:00:32,932",0,"vines","",NA,3,NA,NA,"m","present","leaf-stalk, near base of petiole, below distal lft-pair of most pinnae",NA,0.5,0.6,NA,"mm",0.8,NA,1.5,NA,"mm","drum-shaped","capitula","globose",NA,NA,NA,NA,"",2.5,2.5,3,3,"mm","paniculate",NA,5,7,NA,"mm",NA,NA,NA,NA,"","4-merous",NA,NA,NA,NA,"",NA,NA,NA,NA,"","campanulate",NA,0.6,0.7,NA,"mm",NA,NA,NA,NA,"","",NA,1.5,1.5,NA,"mm",0.5,0.6,NA,"mm",NA,NA,NA,NA,"","8",NA,NA,NA,NA,"","white",NA,NA,NA,NA,"","Mimosa_guanchezii"
"Mimosa rufescens","Mimosa_rufescens","Barneby_1991_Sensitivae_Censitae_treatment_0016.txt","2025-07-09T11:01:57,643",1,"Lianas","",NA,12,25,35,"m","present","near base of petiole and near tip of all lf-stks and of most pinna-rachises",NA,NA,NA,NA,"",NA,NA,NA,NA,"","laterally compressed pyramidal, low-conical or low-mounded","capitula","globose",NA,NA,NA,NA,"",3.5,3.5,4.5,5,"mm","paniculate",4,4,9,9,"mm",NA,NA,NA,NA,"","5- or 4-merous",NA,NA,NA,NA,"",NA,NA,NA,NA,"","campanulate",0.4,0.5,0.8,NA,"mm",NA,NA,NA,NA,"","turbinate-campanulate",NA,1.4,2,NA,"mm",0.5,0.9,NA,"mm",NA,0.35,0.45,NA,"mm","10 or 8",NA,1,2,NA,"mm","white or creamy-white",NA,NA,NA,NA,"","Mimosa_rufescens"
"Mimosa rufescens var. rufescens","Mimosa_rufescens_rufescens","Barneby_1991_Sensitivae_Censitae_treatment_0017.txt","2025-07-09T11:03:11,367",2,"","",NA,NA,NA,NA,"","","",NA,NA,NA,NA,"",NA,NA,NA,NA,"","","capitula","",NA,1,1.5,NA,"mm",NA,NA,NA,NA,"","",NA,NA,NA,NA,"",NA,NA,NA,NA,"","",NA,1,1.5,NA,"mm",NA,NA,NA,NA,"","",NA,NA,NA,NA,"",NA,NA,NA,NA,"","",NA,NA,NA,NA,"",NA,NA,NA,"",NA,NA,NA,NA,"","",NA,NA,NA,NA,"","",NA,NA,NA,NA,"","Mimosa_rufescens_rufescens"
"Mimosa rufescens var. amnis-nigri","Mimosa_rufescens_amnisnigri","Barneby_1991_Sensitivae_Censitae_treatment_0018.txt","2025-07-09T11:04:27,137",0,"","",NA,NA,NA,NA,"","","",NA,NA,NA,NA,"",NA,NA,NA,NA,"","","","",NA,NA,NA,NA,"",NA,NA,NA,NA,"","",NA,NA,NA,NA,"",NA,NA,NA,NA,"","",NA,NA,NA,NA,"",NA,NA,NA,NA,"","",NA,NA,NA,NA,"",NA,NA,NA,NA,"","",NA,NA,NA,NA,"",NA,NA,NA,"",NA,NA,NA,NA,"","",NA,NA,NA,NA,"","",NA,NA,NA,NA,"","Mimosa_rufescens_amnisnigri"
"Mimosa guilandinae","Mimosa_guilandinae","Barneby_1991_Sensitivae_Censitae_treatment_0019.txt","2025-07-09T11:05:43,838",1,"shrubs and vines","",NA,1,16,NA,"m","present","near base of lf-stk, near tip of pinna-rachises",NA,0.7,1.5,NA,"mm",NA,2,3.5,NA,"mm","obesely verruciform, pyramidal, laterally compressed, broad-based, patelliform","capitula","globose",NA,2.5,5,NA,"mm",NA,NA,NA,NA,"","paniculate",NA,3,10,12,"mm",NA,NA,NA,NA,"","4- or 5-merous",NA,NA,NA,NA,"",NA,NA,NA,NA,"","campanulate",0.4,NA,1,NA,"mm",NA,NA,NA,NA,"","turbinate",NA,1.3,2.3,2.5,"mm",NA,1.3,NA,"mm",0.3,NA,0.5,NA,"mm","8 or 10",NA,1,2.5,NA,"mm","white or cream-white",NA,NA,NA,NA,"","Mimosa_guilandinae"
"Mimosa guilandinae var. guilandinae","Mimosa_guilandinae_guilandinae","Barneby_1991_Sensitivae_Censitae_treatment_0020.txt","2025-07-09T11:07:00,844",2,"Sarmentose","",NA,3,6,NA,"m","present","near base of petiole",NA,NA,NA,NA,"",NA,NA,NA,NA,"","broad-based","","",NA,NA,NA,NA,"",NA,NA,NA,NA,"","",NA,NA,NA,NA,"",NA,NA,NA,NA,"","5-merous",NA,NA,NA,NA,"",NA,NA,NA,NA,"","",NA,NA,NA,NA,"",NA,NA,NA,NA,"","",NA,NA,NA,NA,"",NA,NA,NA,"",NA,NA,NA,NA,"","",NA,NA,NA,NA,"","",NA,NA,NA,NA,"","Mimosa_guilandinae_guilandinae"
"Mimosa guilandinae var. spruceana","Mimosa_guilandinae_spruceana","Barneby_1991_Sensitivae_Censitae_treatment_0021.txt","2025-07-09T11:08:16,854",0,"vinelike","",NA,1,6,NA,"m","present","base of lf-stk",NA,0.7,1.5,NA,"mm",NA,2,3.5,NA,"mm","obesely verruciform, sometimes laterally compressed","","",NA,NA,NA,NA,"",NA,NA,NA,NA,"","",NA,NA,NA,NA,"",NA,NA,NA,NA,"","5-merous",NA,NA,NA,NA,"",NA,NA,NA,NA,"","",NA,NA,NA,NA,"",NA,NA,NA,NA,"","",NA,NA,NA,NA,"",NA,NA,NA,"",NA,NA,NA,NA,"","",NA,NA,NA,NA,"","",NA,NA,NA,NA,"","Mimosa_guilandinae_spruceana"
"Mimosa guilandinae var. duckei","Mimosa_guilandinae_duckei","Barneby_1991_Sensitivae_Censitae_treatment_0022.txt","2025-07-09T11:09:38,442",0,"","",NA,NA,NA,NA,"","","",NA,NA,NA,NA,"",NA,NA,NA,NA,"","","","",NA,NA,NA,NA,"",NA,NA,NA,NA,"","",NA,NA,NA,NA,"",NA,NA,NA,NA,"","4- or 5-merous",NA,NA,NA,NA,"",NA,NA,NA,NA,"","",NA,NA,NA,NA,"",NA,NA,NA,NA,"","",NA,NA,NA,NA,"",NA,NA,NA,"",NA,NA,NA,NA,"","",NA,NA,NA,NA,"","",NA,NA,NA,NA,"","Mimosa_guilandinae_duckei"
"Mimosa guilandinae var. extensissima","Mimosa_guilandinae_extensissima","Barneby_1991_Sensitivae_Censitae_treatment_0023.txt","2025-07-09T11:10:57,717",0,"Lianas or shrubs","",NA,3,16,NA,"m","present","near base of lf-stk",NA,0.7,1.2,NA,"mm",NA,1.5,2.5,NA,"mm","mounded","capitula","",NA,NA,NA,NA,"",NA,NA,NA,NA,"","",NA,NA,NA,NA,"",NA,NA,NA,NA,"","4-merous",NA,NA,NA,NA,"",NA,NA,NA,NA,"","",NA,NA,NA,NA,"",NA,NA,NA,NA,"","",NA,NA,NA,NA,"",NA,NA,NA,"",NA,NA,NA,NA,"","",NA,NA,NA,NA,"","",NA,NA,NA,NA,"","Mimosa_guilandinae_extensissima"
"Mimosa guilandinae var. cuatrecasasii","Mimosa_guilandinae_cuatrecasasii","Barneby_1991_Sensitivae_Censitae_treatment_0024.txt","2025-07-09T11:12:19,212",0,"Vines","",NA,8,12,NA,"m","present","petiole",NA,1,1.5,NA,"mm",NA,NA,NA,NA,"","","","",NA,NA,NA,NA,"",NA,NA,NA,NA,"","",NA,NA,NA,NA,"",NA,NA,NA,NA,"","4-merous",NA,NA,NA,NA,"",NA,NA,NA,NA,"","",NA,NA,NA,NA,"",NA,NA,NA,NA,"","",NA,NA,NA,NA,"",NA,NA,NA,"",NA,NA,NA,NA,"","",NA,NA,NA,NA,"","",NA,NA,NA,NA,"","Mimosa_guilandinae_cuatrecasasii"
"Mimosa guilandinae var. paterata","Mimosa_guilandinae_paterata","Barneby_1991_Sensitivae_Censitae_treatment_0025.txt","2025-07-09T11:13:36,751",0,"","",NA,NA,NA,NA,"","present","leaf-stalk",NA,0.5,1,NA,"mm",0.6,2,2.5,NA,"mm","elliptic patelliform","capitula","",NA,3.5,3.5,NA,"mm",NA,NA,NA,NA,"","ample panicle",NA,NA,NA,NA,"",NA,NA,NA,NA,"","",NA,NA,NA,NA,"",NA,NA,NA,NA,"","",NA,NA,NA,NA,"",NA,NA,NA,NA,"","",NA,NA,NA,NA,"",NA,NA,NA,"",NA,NA,NA,NA,"","",NA,NA,NA,NA,"","",NA,NA,NA,NA,"","Mimosa_guilandinae_paterata"
"Mimosa extensa","Mimosa_extensa","Barneby_1991_Sensitivae_Censitae_treatment_0026.txt","2025-07-09T11:14:57,338",0,"shrubs","",NA,NA,NA,NA,"","present","leaf-stalk, pinnae",NA,0.4,0.5,NA,"mm",NA,1,1.3,NA,"mm","subcircular concave","capitula","",NA,NA,NA,NA,"",5,NA,NA,NA,"mm","paniculate",NA,2.5,11,NA,"mm",NA,NA,NA,NA,"","4- or 5-merous",NA,0.1,0.5,NA,"mm",NA,NA,NA,NA,"","campanulate",NA,0.6,1,NA,"mm",NA,NA,NA,NA,"","",NA,2.6,3,NA,"mm",1,1.5,NA,"mm",NA,0.6,0.8,NA,"mm","",3,3.5,5,NA,"mm","white",NA,NA,NA,NA,"","Mimosa_extensa"
"Mimosa extensa extensa","Mimosa_extensa_extensa","Barneby_1991_Sensitivae_Censitae_treatment_0027.txt","2025-07-09T11:16:15,148",0,"Sarmentose","",NA,NA,NA,NA,"","","",NA,NA,NA,NA,"",NA,NA,NA,NA,"","","","",2.5,3,6,NA,"cm",1,1.5,3,NA,"cm","",NA,NA,NA,NA,"",NA,NA,NA,NA,"","",NA,NA,NA,NA,"",NA,NA,NA,NA,"","",NA,NA,NA,NA,"",NA,NA,NA,NA,"","",NA,NA,NA,NA,"",NA,NA,NA,"",NA,NA,NA,NA,"","",NA,NA,NA,NA,"","",NA,NA,NA,NA,"","Mimosa_extensa_extensa"
"Mimosa extensa var. annae","Mimosa_extensa_annae","Barneby_1991_Sensitivae_Censitae_treatment_0028.txt","2025-07-09T11:17:32,977",0,"","",NA,NA,NA,NA,"","","",NA,NA,NA,NA,"",NA,NA,NA,NA,"","","","",NA,6,10,NA,"cm",NA,4,6.5,NA,"cm","",NA,NA,NA,NA,"",NA,NA,NA,NA,"","",NA,NA,NA,NA,"",NA,NA,NA,NA,"","",NA,NA,NA,NA,"",NA,NA,NA,NA,"","",NA,NA,NA,NA,"",NA,NA,NA,"",NA,NA,NA,NA,"","",NA,NA,NA,NA,"","",NA,NA,NA,NA,"","Mimosa_extensa_annae"
"Mimosa colombiana","Mimosa_colombiana","Barneby_1991_Sensitivae_Censitae_treatment_0029.txt","2025-07-09T11:18:56,234",1,"vines","",NA,NA,NA,NA,"","present","base of petiole and tip of each pinnarachis",NA,3,5.5,NA,"mm",NA,1.5,2.5,NA,"mm","patelliform","capitula","globose",NA,NA,NA,NA,"",4,4,5,5,"mm","paniculate",NA,3,11,NA,"mm",NA,NA,NA,NA,"","5- or 6-merous",0.3,NA,NA,NA,"",NA,NA,NA,NA,"","campanulate",0.5,0.5,0.8,0.8,"mm",NA,NA,NA,NA,"","turbinate",NA,1.7,2.8,NA,"mm",0.6,1,NA,"mm",NA,NA,NA,NA,"","",NA,2.5,3,NA,"mm","white",NA,NA,NA,NA,"","Mimosa_colombiana"
"Mimosa lawranceana","Mimosa_lawranceana","Barneby_1991_Sensitivae_Censitae_treatment_0030.txt","2025-07-09T11:20:17,263",0,"vines","",NA,4,5,NA,"m","present","base of lf-stk and apex of each pinna",NA,NA,2,NA,"mm",NA,NA,NA,NA,"","obese hemispherical widemouthed","spiciform racemes","",NA,NA,NA,NA,"",3,3,3.5,NA,"mm","paniculate",NA,NA,NA,NA,"",NA,NA,NA,NA,"","4-merous",NA,0.1,0.1,NA,"mm",NA,NA,NA,NA,"","campanulate",NA,0.4,0.5,NA,"mm",NA,NA,NA,NA,"","turbinate",NA,1.6,1.7,NA,"mm",1,1.2,NA,"mm",0.6,0.6,0.7,0.7,"mm","8",NA,2.5,2.5,NA,"mm","cream-white",NA,NA,NA,NA,"","Mimosa_lawranceana"
"Mimosa lepidophora","Mimosa_lepidophora","Barneby_1991_Sensitivae_Censitae_treatment_0031.txt","2025-07-09T11:21:35,732",1,"arborescent shrubs","",NA,NA,5,NA,"m","present","near or below mid-petiole and pinna-rachis",NA,0.7,1.6,NA,"mm",NA,NA,NA,NA,"","obese mounded, rather widemouthed, tub shaped","capitula","globose",NA,NA,NA,NA,"",NA,6,6,NA,"mm","paniculate",NA,3,9,NA,"mm",NA,NA,NA,NA,"","4-merous",NA,NA,NA,NA,"",NA,NA,NA,NA,"","turbinate-campanulate",0.8,0.8,1.4,1.4,"mm",NA,NA,NA,NA,"","narrowly vase-shaped",2.9,2.9,3.5,3.5,"mm",1,1.3,1.3,"mm",0.9,0.9,0.9,0.9,"mm","8",NA,2,4.5,NA,"mm","",NA,NA,NA,NA,"","Mimosa_lepidophora"
"Mimosa irrigua","Mimosa_irrigua","Barneby_1991_Sensitivae_Censitae_treatment_0032.txt","2025-07-09T11:22:50,730",1,"shrub","",NA,3,4,NA,"m","present","leaf-stalks and interfoliolar segments",2,10,23,NA,"mm",NA,NA,NA,NA,"","subcircular depressed urceolate","capitula","globose",NA,4,5,NA,"mm",NA,NA,NA,NA,"","paniculate",3,3,10,10,"mm",NA,NA,NA,NA,"","5-merous",NA,NA,3,10,"mm",NA,NA,NA,NA,"","campanulate",0.4,0.4,1.2,1.2,"mm",0.15,0.15,0.3,0.3,"mm","",1.6,1.6,1.8,1.8,"mm",0.5,0.6,0.6,"mm",NA,NA,NA,NA,"","10",NA,1,2.5,NA,"mm","whitish yellowing in age",NA,NA,NA,NA,"","Mimosa_irrigua"
"Mimosa pithecolobioides","Mimosa_pithecolobioides","Barneby_1991_Sensitivae_Censitae_treatment_0033.txt","2025-07-09T11:24:08,773",1,"arborescent shrubs and round-topped trees","",NA,2,5,NA,"m","present","between first pair of pinnae, smaller ones sometimes between succeeding pairs, and less often also between some pairs of Ifts",NA,0.9,2.3,NA,"mm",NA,NA,NA,NA,"","round or vertically elongate concave","fl-spikes","amentiform",NA,NA,NA,NA,"",4,4,5,5,"mm","paniculate",NA,1.5,3,NA,"cm",NA,NA,NA,NA,"","5-merous",NA,NA,NA,NA,"",NA,NA,NA,NA,"","campanulate",0.6,0.7,1.2,NA,"mm",0.2,0.2,0.4,0.4,"mm","",1.7,2,2.5,NA,"mm",0.7,1,1,"mm",0.3,0.3,0.45,0.45,"mm","10",1.8,1.8,3,3.5,"mm","cream-colored",NA,NA,NA,NA,"","Mimosa_pithecolobioides"
"Mimosa revoluta","Mimosa_revoluta","Barneby_1991_Sensitivae_Censitae_treatment_0034.txt","2025-07-09T11:25:27,200",1,"shrubs","",NA,1,5,NA,"m","present","ventral groove, petiole",NA,0.4,1.2,NA,"mm",NA,NA,NA,NA,"","pitted","capitula","globose or ellipsoid",5.5,5.5,11,NA,"mm",5.5,5.5,7,NA,"mm","",1,1.5,4.5,NA,"cm",NA,NA,NA,NA,"","5- or 6-merous",NA,NA,NA,NA,"",NA,NA,NA,NA,"","campanulate",0.6,0.6,1.8,2.2,"mm",NA,NA,NA,NA,"","narrowly trumpet-shaped",2.3,2.5,3.3,4.2,"mm",0.8,1.4,2.2,"mm",0.5,0.5,0.8,0.8,"mm","10",3,3,4.5,4.5,"mm","",NA,NA,NA,NA,"","Mimosa_revoluta"
"Mimosa nothacacia","Mimosa_nothacacia","Barneby_1991_Sensitivae_Censitae_treatment_0035.txt","2025-07-09T11:26:42,259",1,"treelets","",NA,NA,3,NA,"m","present","below first pair of pinnae and between the furthest 1-2 pairs ",NA,1.5,2.5,NA,"mm",NA,NA,NA,NA,"","bell-shaped","capitula","ellipsoid",5,5,6,6,"mm",4,4,4.5,4.5,"mm","paniculate",NA,6,11,NA,"mm",NA,NA,NA,NA,"","4-merous",NA,NA,NA,NA,"",NA,NA,NA,NA,"","turbinate-campanulate",0.5,0.5,0.7,0.7,"mm",0.1,0.1,0.15,0.15,"mm","narrowly turbinate-campanulate",NA,1.6,2.2,NA,"mm",0.6,0.8,NA,"mm",NA,0.6,0.8,NA,"mm","8",NA,4.5,4.5,NA,"mm","white",NA,NA,NA,NA,"","Mimosa_nothacacia"
"Mimosa townsendii","Mimosa_townsendii","Barneby_1991_Sensitivae_Censitae_treatment_0036.txt","2025-07-09T11:27:54,863",1,"Treelets","",NA,NA,NA,NA,"","present","tip of leaf-stalk, leaves, leaf-stalk below the first pair of leaflets",NA,NA,NA,NA,"",NA,NA,NA,NA,"","depressed circular","spikes","",8,8,15,15,"mm",4,4,4,4,"mm","paniculate",NA,1,1.5,NA,"cm",NA,NA,NA,NA,"","4-merous",NA,NA,NA,NA,"",NA,NA,NA,NA,"","shallowly campanulate",NA,0.5,0.5,NA,"mm",NA,0.1,0.1,NA,"mm","",NA,2.3,2.3,NA,"mm",1.1,1.1,NA,"mm",NA,0.75,0.75,NA,"mm","8",NA,5,5,NA,"mm","white",NA,NA,NA,NA,"","Mimosa_townsendii"
"Mimosa rhododactyla","Mimosa_rhododactyla","Barneby_1991_Sensitivae_Censitae_treatment_0037.txt","2025-07-09T11:29:10,450",1,"arborescent shrubs","",NA,2,7,NA,"m","","",NA,NA,NA,NA,"",NA,NA,NA,NA,"","","spikes","",NA,NA,NA,NA,"",3.5,4,6,NA,"mm","",NA,NA,NA,NA,"",NA,NA,NA,NA,"","4- or 5- or 6-merous",NA,NA,NA,NA,"",NA,NA,NA,NA,"","campanulate or turbinate-campanulate",0.4,0.4,1.7,1.7,"mm",0.1,0.1,0.25,0.25,"mm","turbinate-campanulate",1.7,1.7,3.3,3.3,"mm",0.8,1.1,1.1,"mm",NA,NA,NA,NA,"","8",3,3,6,6,"mm","pink",NA,NA,NA,NA,"","Mimosa_rhododactyla"
"Mimosa rhododactyla var. benthamii","Mimosa_rhododactyla_benthamii","Barneby_1991_Sensitivae_Censitae_treatment_0038.txt","2025-07-09T11:30:24,680",1,"","",NA,NA,NA,NA,"","","",NA,NA,NA,NA,"",NA,NA,NA,NA,"","","spikes","",NA,NA,NA,NA,"",3.5,4,6,NA,"mm","",NA,NA,NA,NA,"",NA,NA,NA,NA,"","",NA,NA,NA,NA,"",NA,NA,NA,NA,"","",1.1,1.1,1.7,1.7,"mm",NA,NA,NA,NA,"","",NA,NA,NA,NA,"",NA,NA,NA,"",NA,NA,NA,NA,"","",NA,NA,NA,NA,"","",NA,NA,NA,NA,"","Mimosa_benthamii"
"Mimosa rhododactyla var. rhododactyla","Mimosa_rhododactyla_rhododactyla","Barneby_1991_Sensitivae_Censitae_treatment_0039.txt","2025-07-09T11:31:35,555",0,"","",NA,NA,NA,NA,"","","",NA,NA,NA,NA,"",NA,NA,NA,NA,"","","","",NA,NA,NA,NA,"",NA,NA,NA,NA,"","",NA,NA,NA,NA,"",NA,NA,NA,NA,"","",NA,NA,NA,NA,"",NA,NA,NA,NA,"","",0.4,0.4,1,1,"mm",NA,NA,NA,NA,"","",NA,NA,NA,NA,"",NA,NA,NA,"",NA,NA,NA,NA,"","",NA,NA,NA,NA,"","",NA,NA,NA,NA,"","Mimosa_rhododactyla_rhododactyla"
"Mimosa rhododactyla var. pringleana","Mimosa_rhododactyla_pringleana","Barneby_1991_Sensitivae_Censitae_treatment_0040.txt","2025-07-09T11:32:48,986",0,"","",NA,NA,NA,NA,"","","",NA,NA,NA,NA,"",NA,NA,NA,NA,"","","","",NA,NA,NA,NA,"",NA,NA,NA,NA,"","",NA,NA,NA,NA,"",NA,NA,NA,NA,"","",NA,NA,NA,NA,"",NA,NA,NA,NA,"","",0.4,0.4,1,1,"mm",NA,NA,NA,NA,"","",NA,NA,NA,NA,"",NA,NA,NA,"",NA,NA,NA,NA,"","",NA,NA,NA,NA,"","",NA,NA,NA,NA,"","Mimosa_rhododactyla_rhododactyla"
"Mimosa rhododactyla var. malacocarpa","Mimosa_rhododactyla_malacocarpa","Barneby_1991_Sensitivae_Censitae_treatment_0041.txt","2025-07-09T11:34:01,978",0,"","",NA,NA,NA,NA,"","","",NA,NA,NA,NA,"",NA,NA,NA,NA,"","","","",NA,NA,NA,NA,"",NA,NA,NA,NA,"","",NA,NA,NA,NA,"",NA,NA,NA,NA,"","",NA,NA,NA,NA,"",NA,NA,NA,NA,"","",NA,NA,NA,NA,"",NA,NA,NA,NA,"","",NA,NA,NA,NA,"",NA,NA,NA,"",NA,NA,NA,NA,"","",NA,NA,NA,NA,"","",NA,NA,NA,NA,"","Mimosa_rhododactyla_malacocarpa"
"Mimosa costenya","Mimosa_costenya","Barneby_1991_Sensitivae_Censitae_treatment_0042.txt","2025-07-09T11:35:15,692",1,"arborescent shrub","",NA,5,6,NA,"m","","",NA,NA,NA,NA,"",NA,NA,NA,NA,"","","spikes","",NA,5,9,NA,"cm",NA,NA,NA,NA,"","paniculate",NA,NA,NA,NA,"",NA,NA,NA,NA,"","5-merous",NA,NA,NA,NA,"",NA,NA,NA,NA,"","campanulate",NA,1.3,1.6,NA,"mm",NA,0.2,0.4,NA,"mm","",NA,2.7,3,NA,"mm",1.3,1.3,NA,"mm",NA,0.7,0.7,NA,"mm","10",NA,4.5,5.5,NA,"mm","pink fading whitish",NA,NA,NA,NA,"","Mimosa_costenya"
"Mimosa luisana","Mimosa_luisana","Barneby_1991_Sensitivae_Censitae_treatment_0043.txt","2025-07-09T11:36:31,346",1,"shrubs","",NA,NA,3,NA,"m","","",NA,NA,NA,NA,"",NA,NA,NA,NA,"","","fl-spikes","",NA,NA,NA,NA,"",4.5,4.5,5,5,"mm","pseudoracemose",NA,10,24,NA,"mm",NA,NA,NA,NA,"","4- or 5-merous",NA,NA,NA,NA,"",NA,NA,NA,NA,"","shallowly campanulate",NA,0.3,0.5,NA,"mm",NA,NA,NA,NA,"","turbinate-campanulate constricted into a short basal neck",NA,2.5,2.7,NA,"mm",1,1,NA,"mm",NA,NA,NA,NA,"","",NA,5,6.5,NA,"mm","pink",NA,NA,NA,NA,"","Mimosa_luisana"
"Mimosa adenantheroides","Mimosa_adenantheroides","Barneby_1991_Sensitivae_Censitae_treatment_0044.txt","2025-07-09T11:37:49,769",1,"arborescent shrubs","",NA,1,4,5,"m","","",NA,NA,NA,NA,"",NA,NA,NA,NA,"","","capitula","oblong-ellipsoid, spiciform, cylindric, or amentiform",NA,8,20,NA,"mm",NA,6.5,7.5,NA,"mm","pseudoracemose",NA,1,3.5,NA,"cm",NA,NA,NA,NA,"","5-merous",NA,NA,NA,NA,"",NA,NA,NA,NA,"","campanulate",1.2,1.2,2.1,2.1,"mm",0.2,0.2,0.5,0.5,"mm","narrowly vaseshaped",NA,2.6,3.7,NA,"mm",NA,NA,NA,"",NA,NA,NA,NA,"","10",NA,5,7,NA,"mm","whitish or pale pink",NA,NA,NA,NA,"","Mimosa_adenantheroides"
"Mimosa pauli","Mimosa_pauli","Barneby_1991_Sensitivae_Censitae_treatment_0045.txt","2025-07-09T11:39:06,111",0,"shrubs","",NA,2,NA,NA,"m","","",NA,NA,NA,NA,"",NA,NA,NA,NA,"","","fl-spikes","",NA,NA,NA,NA,"",7,7,8,8,"mm","",NA,4.5,9.5,NA,"cm",NA,NA,NA,NA,"","5-merous",NA,NA,NA,NA,"",NA,NA,NA,NA,"","campanulate",NA,1.5,1.9,NA,"mm",NA,0.4,0.4,NA,"mm","turbinate-campanulate",3.1,3.1,3.5,3.5,"mm",1.5,1.5,NA,"mm",NA,0.7,0.7,NA,"mm","10",NA,5,5,NA,"mm","purple",NA,NA,NA,NA,"","Mimosa_pauli"
"Mimosa palmeri","Mimosa_palmeri","Barneby_1991_Sensitivae_Censitae_treatment_0046.txt","2025-07-09T11:40:23,527",1,"arborescent shrubs","",NA,NA,7,NA,"m","","",NA,NA,NA,NA,"",NA,NA,NA,NA,"","","fl-spikes","",NA,4,9,NA,"cm",NA,4.5,6,NA,"mm","pseudoracemose",NA,NA,NA,NA,"",NA,NA,NA,NA,"","5-merous",NA,NA,0.2,NA,"mm",NA,NA,NA,NA,"","campanulate or turbinate-campanulate",0.5,0.5,1.3,1.3,"mm",0.1,0.1,0.2,0.2,"mm","funnelform",2.1,2.1,3,3,"mm",1.1,1.3,1.3,"mm",NA,NA,NA,NA,"","10",NA,4,5.5,NA,"mm","pink",NA,NA,NA,NA,"","Mimosa_palmeri"
"Mimosa dysocarpa","Mimosa_dysocarpa","Barneby_1991_Sensitivae_Censitae_treatment_0047.txt","2025-07-09T11:41:38,172",1,"shrubs and subshrubs","",NA,4,9,NA,"dm","","",NA,NA,NA,NA,"",NA,NA,NA,NA,"","","spikes","",NA,NA,NA,NA,"",NA,5,9,NA,"mm","pseudoracemose",NA,5,26,NA,"mm",NA,NA,NA,NA,"","4- or 5-merous",NA,NA,NA,NA,"",NA,NA,NA,NA,"","campanulate",1.2,1.6,2.9,3.1,"mm",NA,0.15,0.6,0.7,"mm","",2.6,2.8,4.1,NA,"mm",1.1,1.6,1.6,"mm",NA,NA,NA,NA,"","8 or 10",NA,6,8.5,NA,"mm","pink fading whitish",NA,NA,NA,NA,"","Mimosa_dysocarpa"
"Mimosa mollis","Mimosa_mollis","Barneby_1991_Sensitivae_Censitae_treatment_0048.txt","2025-07-09T11:42:51,171",1,"arborescent shrubs","",NA,NA,5,NA,"m","","",NA,NA,NA,NA,"",NA,NA,NA,NA,"","","capitula","globose",NA,NA,NA,NA,"",NA,7,9,NA,"mm","pseudoracemose",2,2.5,4.5,NA,"cm",NA,NA,NA,NA,"","5-merous",NA,NA,NA,NA,"",NA,NA,NA,NA,"","campanulate",0.5,0.5,1,1,"mm",NA,NA,NA,NA,"","narrowly vase-shaped",3,3,4.5,4.5,"mm",0.8,1.5,1.5,"mm",NA,NA,NA,NA,"","10",NA,5.5,7.5,NA,"mm","pink fading whitish",NA,NA,NA,NA,"","Mimosa_mollis"
"Mimosa guirocobensis","Mimosa_guirocobensis","Barneby_1991_Sensitivae_Censitae_treatment_0049.txt","2025-07-09T11:44:07,562",0,"shrubs","",NA,1,2,NA,"m","absent","leaf rachis",0.6,NA,3,NA,"mm",NA,NA,NA,NA,"","","fi-spikes","cylindric",NA,NA,NA,NA,"",NA,7,9,NA,"mm","",1,1,4,6.5,"cm",NA,NA,NA,NA,"","5-merous",NA,1,4,6.5,"cm",NA,NA,NA,NA,"","turbinate",1.7,1.7,2.7,2.7,"mm",0.7,0.7,1.4,1.4,"mm","turbinate-campanulate",3,3,4.2,4.2,"mm",1,1.4,1.4,"mm",0.8,0.8,1.1,1.1,"mm","10",NA,NA,NA,NA,"mm","light purple",NA,NA,NA,NA,"","Mimosa_guirocobensis"
"Mimosa guatemalensis","Mimosa_guatemalensis","Barneby_1991_Sensitivae_Censitae_treatment_0050.txt","2025-07-09T11:45:22,624",1,"shrubs","",NA,NA,1.5,NA,"m","","",NA,NA,NA,NA,"",NA,NA,NA,NA,"","","spikes","amentiform",NA,6,13.5,NA,"cm",5,5,6,6,"mm","pseudoracemose",NA,NA,NA,NA,"",NA,NA,NA,NA,"","4- or 5-merous",NA,NA,NA,NA,"",NA,NA,NA,NA,"","campanulate",1.5,1.5,1.9,1.9,"mm",0.2,0.2,0.5,0.5,"mm","campanulate-vase-shaped",2.4,2.4,3.5,3.5,"mm",1,1.4,1.4,"mm",0.65,0.65,0.8,0.8,"mm","8 or 10",NA,4,6.5,NA,"mm","pink",NA,NA,NA,NA,"","Mimosa_guatemalensis"
"Mimosa egregia","Mimosa_egregia","Barneby_1991_Sensitivae_Censitae_treatment_0051.txt","2025-07-09T11:46:35,432",0,"shrubs","",NA,1.5,4,NA,"m","","",NA,NA,NA,NA,"",NA,NA,NA,NA,"","","pseudoraceme of amentiform spikes","",1,NA,4,NA,"dm",NA,NA,NA,NA,"","verticillate",NA,NA,NA,NA,"",NA,NA,NA,NA,"","5-merous",NA,NA,NA,NA,"",NA,NA,NA,NA,"","campanulate",0.8,0.8,1,1,"mm",0.1,0.1,0.15,0.15,"mm","",NA,2.1,2.4,NA,"mm",NA,NA,NA,"",NA,NA,NA,NA,"","10",NA,4,6,NA,"mm","pale pink fading whitish",NA,NA,NA,NA,"","Mimosa_egregia"
"Mimosa spirocarpa","Mimosa_spirocarpa","Barneby_1991_Sensitivae_Censitae_treatment_0052.txt","2025-07-09T11:48:09,232",1,"shrubs","",NA,NA,NA,NA,"","","",NA,NA,NA,NA,"",NA,NA,NA,NA,"","","fl-spikes","amentiform",6,6,10,10,"cm",NA,4.5,6,NA,"mm","foliate panicle",NA,NA,NA,NA,"",NA,NA,NA,NA,"","5-merous",NA,NA,NA,NA,"",NA,NA,NA,NA,"","campanulate",0.8,0.8,1.6,1.6,"mm",0.2,0.2,0.5,0.5,"mm","turbinate",NA,2.2,2.7,NA,"mm",1,1.2,NA,"mm",NA,0.65,0.8,NA,"mm","10",NA,5,6.5,NA,"mm","pink fading whitish",NA,NA,NA,NA,"","Mimosa_spirocarpa"
"Mimosa xochipalensis","Mimosa_xochipalensis","Barneby_1991_Sensitivae_Censitae_treatment_0053.txt","2025-07-09T11:49:23,062",0,"arborescent shrubs","",NA,NA,5,NA,"m","","",NA,NA,NA,NA,"",NA,NA,NA,NA,"","","pseudoraceme of short pedunculate fl-spikes","",NA,4,6,NA,"dm",5,5,7,7,"mm","",NA,4,6,NA,"cm",NA,NA,NA,NA,"","4-5-merous",NA,NA,NA,NA,"",NA,NA,NA,NA,"","campanulate low-dentate",1,1,1.5,1.5,"mm",NA,NA,NA,NA,"","",2,2,3,3,"mm",NA,NA,NA,"",NA,NA,NA,NA,"","",NA,5.5,5.5,NA,"mm","pink",NA,NA,NA,NA,"","Mimosa_xochipalensis"
"Mimosa polyantha","Mimosa_polyantha","Barneby_1991_Sensitivae_Censitae_treatment_0054.txt","2025-07-09T11:50:38,022",1,"shrubs","",1,NA,3.5,NA,"m","","",NA,NA,NA,NA,"",NA,NA,NA,NA,"","","fl-spikes","",1.5,2,4,6,"cm",4.5,4.5,5.5,6,"mm","",NA,NA,NA,NA,"",NA,NA,NA,NA,"","4- or 5-merous",NA,NA,NA,NA,"",NA,NA,NA,NA,"","shallowly campanulate or funnel-shaped",NA,0.4,0.7,0.9,"mm",NA,NA,NA,NA,"","turbinate-campanulate",NA,2.6,3.1,NA,"mm",1.3,1.55,NA,"mm",NA,NA,NA,NA,"","8 or 10",NA,3.5,7.5,NA,"mm","white or lilac",NA,NA,NA,NA,"","Mimosa_polyantha"
"Mimosa distachya","Mimosa_distachya","Barneby_1991_Sensitivae_Censitae_treatment_0055.txt","2025-07-09T11:51:51,343",1,"shrubs","",NA,NA,4,NA,"m","","",NA,NA,NA,NA,"",NA,NA,NA,NA,"","","spikes or racemes","",1.5,2,9,NA,"cm",NA,4.5,6.5,NA,"mm","pseudoracemose",NA,NA,NA,NA,"",NA,NA,NA,NA,"","5-merous",NA,0,0.8,NA,"mm",NA,NA,NA,NA,"","openly campanulate or turbinate-campanulate",0.4,NA,1.4,NA,"mm",0.1,NA,0.3,NA,"mm","turbinately vase-shaped",NA,2.1,3,NA,"mm",0.9,1.5,NA,"mm",NA,NA,NA,NA,"","10",3,NA,6,NA,"mm","white or pale pink",NA,NA,NA,NA,"","Mimosa_distachya"
"Mimosa distachya var. distachya","Mimosa_distachya_distachya","Barneby_1991_Sensitivae_Censitae_treatment_0056.txt","2025-07-09T11:53:04,764",1,"","",NA,NA,NA,NA,"","","",NA,NA,NA,NA,"",NA,NA,NA,NA,"","","","",NA,NA,NA,NA,"",NA,NA,NA,NA,"","",NA,NA,NA,NA,"",NA,NA,NA,NA,"","",NA,NA,NA,NA,"",NA,NA,NA,NA,"","",NA,NA,NA,NA,"",NA,NA,NA,NA,"","",NA,NA,NA,NA,"",NA,NA,NA,"",NA,NA,NA,NA,"","",NA,NA,NA,NA,"","",NA,NA,NA,NA,"","Mimosa_distachya_distachya"
"Mimosa distachya var. laxiflora","Mimosa_distachya_laxiflora","Barneby_1991_Sensitivae_Censitae_treatment_0057.txt","2025-07-09T11:54:14,957",0,"","",NA,NA,NA,NA,"","","",NA,NA,NA,NA,"",NA,NA,NA,NA,"","","","",NA,NA,NA,NA,"",NA,NA,NA,NA,"","",NA,NA,NA,NA,"",NA,NA,NA,NA,"","",NA,NA,NA,NA,"",NA,NA,NA,NA,"","",NA,NA,NA,NA,"",NA,NA,NA,NA,"","",NA,NA,NA,NA,"",NA,NA,NA,"",NA,NA,NA,NA,"","",NA,NA,NA,NA,"","",NA,NA,NA,NA,"","Mimosa_distachya_laxiflora"
"Mimosa distachya var. oligacantha","Mimosa_distachya_oligacantha","Barneby_1991_Sensitivae_Censitae_treatment_0058.txt","2025-07-09T11:55:24,852",2,"","",NA,NA,NA,NA,"","","",NA,NA,NA,NA,"",NA,NA,NA,NA,"","","","",NA,NA,NA,NA,"",NA,NA,NA,NA,"","",NA,NA,NA,NA,"",NA,NA,NA,NA,"","",NA,NA,NA,NA,"",NA,NA,NA,NA,"","",NA,NA,NA,NA,"",NA,NA,NA,NA,"","",NA,NA,NA,NA,"",NA,NA,NA,"",NA,NA,NA,NA,"","",NA,NA,NA,NA,"","",NA,NA,NA,NA,"","Mimosa_distachya_oligacantha"
"Mimosa distachya var. chamelae","Mimosa_distachya_chamelae","Barneby_1991_Sensitivae_Censitae_treatment_0059.txt","2025-07-09T11:56:32,949",0,"","",NA,NA,NA,NA,"","","",NA,NA,NA,NA,"",NA,NA,NA,NA,"","","","",NA,NA,NA,NA,"",NA,NA,NA,NA,"","",NA,NA,NA,NA,"",NA,NA,NA,NA,"","",NA,NA,NA,NA,"",NA,NA,NA,NA,"","",NA,NA,NA,NA,"",NA,NA,NA,NA,"","",NA,NA,NA,NA,"",NA,NA,NA,"",NA,NA,NA,NA,"","",NA,NA,NA,NA,"","",NA,NA,NA,NA,"","Mimosa_distachya_chamelae"
"Mimosa rosei","Mimosa_rosei","Barneby_1991_Sensitivae_Censitae_treatment_0060.txt","2025-07-09T11:57:43,299",0,"Subarborescent shrubs","",NA,NA,2,NA,"m","","",NA,NA,NA,NA,"",NA,NA,NA,NA,"","","spikes or spiciform racemes","",2.5,NA,6.5,NA,"cm",NA,NA,NA,NA,"","paniculate or pseudoraceme",NA,NA,NA,NA,"",NA,NA,NA,NA,"","5-merous",0.1,NA,1,NA,"mm",NA,NA,NA,NA,"","campanulate",NA,0.7,0.8,NA,"mm",NA,NA,NA,NA,"","",NA,2,2.4,NA,"mm",NA,NA,NA,"",NA,NA,NA,NA,"","",NA,NA,NA,NA,"","pink",NA,NA,NA,NA,"","Mimosa_rosei"
"Mimosa quitensis","Mimosa_quitensis","Barneby_1991_Sensitivae_Censitae_treatment_0061.txt","2025-07-09T11:58:56,210",1,"arborescent shrubs","",1,NA,3,NA,"m","","",NA,NA,NA,NA,"",NA,NA,NA,NA,"","","capitula","globose",NA,NA,NA,NA,"",NA,6.5,8,NA,"mm","pseudoracemose",NA,10,26,NA,"mm",NA,NA,NA,NA,"","5-merous",NA,NA,NA,NA,"",NA,NA,NA,NA,"","campanulate",1,1,1.4,1.4,"mm",NA,NA,NA,NA,"","narrowly vase-shaped",NA,3.3,3.8,NA,"mm",1.2,1.5,NA,"mm",NA,0.5,0.85,NA,"mm","10",NA,4,5,NA,"mm","white or cream colored",NA,NA,NA,NA,"","Mimosa_quitensis"
"Mimosa weberbaueri","Mimosa_weberbaueri","Barneby_1991_Sensitivae_Censitae_treatment_0062.txt","2025-07-09T12:00:07,173",1,"shrubs","",NA,1,2,NA,"m","","",NA,NA,NA,NA,"",NA,NA,NA,NA,"","","capitula","oblong-ellipsoid",NA,9,14,22,"mm",NA,6,7,NA,"mm","pseudoracemose",NA,15,25,NA,"mm",NA,NA,NA,NA,"","5-merous",NA,NA,NA,NA,"",NA,NA,NA,NA,"","campanulate",NA,0.6,1,NA,"mm",NA,NA,0.2,NA,"mm","narrowly vase-shaped",NA,2,3.5,NA,"mm",0.7,1.1,NA,"mm",NA,0.6,0.8,NA,"mm","10",NA,4,5,NA,"mm","white",NA,NA,NA,NA,"","Mimosa_weberbaueri"
"Mimosa andina","Mimosa_andina","Barneby_1991_Sensitivae_Censitae_treatment_0063.txt","2025-07-09T12:01:25,851",1,"Arborescent shrubs","",3,NA,5,NA,"m","","",NA,NA,NA,NA,"",NA,NA,NA,NA,"","","capitula","globose",NA,NA,NA,NA,"",NA,6,7.5,NA,"mm","",NA,5,25,NA,"mm",NA,NA,NA,NA,"","5(-6)-merous",NA,NA,NA,NA,"",NA,NA,NA,NA,"","campanulate",1.3,1.3,1.8,1.8,"mm",0.15,0.15,0.5,0.5,"mm","narrowly funnel-shaped",NA,2.7,3.2,NA,"mm",0.9,1.3,NA,"mm",NA,0.5,0.6,NA,"mm","",2.5,3.5,5,NA,"mm","whitish",NA,NA,NA,NA,"","Mimosa_andina"
"Mimosa montana","Mimosa_montana","Barneby_1991_Sensitivae_Censitae_treatment_0064.txt","2025-07-09T12:02:43,334",1,"subarborescent shrubs","",NA,1,3,NA,"m","","",NA,NA,NA,NA,"",NA,NA,NA,NA,"","","capitula","globose or plumply ellipsoid",NA,NA,NA,NA,"",NA,NA,6,NA,"mm","",NA,8,21,NA,"mm",NA,NA,NA,NA,"","5-merous",NA,NA,NA,NA,"",NA,NA,NA,NA,"","campanulate",0.5,NA,2,NA,"mm",NA,0.15,0.15,NA,"mm","vase-shaped",NA,1.9,2.3,NA,"mm",1,1,NA,"mm",NA,0.6,0.6,NA,"mm","10",3,3,4,NA,"mm","white or ochroleucous",NA,NA,NA,NA,"","Mimosa_montana"
"Mimosa montana var. montana","Mimosa_montana_montana","Barneby_1991_Sensitivae_Censitae_treatment_0065.txt","2025-07-09T12:03:54,198",2,"","",2100,NA,3100,NA,"m","","",NA,NA,NA,NA,"",NA,NA,NA,NA,"","","","",NA,NA,NA,NA,"",NA,NA,NA,NA,"","",NA,NA,NA,NA,"",NA,NA,NA,NA,"","",NA,NA,NA,NA,"",NA,NA,NA,NA,"","",NA,NA,NA,NA,"",NA,NA,NA,NA,"","",NA,NA,NA,NA,"",NA,NA,NA,"",NA,NA,NA,NA,"","",NA,NA,NA,NA,"","",NA,NA,NA,NA,"","Mimosa_montana_montana"
"Mimosa montana var. sandemanii","Mimosa_montana_sandemanii","Barneby_1991_Sensitivae_Censitae_treatment_0066.txt","2025-07-09T12:05:05,475",2,"","",NA,NA,NA,NA,"","","",NA,NA,NA,NA,"",NA,NA,NA,NA,"","","","",NA,NA,NA,NA,"",NA,NA,NA,NA,"","",NA,NA,NA,NA,"",NA,NA,NA,NA,"","",NA,NA,NA,NA,"",NA,NA,NA,NA,"","campanulato",NA,1.5,2,NA,"mm",NA,NA,NA,NA,"","",NA,NA,NA,NA,"",NA,NA,NA,"",NA,NA,NA,NA,"","",NA,NA,NA,NA,"","",NA,NA,NA,NA,"","Mimosa_montana_sandemanii"
"Mimosa nanchititlana","Mimosa_nanchititlana","Barneby_1991_Sensitivae_Censitae_treatment_0067.txt","2025-07-09T12:06:18,080",1,"shrubs and treelets","",NA,2,5,NA,"m","","",NA,NA,NA,NA,"",NA,NA,NA,NA,"","","spikes","",NA,4.5,8.5,NA,"cm",5,5,6,6,"mm","",NA,NA,NA,NA,"",NA,NA,NA,NA,"","5-merous",NA,NA,NA,NA,"",NA,NA,NA,NA,"","campanulate",0.7,0.9,1.3,NA,"mm",NA,0.1,0.2,NA,"mm","",NA,2,2.6,NA,"mm",0.8,0.9,NA,"mm",NA,0.4,0.5,NA,"mm","10",NA,4,4,NA,"mm","white",NA,NA,NA,NA,"","Mimosa_nanchititlana"
"Mimosa aculeaticarpa","Mimosa_aculeaticarpa","Barneby_1991_Sensitivae_Censitae_treatment_0068.txt","2025-07-09T12:07:36,107",1,"shrubs and treelets","",0.5,NA,5,NA,"m","","",NA,NA,NA,NA,"",NA,NA,NA,NA,"","","capitula","globose",NA,NA,NA,NA,"",4,4.5,7.5,8,"mm","pseudoracemose",NA,5,25,NA,"mm",NA,NA,NA,NA,"","5-merous",NA,NA,NA,NA,"",NA,NA,NA,NA,"","campanulate",1,1,2,2.2,"mm",0.05,0.05,0.3,0.3,"mm","narrowly vase-shaped",2,2.2,3.5,3.8,"mm",0.6,1,NA,"mm",NA,NA,NA,NA,"","10",2.5,2.5,5,5,"mm","white",NA,NA,NA,NA,"","Mimosa_aculeaticarpa"
"Mimosa aculeaticarpa var. biuncifera","Mimosa_aculeaticarpa_biuncifera","Barneby_1991_Sensitivae_Censitae_treatment_0069.txt","2025-07-09T12:08:56,994",1,"","",NA,NA,NA,NA,"","","",NA,NA,NA,NA,"",NA,NA,NA,NA,"","","","",NA,NA,NA,NA,"",NA,NA,NA,NA,"","",NA,NA,NA,NA,"",NA,NA,NA,NA,"","",NA,NA,NA,NA,"",NA,NA,NA,NA,"","",NA,NA,NA,NA,"",NA,NA,NA,NA,"","",NA,NA,NA,NA,"",NA,NA,NA,"",NA,NA,NA,NA,"","",NA,NA,NA,NA,"","",NA,NA,NA,NA,"","Mimosa_biuncifera"
"Mimosa galeottii","Mimosa_galeottii","Barneby_1991_Sensitivae_Censitae_treatment_0070.txt","2025-07-09T12:10:12,871",1,"arborescent shrubs","",NA,2,5,6,"m","","",NA,NA,NA,NA,"",NA,NA,NA,NA,"","","capitula","globose or exceptionally oblong-cllipsoid",5,5,7,16,"mm",5,5,7,7,"mm","pseudoracemose",NA,10,22,NA,"mm",NA,NA,NA,NA,"","5-merous",NA,NA,NA,NA,"",NA,NA,NA,NA,"","membranous, narrowly campanulate",1,1.3,1.6,NA,"mm",NA,0.1,0.2,NA,"mm","narrowly vase-shaped",2,2.4,3,NA,"mm",0.6,1,1,"mm",NA,NA,NA,NA,"","10",1.5,2,3.5,NA,"mm","whitish",NA,NA,NA,NA,"","Mimosa_galeottii"
"Mimosa grahamii","Mimosa_grahamii","Barneby_1991_Sensitivae_Censitae_treatment_0071.txt","2025-07-09T12:11:27,774",1,"shrubs","",NA,6,20,NA,"dm","","",NA,NA,NA,NA,"",NA,NA,NA,NA,"","","capitula","globose",NA,NA,NA,NA,"",6,7,9.5,NA,"mm","",1,1.5,3.5,NA,"cm",NA,NA,NA,NA,"","5-merous",NA,NA,NA,NA,"",NA,NA,NA,NA,"","narrowly campanulate",1.2,1.5,2.2,NA,"mm",0.1,0.1,0.2,0.2,"mm","subtubular",3,3.3,4.8,NA,"mm",0.8,1.2,NA,"mm",NA,NA,NA,NA,"","10",4,4,6,6,"mm","whitish",NA,NA,NA,NA,"","Mimosa_grahamii"
"Mimosa grahamii var. grahamii","Mimosa_grahamii_grahamii","Barneby_1991_Sensitivae_Censitae_treatment_0072.txt","2025-07-09T12:12:41,253",0,"","",1150,NA,1850,NA,"m","","",NA,NA,NA,NA,"",NA,NA,NA,NA,"","","","",NA,NA,NA,NA,"",NA,NA,NA,NA,"","",NA,NA,NA,NA,"",NA,NA,NA,NA,"","",NA,NA,NA,NA,"",NA,NA,NA,NA,"","",NA,NA,NA,NA,"",NA,NA,NA,NA,"","",NA,NA,NA,NA,"",NA,NA,NA,"",NA,NA,NA,NA,"","",NA,NA,NA,NA,"","",NA,NA,NA,NA,"","Mimosa_grahamii_grahamii"
"Mimosa grahamii var. prolifica","Mimosa_grahamii_prolifica","Barneby_1991_Sensitivae_Censitae_treatment_0073.txt","2025-07-09T12:13:51,193",0,"","",NA,NA,NA,NA,"","","",NA,NA,NA,NA,"",NA,NA,NA,NA,"","","","",NA,NA,NA,NA,"",NA,NA,NA,NA,"","",NA,NA,NA,NA,"",NA,NA,NA,NA,"","",NA,NA,NA,NA,"",NA,NA,NA,NA,"","",NA,NA,NA,NA,"",NA,NA,NA,NA,"","",NA,NA,NA,NA,"",NA,NA,NA,"",NA,NA,NA,NA,"","",NA,NA,NA,NA,"","",NA,NA,NA,NA,"","Mimosa_grahamii_prolifica"
"Mimosa minutifolia","Mimosa_minutifolia","Barneby_1991_Sensitivae_Censitae_treatment_0074.txt","2025-07-09T12:15:07,075",1,"subshrub","",NA,1.5,5,NA,"dm","","",NA,NA,NA,NA,"",NA,NA,NA,NA,"","","capitula","globose",NA,7,7,NA,"mm",NA,7,7,NA,"mm","",NA,7,19,NA,"mm",NA,NA,NA,NA,"","5-merous",NA,NA,NA,NA,"",NA,NA,NA,NA,"","deeply campanulate",NA,1.4,1.4,NA,"mm",NA,NA,NA,NA,"","",NA,2.8,2.8,NA,"mm",NA,NA,NA,"",NA,NA,NA,NA,"","10",NA,NA,NA,NA,"","",NA,NA,NA,NA,"","Mimosa_minutifolia"
"Mimosa lacerata","Mimosa_lacerata","Barneby_1991_Sensitivae_Censitae_treatment_0075.txt","2025-07-09T12:16:22,045",1,"shrubs","",1,NA,4,NA,"m","","",NA,NA,NA,NA,"",NA,NA,NA,NA,"","","capitula","globose",NA,5,7,NA,"mm",NA,5,7,NA,"mm","",NA,10,25,NA,"mm",NA,NA,NA,NA,"","",NA,NA,NA,NA,"",NA,NA,NA,NA,"","",0.55,0.55,0.8,0.8,"mm",NA,NA,NA,NA,"","",NA,NA,NA,NA,"",NA,NA,NA,"",NA,NA,NA,NA,"","",NA,NA,NA,NA,"","",NA,NA,NA,NA,"","Mimosa_lacerata"
"Mimosa aspera","Mimosa_aspera","Barneby_1991_Sensitivae_Censitae_treatment_0076.txt","2025-07-09T12:17:36,381",1,"shrubs","",NA,NA,NA,NA,"","","",NA,NA,NA,NA,"",NA,NA,NA,NA,"","","capitula","",NA,NA,NA,NA,"",NA,NA,NA,NA,"","",NA,NA,NA,NA,"",NA,NA,NA,NA,"","",NA,NA,NA,NA,"",NA,NA,NA,NA,"","",NA,NA,NA,NA,"",NA,NA,NA,NA,"","",NA,NA,NA,NA,"",NA,NA,NA,"",NA,NA,NA,NA,"","",NA,NA,NA,NA,"","",NA,NA,NA,NA,"","Mimosa_aspera"
"Mimosa barrancana","Mimosa_barrancana","Barneby_1991_Sensitivae_Censitae_treatment_0077.txt","2025-07-09T12:18:52,875",0,"shrubs","",NA,2,3,NA,"m","","",NA,NA,NA,NA,"",NA,NA,NA,NA,"","","capitula","hemispherical",NA,NA,6,NA,"mm",NA,6,NA,NA,"mm","thyrse",1.5,NA,3,NA,"cm",NA,NA,NA,NA,"","4- or 5-merous",NA,0.3,0.45,NA,"mm",NA,NA,NA,NA,"","campanulate",0.5,0.5,0.6,0.6,"mm",NA,NA,NA,NA,"","",NA,2.1,2.4,NA,"mm",1.1,NA,NA,"mm",NA,0.7,NA,NA,"mm","",NA,NA,NA,NA,"","",NA,NA,NA,NA,"","Mimosa_barrancana"
"Mimosa moniliformis","Mimosa_moniliformis","Barneby_1991_Sensitivae_Censitae_treatment_0078.txt","2025-07-09T12:20:09,581",0,"Bushy shrubs and small trees","",NA,NA,3,NA,"m","","",NA,NA,NA,NA,"",NA,NA,NA,NA,"","","capitula","globose or ellipsoid",7,7,12,12,"mm",5,5,6,6,"mm","",NA,7,21,NA,"mm",NA,NA,NA,NA,"","",NA,NA,NA,NA,"",NA,NA,NA,NA,"","campanulate",NA,0.8,0.8,NA,"mm",NA,NA,NA,NA,"","narrowly vase-shaped",NA,3,3,NA,"mm",1.1,1.1,NA,"mm",NA,0.6,0.6,NA,"mm","10",NA,4.5,5.5,NA,"mm","pink-purple",NA,NA,NA,NA,"","Mimosa_moniliformis"
"Mimosa gentryi","Mimosa_gentryi","Barneby_1991_Sensitivae_Censitae_treatment_0079.txt","2025-07-09T12:21:26,678",0,"shrubs","",2,NA,3,NA,"m","","",NA,NA,NA,NA,"",NA,NA,NA,NA,"","","capitula","hemispherical",NA,7,8,NA,"mm",NA,NA,NA,NA,"","thyrse",NA,12,28,NA,"mm",NA,NA,NA,NA,"","4- and 5-merous",NA,NA,NA,NA,"",NA,NA,NA,NA,"","campanulate",NA,0.8,1,NA,"mm",NA,NA,NA,NA,"","narrowly funnelform",NA,2.5,4.3,NA,"mm",1,1.3,NA,"mm",NA,0.55,0.9,NA,"mm","",4.5,NA,6,NA,"mm","lilac",NA,NA,NA,NA,"","Mimosa_gentryi"
"Mimosa pringlei","Mimosa_pringlei","Barneby_1991_Sensitivae_Censitae_treatment_0080.txt","2025-07-09T12:22:42,966",0,"shrubs","",NA,2,NA,NA,"dm","","",NA,NA,NA,NA,"",NA,NA,NA,NA,"","","capitula","hemispherical or subgiobose",NA,4,6,NA,"mm",NA,NA,NA,NA,"","solitary and geminate",5,NA,16,NA,"mm",NA,NA,NA,NA,"","5-merous",NA,NA,NA,NA,"",NA,NA,NA,NA,"","campanulate",0.5,0.5,1.3,1.3,"mm",NA,NA,NA,NA,"","turbinate vase-shaped",NA,NA,NA,NA,"mm",0.8,1.4,NA,"mm",NA,NA,NA,NA,"","10",NA,3.5,5,NA,"mm","pink",NA,NA,NA,NA,"","Mimosa_pringlei"
"Mimosa pringlei var. pringlei","Mimosa_pringlei_pringlei","Barneby_1991_Sensitivae_Censitae_treatment_0081.txt","2025-07-09T12:23:54,852",0,"","",NA,NA,NA,NA,"","","",NA,NA,NA,NA,"",NA,NA,NA,NA,"","","","",NA,NA,NA,NA,"",NA,NA,NA,NA,"","",NA,NA,NA,NA,"",NA,NA,NA,NA,"","",NA,NA,NA,NA,"",NA,NA,NA,NA,"","",NA,NA,NA,NA,"",NA,NA,NA,NA,"","",NA,NA,NA,NA,"",NA,NA,NA,"",NA,NA,NA,NA,"","",NA,NA,NA,NA,"","",NA,NA,NA,NA,"","Mimosa_pringlei_pringlei"
"Mimosa pringlei var. graminetorum","Mimosa_pringlei_graminetorum","Barneby_1991_Sensitivae_Censitae_treatment_0082.txt","2025-07-09T12:25:06,228",0,"","",NA,NA,NA,NA,"","","",NA,NA,NA,NA,"",NA,NA,NA,NA,"","","capitula","",NA,NA,NA,NA,"",NA,NA,NA,NA,"","",NA,NA,NA,NA,"",NA,NA,NA,NA,"","",NA,NA,NA,NA,"",NA,NA,NA,NA,"","",NA,0.7,1.3,NA,"mm",NA,NA,NA,NA,"","",NA,NA,NA,NA,"",NA,NA,NA,"",NA,NA,NA,NA,"","",NA,NA,NA,NA,"","",NA,NA,NA,NA,"","Mimosa_pringlei_graminetorum"
"Mimosa zimapanensis","Mimosa_zimapanensis","Barneby_1991_Sensitivae_Censitae_treatment_0083.txt","2025-07-09T12:26:16,372",0,"Fruticose","",NA,NA,NA,NA,"","","",NA,NA,NA,NA,"",NA,NA,NA,NA,"","","capitula","globose",NA,1,2,NA,"cm",NA,7,7,NA,"mm","fasciculate",NA,1,2,NA,"cm",NA,NA,NA,NA,"","4-merous",NA,1,2,NA,"cm",NA,NA,NA,NA,"","campanulate",0.6,0.6,0.8,0.8,"mm",NA,0.1,0.1,NA,"mm","narrowly vase-shaped",NA,3.7,3.7,NA,"mm",0.9,0.9,NA,"mm",NA,0.6,0.6,NA,"mm","8",NA,4.5,4.5,NA,"mm","",NA,NA,NA,NA,"","Mimosa_zimapanensis"
"Mimosa acantholoba","Mimosa_acantholoba","Barneby_1991_Sensitivae_Censitae_treatment_0084.txt","2025-07-09T12:27:30,716",1,"arborescent shrubs and bushy trees","",1,2,7,NA,"m","","",NA,NA,NA,NA,"",NA,NA,NA,NA,"","","capitula or spikes","globose, ellipsoid, or spicate",NA,1,35,NA,"mm",NA,4,6.5,NA,"mm","pseudoraceme",NA,5,24,NA,"mm",NA,NA,NA,NA,"","4- or 5-merous",NA,NA,NA,NA,"",NA,NA,NA,NA,"","membranous campanulate",0.45,0.45,0.9,1.4,"mm",NA,NA,NA,NA,"","vase-shaped or the lowest ones turbinate",2.2,2.2,3.2,3.2,"mm",0.7,1.3,NA,"mm",NA,0.6,0.8,NA,"mm","8 or 10",3.5,4,5.5,6,"mm","white sometimes pale pinkish",NA,NA,NA,NA,"","Mimosa_acantholoba"
"Mimosa acantholoba var. platycarpa","Mimosa_acantholoba_platycarpa","Barneby_1991_Sensitivae_Censitae_treatment_0085.txt","2025-07-09T12:28:42,473",1,"","",NA,NA,NA,NA,"","","",NA,NA,NA,NA,"",NA,NA,NA,NA,"","","spike","",13,15,35,NA,"mm",NA,NA,NA,NA,"","",NA,NA,NA,NA,"",NA,NA,NA,NA,"","",NA,NA,NA,NA,"",NA,NA,NA,NA,"","",NA,NA,NA,NA,"",NA,NA,NA,NA,"","",NA,NA,NA,NA,"",NA,NA,NA,"",NA,NA,NA,NA,"","",NA,NA,NA,NA,"","",NA,NA,NA,NA,"","Mimosa_platycarpa"
"Mimosa acantholoba var. liesneri","Mimosa_acantholoba_liesneri","Barneby_1991_Sensitivae_Censitae_treatment_0086.txt","2025-07-09T12:29:55,313",0,"","",NA,NA,NA,NA,"","","",NA,NA,NA,NA,"",NA,NA,NA,NA,"","","spicatis","",NA,NA,NA,NA,"",NA,NA,NA,NA,"","",NA,NA,NA,NA,"",NA,NA,NA,NA,"","",NA,NA,NA,NA,"",NA,NA,NA,NA,"","",NA,NA,NA,NA,"",NA,NA,NA,NA,"","",NA,NA,NA,NA,"",NA,NA,NA,"",NA,NA,NA,NA,"","",NA,NA,NA,NA,"","",NA,NA,NA,NA,"","Mimosa_platycarpa_liesneri"
"Mimosa acantholoba var. molinarum","Mimosa_acantholoba_molinarum","Barneby_1991_Sensitivae_Censitae_treatment_0087.txt","2025-07-09T12:31:08,529",0,"","",0,NA,500,NA,"m","","",NA,NA,NA,NA,"",NA,NA,NA,NA,"","","spike","",NA,NA,NA,NA,"cm",NA,NA,NA,NA,"","",NA,NA,NA,NA,"",NA,NA,NA,NA,"","",NA,NA,NA,NA,"",NA,NA,NA,NA,"","",NA,NA,NA,NA,"",NA,NA,NA,NA,"","",NA,NA,NA,NA,"",NA,NA,NA,"",NA,NA,NA,NA,"","",NA,NA,NA,NA,"","",NA,NA,NA,NA,"","Mimosa_acantholoba_molinarum"
"Mimosa acantholoba var. eurycarpa","Mimosa_acantholoba_eurycarpa","Barneby_1991_Sensitivae_Censitae_treatment_0088.txt","2025-07-09T12:32:20,415",2,"","",0,NA,700,900,"m","","",NA,NA,NA,NA,"",NA,NA,NA,NA,"","","","",NA,NA,NA,NA,"",NA,NA,NA,NA,"","",NA,NA,NA,NA,"",NA,NA,NA,NA,"","",NA,NA,NA,NA,"",NA,NA,NA,NA,"","",NA,NA,NA,NA,"",NA,NA,NA,NA,"","",NA,NA,NA,NA,"",NA,NA,NA,"",NA,NA,NA,NA,"","",NA,NA,NA,NA,"","",NA,NA,NA,NA,"","Mimosa_acantholoba_eurycarpa"
"Mimosa acantholoba var. acantholoba","Mimosa_acantholoba_acantholoba","Barneby_1991_Sensitivae_Censitae_treatment_0089.txt","2025-07-09T12:33:35,677",2,"","",NA,NA,300,NA,"m","","",NA,NA,NA,NA,"",NA,NA,NA,NA,"","","","",NA,NA,NA,NA,"",NA,NA,NA,NA,"","",NA,NA,NA,NA,"",NA,NA,NA,NA,"","",NA,NA,NA,NA,"",NA,NA,NA,NA,"","",NA,NA,NA,NA,"",NA,NA,NA,NA,"","",NA,NA,NA,NA,"",NA,NA,NA,"",NA,NA,NA,NA,"","",NA,NA,NA,NA,"","",NA,NA,NA,NA,"","Mimosa_acantholoba_acantholoba"
"Mimosa monancistra","Mimosa_monancistra","Barneby_1991_Sensitivae_Censitae_treatment_0090.txt","2025-07-09T12:34:49,819",1,"shrubs","",NA,8,28,NA,"dm","","",NA,NA,NA,NA,"",NA,NA,NA,NA,"","","capitula","oblong",NA,6,11,NA,"mm",4,4.5,6,NA,"mm","pseudoracemose",NA,4,16,NA,"mm",NA,NA,NA,NA,"","5-merous",NA,NA,NA,NA,"",NA,NA,NA,NA,"","campanulate or turbinate",0.9,1,1.4,NA,"mm",0.1,0.1,0.4,0.4,"mm","vase-shaped",NA,2,2.8,3,"mm",NA,NA,NA,"",NA,NA,NA,NA,"","10",4,4,6,6,"mm","pink",NA,NA,NA,NA,"","Mimosa_monancistra"
"Mimosa calcicola","Mimosa_calcicola","Barneby_1991_Sensitivae_Censitae_treatment_0091.txt","2025-07-09T12:36:03,158",1,"shrubs","",NA,NA,1,NA,"m","","",NA,NA,NA,NA,"",NA,NA,NA,NA,"","","capitula","globose",NA,NA,NA,NA,"",5,6,NA,NA,"mm","",NA,5,11,NA,"mm",NA,NA,NA,NA,"","5-merous",NA,NA,NA,NA,"",NA,NA,NA,NA,"","membranous narrowly campanulate",1.3,1.3,1.6,1.6,"mm",0.2,0.2,0.3,0.3,"mm","",NA,2.6,3.3,NA,"mm",NA,NA,NA,"",NA,NA,NA,NA,"","10",NA,3.5,4.5,NA,"mm","pink",NA,NA,NA,NA,"","Mimosa_calcicola"
"Mimosa depauperata","Mimosa_depauperata","Barneby_1991_Sensitivae_Censitae_treatment_0092.txt","2025-07-09T12:37:15,332",1,"shrubs","",NA,5,12,NA,"dm","","",NA,NA,NA,NA,"",NA,NA,NA,NA,"","","capitula","",NA,NA,NA,NA,"",NA,5,5,NA,"mm","",NA,2,7,NA,"mm",NA,NA,NA,NA,"","4-merous",NA,0.2,0.5,NA,"mm",NA,NA,NA,NA,"","",0.6,0.6,0.7,0.7,"mm",NA,NA,NA,NA,"","",2.4,2.4,2.9,2.9,"mm",NA,NA,NA,"",NA,NA,NA,NA,"","4",NA,4,4,NA,"mm","pink",NA,NA,NA,NA,"","Mimosa_depauperata"
"Mimosa emoryana","Mimosa_emoryana","Barneby_1991_Sensitivae_Censitae_treatment_0093.txt","2025-07-09T12:38:29,879",1,"shrub","",NA,NA,12,NA,"dm","","",NA,NA,NA,NA,"",NA,NA,NA,NA,"","","capitula","globose or ellipsoid",6,6,10,NA,"mm",NA,5.5,7,NA,"mm","",NA,6,24,NA,"mm",NA,NA,NA,NA,"","5-merous",NA,NA,NA,NA,"",NA,NA,NA,NA,"","campanulate or turbinate-campanulate",0.6,0.8,1.4,NA,"mm",0.1,0.1,0.3,0.3,"mm","vase-shaped",NA,3,3.9,NA,"mm",1,1.4,NA,"mm",NA,NA,NA,NA,"","10",NA,4.5,5.5,NA,"mm","pink",NA,NA,NA,NA,"","Mimosa_emoryana"
"Mimosa emoryana var. emoryana","Mimosa_emoryana_emoryana","Barneby_1991_Sensitivae_Censitae_treatment_0094.txt","2025-07-09T12:39:40,536",0,"","",NA,NA,NA,NA,"","","",NA,NA,NA,NA,"",NA,NA,NA,NA,"","","","",NA,NA,NA,NA,"",NA,NA,NA,NA,"","",NA,NA,NA,NA,"",NA,NA,NA,NA,"","",NA,NA,NA,NA,"",NA,NA,NA,NA,"","",NA,NA,NA,NA,"",NA,NA,NA,NA,"","",NA,NA,NA,NA,"",NA,NA,NA,"",NA,NA,NA,NA,"","",NA,NA,NA,NA,"","",NA,NA,NA,NA,"","Mimosa_emoryana_emoryana"
"Mimosa emoryana var. chihuahuana","Mimosa_emoryana_chihuahuana","Barneby_1991_Sensitivae_Censitae_treatment_0095.txt","2025-07-09T12:40:49,148",0,"","",NA,NA,NA,NA,"","","",NA,NA,NA,NA,"",NA,NA,NA,NA,"","","","",NA,NA,NA,NA,"",NA,NA,NA,NA,"","",NA,NA,NA,NA,"",NA,NA,NA,NA,"","",NA,NA,NA,NA,"",NA,NA,NA,NA,"","",NA,NA,NA,NA,"",NA,NA,NA,NA,"","",NA,NA,NA,NA,"",NA,NA,NA,"",NA,NA,NA,NA,"","",NA,NA,NA,NA,"","",NA,NA,NA,NA,"","Mimosa_emoryana_chihuahuana"
"Mimosa purpusii","Mimosa_purpusii","Barneby_1991_Sensitivae_Censitae_treatment_0096.txt","2025-07-09T12:41:57,724",1,"shrubs","",NA,NA,1,NA,"m","","",NA,NA,NA,NA,"",NA,NA,NA,NA,"","","capitula","globose",NA,NA,NA,NA,"",NA,6,7.5,NA,"mm","",NA,8,22,NA,"mm",NA,NA,NA,NA,"","5-merous",NA,NA,NA,NA,"",NA,NA,NA,NA,"","shallowly openly campanulate",NA,0.5,0.65,NA,"mm",NA,NA,NA,NA,"","turbinate-campanulate",NA,3.2,3.8,NA,"mm",1.6,1.9,NA,"mm",NA,NA,NA,NA,"","10",6.5,6.5,7.5,7.5,"mm","pink",NA,NA,NA,NA,"","Mimosa_purpusii"
"Mimosa texana","Mimosa_texana","Barneby_1991_Sensitivae_Censitae_treatment_0097.txt","2025-07-09T12:43:12,610",1,"shrubs","",NA,NA,2,NA,"m","","",NA,NA,NA,NA,"",NA,NA,NA,NA,"","","capitula","hemispherical or globose",NA,NA,NA,NA,"",NA,4.5,7,NA,"mm","",NA,6,20,NA,"mm",NA,NA,NA,NA,"","5-merous",NA,NA,NA,NA,"",NA,NA,NA,NA,"","narrowly campanulate or turbinate-campanulate",1,1,1.6,1.6,"mm",NA,NA,NA,NA,"","",NA,NA,NA,NA,"",NA,NA,NA,"",NA,NA,NA,NA,"","",2,3,4.5,NA,"mm","",NA,NA,NA,NA,"","Mimosa_texana"
"Mimosa texana var. texana","Mimosa_texana_texana","Barneby_1991_Sensitivae_Censitae_treatment_0098.txt","2025-07-09T12:44:21,927",2,"","",NA,NA,NA,NA,"","","",NA,NA,NA,NA,"",NA,NA,NA,NA,"","","","",NA,NA,NA,NA,"",NA,NA,NA,NA,"","",NA,NA,NA,NA,"",NA,NA,NA,NA,"","",NA,NA,NA,NA,"",NA,NA,NA,NA,"","",NA,NA,NA,NA,"",NA,NA,NA,NA,"","",NA,NA,NA,NA,"",NA,NA,NA,"",NA,NA,NA,NA,"","",NA,NA,NA,NA,"","",NA,NA,NA,NA,"","Mimosa_texana_texana"
"Mimosa texana var. filipes","Mimosa_texana_filipes","Barneby_1991_Sensitivae_Censitae_treatment_0099.txt","2025-07-09T12:45:32,081",2,"tree","",NA,NA,NA,NA,"","","",NA,NA,NA,NA,"",NA,NA,NA,NA,"","","","",NA,NA,NA,NA,"",NA,NA,NA,NA,"","",NA,NA,NA,NA,"",NA,NA,NA,NA,"","",NA,NA,NA,NA,"",NA,NA,NA,NA,"","",NA,NA,NA,NA,"",NA,NA,NA,NA,"","",NA,NA,NA,NA,"",NA,NA,NA,"",NA,NA,NA,NA,"","",NA,NA,NA,NA,"","",NA,NA,NA,NA,"","Mimosa_texana_filipes"
"Mimosa borealis","Mimosa_borealis","Barneby_1991_Sensitivae_Censitae_treatment_0100.txt","2025-07-09T12:46:43,251",1,"shrubs","",NA,NA,12,NA,"dm","","",NA,NA,NA,NA,"",NA,NA,NA,NA,"","","capitula","umbelliform, spherical or hemispherical",5,5,7,7,"mm",NA,NA,NA,NA,"","",7,10,23,NA,"mm",NA,NA,NA,NA,"","4- or 5-merous",NA,0.4,1,NA,"mm",NA,NA,NA,NA,"","turbinate",NA,0.5,0.8,NA,"mm",NA,NA,NA,NA,"","turbinate",2.1,2.1,2.8,2.8,"mm",NA,NA,NA,"",NA,NA,NA,NA,"","8 or 10",2.5,3,4.5,5,"mm","pink",NA,NA,NA,NA,"","Mimosa_borealis"
"Mimosa turneri","Mimosa_turneri","Barneby_1991_Sensitivae_Censitae_treatment_0101.txt","2025-07-09T12:47:53,401",0,"shrubs","",NA,NA,2,NA,"m","","",NA,NA,NA,NA,"",NA,NA,NA,NA,"","","capitula","subglobose",NA,NA,NA,NA,"mm",NA,NA,NA,NA,"mm","",NA,4,16,20,"mm",NA,NA,NA,NA,"","5-merous",NA,0.4,1.5,NA,"mm",NA,NA,NA,NA,"","turbinate-campanulate",0.45,NA,0.9,NA,"mm",NA,NA,NA,NA,"","",2,2,2.8,2.8,"mm",0.5,1.1,NA,"mm",NA,NA,NA,NA,"","10",NA,3,4.3,NA,"mm","pink",NA,NA,NA,NA,"","Mimosa_turneri"
"Mimosa unipinnata","Mimosa_unipinnata","Barneby_1991_Sensitivae_Censitae_treatment_0102.txt","2025-07-09T12:49:07,835",1,"shrubs","",NA,5,12,NA,"dm","","",NA,NA,NA,NA,"",NA,NA,NA,NA,"","","capitula","globose",NA,NA,NA,NA,"",4,4,7,7,"mm","",5,7,20,NA,"mm",NA,NA,NA,NA,"","4-merous",0.2,0.4,1.5,NA,"mm",NA,NA,NA,NA,"","campanulate",NA,0.4,0.5,NA,"mm",NA,NA,0.1,NA,"mm","narrowly turbinate",NA,1.9,2.4,NA,"mm",0.5,0.9,NA,"mm",NA,NA,NA,NA,"","6 or 8",NA,3,5.5,NA,"mm","",NA,NA,NA,NA,"","Mimosa_unipinnata"
"Mimosa zygophylla","Mimosa_zygophylla","Barneby_1991_Sensitivae_Censitae_treatment_0103.txt","2025-07-09T12:50:19,318",1,"shrubs","",NA,4,12,NA,"dm","","",NA,NA,NA,NA,"",NA,NA,NA,NA,"","","capitula","globose",NA,NA,NA,NA,"",4.5,5.5,7,NA,"mm","",NA,NA,NA,NA,"",NA,NA,NA,NA,"","5-merous",NA,NA,NA,NA,"",NA,NA,NA,NA,"","campanulate",0.9,0.9,1.5,1.5,"mm",NA,NA,NA,NA,"","",2.2,2.4,3.8,NA,"mm",1,1.2,NA,"mm",NA,NA,NA,NA,"","10",NA,4,5,NA,"mm","pink",NA,NA,NA,NA,"","Mimosa_zygophylla"
"Mimosa arenosa","Mimosa_arenosa","Barneby_1991_Sensitivae_Censitae_treatment_0104.txt","2025-07-09T12:51:31,413",1,"subshrubs, shrubs and trees","",NA,1,6,NA,"m","","",NA,NA,NA,NA,"",NA,NA,NA,NA,"","","spikes","",3,3.5,7,NA,"cm",NA,NA,NA,NA,"","",NA,NA,NA,NA,"",NA,NA,NA,NA,"","4-merous",NA,NA,NA,NA,"",NA,NA,NA,NA,"","shakkiwky or shortly campanulate",NA,0.35,0.75,0.85,"mm",0.1,0.1,0.2,0.2,"mm","broadly turbinate",NA,2,2.5,NA,"mm",1,1.4,NA,"mm",NA,0.7,0.9,NA,"mm","8",3,3.5,5,6,"mm","white or cream-white, exceptionally pallid-roseate in fading",NA,NA,NA,NA,"","Mimosa_arenosa"
"Mimosa arenosa var. arenosa","Mimosa_arenosa_arenosa","Barneby_1991_Sensitivae_Censitae_treatment_0105.txt","2025-07-09T12:52:40,025",2,"brush-woodlands, chaparral","",NA,NA,NA,NA,"","","",NA,NA,NA,NA,"",NA,NA,NA,NA,"","","","",NA,NA,NA,NA,"",NA,NA,NA,NA,"","",NA,NA,NA,NA,"",NA,NA,NA,NA,"","",NA,NA,NA,NA,"",NA,NA,NA,NA,"","",NA,NA,NA,NA,"",NA,NA,NA,NA,"","",NA,NA,NA,NA,"",NA,NA,NA,"",NA,NA,NA,NA,"","",NA,NA,NA,NA,"","",NA,NA,NA,NA,"","Mimosa_arenosa_arenosa"
"Mimosa arenosa var. lysalgica","Mimosa_arenosa_lysalgica","Barneby_1991_Sensitivae_Censitae_treatment_0106.txt","2025-07-09T12:53:49,767",0,"","",NA,NA,NA,NA,"","","",NA,NA,NA,NA,"",NA,NA,NA,NA,"","","","",NA,NA,NA,NA,"",NA,NA,NA,NA,"","",NA,NA,NA,NA,"",NA,NA,NA,NA,"","",NA,NA,NA,NA,"",NA,NA,NA,NA,"","",NA,NA,NA,NA,"",NA,NA,NA,NA,"","",NA,NA,NA,NA,"",NA,NA,NA,"",NA,NA,NA,NA,"","",NA,NA,NA,NA,"","",NA,NA,NA,NA,"","Mimosa_arenosa_lysalgica"
"Mimosa arenosa var. leiocarpa","Mimosa_arenosa_leiocarpa","Barneby_1991_Sensitivae_Censitae_treatment_0107.txt","2025-07-09T12:54:57,544",2,"","",10,NA,700,NA,"m","","",NA,NA,NA,NA,"",NA,NA,NA,NA,"","","","",NA,NA,NA,NA,"",NA,NA,NA,NA,"","",NA,NA,NA,NA,"",NA,NA,NA,NA,"","",NA,NA,NA,NA,"",NA,NA,NA,NA,"","",NA,NA,NA,NA,"",NA,NA,NA,NA,"","",NA,NA,NA,NA,"",NA,NA,NA,"",NA,NA,NA,NA,"","",NA,NA,NA,NA,"","",NA,NA,NA,NA,"","Mimosa_arenosa_leiocarpa"
"Mimosa hapaloclada","Mimosa_hapaloclada","Barneby_1991_Sensitivae_Censitae_treatment_0108.txt","2025-07-09T12:56:08,817",1,"arborescent shrubs","",NA,NA,4,NA,"m","","",NA,NA,NA,NA,"",NA,NA,NA,NA,"","","spikes","",4,5,NA,NA,"cm",NA,NA,NA,NA,"","pseudoraceme",NA,NA,NA,NA,"",NA,NA,NA,NA,"","4-merous",NA,NA,NA,NA,"",NA,NA,NA,NA,"","turbinate",NA,0.4,0.6,NA,"mm",NA,0.2,0.3,NA,"mm","",NA,1.5,2.2,NA,"mm",1,1.2,NA,"mm",NA,0.5,0.6,NA,"mm","8",NA,4.5,5,NA,"mm","pale pink",NA,NA,NA,NA,"","Mimosa_hapaloclada"
"Mimosa acutistipula","Mimosa_acutistipula","Barneby_1991_Sensitivae_Censitae_treatment_0109.txt","2025-07-09T12:57:21,418",1,"shrubs and treetets","",NA,4,5,NA,"m","","",NA,NA,NA,NA,"",NA,NA,NA,NA,"","","spikes","",NA,2,7.5,8,"cm",NA,NA,NA,NA,"","pseudoraceme or panicle",NA,NA,NA,NA,"",NA,NA,NA,NA,"","4-merous",NA,NA,NA,NA,"",NA,NA,NA,NA,"","campanulate",NA,0.5,0.7,NA,"mm",NA,0.1,0.1,NA,"mm","turbinate-campanulate or obovoid-turbinate",NA,1.8,2.1,NA,"mm",0.8,1.1,NA,"mm",NA,0.7,0.85,NA,"mm","8",NA,3.2,4.3,NA,"mm","white or cream-colored",NA,NA,NA,NA,"","Mimosa_acutistipula"
"Mimosa acutistipula var. acutistipula","Mimosa_acutistipula_acutistipula","Barneby_1991_Sensitivae_Censitae_treatment_0110.txt","2025-07-09T12:58:35,250",2,"","",NA,NA,NA,NA,"","","",NA,NA,NA,NA,"",NA,NA,NA,NA,"","","","",NA,NA,NA,NA,"",NA,NA,NA,NA,"","",NA,NA,NA,NA,"",NA,NA,NA,NA,"","",NA,NA,NA,NA,"",NA,NA,NA,NA,"","",NA,NA,NA,NA,"",NA,NA,NA,NA,"","",NA,NA,NA,NA,"",NA,NA,NA,"",NA,NA,NA,NA,"","",NA,NA,NA,NA,"","",NA,NA,NA,NA,"","Mimosa_acutistipula_acutistipula"
"Mimosa acutistipula var. ferrea","Mimosa_acutistipula_ferrea","Barneby_1991_Sensitivae_Censitae_treatment_0111.txt","2025-07-09T12:59:49,696",0,"","",NA,NA,NA,NA,"","","",NA,NA,NA,NA,"",NA,NA,NA,NA,"","","spikes","",NA,5,8,NA,"cm",NA,NA,NA,NA,"","",NA,5,8,NA,"cm",NA,NA,NA,NA,"","",NA,5,8,NA,"cm",NA,NA,NA,NA,"","",NA,NA,NA,NA,"",NA,NA,NA,NA,"","",NA,NA,NA,NA,"",NA,NA,NA,"",NA,NA,NA,NA,"","",NA,NA,NA,NA,"","",NA,NA,NA,NA,"","Mimosa_acutistipula_ferrea"
"Mimosa dichroa","Mimosa_dichroa","Barneby_1991_Sensitivae_Censitae_treatment_0112.txt","2025-07-09T13:01:05,692",1,"arborescent shrubs","",NA,2,4,NA,"m","","",NA,NA,NA,NA,"",NA,NA,NA,NA,"","","spikes","",2.5,NA,6,NA,"cm",NA,NA,NA,NA,"","pseudoraceme or few-branched panicle",NA,NA,NA,NA,"",NA,NA,NA,NA,"","4-merous",NA,NA,NA,NA,"",NA,NA,NA,NA,"","campanulate",0.7,0.7,1,1,"mm",0.2,0.2,0.3,0.3,"mm","turbinate",NA,2,2.5,NA,"mm",0.8,1.1,1.1,"mm",0.7,0.7,0.8,0.8,"mm","8",NA,4,7,NA,"mm","pink",NA,NA,NA,NA,"","Mimosa_dichroa"
"Mimosa ophthalmocentra","Mimosa_ophthalmocentra","Barneby_1991_Sensitivae_Censitae_treatment_0113.txt","2025-07-09T13:02:24,937",1,"trees","",NA,4,6,12,"m","","",NA,NA,NA,NA,"",NA,NA,NA,NA,"","","spikes","",2,3,7,NA,"cm",NA,NA,NA,NA,"","paniculate",NA,NA,NA,NA,"",NA,NA,NA,NA,"","4-merous",NA,NA,NA,NA,"",NA,NA,NA,NA,"","",NA,0.65,0.9,NA,"mm",NA,0.1,0.25,NA,"mm","narrowly campanulate",1.5,1.5,2.6,2.6,"mm",0.5,0.9,0.9,"mm",0.5,0.5,0.8,0.8,"mm","8",NA,4,4.5,NA,"mm","white or creamy-white",NA,NA,NA,NA,"","Mimosa_ophthalmocentra"
"Mimosa mensicola","Mimosa_mensicola","Barneby_1991_Sensitivae_Censitae_treatment_0114.txt","2025-07-09T13:03:40,101",1,"arborescent shrubs","",NA,2,5,NA,"m","","",NA,NA,NA,NA,"",NA,NA,NA,NA,"","","fl-spikes","",NA,2.5,7,NA,"cm",NA,NA,NA,NA,"","pseudoraceme",NA,NA,NA,NA,"",NA,NA,NA,NA,"","4-merous",NA,NA,NA,NA,"",NA,NA,NA,NA,"","campanulate",NA,0.8,1,NA,"mm",NA,0.1,0.2,NA,"mm","shortly funnelform",NA,2.6,3,NA,"mm",1.2,1.8,NA,"mm",NA,1,1,NA,"mm","8",NA,3.2,4.5,NA,"mm","white",NA,NA,NA,NA,"","Mimosa_mensicola"
"Mimosa dalyi","Mimosa_dalyi","Barneby_1991_Sensitivae_Censitae_treatment_0115.txt","7/9/2025 13:04",1,"arborescent shrubs or treelets","",1,NA,3,NA,"m","","",NA,NA,NA,NA,"",NA,NA,NA,NA,"","","fl-spikes","amentiform",NA,6,11,11,"cm",NA,NA,NA,NA,"","pseudoraceme",NA,NA,NA,NA,"",NA,NA,NA,NA,"","4-merous",NA,NA,NA,NA,"",NA,NA,NA,NA,"","shallowly campanulate or subrotate",NA,0.5,NA,NA,"mm",NA,NA,NA,NA,"","turbinate-campanulate",NA,2.1,2.3,NA,"mm",1,NA,NA,"mm",NA,NA,NA,NA,"","8",5,5,5.5,5.5,"mm","pink",NA,NA,NA,NA,"","Mimosa_dalyi"
"Mimosa insignis","Mimosa_insignis","Barneby_1991_Sensitivae_Censitae_treatment_0116.txt","7/9/2025 13:06",1,"tall shrubs and treelets","",NA,NA,4,NA,"m","","",NA,NA,NA,NA,"",NA,NA,NA,NA,"","","spikes","amentiform",4,4.5,9.5,NA,"cm",NA,NA,NA,NA,"","panicle",NA,NA,NA,NA,"cm",NA,NA,NA,NA,"","4-merous",NA,NA,NA,NA,"",NA,NA,NA,NA,"","shallow-campanulate",NA,1,1,NA,"mm",0.4,NA,NA,0.5,"mm","turbinate",2.2,2.2,2.5,2.5,"mm",1.3,1.3,NA,"mm",NA,1,1,NA,"mm","8",4,4,5,5,"mm","white",NA,NA,NA,NA,"","Mimosa_insignis"
"Mimosa tenuiflora","Mimosa_tenuiflora","Barneby_1991_Sensitivae_Censitae_treatment_0117.txt","7/9/2025 13:07",1,"arborescent shrubs and trees","",NA,2,5,NA,"m","","",NA,NA,NA,NA,"",NA,NA,NA,NA,"","","spikes","cylindric aments",NA,5,10,NA,"mm",2,2,3,NA,"mm","",NA,NA,NA,NA,"",NA,NA,NA,NA,"","4-merous",NA,NA,NA,NA,"",NA,NA,NA,NA,"","turbinate-campanulate",NA,0.75,1,NA,"mm",NA,NA,NA,NA,"","turbinate",2.1,2.1,3.1,3.1,"mm",0.7,1.6,1.6,"mm",NA,NA,NA,NA,"","8",NA,3,4,NA,"mm","white",NA,NA,NA,NA,"","Mimosa_tenuiflora"
"Mimosa apodocarpa","Mimosa_apodocarpa","Barneby_1991_Sensitivae_Censitae_treatment_0118.txt","7/9/2025 13:08",1,"arborescent shrubs","",2,3,6,NA,"m","","",NA,NA,NA,NA,"",NA,NA,NA,NA,"","","spikes","",3,4,10,NA,"cm",NA,NA,NA,NA,"","pseudoraceme or paniculate",NA,NA,NA,NA,"",NA,NA,NA,NA,"","4-merous",NA,NA,NA,NA,"",NA,NA,NA,NA,"","campanulate",0.7,0.7,1.1,1.1,"mm",NA,NA,NA,NA,"","",NA,1.9,2.1,NA,"mm",1.2,1.4,NA,"mm",NA,0.7,0.8,NA,"mm","8",NA,4,4.5,NA,"mm","white",NA,NA,NA,NA,"","Mimosa_apodocarpa"
"Mimosa xavantinae","Mimosa_xavantinae","Barneby_1991_Sensitivae_Censitae_treatment_0119.txt","7/9/2025 13:10",1,"Shrubs and treelets","",NA,2,3.5,NA,"m","","",NA,NA,NA,NA,"",NA,NA,NA,NA,"","","spikes","",3,3,9,15,"cm",NA,NA,NA,NA,"","",NA,NA,NA,NA,"",NA,NA,NA,NA,"","4-merous",NA,NA,NA,NA,"",NA,NA,NA,NA,"","campanulate-crateriform",NA,0.4,0.4,NA,"mm",NA,NA,NA,NA,"","",NA,1.8,2,NA,"mm",1.2,NA,NA,"mm",NA,0.8,1,NA,"mm","8",NA,NA,NA,NA,"","",NA,NA,NA,NA,"","Mimosa_apodocarpa"
"Mimosa interrupta","Mimosa_interrupta","Barneby_1991_Sensitivae_Censitae_treatment_0120.txt","7/9/2025 13:11",1,"arborescent shrubs and trees","",NA,1.5,2,4,"m","","",NA,NA,NA,NA,"",NA,NA,NA,NA,"","","fl-spikes","",NA,7,14,NA,"cm",NA,NA,NA,NA,"","pseudoraceme",NA,NA,NA,NA,"",NA,NA,NA,NA,"","4-merous",NA,NA,NA,NA,"",NA,NA,NA,NA,"","crateriform or shallowly campanulate",NA,0.3,0.4,NA,"mm",NA,NA,NA,NA,"","turbinate",NA,2,2.8,NA,"mm",1.6,2,NA,"mm",NA,0.7,1.2,NA,"mm","8",NA,5,7,NA,"mm","white",NA,NA,NA,NA,"","Mimosa_interrupta"
"Mimosa glutinosa","Mimosa_glutinosa","Barneby_1991_Sensitivae_Censitae_treatment_0121.txt","7/9/2025 13:12",1,"Shrubs becoming broad-crowned trees","",NA,NA,6,NA,"m","","",NA,NA,NA,NA,"",NA,NA,NA,NA,"","","spikes","",NA,3,10,NA,"cm",NA,NA,NA,NA,"","panicle",NA,NA,NA,NA,"",NA,NA,NA,NA,"","4-merous",NA,NA,NA,NA,"",NA,NA,NA,NA,"","campanulate",NA,0.3,0.3,NA,"mm",NA,NA,NA,NA,"","turbinate",NA,2.4,2.8,NA,"mm",1.3,1.5,NA,"mm",NA,1,1,NA,"mm","8",NA,NA,6,NA,"mm","white",NA,NA,NA,NA,"","Mimosa_glutinosa"
"Mimosa hebecarpa","Mimosa_hebecarpa","Barneby_1991_Sensitivae_Censitae_treatment_0122.txt","7/9/2025 13:13",1,"treelets","",NA,2,4,NA,"m","","",NA,NA,NA,NA,"",NA,NA,NA,NA,"","","flower-spikes","",6,NA,15,NA,"cm",NA,NA,NA,NA,"","",NA,NA,NA,NA,"",NA,NA,NA,NA,"","4-merous",NA,NA,NA,NA,"",NA,NA,NA,NA,"","",NA,0.7,1.2,NA,"mm",NA,0.2,0.4,NA,"mm","turbinate",NA,2,2.6,NA,"mm",1.1,1.5,NA,"mm",NA,0.8,1.2,NA,"mm","8",NA,5,8,NA,"mm","pink",NA,NA,NA,NA,"","Mimosa_hebecarpa"
"Mimosa spixiana","Mimosa_spixiana","Barneby_1991_Sensitivae_Censitae_treatment_0123.txt","7/9/2025 13:15",1,"shrubby or arborescent","",NA,NA,NA,NA,"","","",NA,NA,NA,NA,"",NA,NA,NA,NA,"","","fl-spikes","amentiform",NA,4,5.5,NA,"cm",NA,NA,NA,NA,"","",NA,3,3,NA,"cm",NA,NA,NA,NA,"","4-merous",NA,NA,NA,NA,"",NA,NA,NA,NA,"","campanulate",NA,1.2,1.2,NA,"mm",NA,0.35,0.35,NA,"mm","turbinate",NA,2.8,2.8,NA,"mm",1.3,1.3,NA,"mm",NA,0.7,0.7,NA,"mm","8",NA,4.5,4.5,NA,"mm","unknown",NA,NA,NA,NA,"","Mimosa_spixiana"
"Mimosa sericantha","Mimosa_sericantha","Barneby_1991_Sensitivae_Censitae_treatment_0124.txt","7/9/2025 13:16",1,"arborescent shrubs","",NA,2,3,NA,"m","","",NA,NA,NA,NA,"",NA,NA,NA,NA,"","","fi-spikes","narrow",3.5,4.5,10,NA,"cm",NA,NA,NA,NA,"","pseudoraceme",NA,NA,NA,NA,"",NA,NA,NA,NA,"","4-merous",NA,NA,NA,NA,"",NA,NA,NA,NA,"","campanulate",NA,NA,NA,NA,"mm",NA,0.1,0.2,NA,"mm","turbinate",2.3,2.3,2.7,2.7,"mm",1.4,1.6,NA,"mm",NA,0.8,1.2,1.2,"mm","8",NA,5,6,NA,"mm","pink",NA,NA,NA,NA,"","Mimosa_sericantha"
"Mimosa puberula","Mimosa_puberula","Barneby_1991_Sensitivae_Censitae_treatment_0125.txt","7/9/2025 13:17",0,"arborescent","",NA,NA,NA,NA,"","","",NA,NA,NA,NA,"",NA,NA,NA,NA,"","","fl-spikes","",2,2,3,NA,"cm",6,6,6,NA,"mm","",NA,5,9,NA,"mm",NA,NA,NA,NA,"","4- or 5-merous",NA,NA,NA,NA,"",NA,NA,NA,NA,"","campanulate",NA,1,1,NA,"mm",NA,NA,NA,0.2,"mm","turbinate",NA,2.5,2.5,NA,"mm",1,1,NA,"mm",NA,1,1,NA,"mm","8 or 10",NA,4.5,4.5,NA,"mm","",NA,NA,NA,NA,"","Mimosa_puberula"
"Mimosa pteridifolia","Mimosa_pteridifolia","Barneby_1991_Sensitivae_Censitae_treatment_0126.txt","7/9/2025 13:18",1,"shrubs","",1,1.5,3.5,NA,"m","","",NA,NA,NA,NA,"",NA,NA,NA,NA,"","","spikes","amentiform",NA,4.5,11,NA,"cm",NA,NA,NA,NA,"","pseudoraceme or panicle",NA,NA,NA,NA,"",NA,NA,NA,NA,"","4-merous",NA,NA,NA,NA,"",NA,NA,NA,NA,"","shallowly campanulate",NA,0.8,1,NA,"mm",NA,0.2,0.4,NA,"mm","turbinate",NA,1.9,2.2,NA,"mm",0.8,1.3,NA,"mm",NA,0.8,1.1,NA,"mm","8",NA,5,7.5,NA,"mm","pink",NA,NA,NA,NA,"","Mimosa_pteridifolia"
"Mimosa adenophylla","Mimosa_adenophylla","Barneby_1991_Sensitivae_Censitae_treatment_0127.txt","7/9/2025 13:20",1,"shrubs","",NA,NA,3,NA,"m","","",NA,NA,NA,NA,"",NA,NA,NA,NA,"","","fl-spikes","amentiform",NA,5.5,12,NA,"cm",NA,NA,NA,NA,"","pseudoraceme",NA,5.5,12,NA,"cm",NA,NA,NA,NA,"","4-merous",NA,NA,NA,NA,"",NA,NA,NA,NA,"","shallowly campanulate or bowl shaped",0.3,0.5,0.7,NA,"mm",0.1,0.1,0.15,0.15,"mm","turbinate",NA,1.9,2.5,NA,"mm",0.8,1.3,NA,"mm",NA,0.5,0.9,NA,"mm","8",NA,6,7.5,NA,"mm","pink",NA,NA,NA,NA,"","Mimosa_pteridifolia"
"Mimosa adenophylla var. armandiana","Mimosa_adenophylla_armandiana","Barneby_1991_Sensitivae_Censitae_treatment_0128.txt","7/9/2025 13:21",1,"","",NA,NA,NA,NA,"","","",NA,NA,NA,NA,"",NA,NA,NA,NA,"","","","",NA,NA,NA,NA,"",NA,NA,NA,NA,"","",NA,NA,NA,NA,"",NA,NA,NA,NA,"","4-merous",NA,NA,NA,NA,"",NA,NA,NA,NA,"","",NA,0.5,0.7,NA,"mm",NA,NA,NA,NA,"","",NA,NA,NA,NA,"",NA,NA,NA,"",NA,NA,NA,NA,"","",NA,NA,NA,NA,"","",NA,NA,NA,NA,"","Mimosa_pteridifolia"
"Mimosa adenophylla var. adenophylla","Mimosa_adenophylla_adenophylla","Barneby_1991_Sensitivae_Censitae_treatment_0129.txt","7/9/2025 13:22",1,"","",NA,NA,NA,NA,"","","",NA,NA,NA,NA,"",NA,NA,NA,NA,"","","","",NA,NA,NA,NA,"",NA,NA,NA,NA,"","",NA,NA,NA,NA,"",NA,NA,NA,NA,"","5-merous",NA,NA,NA,NA,"",NA,NA,NA,NA,"","",NA,NA,0.3,NA,"mm",NA,NA,NA,NA,"","",NA,NA,NA,NA,"",NA,NA,NA,"",NA,NA,NA,NA,"","10",NA,NA,NA,NA,"","",NA,NA,NA,NA,"","Mimosa_pteridifolia"
"Mimosa adenophylla var. mitis","Mimosa_adenophylla_mitis","Barneby_1991_Sensitivae_Censitae_treatment_0130.txt","7/9/2025 13:23",1,"","",NA,NA,NA,NA,"","","",NA,NA,NA,NA,"",NA,NA,NA,NA,"","","","",NA,NA,NA,NA,"",NA,NA,NA,NA,"","",NA,NA,NA,NA,"",NA,NA,NA,NA,"","",NA,NA,NA,NA,"",NA,NA,NA,NA,"","",NA,NA,NA,NA,"",NA,NA,NA,NA,"","",NA,NA,NA,NA,"",NA,NA,NA,"",NA,NA,NA,NA,"","",NA,NA,NA,NA,"","",NA,NA,NA,NA,"","Mimosa_pteridifolia"
"Mimosa gemmulata","Mimosa_gemmulata","Barneby_1991_Sensitivae_Censitae_treatment_0131.txt","7/9/2025 13:25",1,"shrubs","",NA,1,2.5,4,"m","","",NA,NA,NA,NA,"",NA,NA,NA,NA,"","","fl-spikes","",4,5,12,13,"cm",NA,NA,NA,NA,"","contracted or panicle",NA,NA,NA,NA,"",NA,NA,NA,NA,"","4-merous",NA,NA,NA,NA,"",NA,NA,NA,NA,"","crateriform or shallowly campanulate",0.3,0.4,0.8,NA,"mm",0.1,0.1,0.3,0.3,"mm","broadly turbinate",1.5,1.7,2.4,NA,"mm",1,1.3,NA,"mm",NA,0.65,0.8,1,"mm","8",NA,4,8,NA,"mm","pink",NA,NA,NA,NA,"","Mimosa_gemmulata"
"Mimosa gemmulata var. gemmulata","Mimosa_gemmulata_gemmulata","Barneby_1991_Sensitivae_Censitae_treatment_0132.txt","7/9/2025 13:26",1,"Shrubs","",NA,1,2,2.5,"m","","",NA,NA,NA,NA,"",NA,NA,NA,NA,"","","","",NA,NA,NA,NA,"",NA,NA,NA,NA,"","",NA,NA,NA,NA,"",NA,NA,NA,NA,"","",NA,NA,NA,NA,"",NA,NA,NA,NA,"","",NA,NA,NA,NA,"",NA,NA,NA,NA,"","",NA,NA,NA,NA,"",NA,NA,NA,"",NA,NA,NA,NA,"","",NA,NA,NA,NA,"","",NA,NA,NA,NA,"","Mimosa_gemmulata"
"Mimosa gemmulata var. adamantina","Mimosa_gemmulata_adamantina","Barneby_1991_Sensitivae_Censitae_treatment_0133.txt","7/9/2025 13:27",1,"shrubs or treelets","",2,2.5,4,NA,"m","","",NA,NA,NA,NA,"",NA,NA,NA,NA,"","","","",NA,NA,NA,NA,"",NA,NA,NA,NA,"","",NA,NA,NA,NA,"",NA,NA,NA,NA,"","",NA,NA,NA,NA,"",NA,NA,NA,NA,"","",NA,NA,NA,NA,"",NA,NA,NA,NA,"","",NA,NA,NA,NA,"",NA,NA,NA,"",NA,NA,NA,NA,"","",NA,NA,NA,NA,"","",NA,NA,NA,NA,"","Mimosa_gemmulata"
"Mimosa gemmulata var. segrex","Mimosa_gemmulata_segrex","Barneby_1991_Sensitivae_Censitae_treatment_0134.txt","7/9/2025 13:28",1,"shrubs","",1,NA,3,NA,"m","","",NA,NA,NA,NA,"",NA,NA,NA,NA,"","","","",NA,NA,NA,NA,"",NA,NA,NA,NA,"","",NA,NA,NA,NA,"",NA,NA,NA,NA,"","",NA,NA,NA,NA,"",NA,NA,NA,NA,"","",NA,NA,NA,NA,"",NA,NA,NA,NA,"","",NA,NA,NA,NA,"",NA,NA,NA,"",NA,NA,NA,NA,"","",NA,NA,NA,NA,"","white",NA,NA,NA,NA,"","Mimosa_gemmulata"
"Mimosa gemmulata var. cristallina","Mimosa_gemmulata_cristallina","Barneby_1991_Sensitivae_Censitae_treatment_0135.txt","7/9/2025 13:29",1,"","",NA,NA,NA,NA,"","","",NA,NA,NA,NA,"",NA,NA,NA,NA,"","","","",NA,3,4,NA,"dm",NA,NA,NA,NA,"","",NA,NA,NA,NA,"",NA,NA,NA,NA,"","",NA,NA,NA,NA,"",NA,NA,NA,NA,"","",NA,NA,NA,NA,"",NA,NA,NA,NA,"","",NA,NA,NA,NA,"",NA,NA,NA,"",NA,NA,NA,NA,"","",NA,NA,NA,NA,"","",NA,NA,NA,NA,"","Mimosa_gemmulata"
"Mimosa gemmulata var. occidentalis","Mimosa_gemmulata_occidentalis","Barneby_1991_Sensitivae_Censitae_treatment_0136.txt","7/9/2025 13:30",0,"shrubs and treelets","",NA,NA,NA,NA,"m","","",NA,NA,NA,NA,"",NA,NA,NA,NA,"","","","",NA,NA,NA,NA,"",NA,NA,NA,NA,"","",NA,NA,NA,NA,"",NA,NA,NA,NA,"","",NA,NA,NA,NA,"",NA,NA,NA,NA,"","",NA,NA,NA,NA,"",NA,NA,NA,NA,"","",NA,NA,NA,NA,"",NA,NA,NA,"",NA,NA,NA,NA,"","",NA,6,8,NA,"mm","",NA,NA,NA,NA,"","Mimosa_caccavariana"
"Mimosa amnis-atri","Mimosa_amnisatri","Barneby_1991_Sensitivae_Censitae_treatment_0137.txt","7/9/2025 13:32",1,"shrub","",NA,NA,NA,NA,"","","",NA,NA,NA,NA,"",NA,NA,NA,NA,"","","fl-spikes","amentiform",8,8,15,15,"cm",NA,NA,NA,NA,"","pseudoraceme",NA,NA,NA,NA,"",NA,NA,NA,NA,"","4- or -5-merous",NA,NA,NA,NA,"",NA,NA,NA,NA,"","campanulate",NA,0.7,0.7,NA,"mm",NA,0.3,0.4,NA,"mm","broadly turbinate",1.5,1.5,1.9,1.9,"mm",0.7,0.9,0.9,"mm",0.6,0.6,0.9,0.9,"mm","8 or 10",NA,5,6,NA,"mm","pink",NA,NA,NA,NA,"","Mimosa_amnisatri"
"Mimosa nothopteris","Mimosa_nothopteris","Barneby_1991_Sensitivae_Censitae_treatment_0138.txt","7/9/2025 13:33",1,"Shrubs","",NA,NA,1.5,NA,"m","","",NA,NA,NA,NA,"",NA,NA,NA,NA,"","","fl-spikes","",NA,6,7,NA,"cm",NA,NA,NA,NA,"","racemose-paniculate",NA,NA,NA,NA,"",NA,NA,NA,NA,"","4-merous",NA,NA,NA,NA,"",NA,NA,NA,NA,"","",NA,0.8,0.8,NA,"mm",NA,NA,NA,NA,"","turbinate",NA,2.4,2.4,NA,"mm",1,1,NA,"mm",NA,0.8,0.8,NA,"mm","8",NA,6,6,NA,"mm","pale pink",NA,NA,NA,NA,"","Mimosa_nothopteris"
"Mimosa fiebrigii","Mimosa_fiebrigii","Barneby_1991_Sensitivae_Censitae_treatment_0139.txt","7/9/2025 13:34",1,"subarborescent shrubs","",NA,2,3,NA,"m","","",NA,NA,NA,NA,"",NA,NA,NA,NA,"","","capitula","ellipsoid",7,7,12,12,"mm",4,4,5,5,"mm","racemose",NA,10,19,NA,"mm",NA,NA,NA,NA,"","4-merous",NA,NA,NA,NA,"",NA,NA,NA,NA,"","membranous",NA,0.5,0.6,NA,"mm",NA,0.1,0.3,NA,"mm","turbinate-vase-shaped",NA,1.7,2.3,NA,"mm",0.6,1,NA,"mm",0.6,0.6,0.8,0.8,"mm","8",NA,3,4,NA,"mm","purple-pink",NA,NA,NA,NA,"","Mimosa_fiebrigii"
"Mimosa coruscocaesia","Mimosa_coruscocaesia","Barneby_1991_Sensitivae_Censitae_treatment_0140.txt","7/9/2025 13:35",1,"shrubs or subshrubs","",NA,NA,1.7,NA,"m","","",NA,NA,NA,NA,"",NA,NA,NA,NA,"","","fl-spikes","amentiform",5,5,7,NA,"cm",3.5,3.5,4.5,NA,"mm","",NA,NA,NA,NA,"cm",NA,NA,NA,NA,"","4-merous",NA,NA,NA,NA,"",NA,NA,NA,NA,"","shallowly campanulate",0.9,0.9,1.6,1.6,"mm",NA,NA,NA,NA,"","broadly turbinate-campanulate",NA,2.3,2.7,NA,"mm",1.1,1.5,NA,"mm",NA,0.9,1,NA,"mm","8",NA,4.5,5,NA,"mm","pink",NA,NA,NA,NA,"","Mimosa_coruscocaesia"
"Mimosa verrucosa","Mimosa_verrucosa","Barneby_1991_Sensitivae_Censitae_treatment_0141.txt","7/9/2025 13:36",1,"shrubs and bushy treelets","",NA,2.5,4.5,NA,"m","","",NA,NA,NA,NA,"",NA,NA,NA,NA,"","","fi-spikes","amentiform",6,NA,14.5,NA,"cm",NA,NA,NA,NA,"","pseudoraceme",NA,NA,NA,NA,"",NA,NA,NA,NA,"","4-merous",NA,NA,NA,NA,"",NA,NA,NA,NA,"","broadly campanulate",NA,0.9,1.5,1.8,"mm",NA,0.2,0.5,NA,"mm","",2.5,2.5,3.3,3.3,"mm",NA,1.3,NA,"mm",0.6,NA,1.1,NA,"mm","8",5,5,7.5,7.5,"mm","pink",NA,NA,NA,NA,"","Mimosa_verrucosa"
"Mimosa schomburgkii","Mimosa_schomburgkii","Barneby_1991_Sensitivae_Censitae_treatment_0142.txt","7/9/2025 13:38",1,"trees","",3,5,12,15,"m","","",NA,NA,NA,NA,"",NA,NA,NA,NA,"","","fi-spikes","narrow amentiform",NA,4,9,10.5,"cm",4,4,5,5,"mm","panicle",NA,NA,NA,NA,"",NA,NA,NA,NA,"","4- or 5-merous",NA,NA,NA,NA,"",NA,NA,NA,NA,"","campanulate",0.9,0.9,1.2,1.2,"mm",0.1,0.1,0.25,0.25,"mm","",2,NA,2.5,NA,"mm",NA,1.2,NA,"mm",0.5,NA,0.9,NA,"mm","8 or 10",NA,3,5,NA,"mm","white",NA,NA,NA,NA,"","Mimosa_schomburgkii"
"Mimosa artemisiana","Mimosa_artemisiana","Barneby_1991_Sensitivae_Censitae_treatment_0143.txt","7/9/2025 13:39",1,"trees","",NA,12,25,NA,"m","","",NA,NA,NA,NA,"",NA,NA,NA,NA,"","","fi-spikes","amentiform",5,NA,12.5,NA,"cm",6,6,8,8,"mm","psedoracemes or panicles",NA,NA,NA,NA,"",NA,NA,NA,NA,"","4-merous",NA,NA,NA,NA,"",NA,NA,NA,NA,"","campanulate",NA,1,1.5,NA,"mm",NA,0.15,0.2,NA,"mm","narrowly campanulate",NA,2.8,4.1,NA,"mm",0.7,1.3,NA,"mm",NA,0.6,0.8,NA,"mm","8",NA,3.3,4.2,NA,"mm","white",NA,NA,NA,NA,"","Mimosa_schomburgkii"
"Mimosa trianae","Mimosa_trianae","Barneby_1991_Sensitivae_Censitae_treatment_0144.txt","7/9/2025 13:40",1,"Trees","",NA,NA,10,NA,"m","","",NA,NA,NA,NA,"",NA,NA,NA,NA,"","","fi-spikes","amentiform",NA,5,9,NA,"",3.5,3.5,4,4,"mm","paniculate",NA,NA,NA,NA,"",NA,NA,NA,NA,"","4-merous",NA,NA,NA,NA,"",NA,NA,NA,NA,"","campanulate",0.7,0.7,0.9,0.9,"mm",NA,0.1,NA,NA,"mm","",NA,2,2,NA,"mm",0.9,1,NA,"mm",NA,0.6,0.7,NA,"mm","8",NA,4,4,NA,"mm","whitish",NA,NA,NA,NA,"","Mimosa_trianae"
"Mimosa bimucronata","Mimosa_bimucronata","Barneby_1991_Sensitivae_Censitae_treatment_0145.txt","7/9/2025 13:41",1,"Trees and bushy treelets","",2,3,8,10,"m","","",NA,NA,NA,NA,"",NA,NA,NA,NA,"","","capitula","globose",NA,NA,NA,NA,"",4.5,5,6,NA,"mm","paniculate",6,16,20,NA,"mm",NA,NA,NA,NA,"","4 (5)-merous",NA,NA,NA,NA,"",NA,NA,NA,NA,"","campanulate",NA,0.55,0.9,NA,"mm",NA,0.05,0.15,NA,"mm","vase-shaped",NA,2,2.8,NA,"mm",0.8,1.1,NA,"mm",NA,0.6,0.8,NA,"mm","8 or 10",NA,4.5,6,NA,"mm","white",NA,NA,NA,NA,"","Mimosa_bimucronata"
"Mimosa bimucronata var. bimucronata","Mimosa_bimucronata_bimucronata","Barneby_1991_Sensitivae_Censitae_treatment_0146.txt","7/9/2025 13:42",1,"","",NA,NA,NA,NA,"","","",NA,NA,NA,NA,"",NA,NA,NA,NA,"","","","",NA,NA,NA,NA,"",NA,NA,NA,NA,"","",NA,NA,NA,NA,"",NA,NA,NA,NA,"","",NA,NA,NA,NA,"",NA,NA,NA,NA,"","",NA,NA,NA,NA,"",NA,NA,NA,NA,"","",NA,NA,NA,NA,"",NA,NA,NA,"",NA,NA,NA,NA,"","",NA,NA,NA,NA,"","",NA,NA,NA,NA,"","Mimosa_bimucronata"
"Mimosa bimucronata var. adenocarpa","Mimosa_bimucronata_adenocarpa","Barneby_1991_Sensitivae_Censitae_treatment_0147.txt","7/9/2025 13:44",1,"","",NA,NA,NA,NA,"","","",NA,NA,NA,NA,"",NA,NA,NA,NA,"","","","",NA,NA,NA,NA,"",NA,NA,NA,NA,"","",NA,NA,NA,NA,"",NA,NA,NA,NA,"","",NA,NA,NA,NA,"",NA,NA,NA,NA,"","",NA,NA,NA,NA,"",NA,NA,NA,NA,"","",NA,NA,NA,NA,"",NA,NA,NA,"",NA,NA,NA,NA,"","",NA,NA,NA,NA,"","",NA,NA,NA,NA,"","Mimosa_bimucronata"
"Mimosa pseudosepiaria","Mimosa_pseudosepiaria","Barneby_1991_Sensitivae_Censitae_treatment_0148.txt","7/9/2025 13:45",1,"bushy treelets","",NA,3,4,NA,"m","","",NA,NA,NA,NA,"",NA,NA,NA,NA,"","","capitula","globose",NA,NA,NA,NA,"",NA,4,5,NA,"mm","pseudoraceme",3,5,16,NA,"mm",NA,NA,NA,NA,"","4(-5)-merous",NA,NA,NA,NA,"",NA,NA,NA,NA,"","campanulate",0.45,0.45,0.7,0.7,"mm",NA,NA,NA,NA,"","narrowly funnel-form",NA,1.9,2.7,NA,"mm",1,1.2,NA,"mm",NA,0.6,0.8,NA,"mm","8 or 10",NA,3.5,4,NA,"mm","white",NA,NA,NA,NA,"","Mimosa_pseudosepiaria"
"Mimosa exalbescens","Mimosa_exalbescens","Barneby_1991_Sensitivae_Censitae_treatment_0149.txt","7/9/2025 13:46",0,"shrubs and small bushy trees","",NA,2,4,NA,"m","","",NA,NA,NA,NA,"",NA,NA,NA,NA,"","","capitula","globose",NA,4,5,NA,"mm",NA,NA,NA,NA,"","paniculate",NA,5,14,NA,"mm",NA,NA,NA,NA,"","3-merous",NA,NA,NA,NA,"",NA,NA,NA,NA,"","campanulate",NA,0.65,0.8,NA,"mm",NA,0.2,0.3,NA,"mm","narrowly vaseshaped",NA,2.1,2.3,NA,"mm",0.7,1,NA,"mm",0.6,NA,0.8,NA,"mm","6",3,3,5,5,"mm","white",NA,NA,NA,NA,"","Mimosa_exalbescens"
"Mimosa hexandra","Mimosa_hexandra","Barneby_1991_Sensitivae_Censitae_treatment_0150.txt","7/9/2025 13:47",1,"arborescent shrubs and trees","",NA,2,6,NA,"m","","",NA,NA,NA,NA,"",NA,NA,NA,NA,"","","capitula","globose",NA,NA,NA,NA,"",NA,5,7,NA,"mm","pseudoraceme",NA,8,22,NA,"mm",NA,NA,NA,NA,"","either all 3-merous or mixed 3- and 4-merous, or (exceptionally) largely 4-merous",NA,NA,NA,NA,"",NA,NA,NA,NA,"","membranous",NA,0.7,1.2,NA,"mm",NA,0.2,0.5,NA,"mm","narrowly vaseshaped",NA,1.8,2.8,NA,"mm",0.8,1.1,NA,"mm",NA,0.65,0.9,NA,"mm","6",3,4,7,NA,"mm","white",NA,NA,NA,NA,"","Mimosa_hexandra"
"Mimosa lewisii","Mimosa_lewisii","Barneby_1991_Sensitivae_Censitae_treatment_0151.txt","7/9/2025 13:48",1,"shrubs","",1,1.5,5,NA,"m","","",NA,NA,NA,NA,"",NA,NA,NA,NA,"","","capitula","ovoid or hemispherical",NA,NA,NA,NA,"",9,9,12,12,"mm","pseudoraceme",1.5,2,5,5.5,"cm",NA,NA,NA,NA,"","4- or randomly 5-merous",NA,NA,NA,NA,"",NA,NA,NA,NA,"","campanulate",NA,1.3,3.4,NA,"mm",0.1,0.3,0.9,NA,"mm","",4.5,4.5,5.5,5.5,"mm",1.4,2,2,"mm",NA,NA,NA,NA,"","8",NA,3,4,NA,"mm","whitish",NA,NA,NA,NA,"","Mimosa_lewisii"
"Mimosa paraibana","Mimosa_paraibana","Barneby_1991_Sensitivae_Censitae_treatment_0152.txt","7/9/2025 13:50",1,"subsarmentose shrubs and trees","",NA,NA,9,NA,"m","","",NA,NA,NA,NA,"",NA,NA,NA,NA,"","","capitula","globose or plumply ellipsoid or oblong",NA,2,7,16,"mm",5,5,7,NA,"mm","forming an exserted pseudoraceme only in very early anthesis",1,NA,2.5,NA,"cm",NA,NA,NA,NA,"","4-merous",NA,NA,NA,NA,"",NA,NA,NA,NA,"","campanulate",0.7,0.7,1.3,1.3,"mm",NA,NA,NA,NA,"","vase-shaped or narrowly turbinate",NA,2.1,3.1,NA,"mm",0.8,1.3,NA,"mm",NA,0.6,0.8,NA,"mm","8",NA,3.5,5.5,NA,"mm","pink",NA,NA,NA,NA,"","Mimosa_paraibana"
"Mimosa cubatanensis","Mimosa_cubatanensis","Barneby_1991_Sensitivae_Censitae_treatment_0153.txt","7/9/2025 13:51",0,"tree","",NA,NA,5,NA,"m","","",NA,NA,NA,NA,"",NA,NA,NA,NA,"","","capitula","globose",NA,1,1.5,NA,"dm",NA,5,5,NA,"mm","paniculate",6,6,16,16,"mm",NA,NA,NA,NA,"","",6,NA,16,NA,"mm",NA,NA,NA,NA,"","campanulate",NA,0.5,0.6,NA,"mm",NA,NA,NA,NA,"","narrowly funnelform",NA,2.3,3,NA,"mm",0.8,1,NA,"mm",NA,0.6,0.7,NA,"mm","",NA,3,3.5,NA,"mm","white",NA,NA,NA,NA,"","Mimosa_cubatanensis"
"Mimosa catharinensis","Mimosa_catharinensis","Barneby_1991_Sensitivae_Censitae_treatment_0154.txt","7/9/2025 13:52",0,"Scandent shrubs","",NA,NA,2,NA,"dm","","",NA,NA,NA,NA,"",NA,NA,NA,NA,"","","capitula","globose",NA,NA,2,NA,"dm",NA,7.5,7.5,NA,"mm","paniculate",NA,1,4,NA,"cm",NA,NA,NA,NA,"","4-merous",NA,1,4,NA,"cm",NA,NA,NA,NA,"","campanulate",NA,1.2,1.2,NA,"mm",NA,NA,NA,NA,"","",NA,3,3.2,NA,"mm",1.2,NA,NA,"mm",0.8,NA,NA,NA,"mm","8",NA,NA,NA,NA,"","white",NA,NA,NA,NA,"","Mimosa_catharinensis"
"Mimosa caduca","Mimosa_caduca","Barneby_1991_Sensitivae_Censitae_treatment_0155.txt","7/9/2025 13:53",1,"Trees","",NA,NA,7,NA,"m","","",NA,NA,NA,NA,"",NA,NA,NA,NA,"","","capitula","subglobose or ellipsoid",6,NA,10,NA,"mm",5,NA,7,NA,"mm","pseudoraceme or small panicles",NA,9,20,NA,"mm",NA,NA,NA,NA,"","4-merous",NA,NA,NA,NA,"",NA,NA,NA,NA,"","campanulate",NA,1.2,1.4,NA,"mm",NA,NA,0.2,NA,"mm","narrowly funnelform",2.3,2.3,3.3,3.3,"mm",1,1.1,1.1,"mm",0.6,0.6,0.8,0.8,"mm","8",NA,4,5,NA,"mm","",NA,NA,NA,NA,"","Mimosa_caduca"
"Mimosa troncosoae","Mimosa_troncosoae","Barneby_1991_Sensitivae_Censitae_treatment_0156.txt","7/9/2025 13:55",0,"Trees","",NA,NA,6,NA,"m","present","paraphyllidia",NA,1,1,NA,"mm",NA,NA,NA,NA,"","subulate","pseudoraceme of globose capitula","globose",NA,NA,NA,NA,"",NA,NA,NA,NA,"","",NA,1.5,1.5,NA,"cm",NA,NA,NA,NA,"","",NA,1.5,1.5,NA,"cm",NA,NA,NA,NA,"","",NA,NA,NA,NA,"",NA,NA,NA,NA,"","",NA,NA,NA,NA,"",NA,NA,NA,"",NA,NA,NA,NA,"","",NA,NA,NA,NA,"","",NA,NA,NA,NA,"","Mimosa_troncosoae"
"Mimosa torresiae","Mimosa_torresiae","Barneby_1991_Sensitivae_Censitae_treatment_0157.txt","7/9/2025 13:56",1,"shrubs or treelets","",NA,NA,NA,NA,"","","",NA,NA,NA,NA,"",NA,NA,NA,NA,"","","capitula","globose",NA,NA,NA,NA,"",NA,6.5,8,NA,"mm","pseudoracemose",NA,NA,NA,NA,"",NA,NA,NA,NA,"","5-merous",NA,NA,NA,NA,"",NA,NA,NA,NA,"","campanulate",1.4,1.4,1.6,1.6,"mm",NA,NA,NA,0.15,"mm","",NA,3.6,4,NA,"mm",1.7,2,NA,"mm",NA,0.8,0.8,NA,"mm","10",NA,4,5,NA,"mm","? white",NA,NA,NA,NA,"","Mimosa_torresiae"
"Mimosa leucaenoides","Mimosa_leucaenoides","Barneby_1991_Sensitivae_Censitae_treatment_0158.txt","7/9/2025 13:57",1,"shrubs and treelets","",NA,NA,4.5,NA,"m","","",NA,NA,NA,NA,"",NA,NA,NA,NA,"","","capitula","globose",NA,NA,NA,NA,"",NA,5.5,6,NA,"mm","pseudoracemose",NA,1,3,NA,"cm",NA,NA,NA,NA,"","4-merous",NA,NA,NA,NA,"",NA,NA,NA,NA,"","narrowly campanulate",1.2,1.2,1.4,1.4,"mm",NA,0.2,0.2,NA,"mm","vase-shaped",NA,2.7,3.2,NA,"mm",NA,NA,NA,"",NA,NA,NA,NA,"","8",NA,3.5,4.5,NA,"mm","pink",NA,NA,NA,NA,"","Mimosa_leucaenoides"
"Mimosa martin-delcampoi","Mimosa_martindelcampoi","Barneby_1991_Sensitivae_Censitae_treatment_0159.txt","7/9/2025 13:58",1,"shrubs","",NA,NA,NA,NA,"","eglandular","",NA,NA,NA,NA,"",NA,NA,NA,NA,"","","capitula","globose",NA,NA,NA,NA,"",6,6,7,7,"mm","pseudoracemes",NA,13,25,NA,"mm",NA,NA,NA,NA,"","4- or 5-merous",NA,NA,NA,NA,"",NA,NA,NA,NA,"","campanulate",NA,0.8,1,NA,"mm",NA,0.1,0.1,NA,"mm","",NA,2.6,3.6,NA,"mm",NA,NA,NA,"",NA,NA,NA,NA,"","8 or 10",NA,3,4.5,NA,"mm","pink",NA,NA,NA,NA,"","Mimosa_martindelcampoi"
"Mimosa ervendbergii","Mimosa_ervendbergii","Barneby_1991_Sensitivae_Censitae_treatment_0160.txt","7/9/2025 13:59",1,"vines and scandent shrubs","",NA,NA,2,NA,"m","","",NA,NA,NA,NA,"",NA,NA,NA,NA,"","","capitula","globose",NA,NA,NA,NA,"",NA,NA,NA,NA,"","paniculate",NA,NA,NA,NA,"",NA,NA,NA,NA,"","4-5-merous",NA,NA,NA,NA,"",NA,NA,NA,NA,"","campanulate",NA,1.4,1.9,NA,"mm",NA,0.3,0.4,NA,"mm","",NA,3,3.4,NA,"mm",NA,NA,NA,"",NA,NA,NA,NA,"","8 or 10",NA,5,5.5,NA,"mm","white",NA,NA,NA,NA,"","Mimosa_ervendbergii"
"Mimosa sinaloensis","Mimosa_sinaloensis","Barneby_1991_Sensitivae_Censitae_treatment_0161.txt","7/9/2025 14:00",1,"vines","",NA,NA,7,NA,"m","","",NA,NA,NA,NA,"",NA,NA,NA,NA,"","","capitula","globose",NA,NA,NA,NA,"",NA,6,7,NA,"mm","pseudoracemose",NA,NA,NA,NA,"",NA,NA,NA,NA,"","5-merous",NA,NA,NA,NA,"",NA,NA,NA,NA,"","deeply campanulate",1.5,1.5,1.7,1.7,"mm",NA,0.2,0.2,NA,"mm","",NA,3.1,3.5,NA,"mm",NA,NA,NA,"",NA,NA,NA,NA,"","10",3,3,4,4,"mm","white",NA,NA,NA,NA,"","Mimosa_sinaloensis"
"Mimosa hondurana","Mimosa_hondurana","Barneby_1991_Sensitivae_Censitae_treatment_0162.txt","7/9/2025 14:02",1,"vines","",NA,3,NA,NA,"m","","",NA,NA,NA,NA,"",NA,NA,NA,NA,"","","capitula","globose",NA,NA,NA,NA,"",NA,4,NA,NA,"mm","fasciculate panicle",NA,NA,NA,NA,"",NA,NA,NA,NA,"","4-merous",NA,NA,NA,NA,"",NA,NA,NA,NA,"","campanulate",NA,0.4,0.8,NA,"mm",NA,NA,NA,NA,"","turbinate",NA,2,2.3,NA,"cm",NA,NA,NA,"",NA,NA,NA,NA,"","8",NA,NA,NA,NA,"","white",NA,NA,NA,NA,"","Mimosa_hondurana"
"Mimosa malacophylla","Mimosa_malacophylla","Barneby_1991_Sensitivae_Censitae_treatment_0163.txt","7/9/2025 14:03",1,"subshrubs","",NA,NA,4.5,NA,"m","","",NA,NA,NA,NA,"",NA,NA,NA,NA,"","","capitula","ellipsoid or subglobose",NA,5,14,NA,"mm",4,4.5,6.5,NA,"mm","pseudoracemose or paniculate",5,8,20,NA,"mm",NA,NA,NA,NA,"","(4-)5-merous",NA,0.1,0.5,NA,"mm",NA,NA,NA,NA,"","campanulate",0.3,0.3,0.6,0.6,"mm",NA,NA,NA,NA,"","",NA,1.8,2.7,NA,"mm",NA,NA,NA,"",NA,NA,NA,NA,"","8 or 10",NA,4,4.5,NA,"mm","white",NA,NA,NA,NA,"","Mimosa_malacophylla"
"Mimosa parvifoliolata","Mimosa_parvifoliolata","Barneby_1991_Sensitivae_Censitae_treatment_0164.txt","7/9/2025 14:04",0,"Sarmentose microphyllidious shrubs","",NA,NA,NA,NA,"","","",NA,NA,NA,NA,"",NA,NA,NA,NA,"","","capitula","globose",NA,5,NA,NA,"mm",NA,NA,NA,NA,"","fasciculate",NA,1,1.5,NA,"cm",NA,NA,NA,NA,"","4-merous",NA,1,1.5,NA,"cm",NA,NA,NA,NA,"","campanulate",NA,0.7,0.7,NA,"mm",NA,NA,NA,NA,"","vase-shaped",1.5,1.5,2,2,"mm",NA,NA,NA,"",NA,NA,NA,NA,"","8",NA,NA,2,NA,"mm","whitish",NA,NA,NA,NA,"","Mimosa_parvifoliolata"
"Mimosa diplacantha","Mimosa_diplacantha","Barneby_1991_Sensitivae_Censitae_treatment_0165.txt","7/9/2025 14:05",0,"shrubs","",NA,3,14,20,"dm","","",NA,NA,NA,NA,"",NA,NA,NA,NA,"","","capitula","globose or ellipsoid",NA,NA,NA,NA,"mm",NA,NA,NA,NA,"mm","",NA,NA,NA,NA,"mm",NA,NA,NA,NA,"","4—5-merous",0.1,NA,0.6,NA,"mm",NA,NA,NA,NA,"","narrowly vase-shaped",0.6,0.7,1.1,NA,"mm",NA,NA,NA,NA,"","turbinate-vase-shaped, cuneately narrowed at base",NA,NA,NA,NA,"mm",0.8,1.3,NA,"mm",NA,0.7,1,NA,"mm","6",NA,NA,NA,NA,"mm","white",NA,NA,NA,NA,"","Mimosa_diplacantha"
"Mimosa domingensis","Mimosa_domingensis","Barneby_1991_Sensitivae_Censitae_treatment_0166.txt","7/9/2025 14:07",1,"shrubs","",NA,2,10,NA,"m","","",NA,NA,NA,NA,"",NA,NA,NA,NA,"","","capitula","subglobose or ovoid",NA,NA,NA,NA,"",3.5,4,6,NA,"mm","pseudoracemose",6,18,25,30,"mm",NA,NA,NA,NA,"","4-5-merous",NA,NA,NA,NA,"",NA,NA,NA,NA,"","campanulate",NA,0.7,1.1,NA,"mm",0.1,0.1,0.15,NA,"mm","vase-shaped",1.9,1.9,4.1,4.1,"mm",0.8,1.2,NA,"mm",NA,0.6,0.8,NA,"mm","",NA,2,5,NA,"mm","white",NA,NA,NA,NA,"","Mimosa_domingensis"
"Mimosa ekmanii","Mimosa_ekmanii","Barneby_1991_Sensitivae_Censitae_treatment_0167.txt","7/9/2025 14:08",0,"shrubs","",NA,NA,2.5,NA,"m","","",NA,NA,NA,NA,"",NA,NA,NA,NA,"","","capitula","globose",NA,4,5,NA,"mm",NA,4,5,NA,"mm","",1.5,1.5,2.6,2.6,"cm",NA,NA,NA,NA,"","4-merous",NA,1.5,2.6,NA,"cm",NA,NA,NA,NA,"","campanulate",NA,0.7,0.9,NA,"mm",NA,NA,NA,NA,"","turbinate",NA,2,2.6,NA,"mm",1,1,NA,"mm",NA,0.8,0.8,NA,"mm","8",NA,2.5,3,NA,"mm","lilac-pink",NA,NA,NA,NA,"","Mimosa_ekmanii"
"Mimosa fagaracantha","Mimosa_fagaracantha","Barneby_1991_Sensitivae_Censitae_treatment_0168.txt","7/9/2025 14:09",0,"shrubs","",NA,2,NA,NA,"m","","",NA,NA,NA,NA,"",NA,NA,NA,NA,"","","capitula","globose",NA,NA,NA,NA,"",3.5,3.5,4.5,4.5,"mm","fasciculate",NA,6,13,NA,"mm",NA,NA,NA,NA,"","4-5-androus",NA,6,13,NA,"mm",NA,NA,NA,NA,"","narrowly campanulate",NA,0.8,1,NA,"mm",NA,0.2,NA,NA,"mm","vase-shaped",NA,2,2.3,NA,"mm",0.6,0.8,NA,"mm",NA,0.5,NA,NA,"mm","4",NA,3,NA,NA,"mm","pink",NA,NA,NA,NA,"","Mimosa_fagaracantha"
"Mimosa leonardii","Mimosa_leonardii","Barneby_1991_Sensitivae_Censitae_treatment_0169.txt","7/9/2025 14:10",0,"Shrubs","",NA,NA,NA,NA,"","","",NA,NA,NA,NA,"",NA,NA,NA,NA,"","","capitula","globose",NA,NA,NA,NA,"",NA,NA,NA,NA,"","",NA,7,8,NA,"mm",NA,NA,NA,NA,"","4—-5-merous",7,7,8,8,"mm",NA,NA,NA,NA,"","campanulate",NA,0.5,0.7,NA,"mm",NA,NA,NA,NA,"","vase-shaped",1.8,1.8,2.3,2.3,"mm",0.7,0.9,0.9,"mm",0.6,0.6,0.7,0.7,"mm","6",NA,2.5,3,NA,"mm","whitish",NA,NA,NA,NA,"","Mimosa_leonardii"
"Mimosa extranea","Mimosa_extranea","Barneby_1991_Sensitivae_Censitae_treatment_0170.txt","7/9/2025 14:12",0,"shrubs or treelets","",NA,1.5,3,NA,"m","","",NA,NA,NA,NA,"",NA,NA,NA,NA,"","","capitula","globose",NA,5,5,NA,"mm",NA,NA,NA,NA,"","",6,NA,38,NA,"mm",NA,NA,NA,NA,"","4-S-merous",NA,6,38,NA,"mm",NA,NA,NA,NA,"","narrowly campanulate",0.8,0.8,1,1,"mm",NA,0.2,0.2,0.2,"mm","trumpet-shaped",NA,2.4,3,NA,"mm",0.8,1.3,NA,"mm",NA,0.5,0.7,NA,"mm","",NA,2.5,3,NA,"mm","white",NA,NA,NA,NA,"","Mimosa_extranea"
"Mimosa bahamensis","Mimosa_bahamensis","Barneby_1991_Sensitivae_Censitae_treatment_0171.txt","7/9/2025 14:13",1,"shrubs and treelets","",NA,2,4.5,9,"m","","",NA,NA,NA,NA,"",NA,NA,NA,NA,"","","capitula","globose",NA,NA,NA,NA,"",5.5,NA,6.5,NA,"mm","panicle of pseudoraceme",NA,7,15,NA,"mm",NA,NA,NA,NA,"","4(-5)-merous",NA,NA,NA,NA,"",NA,NA,NA,NA,"","campanulate",NA,1,1.3,NA,"mm",NA,0.1,0.3,NA,"mm","vase-shaped",NA,2.6,3,NA,"mm",0.8,1.1,NA,"mm",NA,0.7,0.9,NA,"mm","8 or 10",NA,3,4.5,NA,"mm","pink",NA,NA,NA,NA,"","Mimosa_bahamensis"
"Mimosa farinosa","Mimosa_farinosa","Barneby_1991_Sensitivae_Censitae_treatment_0172.txt","7/9/2025 14:14",1,"shrubs and treelets","",NA,NA,3,NA,"m","","",NA,NA,NA,NA,"",NA,NA,NA,NA,"","","capitula","globose",NA,NA,NA,NA,"",NA,4.5,5,NA,"mm","",NA,4,21,NA,"mm",NA,NA,NA,NA,"","4-merous",NA,NA,NA,NA,"",NA,NA,NA,NA,"","submembranous",NA,0.5,0.7,NA,"mm",NA,0.2,0.2,NA,"mm","",NA,2.3,3.2,NA,"mm",0.8,1.3,NA,"mm",NA,0.7,0.9,NA,"mm","8",NA,3.3,4.6,NA,"mm","white",NA,NA,NA,NA,"","Mimosa_farinosa"
"Mimosa castanoclada","Mimosa_castanoclada","Barneby_1991_Sensitivae_Censitae_treatment_0173.txt","7/9/2025 14:15",0,"shrubs","",NA,1.2,3,NA,"m","","",NA,NA,NA,NA,"",NA,NA,NA,NA,"","","capitula","globose",NA,6,6.5,NA,"mm",NA,6,6.5,NA,"mm","",5,NA,13,NA,"mm",NA,NA,NA,NA,"","4-merous",NA,5,13,NA,"mm",NA,NA,NA,NA,"","campanulate",NA,0.3,0.6,NA,"mm",0.1,NA,0.2,NA,"mm","trumpet-shaped",NA,2,2.8,NA,"mm",0.6,0.9,NA,"mm",NA,0.5,0.9,NA,"mm","8",3,NA,5,NA,"mm","pale pink",NA,NA,NA,NA,"","Mimosa_castanoclada"
"Mimosa detinens","Mimosa_detinens","Barneby_1991_Sensitivae_Censitae_treatment_0174.txt","7/9/2025 14:17",1,"arborescent shrubs","",NA,1,5,NA,"m","","",NA,NA,NA,NA,"",NA,NA,NA,NA,"","","capitula","globose",NA,NA,NA,NA,"",NA,4.5,6,NA,"mm","",3,7,22,NA,"mm",NA,NA,NA,NA,"","4-merous",NA,NA,NA,NA,"",NA,NA,NA,NA,"","campanulate",1,1,1.5,1.5,"mm",NA,NA,NA,NA,"","narrowly vase-shaped",2.2,2.2,3.2,3.2,"mm",0.7,1.3,1.3,"mm",0.5,0.5,0.9,0.9,"mm","8",NA,3,3.5,NA,"mm","white",NA,NA,NA,NA,"","Mimosa_detinens"
"Mimosa ostenii","Mimosa_ostenii","Barneby_1991_Sensitivae_Censitae_treatment_0175.txt","7/9/2025 14:18",0,"Arborescent shrubs","",NA,2,5,NA,"m","","",NA,NA,NA,NA,"",NA,NA,NA,NA,"","","capitula","globose",NA,NA,NA,NA,"",6,6,8,8,"mm","",NA,NA,NA,NA,"mm",NA,NA,NA,NA,"","4-merous",0,0,0.2,NA,"mm",NA,NA,NA,NA,"","turbinate-campanulate",1,1,1.8,1.8,"mm",0.2,0.2,0.3,0.3,"mm","narrowly vase-shaped",3.3,3.3,3.8,3.8,"mm",1.1,1.3,1.3,"mm",NA,NA,NA,NA,"","8",NA,3,3.5,NA,"mm","white",NA,NA,NA,NA,"","Mimosa_ostenii"
"Mimosa ephedroides","Mimosa_ephedroides","Barneby_1991_Sensitivae_Censitae_treatment_0176.txt","7/9/2025 14:19",1,"shrubs","",NA,NA,2,NA,"m","eglandular","",NA,NA,NA,NA,"",NA,NA,NA,NA,"","","capitula","globose",NA,NA,NA,NA,"",NA,6.5,8,NA,"mm","",NA,5,15,NA,"mm",NA,NA,NA,NA,"","4(5-)-merous",NA,0.3,0.3,NA,"mm",NA,NA,NA,NA,"","campanulate",NA,NA,NA,NA,"",NA,0.2,0.5,NA,"mm","narrowly vase-shaped",NA,2.5,3.4,NA,"mm",NA,NA,NA,"",NA,NA,NA,NA,"","8 or 10",NA,5,6,NA,"mm","white",NA,NA,NA,NA,"","Mimosa_ephedroides"
"Mimosa echinocaula","Mimosa_echinocaula","Barneby_1991_Sensitivae_Censitae_treatment_0177.txt","7/9/2025 14:20",1,"subshrubs","",NA,NA,NA,NA,"","","",NA,NA,NA,NA,"",NA,NA,NA,NA,"","","capitula","globose",NA,NA,NA,NA,"",6,6,6.5,6.5,"mm","pseudoraceme",NA,14,34,NA,"mm",NA,NA,NA,NA,"","4-merous",NA,NA,NA,NA,"",NA,NA,NA,NA,"","cup",0.2,0.2,0.45,0.45,"mm",NA,NA,NA,NA,"","turbinate-funnelform",2.2,2.2,3.1,3.1,"mm",1,1.2,NA,"mm",NA,NA,NA,NA,"","8",3,3,6.5,6.5,"mm","pink",NA,NA,NA,NA,"","Mimosa_echinocaula"
"Mimosa diplotricha","Mimosa_diplotricha","Barneby_1991_Sensitivae_Censitae_treatment_0178.txt","7/9/2025 14:21",1,"Herbs and subshrubs","",NA,NA,NA,NA,"","","",NA,NA,NA,NA,"",NA,NA,NA,NA,"","","capitula","globose",NA,NA,NA,NA,"",4,5.5,6,NA,"mm","pseudoracemose",NA,5,16,20,"mm",NA,NA,NA,NA,"","4-merous",NA,NA,NA,NA,"",NA,NA,NA,NA,"","campanulate",NA,0.2,0.4,NA,"mm",NA,NA,NA,NA,"","turbinate or vase-shaped",NA,1.7,2.4,2.8,"mm",0.5,0.9,1,"mm",NA,0.4,0.65,NA,"mm","8",2,3,5,NA,"mm","pink",NA,NA,NA,NA,"","Mimosa_diplotricha"
"Mimosa diplotricha var. diplotricha","Mimosa_diplotricha_diplotricha","Barneby_1991_Sensitivae_Censitae_treatment_0179.txt","7/9/2025 14:23",2,"","",NA,NA,NA,NA,"","","",NA,NA,NA,NA,"",NA,NA,NA,NA,"","","","",NA,NA,NA,NA,"",NA,NA,NA,NA,"","",NA,NA,NA,NA,"",NA,NA,NA,NA,"","",NA,NA,NA,NA,"",NA,NA,NA,NA,"","",NA,NA,NA,NA,"",NA,NA,NA,NA,"","",NA,NA,NA,NA,"",NA,NA,NA,"",NA,NA,NA,NA,"","",NA,NA,NA,NA,"","",NA,NA,NA,NA,"","Mimosa_diplotricha_diplotricha"
"Mimosa diplotricha var. odibilis","Mimosa_diplotricha_odibilis","Barneby_1991_Sensitivae_Censitae_treatment_0180.txt","7/9/2025 14:24",0,"","",NA,NA,NA,NA,"","","",NA,NA,NA,NA,"",NA,NA,NA,NA,"","","","",NA,NA,NA,NA,"",NA,NA,NA,NA,"","",NA,NA,NA,NA,"",NA,NA,NA,NA,"","",NA,NA,NA,NA,"",NA,NA,NA,NA,"","",NA,NA,NA,NA,"",NA,NA,NA,NA,"","",NA,NA,NA,NA,"",NA,NA,NA,"",NA,NA,NA,NA,"","",NA,NA,NA,NA,"","",NA,NA,NA,NA,"","Mimosa_diplotricha_odibilis"
"Mimosa supravisa","Mimosa_supravisa","Barneby_1991_Sensitivae_Censitae_treatment_0181.txt","7/9/2025 14:25",1,"subshrubs","",NA,NA,NA,NA,"","","",NA,NA,NA,NA,"",NA,NA,NA,NA,"","","capitula","globose",NA,NA,NA,NA,"",4,4.5,5.5,NA,"mm","pseudoraceme",6,8,30,NA,"mm",NA,NA,NA,NA,"","4-merous",NA,NA,NA,NA,"",NA,NA,NA,NA,"","",NA,0.15,0.3,NA,"mm",NA,NA,NA,NA,"","narrowly vase-shaped",1.5,1.8,2.4,NA,"mm",0.7,0.9,NA,"mm",0.45,0.45,0.6,0.6,"mm","8",NA,3.5,4,NA,"mm","pink",NA,NA,NA,NA,"","Mimosa_supravisa"
"Mimosa selloi","Mimosa_selloi","Barneby_1991_Sensitivae_Censitae_treatment_0182.txt","7/9/2025 14:26",1,"herbs","",NA,1,NA,NA,"m","","",NA,NA,NA,NA,"",NA,NA,NA,NA,"","","capitula","subglobose",NA,5,6,NA,"mm",4.5,4.5,5,5,"mm","",NA,1.5,4,NA,"cm",NA,NA,NA,NA,"","4-merous",NA,NA,NA,NA,"",NA,NA,NA,NA,"","turbinate-campanulate",0.4,0.4,0.6,0.6,"mm",0.1,0.1,0.2,0.2,"mm","narrowly vase-shaped",1.9,1.9,2.7,2.7,"mm",1.2,1.5,1.5,"mm",0.7,0.7,0.7,0.7,"mm","8",NA,3.5,3.5,NA,"mm","?pink",NA,NA,NA,NA,"","Mimosa_selloi"
"Mimosa suburbana","Mimosa_suburbana","Barneby_1991_Sensitivae_Censitae_treatment_0183.txt","7/9/2025 14:27",1,"subshrubs","",NA,8,11,NA,"dm","","",NA,NA,NA,NA,"",NA,NA,NA,NA,"","","capitula","globose",NA,NA,NA,NA,"",NA,3,4,NA,"mm","",12,15,30,NA,"mm",0.1,NA,0.15,NA,"mm","4-merous",NA,NA,NA,NA,"",NA,NA,NA,NA,"","campanulate",0.4,0.4,0.5,0.5,"mm",NA,NA,NA,NA,"","turbinate",2,2,2.5,2.5,"mm",NA,NA,NA,"",NA,NA,NA,NA,"","8",NA,3,3.5,NA,"mm","pink",NA,NA,NA,NA,"","Mimosa_suburbana"
"Mimosa pinetorum","Mimosa_pinetorum","Barneby_1991_Sensitivae_Censitae_treatment_0184.txt","7/9/2025 14:29",1,"subshrub","",NA,NA,1.5,NA,"m","","",NA,NA,NA,NA,"",NA,NA,NA,NA,"","","capitula","globose",NA,NA,NA,NA,"",NA,NA,NA,NA,"","",15,NA,30,NA,"mm",NA,NA,NA,NA,"","4-merous",NA,NA,NA,NA,"",NA,NA,NA,NA,"","campanulate",NA,0.3,0.3,NA,"mm",NA,NA,0.1,NA,"mm","narrowly vase-shaped",NA,2.3,2.3,NA,"mm",1.1,1.1,NA,"mm",NA,0.6,0.6,NA,"mm","8",NA,3.5,4,NA,"mm","",NA,NA,NA,NA,"","Mimosa_pinetorum"
"Mimosa maracayuensis","Mimosa_maracayuensis","Barneby_1991_Sensitivae_Censitae_treatment_0185.txt","7/9/2025 14:30",1,"herbaceous","slender woody",NA,7,20,NA,"dm","","",NA,NA,NA,NA,"",NA,NA,NA,NA,"","","capitula","globose",NA,NA,NA,NA,"",NA,5,7,NA,"mm","",4,4,9,9,"cm",NA,NA,NA,NA,"","4-merous",NA,NA,NA,NA,"",NA,NA,NA,NA,"","short-campanulate",NA,0.2,0.4,NA,"mm",NA,NA,NA,NA,"","narrowly turbinate",NA,2.3,3.1,NA,"mm",1,1.4,NA,"mm",NA,0.6,0.8,NA,"mm","8",NA,3.5,6,NA,"mm","pink",NA,NA,NA,NA,"","Mimosa_maracayuensis"
"Mimosa gracilis","Mimosa_gracilis","Barneby_1991_Sensitivae_Censitae_treatment_0186.txt","7/9/2025 14:31",1,"herbs","woody, when young carrot-like, in age knotty and amorphous",1,2,14,NA,"dm","","",NA,NA,NA,NA,"",NA,NA,NA,NA,"","","capitula","globose",NA,NA,NA,NA,"",NA,3,4.5,6,"mm","pseudoraceme",0.8,1,4.5,6,"cm",NA,NA,NA,NA,"","4-merous",NA,NA,NA,NA,"",NA,NA,NA,NA,"","campanulate",NA,0.2,0.4,NA,"mm",NA,NA,NA,NA,"","narrowly or, when relatively short, more broadly turbinate",NA,1.4,2.6,3,"mm",0.5,1.7,NA,"mm",NA,NA,NA,NA,"","8",NA,2.5,5.5,NA,"mm","vivid pink or lilac-pink",NA,NA,NA,NA,"","Mimosa_gracilis"
"Mimosa gracilis subsp. capillipes","Mimosa_gracilis_capillipes","Barneby_1991_Sensitivae_Censitae_treatment_0187.txt","7/9/2025 14:32",0,"humifuse","root-stock",NA,NA,NA,NA,"","","",NA,NA,NA,NA,"",NA,NA,NA,NA,"","","","",NA,1,4,6,"cm",NA,NA,NA,NA,"","",1,NA,4,6,"cm",NA,NA,NA,NA,"","",1,NA,4,6,"cm",NA,NA,NA,NA,"","",NA,NA,NA,NA,"",NA,NA,NA,NA,"","",NA,NA,NA,NA,"",NA,NA,NA,"",NA,NA,NA,NA,"","",NA,NA,NA,NA,"","",NA,NA,NA,NA,"","Mimosa_gracilis_capillipes"
"Mimosa gracilis subsp. capillipes var. capillipes","Mimosa_gracilis_capillipes_capillipes","Barneby_1991_Sensitivae_Censitae_treatment_0188.txt","7/9/2025 14:33",0,"","rootstock",NA,NA,NA,NA,"","","",NA,NA,NA,NA,"",NA,NA,NA,NA,"","","capitula","",NA,NA,NA,NA,"",NA,NA,NA,NA,"","",NA,NA,NA,NA,"",NA,NA,NA,NA,"","",NA,NA,NA,NA,"",NA,NA,NA,NA,"","",NA,NA,NA,NA,"",NA,NA,NA,NA,"","",NA,NA,NA,NA,"",NA,NA,NA,"",NA,NA,NA,NA,"","",NA,NA,NA,NA,"","",NA,NA,NA,NA,"","Mimosa_gracilis_capillipes"
"Mimosa gracilis subsp. capillipes var. invisiformis","Mimosa_gracilis_capillipes_invisiformis","Barneby_1991_Sensitivae_Censitae_treatment_0189.txt","7/9/2025 14:34",2,"","",950,1000,1600,1700,"m","","",NA,NA,NA,NA,"",NA,NA,NA,NA,"","","capitulum","",NA,NA,NA,NA,"",NA,NA,NA,NA,"","",NA,NA,NA,NA,"",NA,NA,NA,NA,"","",NA,NA,NA,NA,"",NA,NA,NA,NA,"","",NA,NA,NA,NA,"",NA,NA,NA,NA,"","",NA,NA,NA,NA,"",NA,NA,NA,"",NA,NA,NA,NA,"","",NA,NA,NA,NA,"","",NA,NA,NA,NA,"","Mimosa_gracilis_invisiformis"
"Mimosa gracilis subsp. gracilis","Mimosa_gracilis_gracilis","Barneby_1991_Sensitivae_Censitae_treatment_0190.txt","7/9/2025 14:36",2,"","",NA,NA,NA,NA,"","","",NA,NA,NA,NA,"",NA,NA,NA,NA,"","","","",NA,NA,NA,NA,"",NA,NA,NA,NA,"","",NA,NA,NA,NA,"",NA,NA,NA,NA,"","",NA,NA,NA,NA,"",NA,NA,NA,NA,"","",NA,NA,NA,NA,"",NA,NA,NA,NA,"","",NA,NA,NA,NA,"",NA,NA,NA,"",NA,NA,NA,NA,"","",NA,NA,NA,NA,"","",NA,NA,NA,NA,"","Mimosa_gracilis_gracilis"
"Mimosa gracilis subsp. gracilis var. gracilis","Mimosa_gracilis_gracilis_gracilis","Barneby_1991_Sensitivae_Censitae_treatment_0191.txt","7/9/2025 14:37",2,"humifuse","",NA,NA,NA,NA,"dm","","",NA,NA,NA,NA,"",NA,NA,NA,NA,"","","","",NA,NA,NA,NA,"",NA,NA,NA,NA,"","",NA,NA,NA,NA,"",NA,NA,NA,NA,"","",NA,NA,NA,NA,"",NA,NA,NA,NA,"","",NA,NA,NA,NA,"",NA,NA,NA,NA,"","",NA,NA,NA,NA,"",NA,NA,NA,"",NA,NA,NA,NA,"","",NA,NA,NA,NA,"","",NA,NA,NA,NA,"","Mimosa_gracilis_gracilis"
"Mimosa gracilis subsp. gracilis var. brevissima","Mimosa_gracilis_gracilis_brevissima","Barneby_1991_Sensitivae_Censitae_treatment_0192.txt","7/9/2025 14:38",2,"Stems at first anthesis tufted 1-4 dm, later diffusely elongating or humifuse","",NA,1,4,NA,"dm","","",NA,NA,NA,NA,"",NA,NA,NA,NA,"","","","",NA,NA,NA,NA,"",NA,NA,NA,NA,"","",NA,NA,NA,NA,"",NA,NA,NA,NA,"","",NA,NA,NA,NA,"",NA,NA,NA,NA,"","",NA,NA,NA,NA,"",NA,NA,NA,NA,"","",NA,NA,NA,NA,"",NA,NA,NA,"",NA,NA,NA,NA,"","",NA,NA,NA,NA,"","",NA,NA,NA,NA,"","Mimosa_gracilis_brevissima"
"Mimosa gracilis subsp. filiformis","Mimosa_gracilis_filiformis","Barneby_1991_Sensitivae_Censitae_treatment_0193.txt","7/9/2025 14:39",2,"","",NA,NA,NA,NA,"","","",NA,NA,NA,NA,"",NA,NA,NA,NA,"","","","",NA,NA,NA,NA,"",NA,NA,NA,NA,"","",NA,NA,NA,NA,"",NA,NA,NA,NA,"","",NA,NA,NA,NA,"",NA,NA,NA,NA,"","",NA,NA,NA,NA,"",NA,NA,NA,NA,"","",NA,NA,NA,NA,"",NA,NA,NA,"",NA,NA,NA,NA,"","",NA,NA,NA,NA,"","",NA,NA,NA,NA,"","Mimosa_gracilis_filiformis"
"Mimosa gracilis subsp. filiformis var. filiformis","Mimosa_gracilis_filiformis_filiformis","Barneby_1991_Sensitivae_Censitae_treatment_0194.txt","7/9/2025 14:40",2,"humifuse","",NA,7,10,NA,"dm","","",NA,NA,NA,NA,"",NA,NA,NA,NA,"","","","",NA,NA,NA,NA,"",NA,NA,NA,NA,"","",NA,NA,NA,NA,"",NA,NA,NA,NA,"","",NA,NA,NA,NA,"",NA,NA,NA,NA,"","",NA,NA,NA,NA,"",NA,NA,NA,NA,"","",NA,NA,NA,NA,"",NA,NA,NA,"",NA,NA,NA,NA,"","",NA,NA,NA,NA,"","",NA,NA,NA,NA,"","Mimosa_gracilis_filiformis"
"Mimosa gracilis subsp. filiformis var. stipitata","Mimosa_gracilis_filiformis_stipitata","Barneby_1991_Sensitivae_Censitae_treatment_0195.txt","7/9/2025 14:41",2,"","",NA,6,10,NA,"dm","","",NA,NA,NA,NA,"",NA,NA,NA,NA,"","","","",NA,NA,NA,NA,"",NA,NA,NA,NA,"","",NA,NA,NA,NA,"",NA,NA,NA,NA,"","",NA,NA,NA,NA,"",NA,NA,NA,NA,"","",NA,NA,NA,NA,"",NA,NA,NA,NA,"","",NA,NA,NA,NA,"",NA,NA,NA,"",NA,NA,NA,NA,"","",NA,NA,NA,NA,"","",NA,NA,NA,NA,"","Mimosa_gracilis_stipitata"
"Mimosa gracilis subsp. filiformis var. longipes","Mimosa_gracilis_filiformis_longipes","Barneby_1991_Sensitivae_Censitae_treatment_0196.txt","7/9/2025 14:42",0,"","",NA,4,7,NA,"dm","","",NA,NA,NA,NA,"",NA,NA,NA,NA,"","","","",NA,NA,NA,NA,"",NA,NA,NA,NA,"","",NA,NA,NA,NA,"",NA,NA,NA,NA,"","",NA,NA,NA,NA,"",NA,NA,NA,NA,"","",NA,NA,NA,NA,"",NA,NA,NA,NA,"","",NA,NA,NA,NA,"",NA,NA,NA,"",NA,NA,NA,NA,"","",NA,NA,NA,NA,"","",NA,NA,NA,NA,"","Mimosa_gracilis_longipes"
"Mimosa gracilis subsp. filiformis var. leiocarpa","Mimosa_gracilis_filiformis_leiocarpa","Barneby_1991_Sensitivae_Censitae_treatment_0197.txt","7/9/2025 14:43",0,"Stems humifuse","",2,NA,6.5,NA,"dm","","",NA,NA,NA,NA,"",NA,NA,NA,NA,"","","","",NA,NA,NA,NA,"",NA,NA,NA,NA,"","",NA,NA,NA,NA,"",NA,NA,NA,NA,"","",NA,NA,NA,NA,"",NA,NA,NA,NA,"","",NA,NA,NA,NA,"",NA,NA,NA,NA,"","",NA,NA,NA,NA,"",NA,NA,NA,"",NA,NA,NA,NA,"","",NA,NA,NA,NA,"","",NA,NA,NA,NA,"","Mimosa_gracilis_leiocarpa"
"Mimosa burchellii","Mimosa_burchellii","Barneby_1991_Sensitivae_Censitae_treatment_0198.txt","7/9/2025 14:44",1,"Herbaceous","taproot",NA,NA,NA,NA,"","","",NA,NA,NA,NA,"",NA,NA,NA,NA,"","","capitula","globose",NA,NA,NA,NA,"",NA,5,5,NA,"mm","",NA,1.5,2,NA,"cm",NA,NA,NA,NA,"","4-merous",NA,NA,NA,NA,"",NA,NA,NA,NA,"","truncate",NA,0.2,0.2,NA,"mm",NA,NA,NA,NA,"","broadly vase-shaped",1.8,1.8,2.2,2.2,"mm",0.8,0.9,0.9,"mm",NA,NA,NA,NA,"","8",NA,3.5,4,NA,"mm","pink",NA,NA,NA,NA,"","Mimosa_burchellii"
"Mimosa pratincola","Mimosa_pratincola","Barneby_1991_Sensitivae_Censitae_treatment_0199.txt","7/9/2025 14:45",0,"perennial herbs","",NA,NA,1,NA,"m","","",NA,NA,NA,NA,"",NA,NA,NA,NA,"","","capitula","globose or plumply ellipsoid",NA,NA,NA,NA,"",NA,5.5,5.5,NA,"mm","pseudoracemose",NA,3,4,NA,"m",NA,NA,NA,NA,"","4-merous",NA,NA,NA,NA,"",NA,NA,NA,NA,"","",NA,0.5,0.7,NA,"mm",NA,NA,NA,NA,"","",NA,3,3,NA,"mm",1.5,1.8,NA,"mm",NA,NA,NA,NA,"","4",NA,4.5,4.5,NA,"mm","pink",NA,NA,NA,NA,"","Mimosa_pratincola"
"Mimosa gatesiae","Mimosa_gatesiae","Barneby_1991_Sensitivae_Censitae_treatment_0200.txt","7/9/2025 14:47",1,"herb","knotty caudex either terminating or lateral to an oblique woody rootstock to 5 mm diam. or from a thick-topped xylopodium",NA,1,3,NA,"dm","","",NA,NA,NA,NA,"",NA,NA,NA,NA,"","","capitula","globose",NA,NA,NA,NA,"",NA,3.5,4.5,NA,"mm","pseudoraceme",10,10,18,18,"mm",NA,NA,NA,NA,"","4-merous",NA,NA,NA,NA,"",NA,NA,NA,NA,"","",NA,0.4,0.65,NA,"mm",NA,NA,NA,NA,"","broadly turbinate",1.7,1.7,2.5,2.5,"mm",1,1.2,1.2,"mm",NA,NA,NA,NA,"","8",NA,2.5,4,NA,"mm","pale or vivid pink",NA,NA,NA,NA,"","Mimosa_gatesiae"
"Mimosa diptera","Mimosa_diptera","Barneby_1991_Sensitivae_Censitae_treatment_0201.txt","7/9/2025 14:48",1,"herb","xylopodium",NA,9,15,NA,"dm","","",NA,NA,NA,NA,"",NA,NA,NA,NA,"","","capitula","globose moriform",NA,NA,NA,NA,"",NA,3,4,NA,"mm","panicle",8,8,12,12,"mm",NA,NA,NA,NA,"","4-merous",NA,NA,NA,NA,"",NA,NA,NA,NA,"","",NA,0.4,0.8,NA,"mm",NA,NA,NA,NA,"","turbinate",NA,1.7,2.8,NA,"mm",0.9,1.5,NA,"mm",NA,NA,NA,NA,"","8",NA,2.5,3.5,NA,"mm","pink",NA,NA,NA,NA,"","Mimosa_cuiabensis"
"Mimosa multiceps","Mimosa_multiceps","Barneby_1991_Sensitivae_Censitae_treatment_0202.txt","7/9/2025 14:49",1,"herbs","woody",NA,NA,NA,NA,"","","",NA,NA,NA,NA,"",NA,NA,NA,NA,"","","capitula","subglobose",NA,NA,NA,NA,"",NA,6,7,NA,"mm","",NA,2,5.5,NA,"cm",NA,NA,NA,NA,"","4-5(-6)-merous",NA,NA,NA,NA,"",NA,NA,NA,NA,"","campanulate",NA,0.3,0.6,NA,"mm",NA,NA,NA,NA,"","turbinate-campanulate",2.8,2.8,3.2,3.2,"mm",1,1,NA,"mm",NA,NA,NA,NA,"","diplostemonous",5.5,NA,7.5,NA,"mm","pink",NA,NA,NA,NA,"","Mimosa_multiceps"
"Mimosa piptoptera","Mimosa_piptoptera","Barneby_1991_Sensitivae_Censitae_treatment_0203.txt","7/9/2025 14:50",0,"suffrutescent Aerbs","carrot-like root",1,2.5,7,NA,"dm","","",NA,NA,NA,NA,"",NA,NA,NA,NA,"","","capitula","globose",NA,4,5,NA,"mm",NA,NA,NA,NA,"","",NA,NA,NA,NA,"",NA,NA,NA,NA,"","4-merous",NA,1,2.5,NA,"cm",NA,NA,NA,NA,"","campanulate",NA,0.3,0.4,NA,"mm",NA,NA,NA,NA,"","turbinate-campanulate",NA,2.1,2.4,NA,"mm",0.9,1.3,NA,"mm",NA,NA,NA,NA,"","8",NA,3,4,NA,"mm","pink",NA,NA,NA,NA,"","Mimosa_piptoptera"
"Mimosa paucifolia","Mimosa_paucifolia","Barneby_1991_Sensitivae_Censitae_treatment_0204.txt","7/9/2025 14:51",1,"herbs","woody",NA,2,4.5,NA,"dm","","",NA,NA,NA,NA,"",NA,NA,NA,NA,"","","capitula","globose",NA,NA,NA,NA,"",NA,3.5,5.5,NA,"mm","",1.5,NA,4.5,NA,"cm",NA,NA,NA,NA,"","4-merous",NA,NA,NA,NA,"",NA,NA,NA,NA,"","",0.2,0.2,0.4,0.4,"mm",NA,NA,NA,NA,"","turbinate or vase-shaped",NA,1.2,2.3,NA,"mm",0.7,1.2,NA,"mm",NA,NA,NA,NA,"","8",NA,2.5,5,NA,"mm","pink",NA,NA,NA,NA,"","Mimosa_paucifolia"
"Mimosa paucifolia var. paucifolia","Mimosa_paucifolia_paucifolia","Barneby_1991_Sensitivae_Censitae_treatment_0205.txt","7/9/2025 14:52",0,"","",700,NA,900,NA,"m","","",NA,NA,NA,NA,"",NA,NA,NA,NA,"","","capitula","",NA,4,5.5,NA,"mm",NA,NA,NA,NA,"","",NA,NA,NA,NA,"",NA,NA,NA,NA,"","",NA,NA,NA,NA,"",NA,NA,NA,NA,"","",NA,0.4,0.4,NA,"mm",NA,NA,NA,NA,"","",NA,2,2.3,NA,"mm",NA,NA,NA,"",NA,NA,NA,NA,"","",NA,4,5.5,NA,"mm","",NA,NA,NA,NA,"","Mimosa_paucifolia_paucifolia"
"Mimosa paucifolia var. scoparia","Mimosa_paucifolia_scoparia","Barneby_1991_Sensitivae_Censitae_treatment_0206.txt","7/9/2025 14:53",0,"","",NA,NA,NA,NA,"","","",NA,NA,NA,NA,"",NA,NA,NA,NA,"","","capitula","",NA,3.5,4,NA,"mm",NA,NA,NA,NA,"","",NA,NA,NA,NA,"",NA,NA,NA,NA,"","",NA,NA,NA,NA,"",NA,NA,NA,NA,"","",NA,NA,NA,NA,"",NA,NA,NA,NA,"","",NA,1.2,2,NA,"mm",NA,NA,NA,"",NA,NA,NA,NA,"","",NA,NA,2.5,NA,"mm","",NA,NA,NA,NA,"","Mimosa_paucifolia_scoparia"
"Mimosa phyllodinea","Mimosa_phyllodinea","Barneby_1991_Sensitivae_Censitae_treatment_0207.txt","7/9/2025 14:54",1,"herbs","carrot-shaped woody",NA,2,4.5,NA,"dm","","",NA,NA,NA,NA,"",NA,NA,NA,NA,"","","capitula","globose",NA,NA,NA,NA,"",NA,4.5,5.5,NA,"mm","pseudoraceme",NA,8,35,NA,"mm",NA,NA,NA,NA,"","4-merous",NA,NA,NA,NA,"",NA,NA,NA,NA,"","",NA,0.3,0.4,NA,"mm",NA,NA,NA,NA,"","broadly or narrowly turbinate-campanulate",1.7,1.7,2.9,2.9,"mm",0.8,1.1,1.1,"mm",NA,NA,NA,NA,"","8",4.5,4.5,6,6,"mm","pink",NA,NA,NA,NA,"","Mimosa_phyllodinea"
"Mimosa phyllodinea var. phyllodinea","Mimosa_phyllodinea_phyllodinea","Barneby_1991_Sensitivae_Censitae_treatment_0208.txt","7/9/2025 14:56",0,"","",NA,NA,NA,NA,"","","",NA,NA,NA,NA,"",NA,NA,NA,NA,"","","","",NA,NA,NA,NA,"",NA,NA,NA,NA,"","",NA,NA,NA,NA,"",NA,NA,NA,NA,"","",NA,NA,NA,NA,"",NA,NA,NA,NA,"","",NA,NA,NA,NA,"",NA,NA,NA,NA,"","",NA,NA,NA,NA,"",NA,NA,NA,"",NA,NA,NA,NA,"","",NA,NA,NA,NA,"","",NA,NA,NA,NA,"","Mimosa_phyllodinea_phyllodinea"
"Mimosa phyllodinea var. phyllorrhoea","Mimosa_phyllodinea_phyllorrhoea","Barneby_1991_Sensitivae_Censitae_treatment_0209.txt","7/9/2025 14:57",0,"","",NA,NA,NA,NA,"","","",NA,NA,NA,NA,"",NA,NA,NA,NA,"","","","",NA,NA,NA,NA,"",NA,NA,NA,NA,"","",NA,NA,NA,NA,"",NA,NA,NA,NA,"","",NA,NA,NA,NA,"",NA,NA,NA,NA,"","",NA,NA,NA,NA,"",NA,NA,NA,NA,"","",NA,NA,NA,NA,"",NA,NA,NA,"",NA,NA,NA,NA,"","",NA,NA,NA,NA,"","",NA,NA,NA,NA,"","Mimosa_phyllodinea_phyllorrhoea"
"Mimosa equisetum","Mimosa_equisetum","Barneby_1991_Sensitivae_Censitae_treatment_0210.txt","7/9/2025 14:58",0,"kerbs","shortly branched subterranean caudex",NA,1,3,NA,"dm","","",NA,NA,NA,NA,"",NA,NA,NA,NA,"","","capitula","globose",NA,6,7,NA,"mm",NA,6,7,NA,"mm","",2.5,NA,5,NA,"cm",NA,NA,NA,NA,"","merous",2.5,NA,5,NA,"cm",NA,NA,NA,NA,"","",NA,0.4,0.5,NA,"mm",0.15,NA,0.2,NA,"mm","turbinate",NA,3,3.5,NA,"mm",1.1,1.4,NA,"mm",NA,0.8,0.8,NA,"mm","",NA,6,7.5,NA,"mm","pink",NA,NA,NA,NA,"","Mimosa_equisetum"
"Mimosa flabellifolia","Mimosa_flabellifolia","Barneby_1991_Sensitivae_Censitae_treatment_0211.txt","7/9/2025 14:59",1,"herbs","xylopodium",NA,2,3.5,5,"dm","","",NA,NA,NA,NA,"",NA,NA,NA,NA,"","","capitula","",NA,NA,NA,NA,"",NA,NA,NA,NA,"","terminal pseudoraceme",NA,8,8,NA,"mm",NA,NA,NA,NA,"","",NA,NA,NA,NA,"",NA,NA,NA,NA,"","",NA,NA,NA,NA,"",NA,NA,NA,NA,"","",NA,NA,NA,NA,"",NA,NA,NA,"",NA,NA,NA,NA,"","",NA,NA,NA,NA,"","",NA,NA,NA,NA,"","Mimosa_flabellifolia"
"Mimosa adenocarpa","Mimosa_adenocarpa","Barneby_1991_Sensitivae_Censitae_treatment_0212.txt","7/9/2025 15:00",1,"shrubs and subshrubs","",NA,2,3,NA,"m","","",NA,NA,NA,NA,"",NA,NA,NA,NA,"","","capitula","moriform",4,NA,7.5,NA,"mm",NA,4,7.5,NA,"mm","pseudoraceme",1,1,3,NA,"cm",NA,NA,NA,NA,"","4-merous",NA,NA,NA,NA,"",NA,NA,NA,NA,"","campanulate",0.2,0.2,0.5,0.5,"mm",NA,NA,NA,NA,"","vase-shaped",NA,2.4,3,NA,"mm",0.7,0.9,NA,"mm",NA,NA,NA,NA,"","8",NA,5,6,NA,"mm","pink",NA,NA,NA,NA,"","Mimosa_adenocarpa"
"Mimosa orthocarpa","Mimosa_orthocarpa","Barneby_1991_Sensitivae_Censitae_treatment_0213.txt","7/9/2025 15:01",1,"","",NA,NA,NA,NA,"","","",NA,NA,NA,NA,"",NA,NA,NA,NA,"","","capitula","moriform",NA,NA,7.5,NA,"mm",NA,4,7.5,NA,"mm","pseudoraceme",NA,1,3,NA,"cm",NA,NA,NA,NA,"","4-merous",NA,NA,NA,NA,"",NA,NA,NA,NA,"","campanulate",0.2,0.2,0.5,0.5,"mm",NA,NA,NA,NA,"","vase-shaped",NA,2.4,3,NA,"mm",0.7,0.9,NA,"mm",NA,NA,NA,NA,"","8",NA,5,6,NA,"mm","pink",NA,NA,NA,NA,"","Mimosa_orthocarpa"
"Mimosa corynadenia","Mimosa_corynadenia","Barneby_1991_Sensitivae_Censitae_treatment_0214.txt","7/9/2025 15:02",1,"shrub or subshrub","",NA,NA,NA,NA,"","","",NA,NA,NA,NA,"",NA,NA,NA,NA,"","","capitula","globose or plumply ellipsoid",NA,NA,NA,NA,"",NA,5,5,NA,"mm","pseudoracemose",1.5,2,5.5,NA,"cm",NA,NA,NA,NA,"","4-5-merous",NA,NA,NA,NA,"",NA,NA,NA,NA,"","",NA,0.2,0.3,NA,"mm",NA,NA,NA,NA,"","turbinate",NA,2.5,2.8,NA,"mm",0.7,1.1,NA,"mm",NA,0.8,0.8,NA,"mm","10-Aug",NA,5.5,6,NA,"mm","""white"" in Brazil, ""pink"" in Venezuela",NA,NA,NA,NA,"","Mimosa_corynadenia"
"Mimosa inamoena","Mimosa_inamoena","Barneby_1991_Sensitivae_Censitae_treatment_0215.txt","7/9/2025 15:04",0,"shrubs","",NA,NA,1,NA,"m","","",NA,NA,NA,NA,"",NA,NA,NA,NA,"","","capitula","globose",NA,3,3.5,NA,"mm",NA,3,3.5,NA,"mm","paniculate",6,6,11,11,"mm",NA,NA,NA,NA,"","4-merous",NA,NA,NA,NA,"",NA,NA,NA,NA,"","campanulate",NA,0.2,0.2,NA,"mm",NA,NA,NA,NA,"","turbinate",NA,1.8,1.8,NA,"mm",0.8,0.8,NA,"mm",NA,0.6,0.6,NA,"mm","8",NA,NA,2.5,NA,"mm","pink",NA,NA,NA,NA,"","Mimosa_inamoena"
"Mimosa hypnodes","Mimosa_hypnodes","Barneby_1991_Sensitivae_Censitae_treatment_0216.txt","7/9/2025 15:05",0,"shrubs or subshrubs","",NA,6,15,NA,"dm","","",NA,NA,NA,NA,"",NA,NA,NA,NA,"","","capitula","",NA,NA,NA,NA,"",4,NA,4,NA,"mm","pseudoracemose",NA,NA,NA,NA,"",NA,NA,NA,NA,"","4-merous",NA,NA,NA,NA,"",NA,NA,NA,NA,"","",NA,0.35,0.4,NA,"mm",NA,NA,NA,NA,"","turbinate-campanulate",NA,2.6,3,NA,"mm",1,1,NA,"mm",NA,NA,NA,NA,"","8",NA,NA,NA,NA,"","",NA,NA,NA,NA,"","Mimosa_hypnodes"
"Mimosa tobatiensis","Mimosa_tobatiensis","Barneby_1991_Sensitivae_Censitae_treatment_0217.txt","7/9/2025 15:06",0,"shrubs","",NA,NA,1,NA,"m","","",NA,NA,NA,NA,"",NA,NA,NA,NA,"","","capitula","ellipsoid",8,8,10,10,"mm",4.5,4.5,4.5,4.5,"mm","pseudoracemose",1.5,1.5,3.5,3.5,"cm",NA,NA,NA,NA,"","4-merous",NA,1.5,3.5,NA,"cm",NA,NA,NA,NA,"","campanulate",0.45,0.45,0.6,0.6,"mm",NA,NA,NA,NA,"","turbinate",NA,2.3,2.9,NA,"mm",1,1.3,NA,"mm",NA,0.8,0.9,NA,"mm","8",NA,4.5,4.5,NA,"mm","pink",NA,NA,NA,NA,"","Mimosa_tobatiensis"
"Mimosa aureliana","Mimosa_aureliana","Barneby_1991_Sensitivae_Censitae_treatment_0218.txt","7/9/2025 15:08",0,"shrubs","",NA,2,NA,NA,"m","present","narrow ventral groove bridged between each pinna-pair",0.4,NA,0.9,NA,"mm",NA,NA,NA,NA,"","ascending stramineous spicule","capitula","globose",NA,NA,NA,NA,"",NA,4,4,NA,"mm","pseudoracemose",6,6,14,14,"mm",NA,NA,NA,NA,"","4-merous",NA,6,14,NA,"mm",NA,NA,NA,NA,"","campanulate",NA,0.3,0.3,NA,"mm",NA,NA,NA,NA,"","",NA,NA,NA,NA,"",1,1,NA,"mm",NA,0.7,0.7,NA,"mm","8",NA,NA,3,NA,"mm","lilac-pink",NA,NA,NA,NA,"","Mimosa_aureliana"
"Mimosa uliginosa","Mimosa_uliginosa","Barneby_1991_Sensitivae_Censitae_treatment_0219.txt","7/9/2025 15:09",1,"shrubs and treelets","",1,2,3,NA,"m","","",NA,NA,NA,NA,"",NA,NA,NA,NA,"","","capitula","ellipsoid",6,6,10,10,"mm",4,4,5,5.5,"mm","pseudoraceme",NA,13,30,34,"mm",NA,NA,NA,NA,"","4-merous",NA,NA,NA,NA,"",NA,NA,NA,NA,"","turbinate-campanulate",0.4,0.4,0.6,0.6,"mm",NA,NA,NA,NA,"","",NA,2,2.7,2.8,"mm",0.9,1.2,NA,"mm",NA,0.65,0.9,NA,"mm","8",NA,5.5,7.5,NA,"mm","pink",NA,NA,NA,NA,"","Mimosa_uliginosa"
"Mimosa glanduliseta","Mimosa_glanduliseta","Barneby_1991_Sensitivae_Censitae_treatment_0220.txt","7/9/2025 15:10",0,"shrubs or subshrubs","",NA,NA,5,NA,"dm","present","leaf-stalk",NA,NA,NA,NA,"",NA,NA,NA,NA,"","","capitula","ellipsoid",8,8,11,11,"mm",5.5,5.5,6,6,"mm","",2.5,2.5,3.5,3.5,"cm",NA,NA,NA,NA,"","4-merous",2.5,3,3.5,NA,"cm",NA,NA,NA,NA,"","shallowly campanulate",NA,0.3,0.4,NA,"mm",NA,NA,NA,NA,"","funnelform",NA,1.9,2.4,NA,"mm",0.8,1,NA,"mm",NA,0.6,0.6,NA,"mm","8",NA,6.5,8.5,NA,"mm","pink",NA,NA,NA,NA,"","Mimosa_glanduliseta"
"Mimosa paraguariae","Mimosa_paraguariae","Barneby_1991_Sensitivae_Censitae_treatment_0221.txt","7/9/2025 15:11",0,"subshrubs, small shrubs","slenderly fusiform woody root or xylopodium",3,4,12,NA,"dm","","",NA,NA,NA,NA,"",NA,NA,NA,NA,"","","capitula","globose",NA,6.5,10.5,12,"mm",NA,NA,NA,NA,"","",1.2,1.5,9,NA,"cm",NA,NA,NA,NA,"","4-merous",1.2,1.5,9,NA,"cm",NA,NA,NA,NA,"","campanulate",0.25,0.25,0.65,0.65,"mm",NA,NA,NA,NA,"","narrowly funnelform",NA,2.8,4.7,NA,"mm",0.8,1.3,NA,"mm",NA,0.6,1,NA,"mm","8",NA,NA,NA,NA,"mm","pink",NA,NA,NA,NA,"","Mimosa_paraguariae"
"Mimosa paraguariae var. paraguariae","Mimosa_paraguariae_paraguariae","Barneby_1991_Sensitivae_Censitae_treatment_0222.txt","7/9/2025 15:12",0,"","",NA,NA,NA,NA,"","","",NA,NA,NA,NA,"",NA,NA,NA,NA,"","","","",NA,NA,NA,NA,"",NA,NA,NA,NA,"","",NA,NA,NA,NA,"",NA,NA,NA,NA,"","",NA,NA,NA,NA,"",NA,NA,NA,NA,"","",NA,NA,NA,NA,"",NA,NA,NA,NA,"","",NA,NA,NA,NA,"",NA,NA,NA,"",NA,NA,NA,NA,"","",NA,NA,NA,NA,"","",NA,NA,NA,NA,"","Mimosa_paraguariae_paraguariae"
"Mimosa paraguariae var. chacoénsis","Mimosa_paraguariae_chacoénsis","Barneby_1991_Sensitivae_Censitae_treatment_0223.txt","7/9/2025 15:14",0,"","",NA,NA,NA,NA,"","","",1.24,1.5,4,NA,"mm",NA,NA,NA,NA,"","","","",NA,NA,NA,NA,"",NA,NA,NA,NA,"","",1.24,1.5,4,NA,"mm",NA,NA,NA,NA,"","",1.24,1.5,4,NA,"mm",NA,NA,NA,NA,"","",NA,NA,NA,NA,"",NA,NA,NA,NA,"","",NA,NA,NA,NA,"",NA,NA,NA,"",NA,NA,NA,NA,"","",1.24,1.5,4,NA,"mm","",NA,NA,NA,NA,"","Mimosa_paraguariae_paraguariae"
"Mimosa paraguariae var. multiglandulosa","Mimosa_paraguariae_multiglandulosa","Barneby_1991_Sensitivae_Censitae_treatment_0224.txt","7/9/2025 15:15",0,"","",NA,NA,NA,NA,"","","",NA,NA,NA,NA,"",NA,NA,NA,NA,"","","","",NA,NA,NA,NA,"",NA,NA,NA,NA,"","",NA,NA,NA,NA,"",NA,NA,NA,NA,"","",NA,NA,NA,NA,"",NA,NA,NA,NA,"","",NA,NA,NA,NA,"",NA,NA,NA,NA,"","",NA,NA,NA,NA,"",NA,NA,NA,"",NA,NA,NA,NA,"","",NA,NA,NA,NA,"","",NA,NA,NA,NA,"","Mimosa_paraguariae_multiglandulosa"
"Mimosa paraguariae var. tomentosa","Mimosa_paraguariae_tomentosa","Barneby_1991_Sensitivae_Censitae_treatment_0225.txt","7/9/2025 15:16",0,"","",NA,NA,NA,NA,"","","",NA,NA,NA,NA,"",NA,NA,NA,NA,"","","","",NA,NA,NA,NA,"",NA,NA,NA,NA,"","",NA,NA,NA,NA,"",NA,NA,NA,NA,"","",NA,NA,NA,NA,"",NA,NA,NA,NA,"","",NA,NA,NA,NA,"",NA,NA,NA,NA,"","",NA,NA,NA,NA,"",NA,NA,NA,"",NA,NA,NA,NA,"","",NA,NA,NA,NA,"","",NA,NA,NA,NA,"","Mimosa_paraguariae_tomentosa"
"Mimosa cordobensis","Mimosa_cordobensis","Barneby_1991_Sensitivae_Censitae_treatment_0226.txt","7/9/2025 15:17",0,"Ascending or trailing shrublets","",NA,NA,7,NA,"dm","","",NA,NA,NA,NA,"",NA,NA,NA,NA,"","","capitula","globose",NA,6,7,NA,"mm",NA,6,7,NA,"mm","",NA,3,4,NA,"cm",NA,NA,NA,NA,"","4-merous",NA,3,4,NA,"cm",NA,NA,NA,NA,"","turbinate",NA,0.5,0.5,NA,"mm",NA,NA,NA,NA,"","",NA,2.5,3,NA,"mm",NA,NA,NA,"",NA,NA,NA,NA,"","8",NA,5,5,NA,"mm","pink",NA,NA,NA,NA,"","Mimosa_cordobensis"
"Mimosa iperoensis","Mimosa_iperoensis","Barneby_1991_Sensitivae_Censitae_treatment_0227.txt","7/9/2025 15:18",0,"shrubs or subshrubs","woody taproot or xylopodium",NA,4,8,NA,"dm","","",NA,NA,NA,NA,"",NA,NA,NA,NA,"","","capitula","globose",NA,4.5,6,NA,"mm",NA,NA,NA,NA,"","axillary",1.5,NA,3.5,NA,"cm",NA,NA,NA,NA,"","4-merous",1.5,NA,3.5,NA,"cm",NA,NA,NA,NA,"","campanulate",NA,NA,NA,NA,"",NA,NA,NA,NA,"","narrowly funnelform",2,NA,3.2,NA,"mm",NA,1.2,NA,"mm",0.6,NA,0.75,NA,"mm","",NA,4,5,NA,"mm","pink",NA,NA,NA,NA,"","Mimosa_iperoensis"
"Mimosa iperoensis var. paradenia","Mimosa_iperoensis_paradenia","Barneby_1991_Sensitivae_Censitae_treatment_0228.txt","7/9/2025 15:20",0,"","",200,300,NA,NA,"m","","",NA,NA,NA,NA,"",NA,NA,NA,NA,"","","","",NA,NA,NA,NA,"",NA,NA,NA,NA,"","",NA,NA,NA,NA,"",NA,NA,NA,NA,"","",NA,NA,NA,NA,"",NA,NA,NA,NA,"","",NA,NA,NA,NA,"",NA,NA,NA,NA,"","",NA,NA,NA,NA,"",NA,NA,NA,"",NA,NA,NA,NA,"","",NA,NA,NA,NA,"","",NA,NA,NA,NA,"","Mimosa_iperoensis_paradenia"
"Mimosa iperoensis var. iperoénsis","Mimosa_iperoensis_iperoénsis","Barneby_1991_Sensitivae_Censitae_treatment_0229.txt","7/9/2025 15:21",0,"","",NA,NA,NA,NA,"","","",NA,NA,NA,NA,"",NA,NA,NA,NA,"","","","",NA,NA,NA,NA,"",NA,NA,NA,NA,"","",NA,NA,NA,NA,"",NA,NA,NA,NA,"","",NA,NA,NA,NA,"",NA,NA,NA,NA,"","",NA,NA,NA,NA,"",NA,NA,NA,NA,"","",NA,NA,NA,NA,"",NA,NA,NA,"",NA,NA,NA,NA,"","",NA,NA,NA,NA,"","",NA,NA,NA,NA,"","Mimosa_iperoensis_iperoensis"
"Mimosa kermesina","Mimosa_kermesina","Barneby_1991_Sensitivae_Censitae_treatment_0230.txt","7/9/2025 15:22",0,"shrubs","",NA,NA,1,NA,"m","","",NA,NA,NA,NA,"",NA,NA,NA,NA,"","","capitula","globose",NA,NA,NA,NA,"",NA,5,5,NA,"mm","",NA,11,16,NA,"mm",NA,NA,NA,NA,"","",NA,11,16,NA,"mm",NA,NA,NA,NA,"","",NA,NA,NA,NA,"",NA,NA,NA,NA,"","",NA,NA,NA,NA,"",NA,NA,NA,"",NA,NA,NA,NA,"","",NA,NA,NA,NA,"","",NA,NA,NA,NA,"","Mimosa_kermesina"
"Mimosa cruenta","Mimosa_cruenta","Barneby_1991_Sensitivae_Censitae_treatment_0231.txt","7/9/2025 15:23",1,"subshrubs","heavy woody rootstock",NA,5,15,NA,"dm","","",NA,NA,NA,NA,"",NA,NA,NA,NA,"","","capitula","globose",NA,NA,NA,NA,"",6,6,7,7,"mm","",NA,14,38,NA,"mm",NA,NA,NA,NA,"","(3-)4(-5)-merous",NA,NA,NA,NA,"",NA,NA,NA,NA,"","campanulate",0.7,0.7,1.2,1.2,"mm",0.25,0.25,0.4,0.4,"mm","turbinate",NA,2.7,3.3,NA,"mm",0.75,1,NA,"mm",NA,0.7,1,NA,"mm","8",NA,4,5.5,NA,"mm","bright pink",NA,NA,NA,NA,"","Mimosa_cruenta"
"Mimosa pseudotrachycarpa","Mimosa_pseudotrachycarpa","Barneby_1991_Sensitivae_Censitae_treatment_0232.txt","7/9/2025 15:24",0,"shrubs","",NA,9,12,NA,"dm","","",NA,NA,NA,NA,"",NA,NA,NA,NA,"","","capitula","globose or plumply ellipsoid",NA,7,NA,NA,"mm",5,6,NA,NA,"mm","forming an effuse leafy thyrse or panicle",NA,5,30,NA,"mm",NA,NA,NA,NA,"","4-merous",NA,NA,NA,NA,"mm",NA,NA,NA,NA,"","campanulate",0.6,0.6,0.8,0.8,"mm",0.1,0.1,0.25,0.25,"mm","narrowly turbinate",NA,2.1,3,NA,"mm",0.7,1,NA,"mm",NA,0.8,NA,NA,"mm","8",NA,4,5.5,NA,"mm","lilac-pink",NA,NA,NA,NA,"","Mimosa_pseudotrachycarpa"
"Mimosa sanguinolenta","Mimosa_sanguinolenta","Barneby_1991_Sensitivae_Censitae_treatment_0233.txt","7/9/2025 15:25",1,"shrubs and subshrubs","xylopodium",4,5,14,NA,"dm","","",NA,NA,NA,NA,"",NA,NA,NA,NA,"","","capitula","subglobose",NA,6,8,NA,"mm",NA,6,8,NA,"mm","",NA,14,29,NA,"mm",NA,NA,NA,NA,"","4(-5)-merous",NA,NA,NA,NA,"mm",NA,NA,NA,NA,"","campanulate",NA,NA,0.5,0.9,"mm",NA,0.1,0.2,NA,"mm","turbinate",NA,2.5,3.4,NA,"mm",1.1,1.5,NA,"mm",NA,0.7,1,NA,"mm","8",NA,NA,NA,NA,"mm","pink",NA,NA,NA,NA,"","Mimosa_sanguinolenta"
"Mimosa hatschbachii","Mimosa_hatschbachii","Barneby_1991_Sensitivae_Censitae_treatment_0234.txt","7/9/2025 15:27",1,"shrublets","",NA,3,5,NA,"dm","","",NA,NA,NA,NA,"",NA,NA,NA,NA,"","","capitula","plumply ellipsoid or globose",NA,4.5,5,NA,"mm",NA,4.5,5,NA,"mm","",1.5,NA,5.5,NA,"cm",NA,NA,NA,NA,"","4-merous",NA,NA,NA,NA,"",NA,NA,NA,NA,"","campanulate",0.3,0.3,0.5,0.5,"mm",NA,NA,NA,NA,"","turbinate",2.2,2.2,2.6,2.6,"mm",0.65,1,1,"mm",0.5,0.5,0.7,0.7,"mm","8",0.3,0.4,1.5,NA,"mm","pink",NA,NA,NA,NA,"","Mimosa_hatschbachii"
"Mimosa uraguensis","Mimosa_uraguensis","Barneby_1991_Sensitivae_Censitae_treatment_0235.txt","7/9/2025 15:28",1,"shrubs","",NA,NA,3,NA,"m","","",NA,NA,NA,NA,"",NA,NA,NA,NA,"","","capitula","globose",NA,1.5,3.5,4,"cm",4.5,4.5,6,6,"mm","",NA,1.5,3.5,4,"cm",NA,NA,NA,NA,"","4-merous",NA,NA,NA,NA,"",NA,NA,NA,NA,"","campanulate",0.55,0.55,0.95,0.95,"mm",NA,NA,NA,NA,"","narrowly vase-shaped",NA,2.8,3.3,NA,"mm",0.7,0.9,NA,"mm",NA,NA,NA,NA,"","8",4.5,4.5,6,6,"mm","vivid pink",NA,NA,NA,NA,"","Mimosa_uraguensis"
"Mimosa bracteolaris","Mimosa_bracteolaris","Barneby_1991_Sensitivae_Censitae_treatment_0236.txt","7/9/2025 15:29",0,"herbaceous","woody root",NA,NA,35,NA,"cm","","",NA,NA,NA,NA,"",NA,NA,NA,NA,"","","capitula","globose",NA,6,7,NA,"mm",NA,6,7,NA,"mm","pseudoraceme",15,15,25,25,"mm",NA,NA,NA,NA,"","4-merous",NA,NA,NA,NA,"",NA,NA,NA,NA,"","campanulate",NA,0.5,0.5,NA,"mm",NA,NA,NA,NA,"","turbinate",NA,2.7,2.7,NA,"mm",0.6,0.9,NA,"mm",NA,NA,NA,NA,"","8",NA,4,4,NA,"mm","pink",NA,NA,NA,NA,"","Mimosa_bracteolaris"
"Mimosa implexa","Mimosa_implexa","Barneby_1991_Sensitivae_Censitae_treatment_0237.txt","7/9/2025 15:30",0,"shrublet","",NA,NA,NA,NA,"","","",NA,NA,NA,NA,"",NA,NA,NA,NA,"","","capitula","globose",NA,6,6,NA,"mm",NA,NA,NA,NA,"","",2,NA,3.5,NA,"cm",NA,NA,NA,NA,"","4-merous",NA,NA,NA,NA,"",NA,NA,NA,NA,"","campanulate",NA,0.6,0.6,NA,"mm",NA,NA,NA,0.2,"mm","vase-shaped",NA,3,3,NA,"mm",1,1,NA,"mm",NA,0.8,0.8,NA,"mm","8",NA,4,4.5,NA,"mm","",NA,NA,NA,NA,"","Mimosa_implexa"
"Mimosa bifurca","Mimosa_bifurca","Barneby_1991_Sensitivae_Censitae_treatment_0238.txt","7/9/2025 15:31",1,"shrubs","",1,NA,4,NA,"m","","",NA,NA,NA,NA,"",NA,NA,NA,NA,"","","capitula","globose",NA,4,7,NA,"mm",NA,NA,NA,NA,"","fasciculate",3,3,16,16,"mm",NA,NA,NA,NA,"","4-merous",NA,NA,NA,NA,"",NA,NA,NA,NA,"","campanulate",NA,0.5,1.1,NA,"mm",NA,NA,NA,NA,"","vase-shaped",1.6,1.9,2.6,NA,"mm",0.5,1,NA,"mm",0.5,NA,0.8,NA,"mm","8",3,NA,7,NA,"mm","pink",NA,NA,NA,NA,"","Mimosa_bifurca"
"Mimosa bifurca var. bifurca","Mimosa_bifurca_bifurca","Barneby_1991_Sensitivae_Censitae_treatment_0239.txt","7/9/2025 15:32",0,"thickets","",NA,NA,NA,NA,"","","",NA,NA,NA,NA,"",NA,NA,NA,NA,"","","capitula","",NA,4,5,NA,"mm",NA,NA,NA,NA,"","",NA,NA,NA,NA,"",NA,NA,NA,NA,"","",NA,NA,NA,NA,"",NA,NA,NA,NA,"","",NA,NA,NA,NA,"",NA,NA,NA,NA,"","",NA,NA,NA,NA,"",NA,NA,NA,"",NA,NA,NA,NA,"","",NA,NA,NA,NA,"","",NA,NA,NA,NA,"","Mimosa_bifurca_bifurca"
"Mimosa bifurca var. reducta","Mimosa_bifurca_reducta","Barneby_1991_Sensitivae_Censitae_treatment_0240.txt","7/9/2025 15:33",0,"","",NA,NA,NA,NA,"","","",NA,NA,NA,NA,"",NA,NA,NA,NA,"","","","",NA,NA,NA,NA,"",NA,NA,NA,NA,"","",NA,NA,NA,NA,"",NA,NA,NA,NA,"","",NA,NA,NA,NA,"",NA,NA,NA,NA,"","",NA,NA,NA,NA,"",NA,NA,NA,NA,"","",NA,NA,NA,NA,"",NA,NA,NA,"",NA,NA,NA,NA,"","",NA,NA,NA,NA,"","",NA,NA,NA,NA,"","Mimosa_bifurca_reducta"
"Mimosa bifurca var. hassleriana","Mimosa_bifurca_hassleriana","Barneby_1991_Sensitivae_Censitae_treatment_0241.txt","7/9/2025 15:34",0,"","",NA,NA,NA,NA,"","","",NA,NA,NA,NA,"",NA,NA,NA,NA,"","","capitula","",NA,5.5,7,NA,"mm",NA,NA,NA,NA,"mm","",NA,NA,NA,NA,"",NA,NA,NA,NA,"","",NA,NA,NA,NA,"",NA,NA,NA,NA,"","",NA,NA,NA,NA,"",NA,NA,NA,NA,"","",NA,NA,NA,NA,"",NA,NA,NA,"",NA,NA,NA,NA,"","",NA,NA,NA,NA,"","",NA,NA,NA,NA,"","Mimosa_bifurca_hassleriana"
"Mimosa bifurca var. desmanthoides","Mimosa_bifurca_desmanthoides","Barneby_1991_Sensitivae_Censitae_treatment_0242.txt","7/9/2025 15:35",0,"","",NA,NA,NA,NA,"","","",NA,NA,NA,NA,"",NA,NA,NA,NA,"","","","",NA,NA,NA,NA,"",NA,NA,NA,NA,"","",NA,NA,NA,NA,"",NA,NA,NA,NA,"","",NA,NA,NA,NA,"",NA,NA,NA,NA,"","",NA,NA,NA,NA,"",NA,NA,NA,NA,"","",NA,NA,NA,NA,"",NA,NA,NA,"",NA,NA,NA,NA,"","",NA,NA,NA,NA,"","",NA,NA,NA,NA,"","Mimosa_bifurca_desmanthoides"
"Mimosa lepidota","Mimosa_lepidota","Barneby_1991_Sensitivae_Censitae_treatment_0243.txt","7/9/2025 15:37",1,"shrubs","",NA,2,2.5,NA,"m","","",NA,NA,NA,NA,"",NA,NA,NA,NA,"","","capitula","globose",NA,5,5.5,NA,"mm",5,5,5.5,NA,"mm","",1.5,1.5,3,3,"cm",NA,NA,NA,NA,"","4-merous",NA,NA,NA,NA,"",NA,NA,NA,NA,"","campanulate",1.2,1.2,1.4,1.4,"mm",NA,NA,0.1,NA,"mm","vase-shaped",2.5,NA,6,NA,"mm",0.7,1,NA,"mm",NA,0.8,NA,NA,"mm","8",3.5,NA,6,NA,"mm","white",NA,NA,NA,NA,"","Mimosa_lepidota"
"Mimosa glycyrrhizoides","Mimosa_glycyrrhizoides","Barneby_1991_Sensitivae_Censitae_treatment_0244.txt","7/9/2025 15:38",0,"shrubs","",NA,10,15,NA,"dm","","",NA,NA,NA,NA,"",NA,NA,NA,NA,"","","capitula","globose",NA,NA,NA,NA,"",4.5,NA,NA,NA,"mm","",6,6,13,13,"mm",NA,NA,NA,NA,"","",NA,NA,NA,NA,"",NA,NA,NA,NA,"","campanulate",NA,0.7,0.8,NA,"mm",NA,NA,NA,NA,"","narrowly campanulate",NA,2,2.2,NA,"mm",0.5,0.7,NA,"mm",NA,0.5,0.6,NA,"mm","",NA,2,2.5,NA,"mm","pink",NA,NA,NA,NA,"","Mimosa_glycyrrhizoides"
"Mimosa intricata","Mimosa_intricata","Barneby_1991_Sensitivae_Censitae_treatment_0245.txt","7/9/2025 15:39",1,"subshrubs","",NA,NA,4,NA,"dm","","",NA,NA,NA,NA,"",NA,NA,NA,NA,"","impressed glands","capitula","globose",NA,4,4.5,NA,"mm",NA,4,4.5,NA,"mm","paniculate",11,11,17,17,"mm",NA,NA,NA,NA,"","4-merous",NA,NA,NA,NA,"",NA,NA,NA,NA,"","campanulate subtruncate",NA,0.6,0.6,NA,"mm",NA,NA,NA,NA,"","turbinate",NA,2.2,2.2,NA,"mm",0.8,0.8,NA,"mm",NA,0.6,0.6,NA,"mm","8",NA,NA,2,NA,"mm","",NA,NA,NA,NA,"","Mimosa_intricata"
"Mimosa strobiliflora","Mimosa_strobiliflora","Barneby_1991_Sensitivae_Censitae_treatment_0246.txt","7/9/2025 15:40",1,"shrubs","",NA,NA,NA,NA,"","","",NA,NA,NA,NA,"",NA,NA,NA,NA,"","","capitula","subglobose",NA,8,9.5,NA,"mm",NA,NA,NA,NA,"","paniculately",NA,2.5,4.2,NA,"cm",NA,NA,NA,NA,"","4-merous",NA,NA,NA,NA,"",NA,NA,NA,NA,"","campanulate",0.5,0.5,0.6,0.6,"mm",NA,NA,NA,NA,"","funnelform",NA,3.5,4,NA,"mm",1,NA,NA,"mm",NA,0.75,NA,NA,"mm","8",NA,4.5,4.5,NA,"mm","pink",NA,NA,NA,NA,"","Mimosa_strobiliflora"
"Mimosa barnebiana","Mimosa_barnebiana","Barneby_1991_Sensitivae_Censitae_treatment_0247.txt","7/9/2025 15:41",0,"Shrubs","",NA,2,3,NA,"m","","",NA,NA,NA,NA,"",NA,NA,NA,NA,"","","subracemose","",NA,NA,NA,NA,"",NA,NA,NA,NA,"","",5,5,8,8,"cm",NA,NA,NA,NA,"","4-merous",NA,NA,0.3,NA,"mm",NA,NA,NA,NA,"","campanulate",NA,0.5,0.5,NA,"mm",NA,NA,NA,NA,"","turbinate",NA,2.2,2.2,NA,"mm",NA,NA,NA,"",NA,NA,NA,NA,"","8",NA,NA,NA,NA,"","",NA,NA,NA,NA,"","Mimosa_barnebiana"
"Mimosa auriculata","Mimosa_auriculata","Barneby_1991_Sensitivae_Censitae_treatment_0248.txt","7/9/2025 15:42",1,"shrubs","",1,NA,1.5,NA,"m","","",NA,NA,NA,NA,"",NA,NA,NA,NA,"","","capitula","subglobose",NA,NA,2,NA,"dm",7,7,8,8,"mm","pseudoracemes",2.5,NA,4.5,NA,"cm",NA,NA,NA,NA,"","4-merous",NA,NA,NA,NA,"",NA,NA,NA,NA,"","campanulate subtruncate",NA,0.6,0.7,NA,"mm",NA,NA,NA,NA,"","narrowly turbinate",NA,3.3,3.3,NA,"mm",1.5,1.6,NA,"mm",NA,1,1,NA,"mm","8",NA,6,6,NA,"mm","",NA,NA,NA,NA,"","Mimosa_auriculata"
"Mimosa caesalpiniifolia","Mimosa_caesalpiniifolia","Barneby_1991_Sensitivae_Censitae_treatment_0249.txt","7/9/2025 15:43",1,"trees or potentially sarmentose shrubs","",NA,3,7,NA,"m","","",NA,NA,NA,NA,"",NA,NA,NA,NA,"","","amentiform fl-spikes","",NA,NA,NA,NA,"mm",4,4,5,5,"mm","pseudoracemes",3,3,7,9,"cm",NA,NA,NA,NA,"","3-merous",NA,NA,NA,NA,"",NA,NA,NA,NA,"","",0.4,0.4,0.7,0.7,"mm",0.1,0.1,0.2,0.2,"mm","turbinate",NA,1.7,2.2,NA,"mm",1,1.3,NA,"mm",NA,0.6,1,NA,"mm","6",4,4.5,7,NA,"mm","white",NA,NA,NA,NA,"","Mimosa_caesalpiniifolia"
"Mimosa laticifera","Mimosa_laticifera","Barneby_1991_Sensitivae_Censitae_treatment_0250.txt","7/9/2025 15:45",1,"trees and bushy treelets","",NA,3,7,NA,"m","","",NA,NA,NA,NA,"",NA,NA,NA,NA,"","","capitula","globose",NA,1,3,NA,"dm",NA,4.5,5.5,NA,"mm","paniculate",NA,5,13,15,"mm",NA,NA,NA,NA,"","3-merous",5,NA,13,15,"mm",NA,NA,NA,NA,"","campanulate",NA,0.6,0.9,NA,"mm",NA,NA,NA,NA,"","",NA,2.1,2.8,NA,"mm",1.2,1.5,NA,"mm",NA,0.8,1.1,NA,"mm","6",NA,4,5,NA,"mm","white",NA,NA,NA,NA,"","Mimosa_laticifera"
"Mimosa ceratonia","Mimosa_ceratonia","Barneby_1991_Sensitivae_Censitae_treatment_0251.txt","7/9/2025 15:46",1,"shrubs","",NA,NA,6,NA,"m","","",NA,NA,NA,NA,"",NA,NA,NA,NA,"","","capitula","globose",NA,4,4.5,6,"mm",4,4.5,6,NA,"mm","pseudoracemes",7,7,16,25,"mm",NA,NA,NA,NA,"","3-merous",NA,NA,NA,NA,"",NA,NA,NA,NA,"","campanulate",NA,0.55,0.9,NA,"mm",NA,0.1,0.15,NA,"mm","vase-shaped",NA,1.9,2.7,NA,"mm",0.8,1.2,NA,"mm",NA,NA,NA,NA,"","6",5.5,5.5,7.3,7.3,"mm","white or cream-colored",NA,NA,NA,NA,"","Mimosa_ceratonia"
"Mimosa ceratonia var. pseudoobovata","Mimosa_ceratonia_pseudoobovata","Barneby_1991_Sensitivae_Censitae_treatment_0252.txt","7/9/2025 15:47",0,"climbing through and over bushes and trees, less often free-standing but then diffusely procumbent","",NA,NA,NA,NA,"","","",NA,NA,NA,NA,"",NA,NA,NA,NA,"","","","",NA,NA,NA,NA,"",NA,NA,NA,NA,"","",NA,NA,NA,NA,"",NA,NA,NA,NA,"","3-merous",NA,NA,NA,NA,"",NA,NA,NA,NA,"","",NA,NA,NA,NA,"",NA,NA,NA,NA,"","",NA,NA,NA,NA,"",NA,NA,NA,"",NA,NA,NA,NA,"","",NA,NA,NA,NA,"","",NA,NA,NA,NA,"","Mimosa_ceratonia_pseudoobovata"
"Mimosa ceratonia var. interior","Mimosa_ceratonia_interior","Barneby_1991_Sensitivae_Censitae_treatment_0253.txt","7/9/2025 15:48",2,"","",NA,NA,NA,NA,"","","",NA,NA,NA,NA,"",NA,NA,NA,NA,"","","capitula","",NA,NA,NA,NA,"",NA,NA,NA,NA,"","axillary",NA,NA,NA,NA,"",NA,NA,NA,NA,"","3-merous",NA,NA,NA,NA,"",NA,NA,NA,NA,"","",NA,NA,NA,NA,"",NA,NA,NA,NA,"","",NA,NA,NA,NA,"",NA,NA,NA,"",NA,NA,NA,NA,"","",NA,NA,NA,NA,"","",NA,NA,NA,NA,"","Mimosa_ceratonia_interior"
"Mimosa ceratonia var. ceratonia","Mimosa_ceratonia_ceratonia","Barneby_1991_Sensitivae_Censitae_treatment_0254.txt","7/9/2025 15:49",2,"climbing into trees and hedges","",NA,NA,NA,NA,"","","",NA,NA,NA,NA,"",NA,NA,NA,NA,"","","","",NA,NA,NA,NA,"",NA,NA,NA,NA,"","",NA,NA,NA,NA,"",NA,NA,NA,NA,"","3-merous",NA,NA,NA,NA,"",NA,NA,NA,NA,"","",NA,NA,NA,NA,"",NA,NA,NA,NA,"","",NA,NA,NA,NA,"",NA,NA,NA,"",NA,NA,NA,NA,"","",NA,NA,NA,NA,"","",NA,NA,NA,NA,"","Mimosa_ceratonia_ceratonia"
"Mimosa medioxima","Mimosa_medioxima","Barneby_1991_Sensitivae_Censitae_treatment_0255.txt","7/9/2025 15:50",0,"shrubs","",NA,NA,5,NA,"m","","",NA,NA,NA,NA,"",NA,NA,NA,NA,"","","capitulate","",NA,NA,NA,NA,"",NA,NA,NA,NA,"","paniculate",NA,NA,NA,NA,"",NA,NA,NA,NA,"","",NA,NA,NA,NA,"",NA,NA,NA,NA,"","",NA,NA,NA,NA,"",NA,NA,NA,NA,"","",NA,NA,NA,NA,"",NA,NA,NA,"",NA,NA,NA,NA,"","",NA,NA,NA,NA,"","",NA,NA,NA,NA,"","Mimosa_medioxima"
"Mimosa carvalhoi","Mimosa_carvalhoi","Barneby_1991_Sensitivae_Censitae_treatment_0256.txt","7/9/2025 15:51",0,"subarborescent shrubs","",NA,NA,2.5,NA,"m","","",NA,NA,NA,NA,"",NA,NA,NA,NA,"","","capitula","",NA,4.5,5,NA,"mm",NA,NA,NA,NA,"","pyramidally branched",NA,5,10,NA,"mm",NA,NA,NA,NA,"","3-merous",NA,NA,NA,NA,"",NA,NA,NA,NA,"","campanulate",NA,0.7,0.7,NA,"mm",NA,NA,NA,NA,"","vase-shaped",NA,2,2.3,NA,"mm",1.4,NA,NA,"mm",NA,1,NA,NA,"mm","6",NA,4,4.5,NA,"mm","ochroleucous pink",NA,NA,NA,NA,"","Mimosa_carvalhoi"
"Mimosa brachystachya","Mimosa_brachystachya","Barneby_1991_Sensitivae_Censitae_treatment_0257.txt","7/9/2025 15:52",0,"Sarmentose shrubs","",NA,NA,NA,NA,"","","",NA,NA,NA,NA,"",NA,NA,NA,NA,"","","capitula","ellipsoid",NA,NA,NA,NA,"",NA,NA,NA,NA,"","paniculate",12,12,20,20,"mm",NA,NA,NA,NA,"","3-merous",NA,NA,NA,NA,"",NA,NA,NA,NA,"","campanulate subtruncate",0.3,NA,0.6,NA,"mm",NA,NA,NA,NA,"","narrowly turbinate",1.8,1.8,2.7,2.7,"mm",1,1.2,1.2,"mm",0.8,0.8,1,1,"mm","6",NA,NA,5,NA,"mm","pink",NA,NA,NA,NA,"","Mimosa_brachystachya"
"Mimosa guaranitica","Mimosa_guaranitica","Barneby_1991_Sensitivae_Censitae_treatment_0258.txt","7/9/2025 15:53",1,"subshrubs","woody root-stock",NA,NA,NA,NA,"","","",NA,NA,NA,NA,"",NA,NA,NA,NA,"","","capitula","globose",NA,5,5.5,NA,"mm",NA,5,5.5,NA,"mm","",3,3,5.5,5.5,"cm",NA,NA,NA,NA,"","3-merous",0,NA,0.2,NA,"mm",NA,NA,NA,NA,"","campanulate",NA,NA,NA,NA,"",NA,NA,NA,NA,"","narrowly vase-shaped",2.4,2.4,2.7,2.7,"mm",1,1.2,1.2,"mm",0.9,0.9,1.1,1.1,"mm","6",4.5,NA,6,NA,"mm","pink",NA,NA,NA,NA,"","Mimosa_guaranitica"
"Mimosa misera","Mimosa_misera","Barneby_1991_Sensitivae_Censitae_treatment_0259.txt","7/9/2025 15:55",1,"shrublets","knotty root-crown",NA,NA,NA,NA,"","","",NA,NA,NA,NA,"",NA,NA,NA,NA,"","","capitula","globose or plumply ovoid-ellipsoid",NA,5,6.5,NA,"mm",NA,NA,NA,NA,"","",NA,1.5,6,7,"cm",NA,NA,NA,NA,"","3-merous",0,NA,0.25,NA,"mm",NA,NA,NA,NA,"","",NA,0.2,0.4,NA,"mm",NA,NA,NA,NA,"","",NA,2.1,3.4,NA,"mm",0.9,1.2,NA,"mm",NA,0.8,1.2,NA,"mm","6",NA,6,9,NA,"mm","",NA,NA,NA,NA,"","Mimosa_misera"
"Mimosa misera var. misera","Mimosa_misera_misera","Barneby_1991_Sensitivae_Censitae_treatment_0260.txt","7/9/2025 15:56",0,"subshrub","",NA,NA,NA,NA,"","","",NA,NA,NA,NA,"",NA,NA,NA,NA,"","","","",NA,NA,NA,NA,"",NA,NA,NA,NA,"","",NA,NA,NA,NA,"",NA,NA,NA,NA,"","",NA,NA,NA,NA,"",NA,NA,NA,NA,"","",NA,NA,NA,NA,"",NA,NA,NA,NA,"","",NA,NA,NA,NA,"",NA,NA,NA,"",NA,NA,NA,NA,"","",NA,NA,NA,NA,"","",NA,NA,NA,NA,"","Mimosa_misera_misera"
"Mimosa misera var. subinermis","Mimosa_misera_subinermis","Barneby_1991_Sensitivae_Censitae_treatment_0261.txt","7/9/2025 15:57",0,"subshrub","",NA,NA,NA,NA,"","","",NA,NA,NA,NA,"",NA,NA,NA,NA,"","","","",NA,NA,NA,NA,"",NA,NA,NA,NA,"","",NA,NA,NA,NA,"",NA,NA,NA,NA,"","",NA,NA,NA,NA,"",NA,NA,NA,NA,"","",NA,NA,NA,NA,"",NA,NA,NA,NA,"","",NA,NA,NA,NA,"",NA,NA,NA,"",NA,NA,NA,NA,"","",NA,NA,NA,NA,"","",NA,NA,NA,NA,"","Mimosa_misera_subinermis"
"Mimosa leptantha","Mimosa_leptantha","Barneby_1991_Sensitivae_Censitae_treatment_0262.txt","7/9/2025 15:58",1,"subshrub","",NA,3.5,NA,NA,"dm","","",NA,NA,NA,NA,"",NA,NA,NA,NA,"","","capitula","globose",NA,4,5,NA,"mm",NA,NA,NA,NA,"","",2.5,2.5,3.5,3.5,"cm",NA,NA,NA,NA,"","3-merous",NA,0.5,0.7,NA,"mm",NA,NA,NA,NA,"","campanulate",NA,0.25,0.25,NA,"mm",NA,NA,NA,NA,"","turbinate",NA,3,3,NA,"mm",1,1,NA,"mm",NA,0.6,0.6,NA,"mm","6",NA,4.5,4.5,NA,"mm","pink",NA,NA,NA,NA,"","Mimosa_leptantha"
"Mimosa ulbrichiana","Mimosa_ulbrichiana","Barneby_1991_Sensitivae_Censitae_treatment_0263.txt","7/9/2025 15:59",1,"shrublets","",NA,5,10,NA,"dm","","",NA,NA,NA,NA,"",NA,NA,NA,NA,"","","capitula","globose",NA,NA,NA,NA,"",NA,8,NA,NA,"mm","",4.5,4.5,7,7,"cm",NA,NA,NA,NA,"","3-merous",NA,NA,NA,NA,"",NA,NA,NA,NA,"","campanulate subtruncate",NA,0.5,0.5,NA,"mm",NA,NA,NA,NA,"","subtubular",4,4,4.5,4.5,"mm",1.1,1.2,1.2,"mm",NA,NA,NA,NA,"","6",NA,8,10,NA,"mm","bright pink",NA,NA,NA,NA,"","Mimosa_ulbrichiana"
"Mimosa minarum","Mimosa_minarum","Barneby_1991_Sensitivae_Censitae_treatment_0264.txt","7/9/2025 16:00",1,"subshrubs","woody rootstock",NA,3,7,NA,"dm","","",NA,NA,NA,NA,"",NA,NA,NA,NA,"","","capitula","globose",NA,NA,NA,NA,"",NA,4,5,NA,"mm","",2,2.5,4,NA,"cm",NA,NA,NA,NA,"","3-merous",NA,NA,NA,NA,"",NA,NA,NA,NA,"","",NA,0.4,0.5,NA,"mm",NA,NA,NA,NA,"","turbinate",NA,2,2.7,NA,"mm",0.8,1,NA,"mm",NA,0.75,1,NA,"mm","6",NA,5,6.5,NA,"mm","pink",NA,NA,NA,NA,"","Mimosa_minarum"
"Mimosa morroensis","Mimosa_morroensis","Barneby_1991_Sensitivae_Censitae_treatment_0265.txt","7/9/2025 16:01",1,"subshrubs","knotty rootstock",NA,3,10,NA,"dm","","",NA,NA,NA,NA,"",NA,NA,NA,NA,"","","capitula","globose",NA,6,6.5,NA,"mm",NA,6,6.5,NA,"mm","",3,3,4.5,4.5,"cm",NA,NA,NA,NA,"","3-merous",NA,NA,NA,NA,"",NA,NA,NA,NA,"","campanulate",NA,0.2,0.2,NA,"mm",NA,NA,NA,NA,"","turbinate",2.8,2.8,3,3,"mm",1.4,1.4,NA,"mm",1,1,1,1,"mm","6",NA,4,6,NA,"mm","pinkish-lavender",NA,NA,NA,NA,"","Mimosa_morroensis"
"Mimosa brevipinna","Mimosa_brevipinna","Barneby_1991_Sensitivae_Censitae_treatment_0266.txt","7/9/2025 16:02",0,"Subshrubs","woody rootstock",NA,NA,NA,NA,"","","",NA,NA,NA,NA,"",NA,NA,NA,NA,"","","capitula","globose",NA,6,7,NA,"mm",NA,NA,NA,NA,"","",3,3,4.5,4.5,"cm",NA,NA,NA,NA,"","3(-4)-merous",NA,NA,NA,NA,"",NA,NA,NA,NA,"","campanulate",NA,0.4,0.4,NA,"mm",NA,NA,NA,NA,"","turbinate",NA,2.8,3.2,NA,"mm",1.1,1.3,NA,"mm",NA,1,1.2,NA,"mm","6",NA,5,6,NA,"mm","pink",NA,NA,NA,NA,"","Mimosa_brevipinna"
"Mimosa hirsuticaulis","Mimosa_hirsuticaulis","Barneby_1991_Sensitivae_Censitae_treatment_0267.txt","7/9/2025 16:04",0,"herbaceous subshrubs","",NA,NA,NA,NA,"","absent","",NA,NA,NA,NA,"",NA,NA,NA,NA,"","","capitula","globose",NA,8,9,NA,"mm",NA,8,9,NA,"mm","",4,NA,8,NA,"cm",NA,NA,NA,NA,"","3-merous",NA,0.1,0.2,NA,"mm",NA,NA,NA,NA,"","campanulate",0.3,0.3,0.5,0.5,"mm",NA,NA,NA,NA,"","nartowly vase-shaped",3.5,3.5,4,4,"mm",NA,NA,NA,"",NA,NA,NA,NA,"","6",NA,8,9,NA,"mm","",NA,NA,NA,NA,"","Mimosa_hirsuticaulis"
"Mimosa setuligera","Mimosa_setuligera","Barneby_1991_Sensitivae_Censitae_treatment_0268.txt","7/9/2025 16:05",1,"subshrub","",NA,NA,1,NA,"m","","",NA,NA,NA,NA,"",NA,NA,NA,NA,"","","capitula","globose",NA,7,8,NA,"mm",NA,7,8,NA,"mm","",4,NA,5,NA,"cm",NA,NA,NA,NA,"","3(-4)-merous",NA,0.2,0.2,NA,"mm",NA,NA,NA,NA,"","campanulate",NA,0.6,0.6,NA,"mm",NA,NA,NA,NA,"","vase-shaped",2.9,2.9,3.5,3.5,"mm",1,1.4,1.4,"mm",1,1,1,1,"mm","6",NA,5.5,5.5,NA,"mm","pink",NA,NA,NA,NA,"","Mimosa_setuligera"
"Mimosa borboremae","Mimosa_borboremae","Barneby_1991_Sensitivae_Censitae_treatment_0269.txt","7/9/2025 16:06",0,"suffrutescent kerbs","",NA,6,10,NA,"dm","","",NA,NA,NA,NA,"",NA,NA,NA,NA,"","","","",NA,NA,NA,NA,"",NA,NA,NA,NA,"","",3,4,8.5,NA,"cm",NA,NA,NA,NA,"","3-merous",0.3,0.3,0.8,0.8,"mm",NA,NA,NA,NA,"","campanulate",NA,0.3,0.4,NA,"mm",NA,NA,NA,NA,"","turbinate",2.3,2.3,3,3,"mm",1,1.4,1.4,"mm",1,1,1.3,1.3,"mm","6",5.5,NA,7.5,NA,"mm","pink",NA,NA,NA,NA,"","Mimosa_borboremae"
"Mimosa cordistipula","Mimosa_cordistipula","Barneby_1991_Sensitivae_Censitae_treatment_0270.txt","7/9/2025 16:07",1,"shrublets","",NA,1.5,7,10,"dm","","",NA,NA,NA,NA,"",NA,NA,NA,NA,"","","capitula","globose",NA,NA,NA,NA,"",NA,5.5,7.5,NA,"mm","",NA,2,5.5,NA,"cm",NA,NA,NA,NA,"","3",NA,NA,NA,NA,"",NA,NA,NA,NA,"","",NA,0.5,0.7,NA,"mm",NA,NA,NA,NA,"","turbinate",NA,2.8,3.2,NA,"mm",0.9,1.5,NA,"mm",NA,NA,NA,NA,"","6",NA,5,6,NA,"mm","pink",NA,NA,NA,NA,"","Mimosa_cordistipula"
"Mimosa blanchetii","Mimosa_blanchetii","Barneby_1991_Sensitivae_Censitae_treatment_0271.txt","7/9/2025 16:08",1,"shrubs or shrublets","",NA,3.5,20,NA,"dm","","",NA,NA,NA,NA,"",NA,NA,NA,NA,"","","capitula","globose",NA,5.5,6,NA,"mm",NA,5.5,6,NA,"mm","",NA,2,3.5,NA,"cm",NA,NA,NA,NA,"","3(-4)-merous",NA,NA,NA,NA,"",NA,NA,NA,NA,"","campanulate subtruncate",0.45,0.45,0.6,0.6,"mm",NA,NA,NA,NA,"","turbinate-campanulate",NA,2.6,3.2,NA,"mm",1.2,1.5,NA,"mm",NA,NA,NA,NA,"","",NA,5,5,NA,"mm","pink",NA,NA,NA,NA,"","Mimosa_blanchetii"
"Mimosa xiquexiquensis","Mimosa_xiquexiquensis","Barneby_1991_Sensitivae_Censitae_treatment_0272.txt","7/9/2025 16:09",1,"subshrub","",NA,NA,5,NA,"dm","","",NA,NA,NA,NA,"",NA,NA,NA,NA,"","","spikes","",NA,10,22,NA,"mm",NA,NA,NA,NA,"","",NA,2.5,4,NA,"cm",NA,NA,NA,NA,"","3",NA,NA,NA,NA,"",NA,NA,NA,NA,"","campanulate",NA,0.3,0.3,NA,"mm",NA,0.1,0.1,NA,"mm","narrowly turbinate",2.1,2.1,2.4,2.4,"mm",1,1.2,1.2,"mm",0.7,0.7,0.8,0.8,"mm","6",NA,2,2,NA,"mm","pink",NA,NA,NA,NA,"","Mimosa_xiquexiquensis"
"Mimosa campicola","Mimosa_campicola","Barneby_1991_Sensitivae_Censitae_treatment_0273.txt","7/9/2025 16:11",1,"subshrubs","",2.5,3,10,NA,"dm","","",NA,NA,NA,NA,"",NA,NA,NA,NA,"","","capitula","globose",NA,NA,NA,NA,"",NA,5,5.5,NA,"mm","pseudoracemose",NA,5,30,NA,"mm",NA,NA,NA,NA,"","3-merous",NA,NA,NA,NA,"",NA,NA,NA,NA,"","",NA,0.3,0.6,NA,"mm",NA,NA,NA,NA,"","turbinate-vase shaped",NA,2,3.2,NA,"mm",0.7,1.3,NA,"mm",NA,0.5,0.85,NA,"mm","6",4,4,4.5,4.5,"mm","bright pink",NA,NA,NA,NA,"","Mimosa_campicola"
"Mimosa campicola var. planipes","Mimosa_campicola_planipes","Barneby_1991_Sensitivae_Censitae_treatment_0274.txt","7/9/2025 16:12",2,"","",NA,NA,NA,NA,"","","",NA,NA,NA,NA,"",NA,NA,NA,NA,"","","","",NA,1,3,NA,"cm",NA,NA,NA,NA,"","",1,NA,3,NA,"cm",NA,NA,NA,NA,"","",NA,1,3,NA,"cm",NA,NA,NA,NA,"","",NA,NA,NA,NA,"",NA,NA,NA,NA,"","",NA,NA,NA,NA,"",NA,NA,NA,"",NA,NA,NA,NA,"","",NA,NA,NA,NA,"","",NA,NA,NA,NA,"","Mimosa_campicola_planipes"
"Mimosa campicola var. campicola","Mimosa_campicola_campicola","Barneby_1991_Sensitivae_Censitae_treatment_0275.txt","7/9/2025 16:13",0,"","",NA,NA,NA,NA,"","","",NA,NA,NA,NA,"",NA,NA,NA,NA,"","","","",NA,0.5,1,NA,"cm",NA,NA,NA,NA,"","",0.5,NA,1,NA,"cm",NA,NA,NA,NA,"","",NA,0.5,1,NA,"cm",NA,NA,NA,NA,"","",NA,NA,NA,NA,"",NA,NA,NA,NA,"","",NA,NA,NA,NA,"",NA,NA,NA,"",NA,NA,NA,NA,"","",NA,NA,NA,NA,"","",NA,NA,NA,NA,"","Mimosa_campicola_campicola"
"Mimosa pabstiana","Mimosa_pabstiana","Barneby_1991_Sensitivae_Censitae_treatment_0276.txt","7/9/2025 16:14",1,"shrubs","",NA,NA,2,NA,"m","","",NA,NA,NA,NA,"",NA,NA,NA,NA,"","","capitula","globose",NA,NA,NA,NA,"",5,5,5.5,5.5,"mm","pseudoracemose-paniculate",NA,1,2,NA,"cm",NA,NA,NA,NA,"","3-merous",0.1,0.1,0.2,0.2,"mm",NA,NA,NA,NA,"","campanulate",0.5,0.5,0.7,0.7,"mm",NA,NA,NA,NA,"","narrowly turbinate",2.2,2.2,2.8,2.8,"mm",0.9,1.1,1.1,"mm",0.7,0.7,0.9,0.9,"mm","6",3.5,3.5,6,6,"mm","white (or pink)",NA,NA,NA,NA,"","Mimosa_pabstiana"
"Mimosa palmetorum","Mimosa_palmetorum","Barneby_1991_Sensitivae_Censitae_treatment_0277.txt","7/9/2025 16:15",1,"subshrubs","",NA,NA,1,NA,"m","","",NA,NA,NA,NA,"",NA,NA,NA,NA,"","","capitula","globose",NA,5,6,NA,"mm",NA,5,6,NA,"mm","",NA,18,37,NA,"mm",NA,NA,NA,NA,"","3-merous",NA,NA,NA,NA,"",NA,NA,NA,NA,"","membranous",0.3,0.3,0.4,0.4,"mm",NA,NA,NA,NA,"","turbinate",NA,2.3,2.7,NA,"mm",1.2,1.4,NA,"mm",NA,0.75,0.9,NA,"mm","6",3.5,3.5,4,4,"mm","bright pink",NA,NA,NA,NA,"","Mimosa_palmetorum"
"Mimosa piscatorum","Mimosa_piscatorum","Barneby_1991_Sensitivae_Censitae_treatment_0278.txt","7/9/2025 16:16",0,"subshrubs","",NA,4,8,NA,"dm","","",NA,NA,NA,NA,"",NA,NA,NA,NA,"","","capitula","globose",NA,NA,NA,NA,"",3.5,NA,4,NA,"mm","",NA,4,15,NA,"mm",NA,NA,NA,NA,"","3-merous",4,NA,15,NA,"mm",NA,NA,NA,NA,"","turbinate-campanulate",0.25,0.25,0.6,0.6,"mm",0.1,0.1,0.25,0.25,"mm","turbinate",NA,1.7,2.1,NA,"mm",0.9,1.2,NA,"mm",NA,0.6,0.8,NA,"mm","6",1,1,2,2,"mm","",NA,NA,NA,NA,"","Mimosa_piscatorum"
"Mimosa subenervis","Mimosa_subenervis","Barneby_1991_Sensitivae_Censitae_treatment_0279.txt","7/9/2025 16:17",1,"suffruticose","",NA,4,5,NA,"dm","","",NA,NA,NA,NA,"",NA,NA,NA,NA,"","","capitula","globose",NA,NA,NA,NA,"",4,4,4.5,4.5,"mm","pseudoraceme",NA,1,NA,NA,"cm",NA,NA,NA,NA,"","3-merous",NA,NA,NA,NA,"",NA,NA,NA,NA,"","",NA,0.2,0.2,NA,"mm",NA,NA,NA,NA,"","turbinate",1.6,1.6,2,2,"mm",0.9,0.9,NA,"mm",NA,0.7,0.7,NA,"mm","6",NA,NA,NA,NA,"","",NA,NA,NA,NA,"","Mimosa_subenervis"
"Mimosa polydidyma","Mimosa_polydidyma","Barneby_1991_Sensitivae_Censitae_treatment_0280.txt","7/9/2025 16:19",1,"herbs","weakly suffrutescent base",2,3,10,NA,"dm","","",NA,NA,NA,NA,"",NA,NA,NA,NA,"","","capitula","globose",NA,4,6.5,NA,"mm",NA,4,6.5,NA,"mm","",13,15,35,NA,"mm",NA,NA,NA,NA,"","3-merous",NA,NA,NA,NA,"",NA,NA,NA,NA,"","campanulate",0.4,0.4,0.5,0.5,"mm",NA,NA,NA,NA,"","turbinate",NA,2,2.2,NA,"mm",1.1,1.2,NA,"mm",NA,0.8,0.9,NA,"mm","6",NA,2.3,3,NA,"mm","pink",NA,NA,NA,NA,"","Mimosa_polydidyma"
"Mimosa filipes","Mimosa_filipes","Barneby_1991_Sensitivae_Censitae_treatment_0281.txt","7/9/2025 16:20",1,"herbs","",NA,3,10,NA,"dm","","",NA,NA,NA,NA,"",NA,NA,NA,NA,"","","capitula","globose",NA,NA,NA,NA,"",NA,3,4,NA,"mm","pseudoracemose",NA,9,40,NA,"mm",NA,NA,NA,NA,"","3-merous",NA,NA,NA,NA,"",NA,NA,NA,NA,"","",NA,2,2,NA,"mm",NA,NA,NA,NA,"","turbinate-campanulate",1.5,1.5,1.8,1.8,"mm",1,1,1,"mm",NA,NA,NA,NA,"","6",3.5,3.5,4,4,"mm","pink",NA,NA,NA,NA,"","Mimosa_filipes"
"Mimosa quadrivalvis","Mimosa_quadrivalvis","Barneby_1991_Sensitivae_Censitae_treatment_0282.txt","7/9/2025 16:21",1,"Humifuse and herbaceous or frutescent and sarmentose","",4,4,20,30,"dm","","",NA,NA,NA,NA,"",NA,NA,NA,NA,"","","capitula","globose",NA,NA,NA,NA,"",NA,4,11,NA,"mm","pseudoracemose",NA,0.4,13,20,"cm",NA,NA,NA,NA,"","(4-)5-6- merous",NA,NA,1,NA,"mm",NA,NA,NA,NA,"","campanulate",0.3,0.3,0.6,0.6,"mm",NA,NA,NA,NA,"","turbinate to narrowly or subcampanulately vase-shaped",1.8,2,4.3,NA,"mm",0.6,1.7,1.7,"mm",0.6,0.6,0.85,0.85,"mm","10",2.5,2.5,9,10,"mm","pink or purplish-pink, sometimes fading whitish",NA,NA,NA,NA,"","Mimosa_quadrivalvis"
"Mimosa quadrivalvis var. quadrivalvis","Mimosa_quadrivalvis_quadrivalvis","Barneby_1991_Sensitivae_Censitae_treatment_0283.txt","7/9/2025 16:22",2,"herbacea, procumbens et spinosa","",NA,NA,NA,NA,"","","",NA,NA,NA,NA,"",NA,NA,NA,NA,"","","capituia","",NA,6,7,NA,"mm",NA,NA,NA,NA,"","",3,10,30,NA,"mm",NA,NA,NA,NA,"","",3,10,NA,30,"mm",NA,NA,NA,NA,"","",NA,NA,NA,NA,"",NA,NA,NA,NA,"","",NA,NA,NA,NA,"",NA,NA,NA,"",NA,NA,NA,NA,"","",NA,6,7,NA,"mm","",NA,NA,NA,NA,"","Mimosa_quadrivalvis_quadrivalvis"
"Mimosa quadrivalvis var. distachya","Mimosa_quadrivalvis_distachya","Barneby_1991_Sensitivae_Censitae_treatment_0284.txt","7/9/2025 16:23",1,"","",NA,NA,NA,NA,"","","",NA,NA,NA,NA,"",NA,NA,NA,NA,"","","capitula","",NA,6.5,9.5,NA,"mm",NA,6.5,9.5,NA,"mm","",1,1.5,3,NA,"cm",NA,NA,NA,NA,"","",NA,NA,NA,NA,"",NA,NA,NA,NA,"","",NA,NA,NA,NA,"",NA,NA,NA,NA,"","",NA,NA,NA,NA,"",NA,NA,NA,"",NA,NA,NA,NA,"","",NA,NA,NA,NA,"","",NA,NA,NA,NA,"","Mimosa_robusta"
"Mimosa quadrivalvis var. jaliscensis","Mimosa_quadrivalvis_jaliscensis","Barneby_1991_Sensitivae_Censitae_treatment_0285.txt","7/9/2025 16:24",1,"","",NA,NA,NA,NA,"","","",NA,NA,NA,NA,"",NA,NA,NA,NA,"","","capitula","",NA,NA,NA,NA,"",5.5,5.5,7.5,8,"mm","",0.5,1.2,2.4,NA,"mm",NA,NA,NA,NA,"","",NA,NA,NA,NA,"",NA,NA,NA,NA,"","",NA,NA,NA,NA,"",NA,NA,NA,NA,"","",NA,NA,NA,NA,"",NA,NA,NA,"",NA,NA,NA,NA,"","",NA,NA,NA,NA,"","",NA,NA,NA,NA,"","Mimosa_quadrivalvis_jaliscensis"
"Mimosa quadrivalvis var. diffusa","Mimosa_quadrivalvis_diffusa","Barneby_1991_Sensitivae_Censitae_treatment_0286.txt","7/9/2025 16:25",0,"","",NA,NA,400,NA,"m","","",NA,NA,NA,NA,"",NA,NA,NA,NA,"","","","",NA,NA,NA,NA,"",NA,NA,NA,NA,"","",NA,NA,NA,NA,"",NA,NA,NA,NA,"","",NA,NA,NA,NA,"",NA,NA,NA,NA,"","",NA,NA,NA,NA,"",NA,NA,NA,NA,"","",NA,NA,NA,NA,"",NA,NA,NA,"",NA,NA,NA,NA,"","",NA,NA,NA,NA,"","",NA,NA,NA,NA,"","Mimosa_quadrivalvis_diffusa"
"Mimosa quadrivalvis var. orbaniana","Mimosa_quadrivalvis_orbaniana","Barneby_1991_Sensitivae_Censitae_treatment_0287.txt","7/9/2025 16:27",0,"","",NA,NA,NA,NA,"","","",NA,NA,NA,NA,"",NA,NA,NA,NA,"","","capitula","",NA,6,7,NA,"mm",NA,NA,NA,NA,"","",NA,11,23,NA,"mm",NA,NA,NA,NA,"","",NA,11,23,NA,"mm",NA,NA,NA,NA,"","",NA,NA,NA,NA,"",NA,NA,NA,NA,"","",NA,NA,NA,NA,"",NA,NA,NA,"",NA,NA,NA,NA,"","",NA,NA,NA,NA,"","",NA,NA,NA,NA,"","Mimosa_quadrivalvis_urbaniana"
"Mimosa quadrivalvis var. tetragona","Mimosa_quadrivalvis_tetragona","Barneby_1991_Sensitivae_Censitae_treatment_0288.txt","7/9/2025 16:28",0,"","",NA,NA,NA,NA,"","","",NA,NA,NA,NA,"",NA,NA,NA,NA,"","","capitula","",NA,5,5.5,NA,"mm",NA,NA,NA,NA,"","",NA,4,10,NA,"mm",NA,NA,NA,NA,"","",NA,4,10,NA,"mm",NA,NA,NA,NA,"","",NA,NA,NA,NA,"",NA,NA,NA,NA,"","",NA,NA,NA,NA,"",NA,NA,NA,"",NA,NA,NA,NA,"","",NA,5,5.5,NA,"mm","white",NA,NA,NA,NA,"","Mimosa_tetragona"
"Mimosa quadrivalvis var. leptocarpa","Mimosa_quadrivalvis_leptocarpa","Barneby_1991_Sensitivae_Censitae_treatment_0289.txt","7/9/2025 16:29",1,"","",NA,NA,NA,NA,"","","",NA,NA,NA,NA,"",NA,NA,NA,NA,"","","capitula","",NA,4,5,5.5,"mm",4,5,5.5,NA,"mm","",NA,4,12,13,"mm",NA,NA,NA,NA,"","",NA,NA,NA,NA,"",NA,NA,NA,NA,"","",NA,NA,NA,NA,"",NA,NA,NA,NA,"","",NA,1.8,2.3,NA,"mm",NA,NA,NA,"",NA,NA,NA,NA,"","",NA,NA,NA,NA,"mm","",NA,NA,NA,NA,"","Mimosa_candollei"
"Mimosa quadrivalvis var. angustata","Mimosa_quadrivalvis_angustata","Barneby_1991_Sensitivae_Censitae_treatment_0290.txt","7/9/2025 16:30",0,"","",NA,NA,NA,NA,"","","",NA,NA,NA,NA,"",NA,NA,NA,NA,"","","capitula","",NA,5,7.5,NA,"mm",NA,NA,NA,NA,"","",NA,2,6,NA,"cm",NA,NA,NA,NA,"","",NA,2,6,NA,"cm",NA,NA,NA,NA,"","",NA,NA,NA,NA,"",NA,NA,NA,NA,"","",NA,NA,NA,NA,"",NA,NA,NA,"",NA,NA,NA,NA,"","",NA,NA,NA,NA,"","",NA,NA,NA,NA,"","Mimosa_quadrivalvis_angustata"
"Mimosa quadrivalvis var. floridana","Mimosa_quadrivalvis_floridana","Barneby_1991_Sensitivae_Censitae_treatment_0291.txt","7/9/2025 16:31",0,"","",NA,NA,NA,NA,"","","",NA,NA,NA,NA,"",NA,NA,NA,NA,"","","capitula","",NA,NA,NA,NA,"",NA,NA,NA,NA,"","",NA,NA,NA,NA,"",NA,NA,NA,NA,"","",NA,NA,NA,NA,"",NA,NA,NA,NA,"","",NA,NA,NA,NA,"",NA,NA,NA,NA,"","",NA,NA,NA,NA,"",NA,NA,NA,"",NA,NA,NA,NA,"","",NA,NA,NA,NA,"","",NA,NA,NA,NA,"","Mimosa_floridana"
"Mimosa quadrivalvis var. nuttallii","Mimosa_quadrivalvis_nuttallii","Barneby_1991_Sensitivae_Censitae_treatment_0292.txt","7/9/2025 16:32",1,"","",NA,NA,NA,NA,"","","",NA,NA,NA,NA,"",NA,NA,NA,NA,"","","capitula","",NA,7,11,NA,"mm",NA,7,11,NA,"mm","",2,3,8.5,10,"cm",NA,NA,NA,NA,"","",NA,NA,NA,NA,"",NA,NA,NA,NA,"","",NA,NA,NA,NA,"",NA,NA,NA,NA,"","",NA,NA,NA,NA,"",NA,NA,NA,"",NA,NA,NA,NA,"","",NA,NA,NA,NA,"","",NA,NA,NA,NA,"","Mimosa_quadrivalvis_nuttallii"
"Mimosa quadrivalvis var. hystricina","Mimosa_quadrivalvis_hystricina","Barneby_1991_Sensitivae_Censitae_treatment_0293.txt","7/9/2025 16:33",0,"","",NA,5,12,20,"cm","","",NA,NA,NA,NA,"",NA,NA,NA,NA,"","","","",NA,NA,NA,NA,"",NA,NA,NA,NA,"","",NA,NA,NA,NA,"",NA,NA,NA,NA,"","",NA,NA,NA,NA,"",NA,NA,NA,NA,"","",NA,NA,NA,NA,"",NA,NA,NA,NA,"","",NA,NA,NA,NA,"",NA,NA,NA,"",NA,NA,NA,NA,"","",NA,NA,NA,NA,"","",NA,NA,NA,NA,"","Mimosa_hystricina"
"Mimosa quadrivalvis var. occidentalis","Mimosa_quadrivalvis_occidentalis","Barneby_1991_Sensitivae_Censitae_treatment_0294.txt","7/9/2025 16:34",1,"","",NA,NA,NA,NA,"","","",NA,NA,NA,NA,"",NA,NA,NA,NA,"","","capitula","",NA,7,9.5,NA,"mm",NA,7,9.5,NA,"mm","",1.5,2,4.5,NA,"cm",NA,NA,NA,NA,"","",NA,NA,NA,NA,"",NA,NA,NA,NA,"","",NA,NA,NA,NA,"",NA,NA,NA,NA,"","",NA,NA,NA,NA,"",NA,NA,NA,"",NA,NA,NA,NA,"","",NA,NA,NA,NA,"","",NA,NA,NA,NA,"","Mimosa_quadrivalvis_occidentalis"
"Mimosa quadrivalvis var. platycarpa","Mimosa_quadrivalvis_platycarpa","Barneby_1991_Sensitivae_Censitae_treatment_0295.txt","7/9/2025 16:36",0,"","",NA,NA,NA,NA,"","","",NA,NA,NA,NA,"",NA,NA,NA,NA,"","","","",NA,NA,NA,NA,"",NA,NA,NA,NA,"","",2,NA,7,10,"cm",NA,NA,NA,NA,"","",NA,2,7,10,"cm",NA,NA,NA,NA,"","",NA,NA,NA,NA,"",NA,NA,NA,NA,"","",NA,NA,NA,NA,"",NA,NA,NA,"",NA,NA,NA,NA,"","",NA,7,9.5,NA,"mm","",NA,NA,NA,NA,"","Mimosa_quadrivalvis_platycarpa"
"Mimosa quadrivalvis var. nelsonii","Mimosa_quadrivalvis_nelsonii","Barneby_1991_Sensitivae_Censitae_treatment_0296.txt","7/9/2025 16:37",0,"","",NA,NA,1,NA,"m","","",NA,NA,NA,NA,"",NA,NA,NA,NA,"","","capitula","",NA,6,8,NA,"mm",NA,NA,NA,NA,"","",1.3,2,5,NA,"cm",NA,NA,NA,NA,"","",NA,2,5,NA,"cm",NA,NA,NA,NA,"","",NA,NA,NA,NA,"",NA,NA,NA,NA,"","",NA,NA,NA,NA,"",NA,NA,NA,"",NA,NA,NA,NA,"","",NA,NA,NA,NA,"","",NA,NA,NA,NA,"","Mimosa_monclovensis"
"Mimosa quadrivalvis var. latidens","Mimosa_quadrivalvis_latidens","Barneby_1991_Sensitivae_Censitae_treatment_0297.txt","7/9/2025 16:38",0,"","",NA,NA,NA,NA,"","","",NA,NA,NA,NA,"",NA,NA,NA,NA,"","","capitula","",NA,5,7,NA,"mm",NA,5,7,NA,"mm","",NA,2,4.5,7.5,"cm",NA,NA,NA,NA,"","",NA,2,4.5,7.5,"cm",NA,NA,NA,NA,"","",NA,NA,NA,NA,"",NA,NA,NA,NA,"","",NA,NA,NA,NA,"",NA,NA,NA,"",NA,NA,NA,NA,"","",NA,NA,NA,NA,"","",NA,NA,NA,NA,"","Mimosa_latidens"
"Mimosa quadrivalvis var. paw cijuga","Mimosa_quadrivalvis_paw_cijuga","Barneby_1991_Sensitivae_Censitae_treatment_0298.txt","7/9/2025 16:39",0,"","",NA,NA,NA,NA,"","","",NA,NA,NA,NA,"",NA,NA,NA,NA,"","","capitula","",NA,5,7,NA,"mm",NA,NA,NA,NA,"","",NA,NA,NA,NA,"cm",NA,NA,NA,NA,"","",NA,NA,NA,NA,"",NA,NA,NA,NA,"","",NA,NA,NA,NA,"",NA,NA,NA,NA,"","",NA,NA,NA,NA,"",NA,NA,NA,"",NA,NA,NA,NA,"","",NA,NA,NA,NA,"","",NA,NA,NA,NA,"","Mimosa_quadrivalvis_paucijuga"
"Mimosa invisa","Mimosa_invisa","Barneby_1991_Sensitivae_Censitae_treatment_0299.txt","7/9/2025 16:41",1,"vines and scrambling shrubs","",0.5,2,5,NA,"m","","",NA,NA,NA,NA,"",NA,NA,NA,NA,"","","capitula","oblong or cylindric",5,8,85,NA,"mm",3,5.5,5.5,NA,"mm","pseudoraceme",NA,3,16,NA,"mm",NA,NA,NA,NA,"","(4-)5(-6)-merous",NA,NA,NA,NA,"",NA,NA,NA,NA,"","campanulate",0.2,0.2,0.6,0.6,"mm",NA,NA,NA,NA,"","turbinate or narrowly funnelform",1.3,1.3,2.7,2.7,"mm",0.7,1.2,1.2,"mm",0.4,0.4,0.6,0.6,"mm","(4-)5",4,4.5,7,8,"mm","pink",NA,NA,NA,NA,"","Mimosa_invisa"
"Mimosa invisa subsp. invisa","Mimosa_invisa_invisa","Barneby_1991_Sensitivae_Censitae_treatment_0300.txt","7/9/2025 16:42",2,"","",NA,NA,NA,NA,"","","",NA,NA,NA,NA,"",NA,NA,NA,NA,"","","Flower-spikes","",NA,NA,NA,NA,"",NA,NA,NA,NA,"","pseudo-racemes",NA,NA,NA,NA,"",NA,NA,NA,NA,"","",NA,NA,NA,NA,"",NA,NA,NA,NA,"","",NA,NA,NA,NA,"",NA,NA,NA,NA,"","",NA,NA,NA,NA,"",NA,NA,NA,"",NA,NA,NA,NA,"","",NA,NA,NA,NA,"","",NA,NA,NA,NA,"","Mimosa_invisa_invisa"
"Mimosa invisa subsp. invisa var. invisa","Mimosa_invisa_invisa_invisa","Barneby_1991_Sensitivae_Censitae_treatment_0301.txt","7/9/2025 16:43",2,"shrub","",NA,NA,NA,NA,"","","",NA,NA,NA,NA,"",NA,NA,NA,NA,"","","","",NA,NA,NA,NA,"",NA,NA,NA,NA,"","",NA,NA,NA,NA,"",NA,NA,NA,NA,"","",NA,NA,NA,NA,"",NA,NA,NA,NA,"","",NA,NA,NA,NA,"",NA,NA,NA,NA,"","",NA,NA,NA,NA,"",NA,NA,NA,"",NA,NA,NA,NA,"","",NA,NA,NA,NA,"","",NA,NA,NA,NA,"","Mimosa_invisa_invisa"
"Mimosa invisa subsp. invisa var. macrostachya","Mimosa_invisa_invisa_macrostachya","Barneby_1991_Sensitivae_Censitae_treatment_0302.txt","7/9/2025 16:44",0,"","",NA,NA,1000,NA,"m","","",NA,NA,NA,NA,"",NA,NA,NA,NA,"","","","",NA,NA,NA,NA,"",NA,NA,NA,NA,"","",NA,NA,NA,NA,"",NA,NA,NA,NA,"","",NA,NA,NA,NA,"",NA,NA,NA,NA,"","",NA,NA,NA,NA,"",NA,NA,NA,NA,"","",NA,NA,NA,NA,"",NA,NA,NA,"",NA,NA,NA,NA,"","",NA,NA,NA,NA,"","",NA,NA,NA,NA,"","Mimosa_invisa_macrostachya"
"Mimosa invisa subsp. spiciflora","Mimosa_invisa_spiciflora","Barneby_1991_Sensitivae_Censitae_treatment_0303.txt","7/9/2025 16:45",0,"","",NA,NA,NA,NA,"","","",NA,NA,NA,NA,"",NA,NA,NA,NA,"","","spikes","",NA,NA,NA,NA,"",NA,NA,NA,NA,"","thyrse",NA,NA,NA,NA,"",NA,NA,NA,NA,"","",NA,NA,NA,NA,"",NA,NA,NA,NA,"","",NA,NA,NA,NA,"",NA,NA,NA,NA,"","",NA,NA,NA,NA,"",NA,NA,NA,"",NA,NA,NA,NA,"","",NA,NA,NA,NA,"","",NA,NA,NA,NA,"","Mimosa_invisa_spiciflora"
"Mimosa invisa subsp. spicifiora var. spiciflora","Mimosa_invisa_spicifiora_spiciflora","Barneby_1991_Sensitivae_Censitae_treatment_0304.txt","7/9/2025 16:46",0,"Climbing in thickets and hedges or trailing in open rocky places","",100,NA,1350,NA,"m","","",NA,NA,NA,NA,"",NA,NA,NA,NA,"","","","",NA,NA,NA,NA,"",NA,NA,NA,NA,"","",NA,NA,NA,NA,"",NA,NA,NA,NA,"","",NA,NA,NA,NA,"",NA,NA,NA,NA,"","",NA,NA,NA,NA,"",NA,NA,NA,NA,"","",NA,NA,NA,NA,"",NA,NA,NA,"",NA,NA,NA,NA,"","",NA,NA,NA,NA,"","",NA,NA,NA,NA,"","Mimosa_invisa_spiciflora"
"Mimosa invisa subsp. spiciflora var. tovarensis","Mimosa_invisa_spiciflora_tovarensis","Barneby_1991_Sensitivae_Censitae_treatment_0305.txt","7/9/2025 16:47",0,"","",NA,NA,NA,NA,"","","",NA,NA,NA,NA,"",NA,NA,NA,NA,"","","spikes","",NA,2,3,NA,"cm",NA,NA,NA,NA,"","",NA,2,3,NA,"cm",NA,NA,NA,NA,"","",NA,NA,NA,NA,"",NA,NA,NA,NA,"","",NA,NA,NA,NA,"",NA,NA,NA,NA,"","",NA,NA,NA,NA,"",NA,NA,NA,"",NA,NA,NA,NA,"","",NA,NA,NA,NA,"","",NA,NA,NA,NA,"","Mimosa_invisa_tovarensis"
"Mimosa falconis","Mimosa_falconis","Barneby_1991_Sensitivae_Censitae_treatment_0306.txt","7/9/2025 16:48",0,"shrubs","",NA,NA,1.5,NA,"m","","",NA,NA,NA,NA,"",NA,NA,NA,NA,"","","capitula","oblong-ovoid",NA,4,5,NA,"mm",NA,NA,NA,NA,"","",7,NA,15,NA,"mm",NA,NA,NA,NA,"","4-merous, 5-merous",7,7,15,15,"mm",NA,NA,NA,NA,"","campanulate",0.4,0.4,0.5,0.5,"mm",NA,NA,NA,NA,"","turbinate-campanulate",NA,2,2.5,NA,"mm",0.8,1,NA,"mm",NA,0.4,0.6,NA,"mm","",3.5,NA,5,NA,"mm","pink-lilac",NA,NA,NA,NA,"","Mimosa_falconis"
"Mimosa lemniscata","Mimosa_lemniscata","Barneby_1991_Sensitivae_Censitae_treatment_0307.txt","7/9/2025 16:49",0,"shrub","",NA,NA,3,NA,"m","","",NA,NA,NA,NA,"",NA,NA,NA,NA,"","","capitula","globose",NA,3,3,NA,"mm",NA,3,3,NA,"mm","paniculate",NA,6,14,NA,"mm",NA,NA,NA,NA,"","5-merous",6,NA,14,NA,"mm",NA,NA,NA,NA,"","campanulate",0.3,0.3,0.35,0.35,"mm",NA,NA,NA,NA,"","vase-shaped",NA,1.8,1.8,NA,"mm",0.8,0.8,NA,"mm",NA,0.5,0.5,NA,"mm","5",NA,3,3,NA,"mm","white",NA,NA,NA,NA,"","Mimosa_lemniscata"
"Mimosa leptocarpa","Mimosa_leptocarpa","Barneby_1991_Sensitivae_Censitae_treatment_0308.txt","7/9/2025 16:51",1,"shrubs","",NA,NA,NA,NA,"","","",NA,NA,NA,NA,"",NA,NA,NA,NA,"","","capitula","globose",NA,NA,NA,NA,"",6,6,6.5,6.5,"mm","pyramidal panicle",NA,10,17,NA,"mm",NA,NA,NA,NA,"","5-merous",NA,NA,NA,NA,"",NA,NA,NA,NA,"","",NA,NA,NA,NA,"",NA,NA,NA,NA,"","vase-shaped",NA,3,3.2,NA,"mm",0.8,1,NA,"mm",NA,0.6,0.7,NA,"mm","5 or some randomly 6-8(-9)",NA,3,4,NA,"mm","",NA,NA,NA,NA,"","Mimosa_leptocarpa"
"Mimosa antioquiensis","Mimosa_antioquiensis","Barneby_1991_Sensitivae_Censitae_treatment_0309.txt","7/9/2025 16:52",1,"shrubs","",NA,2,8,NA,"m","","",NA,NA,NA,NA,"",NA,NA,NA,NA,"","","capitula","globose or plumply ellipsoid",NA,5,6.5,NA,"mm",NA,5,6.5,NA,"mm","",NA,10,14,NA,"mm",NA,0.8,1.5,NA,"mm","5-merous",NA,NA,NA,NA,"",NA,NA,NA,NA,"","shallowly or narrowly campanulate",0.4,0.4,1,1,"mm",NA,NA,NA,NA,"","narrowly vase-shaped",1.9,1.9,2.7,2.7,"mm",0.6,0.9,0.9,"mm",0.2,0.2,0.4,0.4,"mm","5",1.5,1.5,2,2,"mm","",NA,NA,NA,NA,"","Mimosa_antioquensis"
"Mimosa cylindracea","Mimosa_cylindracea","Barneby_1991_Sensitivae_Censitae_treatment_0310.txt","7/9/2025 16:53",0,"shrubs","",NA,NA,3,NA,"m","","",NA,NA,NA,NA,"",NA,NA,NA,NA,"","","fi-spikes","amentiform",22,25,45,NA,"mm",4.5,NA,5,NA,"mm","panicle",NA,12,30,NA,"mm",NA,NA,NA,NA,"","4-merous",NA,NA,NA,NA,"",NA,NA,NA,NA,"","campanulate",0.3,0.3,0.5,0.5,"mm",NA,NA,NA,NA,"","obovoid-ellipsoid",2.1,2.1,2.5,2.5,"mm",0.8,1.1,NA,"mm",NA,0.65,0.9,NA,"mm","4",NA,2.4,4,NA,"mm","sulphur-yellow",NA,NA,NA,NA,"","Mimosa_cylindracea"
"Mimosa furfuracea","Mimosa_furfuracea","Barneby_1991_Sensitivae_Censitae_treatment_0311.txt","7/9/2025 16:54",1,"shrubs","",NA,1.7,2.5,NA,"m","","",NA,NA,NA,NA,"",NA,NA,NA,NA,"","","spikes","cylindroid or ovoid-ellipsoid",10,10,30,30,"mm",5.5,5.5,6.6,6.6,"mm","pseudoracemose",NA,9,26,NA,"mm",NA,NA,NA,NA,"","4-merous",NA,NA,NA,NA,"",NA,NA,NA,NA,"","cupulate or patelliform",0.1,0.1,0.25,0.25,"mm",NA,NA,NA,NA,"","ovoidor turbinate-campanulate",NA,2.5,3.2,NA,"mm",0.9,1.4,NA,"mm",0.8,0.8,1,1,"mm","4",NA,2.5,4.2,NA,"mm","sulfur-yellow",NA,NA,NA,NA,"","Mimosa_furfuracea"
"Mimosa barretoi","Mimosa_barretoi","Barneby_1991_Sensitivae_Censitae_treatment_0312.txt","7/9/2025 16:55",1,"shrubs","",NA,1.5,3,NA,"m","","",NA,NA,NA,NA,"",NA,NA,NA,NA,"","","spikes","",1.5,1.5,3,3,"cm",7,7,8.5,8.5,"mm","paniculate",1.5,2,4,NA,"cm",NA,NA,NA,NA,"","4-merous",NA,NA,NA,NA,"",NA,NA,NA,NA,"","disc",NA,NA,NA,NA,"mm",NA,NA,NA,NA,"","ovoid-ellipsoid",NA,2.3,5,NA,"mm",NA,NA,NA,"",NA,NA,NA,NA,"","4",NA,6,7.5,NA,"mm","citron-yellow",NA,NA,NA,NA,"","Mimosa_barretoi"
"Mimosa aurivillus","Mimosa_aurivillus","Barneby_1991_Sensitivae_Censitae_treatment_0313.txt","7/9/2025 16:56",1,"shrubs","",1,1.5,3.5,4,"m","","",NA,NA,NA,NA,"",NA,NA,NA,NA,"","","capitula","globose, ellipsoid or rarely oblong-ellipsoid",NA,6,9,NA,"mm",4.5,NA,6.5,NA,"mm","pseudoracemose",1,1.5,4.5,6,"cm",NA,NA,NA,NA,"","4-merous",NA,NA,NA,NA,"",NA,NA,NA,NA,"","cup",0.1,0.15,0.3,NA,"mm",NA,NA,NA,NA,"","narrowly campanulate",1.5,1.8,2.7,NA,"mm",0.7,1.2,1.2,"mm",0.5,0.5,0.75,0.75,"mm","4",2,2.4,4.3,NA,"mm","sulfur- or lemon-yellow",NA,NA,NA,NA,"","Mimosa_aurivillus"
"Mimosa aurivillus var. aurivillus","Mimosa_aurivillus_aurivillus","Barneby_1991_Sensitivae_Censitae_treatment_0314.txt","7/9/2025 16:57",2,"arborescent","",1,1.5,3.5,4,"m","","",NA,NA,NA,NA,"",NA,NA,NA,NA,"","","capitula","",6,NA,9,NA,"mm",5,NA,6.5,NA,"mm","",NA,NA,NA,NA,"",NA,NA,NA,NA,"","",NA,NA,NA,NA,"",NA,NA,NA,NA,"","",NA,0.2,0.3,NA,"mm",NA,NA,NA,NA,"","",NA,2,2.7,NA,"mm",NA,NA,NA,"",NA,NA,NA,NA,"","",NA,NA,NA,NA,"","",NA,NA,NA,NA,"","Mimosa_aurivillus_aurivillus"
"Mimosa aurivillus var. sordescens","Mimosa_aurivillus_sordescens","Barneby_1991_Sensitivae_Censitae_treatment_0315.txt","7/9/2025 16:59",2,"Shrubs","",NA,12,30,NA,"dm","","",NA,NA,NA,NA,"",NA,NA,NA,NA,"","","capitula","oblongellipsoid or shortly oblong",7,7,11,11,"mm",4.5,4.5,5,5,"mm","",NA,NA,NA,NA,"",NA,NA,NA,NA,"","",NA,NA,NA,NA,"",NA,NA,NA,NA,"","",NA,0.2,0.3,NA,"mm",NA,NA,NA,NA,"","",NA,2,2.3,NA,"mm",NA,NA,NA,"",NA,NA,NA,NA,"","",NA,NA,NA,NA,"","",NA,NA,NA,NA,"","Mimosa_aurivillus_sordescens"
"Mimosa aurivillus var. warmingii","Mimosa_aurivillus_warmingii","Barneby_1991_Sensitivae_Censitae_treatment_0316.txt","7/9/2025 17:00",0,"Treeiets","",NA,NA,NA,NA,"","","",NA,NA,NA,NA,"",NA,NA,NA,NA,"","","capitula","oblong or cylindric",NA,7,20,NA,"mm",3,3,3.5,NA,"mm","",NA,NA,NA,NA,"",NA,NA,NA,NA,"","",NA,NA,NA,NA,"",NA,NA,NA,NA,"","",NA,0.1,0.1,NA,"mm",NA,NA,NA,NA,"","",1.3,1.3,1.5,1.5,"mm",NA,NA,NA,"",NA,NA,NA,NA,"","",NA,NA,NA,NA,"","",NA,NA,NA,NA,"","Mimosa_aurivillus_warmingii"
"Mimosa aurivillus var. calothamnoides","Mimosa_aurivillus_calothamnoides","Barneby_1991_Sensitivae_Censitae_treatment_0317.txt","7/9/2025 17:01",0,"Shrubs","",NA,1.5,2,NA,"m","","",NA,NA,NA,NA,"",NA,NA,NA,NA,"","","capitula","",6,6,9,9,"mm",5,5,6,6,"mm","",NA,NA,NA,NA,"",NA,NA,NA,NA,"","",NA,NA,NA,NA,"",NA,NA,NA,NA,"","",NA,0.1,0.2,NA,"mm",NA,NA,NA,NA,"","",NA,2,2.4,NA,"mm",NA,NA,NA,"",NA,NA,NA,NA,"","",NA,NA,NA,NA,"","",NA,NA,NA,NA,"","Mimosa_aurivillus_calothamnoides"
"Mimosa aurivillus var. calothamnos","Mimosa_aurivillus_calothamnos","Barneby_1991_Sensitivae_Censitae_treatment_0318.txt","7/9/2025 17:02",2,"shrubs","",NA,2,3,NA,"m","","",NA,NA,NA,NA,"",NA,NA,NA,NA,"","","capitula","ovoid-ellipsoid or subglobose",6,NA,10,11,"mm",4.5,5,6,NA,"mm","",NA,NA,NA,NA,"",NA,NA,NA,NA,"","",NA,NA,NA,NA,"",NA,NA,NA,NA,"","",NA,0.15,0.2,NA,"mm",NA,NA,NA,NA,"","",NA,NA,NA,NA,"",NA,NA,NA,"",NA,NA,NA,NA,"","",NA,NA,NA,NA,"","",NA,NA,NA,NA,"","Mimosa_aurivillus_calothamnos"
"Mimosa peduncularis","Mimosa_peduncularis","Barneby_1991_Sensitivae_Censitae_treatment_0319.txt","7/9/2025 17:03",0,"shrubs","",NA,NA,12,NA,"dm","","",NA,NA,NA,NA,"",NA,NA,NA,NA,"","","capitula","ellipsoid",NA,NA,NA,NA,"",3,NA,4.7,5,"mm","",1.5,NA,5.5,NA,"cm",NA,NA,NA,NA,"","4-merous",NA,NA,NA,NA,"",NA,NA,NA,NA,"","campanulate",NA,0.1,0.1,NA,"mm",NA,NA,NA,NA,"","narrowly turbinate",1.6,1.6,2.3,2.3,"mm",0.7,0.7,NA,"mm",NA,0.45,0.55,NA,"mm","4",NA,2.5,3.5,NA,"mm","ochroleucous",NA,NA,NA,NA,"","Mimosa_peduncularis"
"Mimosa leprosa","Mimosa_leprosa","Barneby_1991_Sensitivae_Censitae_treatment_0320.txt","7/9/2025 17:04",1,"shrubs","",5,NA,30,NA,"dm","","",NA,NA,NA,NA,"",NA,NA,NA,NA,"","","capitula","ellipsoid or subglobose",NA,4,11,NA,"mm",3,NA,5,NA,"mm","",NA,1.5,3.5,NA,"cm",NA,NA,NA,NA,"","4-merous",NA,NA,NA,NA,"",NA,NA,NA,NA,"","shallowly campanulate",0.2,0.2,0.3,0.3,"mm",NA,NA,NA,NA,"","",NA,1.4,2.1,NA,"mm",0.8,1,NA,"mm",NA,0.5,0.8,NA,"mm","4",2.5,2.5,3.7,3.7,"mm","sulfur-yellow",NA,NA,NA,NA,"","Mimosa_leprosa"
"Mimosa leprosa var. leprosa","Mimosa_leprosa_leprosa","Barneby_1991_Sensitivae_Censitae_treatment_0321.txt","7/9/2025 17:05",0,"","",NA,NA,NA,NA,"","","",NA,NA,NA,NA,"",NA,NA,NA,NA,"","","","",NA,NA,NA,NA,"",NA,NA,NA,NA,"","",NA,NA,NA,NA,"",NA,NA,NA,NA,"","",NA,NA,NA,NA,"",NA,NA,NA,NA,"","",NA,NA,NA,NA,"",NA,NA,NA,NA,"","",NA,NA,NA,NA,"",NA,NA,NA,"",NA,NA,NA,NA,"","",NA,NA,NA,NA,"","",NA,NA,NA,NA,"","Mimosa_leprosa_leprosa"
"Mimosa leprosa var. parviceps","Mimosa_leprosa_parviceps","Barneby_1991_Sensitivae_Censitae_treatment_0322.txt","7/9/2025 17:07",2,"","",NA,NA,NA,NA,"","","",NA,NA,NA,NA,"",NA,NA,NA,NA,"","","capitulis","",6,NA,7,11,"mm",3,4,4.5,5,"mm","",NA,NA,NA,NA,"",NA,NA,NA,NA,"","",NA,NA,NA,NA,"",NA,NA,NA,NA,"","",NA,NA,NA,NA,"",NA,NA,NA,NA,"","",NA,NA,NA,NA,"",NA,NA,NA,"",NA,NA,NA,NA,"","",NA,NA,NA,NA,"","",NA,NA,NA,NA,"","Mimosa_leprosa_parviceps"
"Mimosa calodendron","Mimosa_calodendron","Barneby_1991_Sensitivae_Censitae_treatment_0323.txt","7/9/2025 17:08",0,"shrubs","",NA,5,20,NA,"dm","","",NA,NA,NA,NA,"",NA,NA,NA,NA,"","","capitula","oblong-ellipsoid",11,11,19,25,"mm",4,5,6.5,6.5,"mm","subcorymbose",NA,1,3,3.5,"cm",NA,NA,NA,NA,"","4-merous",NA,1,3,3.5,"cm",NA,NA,NA,NA,"","campanulate",0.4,0.4,0.8,0.8,"mm",NA,NA,NA,NA,"","",NA,1.9,2.8,NA,"mm",1,1.3,NA,"mm",NA,0.6,0.9,NA,"mm","4",3,NA,6,NA,"mm","sulfur-yellow",NA,NA,NA,NA,"","Mimosa_calodendron"
"Mimosa macedoana","Mimosa_macedoana","Barneby_1991_Sensitivae_Censitae_treatment_0324.txt","7/9/2025 17:09",1,"shrubs","",NA,0.4,2,NA,"m","","",NA,NA,NA,NA,"",NA,NA,NA,NA,"","","capitula","subglobose",NA,3,4,4.5,"mm",3,4,4.5,NA,"mm","",NA,10,24,NA,"mm",NA,NA,NA,NA,"","4-merous",NA,NA,NA,NA,"",NA,NA,NA,NA,"","campanulate-patelliform",NA,0.15,0.2,NA,"mm",NA,NA,NA,NA,"","obovoid-turbinate",NA,1.6,2.2,NA,"mm",0.7,1,NA,"mm",NA,0.5,0.65,NA,"mm","4",NA,2,3.7,NA,"mm","whitish",NA,NA,NA,NA,"","Mimosa_macedoana"
"Mimosa macedoana var. macedoana","Mimosa_macedoana_macedoana","Barneby_1991_Sensitivae_Censitae_treatment_0325.txt","7/9/2025 17:10",0,"","",NA,NA,NA,NA,"","","",NA,NA,NA,NA,"",NA,NA,NA,NA,"","","","",NA,NA,NA,NA,"",NA,NA,NA,NA,"","",NA,NA,NA,NA,"",NA,NA,NA,NA,"","",NA,NA,NA,NA,"",NA,NA,NA,NA,"","",NA,NA,NA,NA,"",NA,NA,NA,NA,"","",NA,NA,NA,NA,"",NA,NA,NA,"",NA,NA,NA,NA,"","",NA,NA,NA,NA,"","",NA,NA,NA,NA,"","Mimosa_macedoana_macedoana"
"Mimosa macedoana var. glabrescens","Mimosa_macedoana_glabrescens","Barneby_1991_Sensitivae_Censitae_treatment_0326.txt","7/9/2025 17:11",0,"","",NA,NA,NA,NA,"","","",NA,NA,NA,NA,"",NA,NA,NA,NA,"","","","",NA,NA,NA,NA,"",NA,NA,NA,NA,"","",NA,NA,NA,NA,"",NA,NA,NA,NA,"","",NA,NA,NA,NA,"",NA,NA,NA,NA,"","",NA,NA,NA,NA,"",NA,NA,NA,NA,"","",NA,NA,NA,NA,"",NA,NA,NA,"",NA,NA,NA,NA,"","",NA,NA,NA,NA,"","",NA,NA,NA,NA,"","Mimosa_macedoana_glabrescens"
"Mimosa chrysastra","Mimosa_chrysastra","Barneby_1991_Sensitivae_Censitae_treatment_0327.txt","7/9/2025 17:12",1,"shrubs","",NA,6,14,NA,"dm","","",NA,NA,NA,NA,"",NA,NA,NA,NA,"","","capitula","ovoid",NA,NA,NA,NA,"",NA,2.5,3,NA,"mm","",7,7,23,23,"mm",NA,NA,NA,NA,"","4-merous",NA,NA,NA,NA,"",NA,NA,NA,NA,"","shallowly open-campanulate",NA,0.2,0.3,NA,"mm",NA,NA,NA,NA,"","turbinate",NA,1.6,2,NA,"mm",0.7,1,NA,"mm",NA,0.5,0.7,NA,"mm","4",NA,3.5,NA,NA,"mm","whitish",NA,NA,NA,NA,"","Mimosa_chrysastra"
"Mimosa chrysastra var. itambeana","Mimosa_chrysastra_itambeana","Barneby_1991_Sensitivae_Censitae_treatment_0328.txt","7/9/2025 17:13",0,"","",NA,NA,NA,NA,"","","",NA,NA,NA,NA,"",NA,NA,NA,NA,"","","","",NA,NA,NA,NA,"",NA,NA,NA,NA,"","",NA,NA,NA,NA,"",NA,NA,NA,NA,"","",NA,NA,NA,NA,"",NA,NA,NA,NA,"","",NA,NA,NA,NA,"",NA,NA,NA,NA,"","",NA,NA,NA,NA,"",NA,NA,NA,"",NA,NA,NA,NA,"","",NA,NA,NA,NA,"","",NA,NA,NA,NA,"","Mimosa_chrysastra_itambeana"
"Mimosa chrysastra var. chrysastra","Mimosa_chrysastra_chrysastra","Barneby_1991_Sensitivae_Censitae_treatment_0329.txt","7/9/2025 17:14",0,"low thickets","",NA,NA,NA,NA,"","","",NA,NA,NA,NA,"",NA,NA,NA,NA,"","","","",NA,NA,NA,NA,"",NA,NA,NA,NA,"","",NA,NA,NA,NA,"",NA,NA,NA,NA,"","",NA,NA,NA,NA,"",NA,NA,NA,NA,"","",NA,NA,NA,NA,"",NA,NA,NA,NA,"","",NA,NA,NA,NA,"",NA,NA,NA,"",NA,NA,NA,NA,"","",NA,NA,NA,NA,"","",NA,NA,NA,NA,"","Mimosa_chrysastra_chrysastra"
"Mimosa scabrella","Mimosa_scabrella","Barneby_1991_Sensitivae_Censitae_treatment_0330.txt","7/9/2025 17:15",1,"trees","",NA,NA,20,NA,"m","","",NA,NA,NA,NA,"",NA,NA,NA,NA,"","","capitula","globose or shortly oblong-ellipsoid",5,5,12,NA,"mm",4.5,5,8,NA,"mm","pseudoracemose",NA,6,20,NA,"mm",NA,NA,NA,NA,"","4-merous",NA,NA,NA,NA,"",NA,NA,NA,NA,"","campanulate",0.4,0.4,0.8,0.8,"mm",NA,NA,NA,NA,"","",NA,2.2,2.9,NA,"mm",0.7,1.3,NA,"mm",NA,0.7,0.9,NA,"mm","4",NA,3.5,4.5,NA,"mm","sulfur-yellow",NA,NA,NA,NA,"","Mimosa_scabrella"
"Mimosa eriocarpa","Mimosa_eriocarpa","Barneby_1991_Sensitivae_Censitae_treatment_0331.txt","7/9/2025 17:17",0,"shrubs","",NA,NA,3,NA,"m","","",NA,NA,NA,NA,"",NA,NA,NA,NA,"","","capitula","subglobose",NA,4,NA,NA,"mm",NA,3,NA,NA,"mm","",NA,8,18,NA,"mm",NA,NA,NA,NA,"","4-merous",NA,8,18,NA,"mm",NA,NA,NA,NA,"","",NA,NA,NA,NA,"",NA,NA,NA,NA,"","campanulate",NA,1.5,1.5,NA,"mm",NA,NA,NA,"",NA,NA,NA,NA,"","4",NA,NA,NA,NA,"mm","",NA,NA,NA,NA,"","Mimosa_eriocarpa"
"Mimosa taimbensis","Mimosa_taimbensis","Barneby_1991_Sensitivae_Censitae_treatment_0332.txt","7/9/2025 17:18",1,"arborescent shrubs","",1,NA,5,NA,"m","","",NA,NA,NA,NA,"",NA,NA,NA,NA,"","","capitula","narrow amentiform",5,5,10,10,"mm",3,3,4.5,4.5,"mm","",NA,NA,1,NA,"cm",NA,NA,NA,NA,"","4-merous",NA,NA,NA,NA,"",NA,NA,NA,NA,"","campanulate",NA,0.6,1,NA,"mm",NA,NA,NA,NA,"","campanulate",NA,1.8,2,NA,"mm",0.8,NA,NA,"mm",NA,0.6,0.7,NA,"mm","4",NA,2,2.8,NA,"mm","yellow",NA,NA,NA,NA,"","Mimosa_taimbensis"
"Mimosa lepidorepens","Mimosa_lepidorepens","Barneby_1991_Sensitivae_Censitae_treatment_0333.txt","7/9/2025 17:19",1,"shrublets","",NA,NA,NA,NA,"","","",NA,NA,NA,NA,"",NA,NA,NA,NA,"","","capitula","oblong-ellipsoid",NA,NA,NA,NA,"",NA,NA,NA,NA,"","",NA,2,3.5,NA,"cm",NA,NA,NA,NA,"","",NA,NA,NA,NA,"",NA,NA,NA,NA,"","truncate rim",NA,0.5,0.5,NA,"mm",NA,NA,NA,NA,"","",NA,NA,2,NA,"mm",NA,NA,NA,"",NA,NA,NA,NA,"","",NA,NA,NA,NA,"","unknown",NA,NA,NA,NA,"","Mimosa_lepidorepens"
"Mimosa bathyrrhena","Mimosa_bathyrrhena","Barneby_1991_Sensitivae_Censitae_treatment_0334.txt","7/9/2025 17:20",1,"shrubs","",NA,NA,2,NA,"m","","",NA,NA,NA,NA,"",NA,NA,NA,NA,"","","capitula","ovoid or subglobose",NA,6,6,NA,"mm",NA,6,6,NA,"mm","",NA,2,3.5,NA,"",NA,NA,NA,NA,"","4-merous",NA,NA,NA,NA,"",NA,NA,NA,NA,"","shallow-campanulate",NA,0.3,0.3,NA,"mm",NA,NA,NA,NA,"","turbinate",NA,2.5,2.5,NA,"mm",1.3,1.3,NA,"mm",NA,0.6,0.6,NA,"mm","4",NA,2.5,2.5,NA,"mm","yellow",NA,NA,NA,NA,"","Mimosa_bathyrrhena"
"Mimosa bonplandii","Mimosa_bonplandii","Barneby_1991_Sensitivae_Censitae_treatment_0335.txt","7/9/2025 17:21",0,"shrub or treelet","",NA,1,3,NA,"m","","",NA,NA,NA,NA,"",NA,NA,NA,NA,"","","capitula","globose",NA,NA,NA,NA,"",3.5,4,5.5,NA,"mm","",1,2,5,6,"mm",NA,NA,NA,NA,"","4-merous",NA,NA,NA,NA,"",NA,NA,NA,NA,"","cup-shaped",0.4,0.4,0.5,0.5,"mm",NA,NA,NA,NA,"","campanulate",NA,2,2.6,NA,"mm",0.7,0.9,NA,"mm",0.8,NA,1,NA,"mm","4",NA,2,3,NA,"mm","pale yellow",NA,NA,NA,NA,"","Mimosa_bonplandii"
"Mimosa urticaria","Mimosa_urticaria","Barneby_1991_Sensitivae_Censitae_treatment_0336.txt","7/9/2025 17:22",1,"shrubs","",NA,NA,3,NA,"m","","",NA,NA,NA,NA,"",NA,NA,NA,NA,"","","capitula","",NA,7,10,NA,"mm",NA,5,5.5,NA,"mm","",NA,6,20,NA,"mm",NA,NA,NA,NA,"","4-merous",NA,NA,NA,NA,"",NA,NA,NA,NA,"","collar",NA,0.15,0.15,NA,"mm",NA,NA,NA,NA,"","narrowly turbinate",NA,2.1,2.5,NA,"mm",0.6,0.7,NA,"mm",NA,0.6,0.7,NA,"mm","4",NA,3,4,NA,"mm","yellow",NA,NA,NA,NA,"","Mimosa_urticaria"
"Mimosa daleoides","Mimosa_daleoides","Barneby_1991_Sensitivae_Censitae_treatment_0337.txt","7/9/2025 17:24",1,"shrubs and subshrubs","",NA,NA,NA,NA,"","","",NA,NA,NA,NA,"",NA,NA,NA,NA,"","","spikes","narrowly amentiform or slenderly ellipsoid",4,5,16,25,"mm",NA,3,4.5,NA,"mm","pseudoraceme",0.6,1.5,5,NA,"cm",NA,NA,NA,NA,"","4-merous",NA,NA,NA,NA,"",NA,NA,NA,NA,"","disc",NA,NA,NA,NA,"",NA,NA,NA,NA,"","subglobose",1.4,1.4,1.8,1.8,"mm",0.5,0.7,0.7,"mm",NA,NA,NA,NA,"","4",NA,1.6,2.3,NA,"mm","yellow",NA,NA,NA,NA,"","Mimosa_daleoides"
"Mimosa pilulifera","Mimosa_pilulifera","Barneby_1991_Sensitivae_Censitae_treatment_0338.txt","7/9/2025 17:25",1,"arborescent shrubs","",NA,3,5,NA,"m","","",NA,NA,NA,NA,"",NA,NA,NA,NA,"","","capitula","globose or plumply ellipsoid",NA,NA,NA,NA,"",NA,2,6,NA,"mm","",5,6,23,NA,"mm",NA,NA,NA,NA,"","4-merous",NA,NA,NA,NA,"",NA,NA,NA,NA,"","campanulate",0.2,0.2,0.6,0.6,"mm",NA,NA,NA,NA,"","turbinate-obovoid",NA,1.2,2.8,NA,"mm",0.5,0.8,NA,"mm",NA,NA,NA,NA,"","4",NA,1,2.5,NA,"mm","yellowish",NA,NA,NA,NA,"","Mimosa_pilulifera"
"Mimosa pilulifera var. pseudincana","Mimosa_pilulifera_pseudincana","Barneby_1991_Sensitivae_Censitae_treatment_0339.txt","7/9/2025 17:26",2,"","",NA,NA,NA,NA,"","","",NA,NA,NA,NA,"",NA,NA,NA,NA,"","","capitula","",NA,NA,NA,NA,"",NA,NA,NA,NA,"","",NA,NA,NA,NA,"",NA,NA,NA,NA,"","",NA,NA,NA,NA,"",NA,NA,NA,NA,"","",NA,NA,NA,NA,"",NA,NA,NA,NA,"","",NA,NA,NA,NA,"",NA,NA,NA,"",NA,NA,NA,NA,"","",NA,NA,NA,NA,"","",NA,NA,NA,NA,"","Mimosa_pilulifera_pseudincana"
"Mimosa pilulifera var. pilulifera","Mimosa_pilulifera_pilulifera","Barneby_1991_Sensitivae_Censitae_treatment_0340.txt","7/9/2025 17:27",0,"thickets","",NA,NA,NA,NA,"","","",NA,NA,NA,NA,"",NA,NA,NA,NA,"","","","",NA,NA,NA,NA,"",NA,NA,NA,NA,"","",NA,NA,NA,NA,"",NA,NA,NA,NA,"","",NA,NA,NA,NA,"",NA,NA,NA,NA,"","",NA,NA,NA,NA,"",NA,NA,NA,NA,"","",NA,NA,NA,NA,"",NA,NA,NA,"",NA,NA,NA,NA,"","",NA,NA,NA,NA,"","",NA,NA,NA,NA,"","Mimosa_pilulifera_pilulifera"
"Mimosa psittacina","Mimosa_psittacina","Barneby_1991_Sensitivae_Censitae_treatment_0341.txt","7/9/2025 17:28",0,"Shrubby","",NA,NA,NA,NA,"","absent","",NA,NA,NA,NA,"",NA,NA,NA,NA,"","","capitula","ellipsoid",5,5,6.5,NA,"mm",3,3,3,3,"mm","",NA,12,23,NA,"mm",NA,NA,NA,NA,"","4-merous",12,12,23,23,"mm",NA,NA,NA,NA,"","shallow-cupular",0.15,0.15,0.2,0.2,"mm",NA,NA,NA,NA,"","tucbinate",1.7,1.7,2.1,2.1,"mm",0.8,0.8,NA,"mm",NA,0.7,0.7,NA,"mm","4",NA,2.2,3,NA,"mm","ochroleucous",NA,NA,NA,NA,"","Mimosa_psittacina"
"Mimosa rocae","Mimosa_rocae","Barneby_1991_Sensitivae_Censitae_treatment_0342.txt","7/9/2025 17:29",0,"shrublet","stout woody base",4,NA,14,NA,"dm","","",NA,NA,NA,NA,"",NA,NA,NA,NA,"","","capitula","globose",NA,5,6,NA,"mm",NA,5,6,NA,"mm","",5,6,27,NA,"mm",NA,NA,NA,NA,"","4-merous",NA,NA,NA,NA,"",NA,NA,NA,NA,"","campanulate",0.4,0.4,0.5,0.5,"mm",NA,NA,NA,NA,"","turbinate-campanulate",NA,2.4,2.9,NA,"mm",1,1.4,NA,"mm",0.8,0.8,1,NA,"mm","4",1.5,NA,2,NA,"mm","yellow",NA,NA,NA,NA,"","Mimosa_rocae"
"Mimosa berroi","Mimosa_berroi","Barneby_1991_Sensitivae_Censitae_treatment_0343.txt","7/9/2025 17:30",0,"shrub or subshrub","",NA,NA,NA,NA,"","","",NA,NA,NA,NA,"",NA,NA,NA,NA,"","","capitula","globose",NA,7,9,NA,"mm",NA,7,9,NA,"mm","",12,NA,30,NA,"cm",NA,NA,NA,NA,"","4-merous",NA,NA,NA,NA,"",NA,NA,NA,NA,"","cuneate-campanulate",0.6,0.6,0.9,0.9,"mm",NA,NA,NA,NA,"","turbinate-vase-shaped",NA,4.5,5.2,NA,"mm",1.8,2.1,NA,"mm",NA,1.3,1.5,NA,"mm","4",NA,4,5,NA,"mm","yellowish",NA,NA,NA,NA,"","Mimosa_berroi"
"Mimosa incana","Mimosa_incana","Barneby_1991_Sensitivae_Censitae_treatment_0344.txt","7/9/2025 17:32",1,"arborescent shrubs","",NA,2,4,NA,"m","","",NA,NA,NA,NA,"",NA,NA,NA,NA,"","","capitula","globose",NA,5,7,NA,"mm",NA,5,7,NA,"mm","paniculate",NA,5,12,NA,"mm",NA,NA,NA,NA,"","4-merous",NA,NA,NA,NA,"",NA,NA,NA,NA,"","campanulate",0.55,0.55,0.9,0.9,"mm",NA,NA,NA,NA,"","narrowly vase-shaped",NA,2.4,3,NA,"mm",1,1.2,NA,"mm",NA,0.65,0.8,NA,"mm","4",NA,3,4,NA,"mm","pink",NA,NA,NA,NA,"","Mimosa_incana"
"Mimosa flocculosa","Mimosa_flocculosa","Barneby_1991_Sensitivae_Censitae_treatment_0345.txt","7/9/2025 17:33",1,"subarborescent shrubs","",NA,1.7,4,NA,"m","","",NA,NA,NA,NA,"",NA,NA,NA,NA,"","","capitula","globose or plumply ellipsoid",NA,5,11,15,"mm",NA,5,6,NA,"mm","",NA,8,24,NA,"mm",NA,NA,NA,NA,"","4-merous",NA,NA,NA,NA,"",NA,NA,NA,NA,"","campanulate",0.4,0.5,0.9,NA,"mm",NA,NA,NA,NA,"","narrowly vase-shaped",1.8,2.4,3.2,NA,"mm",0.8,1.3,NA,"mm",0.6,0.7,1,NA,"mm","4",NA,2.4,3.6,NA,"mm","pink",NA,NA,NA,NA,"","Mimosa_flocculosa"
"Mimosa plumosa","Mimosa_plumosa","Barneby_1991_Sensitivae_Censitae_treatment_0346.txt","7/9/2025 17:34",0,"subarborescent shrubs","",NA,NA,3,NA,"m","","",NA,NA,NA,NA,"",NA,NA,NA,NA,"","","capitula","oblong-ellipsoid",NA,15,30,NA,"mm",9,10,13,NA,"mm","",1.5,2,5,NA,"cm",NA,NA,NA,NA,"","4-merous",NA,NA,NA,NA,"",NA,NA,NA,NA,"","collar",NA,0.2,0.3,NA,"mm",NA,NA,NA,NA,"","narrowly funnelform",3,3,4,4,"mm",1.5,1.7,1.7,"mm",0.8,0.8,1,1,"mm","4",NA,4.5,7,NA,"mm","pink",NA,NA,NA,NA,"","Mimosa_plumosa"
"Mimosa involucrata","Mimosa_involucrata","Barneby_1991_Sensitivae_Censitae_treatment_0347.txt","7/9/2025 17:35",1,"humifuse shrublets","",NA,NA,NA,NA,"","","",NA,NA,NA,NA,"",NA,NA,NA,NA,"","","capitula","hemispherical",NA,1,1,NA,"cm",NA,NA,NA,NA,"","",3,3,14,NA,"mm",NA,NA,NA,NA,"","4-merous",NA,NA,NA,NA,"",NA,NA,NA,NA,"","hyaline",NA,1,1,NA,"mm",NA,NA,NA,NA,"","narrowly vase-shaped",NA,4.5,4.5,NA,"mm",1.2,1.2,NA,"mm",NA,1,1,NA,"mm","4",NA,3,3,NA,"mm","pink",NA,NA,NA,NA,"","Mimosa_involucrata"
"Mimosa setosa","Mimosa_setosa","Barneby_1991_Sensitivae_Censitae_treatment_0348.txt","7/9/2025 17:36",1,"sub-shrubs, shrubs and treelets","",0.5,0.8,5,6,"m","","",NA,NA,NA,NA,"",NA,NA,NA,NA,"","","capitula","globose or squatly ovoid-ellipsoid",NA,NA,NA,NA,"",NA,6,11,13,"mm","pseudoracemose",NA,1.5,3.5,6,"cm",NA,NA,NA,NA,"","4-merous",NA,NA,NA,NA,"",NA,NA,NA,NA,"","campanulate or pappiform",NA,NA,NA,NA,"",NA,NA,NA,NA,"","",2.5,3,5.4,NA,"mm",0.9,1.4,NA,"mm",NA,NA,NA,NA,"","8",6.5,NA,14.5,NA,"mm","pink",NA,NA,NA,NA,"","Mimosa_setosa"
"Mimosa setosa subsp. paludosa","Mimosa_setosa_paludosa","Barneby_1991_Sensitivae_Censitae_treatment_0349.txt","7/9/2025 17:37",1,"","",NA,NA,NA,NA,"","","",NA,NA,NA,NA,"",NA,NA,NA,NA,"","","","",NA,NA,NA,NA,"",NA,NA,NA,NA,"","",NA,NA,NA,NA,"",NA,NA,NA,NA,"","",NA,NA,NA,NA,"",NA,NA,NA,NA,"","campanulate",NA,0.3,0.6,NA,"mm",NA,NA,NA,NA,"","",NA,NA,NA,NA,"",NA,NA,NA,"",NA,NA,NA,NA,"","",NA,NA,NA,NA,"","",NA,NA,NA,NA,"","Mimosa_paludosa"
"Mimosa setosa subsp. paludosa var. palndosa","Mimosa_setosa_paludosa_palndosa","Barneby_1991_Sensitivae_Censitae_treatment_0350.txt","7/9/2025 17:38",1,"Shrubs and treelets","",NA,1.5,5,NA,"m","","",NA,NA,NA,NA,"",NA,NA,NA,NA,"","","","",NA,NA,NA,NA,"",NA,NA,NA,NA,"","",NA,NA,NA,NA,"",NA,NA,NA,NA,"","",NA,NA,NA,NA,"",NA,NA,NA,NA,"","",NA,NA,NA,NA,"",NA,NA,NA,NA,"","",NA,NA,NA,NA,"",NA,NA,NA,"",NA,NA,NA,NA,"","",NA,NA,NA,NA,"","",NA,NA,NA,NA,"","Mimosa_paludosa"
"Mimosa setosa subsp. paludosa var. metadenotricha","Mimosa_setosa_paludosa_metadenotricha","Barneby_1991_Sensitivae_Censitae_treatment_0351.txt","7/9/2025 17:40",0,"sub-shrubs","",NA,1,1.5,NA,"m","","",NA,NA,NA,NA,"",NA,NA,NA,NA,"","","","",NA,NA,NA,NA,"",NA,NA,NA,NA,"","",NA,NA,NA,NA,"",NA,NA,NA,NA,"","",NA,NA,NA,NA,"",NA,NA,NA,NA,"","",NA,NA,NA,NA,"",NA,NA,NA,NA,"","",NA,NA,NA,NA,"",NA,NA,NA,"",NA,NA,NA,NA,"","",NA,NA,NA,NA,"","",NA,NA,NA,NA,"","Mimosa_setosa_metadenotricha"
"Mimosa setosa subsp. setosa","Mimosa_setosa_setosa","Barneby_1991_Sensitivae_Censitae_treatment_0352.txt","7/9/2025 17:41",0,"","",NA,NA,NA,NA,"","","",NA,NA,NA,NA,"",NA,NA,NA,NA,"","","capitulum","conelike to moriform",NA,NA,NA,NA,"",NA,NA,NA,NA,"","",NA,NA,NA,NA,"",NA,NA,NA,NA,"","",NA,NA,NA,NA,"",NA,NA,NA,NA,"","pappiform",NA,NA,NA,NA,"",NA,NA,NA,NA,"","",NA,NA,NA,NA,"",NA,NA,NA,"",NA,NA,NA,NA,"","",NA,NA,NA,NA,"","",NA,NA,NA,NA,"","Mimosa_setosa_setosa"
"Mimosa setosa subsp. setosa var. setosa","Mimosa_setosa_setosa_setosa","Barneby_1991_Sensitivae_Censitae_treatment_0353.txt","7/9/2025 17:42",0,"","",NA,NA,NA,NA,"","","",NA,NA,NA,NA,"",NA,NA,NA,NA,"","","","",NA,NA,NA,NA,"",NA,NA,NA,NA,"","",NA,NA,NA,NA,"",NA,NA,NA,NA,"","",NA,NA,NA,NA,"",NA,NA,NA,NA,"","",NA,NA,NA,NA,"",NA,NA,NA,NA,"","",NA,NA,NA,NA,"",NA,NA,NA,"",NA,NA,NA,NA,"","",NA,NA,NA,NA,"","",NA,NA,NA,NA,"","Mimosa_setosa_setosa"
"Mimosa setosa subsp. setosa var. pseudomelas","Mimosa_setosa_setosa_pseudomelas","Barneby_1991_Sensitivae_Censitae_treatment_0354.txt","7/9/2025 17:43",0,"","",NA,NA,NA,NA,"","","",NA,NA,NA,NA,"",NA,NA,NA,NA,"","","","",NA,NA,NA,NA,"",NA,NA,NA,NA,"","",NA,NA,NA,NA,"",NA,NA,NA,NA,"","",NA,NA,NA,NA,"",NA,NA,NA,NA,"","",NA,NA,NA,NA,"",NA,NA,NA,NA,"","",NA,NA,NA,NA,"",NA,NA,NA,"",NA,NA,NA,NA,"","",NA,NA,NA,NA,"","",NA,NA,NA,NA,"","Mimosa_setosa_pseudomelas"
"Mimosa setosa subsp. setosa var. nitens","Mimosa_setosa_setosa_nitens","Barneby_1991_Sensitivae_Censitae_treatment_0355.txt","7/9/2025 17:45",0,"","",NA,NA,NA,NA,"","","",NA,NA,NA,NA,"",NA,NA,NA,NA,"","","","",NA,NA,NA,NA,"",NA,NA,NA,NA,"","",NA,NA,NA,NA,"",NA,NA,NA,NA,"","",NA,NA,NA,NA,"",NA,NA,NA,NA,"","",NA,NA,NA,NA,"",NA,NA,NA,NA,"","",NA,NA,NA,NA,"",NA,NA,NA,"",NA,NA,NA,NA,"","",NA,NA,NA,NA,"","",NA,NA,NA,NA,"","Mimosa_setosa_nitens"
"Mimosa setosa subsp. setosa var. rupigena","Mimosa_setosa_setosa_rupigena","Barneby_1991_Sensitivae_Censitae_treatment_0356.txt","7/9/2025 17:46",0,"","",NA,NA,NA,NA,"","","",NA,NA,NA,NA,"",NA,NA,NA,NA,"","","","",NA,NA,NA,NA,"",NA,NA,NA,NA,"","",NA,NA,NA,NA,"",NA,NA,NA,NA,"","",NA,NA,NA,NA,"",NA,NA,NA,NA,"","pappiform",NA,2.5,2.5,NA,"mm",NA,NA,NA,NA,"","",NA,NA,NA,NA,"",NA,NA,NA,"",NA,NA,NA,NA,"","",NA,NA,NA,NA,"","",NA,NA,NA,NA,"","Mimosa_setosa_rupigena"
"Mimosa setosa subsp. urbica","Mimosa_setosa_urbica","Barneby_1991_Sensitivae_Censitae_treatment_0357.txt","7/9/2025 17:47",1,"frutescent","",NA,NA,2,NA,"m","","",NA,NA,NA,NA,"",NA,NA,NA,NA,"","","","",NA,NA,NA,NA,"",NA,NA,NA,NA,"","",NA,NA,NA,NA,"",NA,NA,NA,NA,"","",NA,NA,NA,NA,"",NA,NA,NA,NA,"","",NA,NA,NA,NA,"",NA,NA,NA,NA,"","",NA,NA,NA,NA,"",NA,NA,NA,"",NA,NA,NA,NA,"","",NA,NA,NA,NA,"","",NA,NA,NA,NA,"","Mimosa_urbica"
"Mimosa setosa subsp. urbica var. urbica","Mimosa_setosa_urbica_urbica","Barneby_1991_Sensitivae_Censitae_treatment_0358.txt","7/9/2025 17:48",1,"Ascending shrubs","",NA,NA,NA,NA,"","","",NA,NA,NA,NA,"",NA,NA,NA,NA,"","","","",NA,NA,NA,NA,"",NA,NA,NA,NA,"","",NA,NA,NA,NA,"",NA,NA,NA,NA,"","",NA,NA,NA,NA,"",NA,NA,NA,NA,"","",NA,NA,NA,NA,"",NA,NA,NA,NA,"","",NA,NA,NA,NA,"",NA,NA,NA,"",NA,NA,NA,NA,"","",NA,NA,NA,NA,"","",NA,NA,NA,NA,"","Mimosa_urbica"
"Mimosa setosa subsp. urbica var. urbana","Mimosa_setosa_urbica_urbana","Barneby_1991_Sensitivae_Censitae_treatment_0359.txt","7/9/2025 17:49",0,"Trailing subherbaceous plants","",NA,NA,NA,NA,"","","",NA,NA,NA,NA,"",NA,NA,NA,NA,"","","","",NA,NA,NA,NA,"",NA,NA,NA,NA,"","",NA,NA,NA,NA,"",NA,NA,NA,NA,"","",NA,NA,NA,NA,"",NA,NA,NA,NA,"","",NA,NA,NA,NA,"",NA,NA,NA,NA,"","",NA,NA,NA,NA,"",NA,NA,NA,"",NA,NA,NA,NA,"","",NA,NA,NA,NA,"","",NA,NA,NA,NA,"","Mimosa_setosa_urbana"
"Mimosa melanocarpa","Mimosa_melanocarpa","Barneby_1991_Sensitivae_Censitae_treatment_0360.txt","7/9/2025 17:50",1,"","",1,NA,3,NA,"m","","",NA,NA,NA,NA,"",NA,NA,NA,NA,"","","capitula","",NA,3,5.5,NA,"mm",NA,0.7,1,NA,"mm","simply pseudoracemose or paniculate",NA,NA,NA,NA,"",NA,NA,NA,NA,"","",NA,NA,NA,NA,"",NA,NA,NA,NA,"","",1.5,1.7,3,NA,"mm",NA,NA,NA,NA,"","narrowly funnelform",NA,4,5.2,NA,"mm",1,1.7,NA,"mm",NA,NA,NA,NA,"","",NA,7.5,9,NA,"mm","pink",NA,NA,NA,NA,"","Mimosa_melanocarpa"
"Mimosa caliciadenia","Mimosa_caliciadenia","Barneby_1991_Sensitivae_Censitae_treatment_0361.txt","7/9/2025 17:51",1,"diffuse or decumbent shrub or weak treelet","",NA,NA,3,NA,"m","","",NA,NA,NA,NA,"",NA,NA,NA,NA,"","","capitula","globose",NA,9,10,NA,"mm",NA,9,10,NA,"mm","",2,2.5,5,NA,"cm",NA,NA,NA,NA,"","4-merous",NA,NA,NA,NA,"",NA,NA,NA,NA,"","campanulate",NA,0.4,0.6,NA,"mm",NA,NA,NA,NA,"","narrowly funnelform",NA,3.7,4.3,NA,"mm",0.8,0.9,NA,"mm",NA,NA,NA,NA,"","8",1,7,10.5,NA,"mm","pink",NA,NA,NA,NA,"","Mimosa_caliciadenia"
"Mimosa accedens","Mimosa_accedens","Barneby_1991_Sensitivae_Censitae_treatment_0362.txt","7/9/2025 17:53",1,"subshrub","xylopodium",NA,NA,NA,NA,"","","",NA,NA,NA,NA,"",NA,NA,NA,NA,"","","capitula","subglobose",NA,8,9,NA,"mm",NA,8,9,NA,"mm","",2,2.5,5.5,NA,"cm",NA,NA,NA,NA,"","4-merous",NA,NA,NA,NA,"",NA,NA,NA,NA,"","shallowly campanulate",NA,0.5,0.6,NA,"mm",NA,NA,NA,NA,"","turbinate or vase-shaped",3,3,4.5,NA,"mm",1.3,2,NA,"mm",NA,NA,NA,NA,"","8",7,7,9.5,9.5,"mm","pink or fading whitish",NA,NA,NA,NA,"","Mimosa_accedens"
"Mimosa riedelii","Mimosa_riedelii","Barneby_1991_Sensitivae_Censitae_treatment_0363.txt","7/9/2025 17:54",1,"subshrub","",NA,1,NA,NA,"m","","",NA,NA,NA,NA,"",NA,NA,NA,NA,"","","capitula","subglobose",8,8,10,10,"mm",8,8,10,10,"mm","",6,6,10,10,"mm",NA,NA,NA,NA,"","4-merous",NA,NA,NA,NA,"",NA,NA,NA,NA,"","pappiform",2.5,2.5,3,3,"mm",0.4,0.4,0.7,0.7,"mm","narrowly turbinate",NA,3.6,3.8,NA,"mm",1.2,1.6,NA,"mm",NA,0.7,0.9,NA,"mm","8",NA,5.5,7,NA,"mm","pink",NA,NA,NA,NA,"","Mimosa_riedelii"
"Mimosa orbignyana","Mimosa_orbignyana","Barneby_1991_Sensitivae_Censitae_treatment_0364.txt","7/9/2025 17:55",1,"shrubs","",NA,NA,NA,NA,"","","",NA,NA,NA,NA,"",NA,NA,NA,NA,"","","capitula","subglobose",NA,9,10,NA,"mm",NA,NA,NA,NA,"","paniculate",NA,1.5,3.5,NA,"cm",NA,NA,NA,NA,"","4-merous",NA,0.3,0.3,NA,"mm",NA,NA,NA,NA,"","pappiform",2.7,2.7,3,3,"mm",NA,NA,NA,NA,"","funnelform",NA,4,4.2,NA,"mm",1,1.5,1.5,"mm",0.7,0.7,1,1,"mm","8",NA,5,6,NA,"mm","pink",NA,NA,NA,NA,"","Mimosa_orbignyana"
"Mimosa foliolosa","Mimosa_foliolosa","Barneby_1991_Sensitivae_Censitae_treatment_0365.txt","7/9/2025 17:56",1,"shrubs and subshrubs","",4,6,30,50,"dm","","",NA,NA,NA,NA,"",NA,NA,NA,NA,"","","capitula","ovoid-ellipsoid or subglobose",NA,7,13,20,"mm",NA,6,12,14,"mm","pseudoraceme",1,1.5,3,7,"cm",NA,NA,NA,NA,"","4-merous",NA,NA,NA,NA,"",NA,NA,NA,NA,"","",NA,0.8,1.3,1.6,"mm",NA,NA,NA,NA,"","",2.5,2.5,5.5,6.5,"mm",0.8,1.2,NA,"mm",NA,NA,NA,NA,"","8",6,6,10,10,"mm","pink",NA,NA,NA,NA,"","Mimosa_foliolosa"
"Mimosa foliolosa subsp. foliolosa","Mimosa_foliolosa_foliolosa","Barneby_1991_Sensitivae_Censitae_treatment_0366.txt","7/9/2025 17:57",2,"shrubs","",NA,NA,NA,NA,"","","",NA,NA,NA,NA,"",NA,NA,NA,NA,"","","capitula","",NA,8,2,13,"mm",8,8,12,13,"mm","",NA,1,3,NA,"cm",NA,NA,NA,NA,"","",NA,NA,NA,NA,"",NA,NA,NA,NA,"","",NA,NA,NA,NA,"",NA,NA,NA,NA,"","",NA,2.5,5.2,NA,"mm",NA,NA,NA,"",NA,NA,NA,NA,"","",NA,NA,NA,NA,"","",NA,NA,NA,NA,"","Mimosa_foliolosa_foliolosa"
"Mimosa foliolosa subsp. foliolosa var. pubescens","Mimosa_foliolosa_foliolosa_pubescens","Barneby_1991_Sensitivae_Censitae_treatment_0367.txt","7/9/2025 17:58",2,"","",NA,NA,NA,NA,"","","",NA,NA,NA,NA,"",NA,NA,NA,NA,"","","","",NA,NA,NA,NA,"",NA,NA,NA,NA,"","",NA,NA,NA,NA,"",NA,NA,NA,NA,"","",NA,NA,NA,NA,"",NA,NA,NA,NA,"","",NA,NA,NA,NA,"",NA,NA,NA,NA,"","",NA,2.5,3.7,NA,"mm",NA,NA,NA,"",NA,NA,NA,NA,"","",NA,NA,NA,NA,"","",NA,NA,NA,NA,"","Mimosa_foliolosa_pubescens"
"Mimosa foliolosa subsp. foliolosa var. franciscana","Mimosa_foliolosa_foliolosa_franciscana","Barneby_1991_Sensitivae_Censitae_treatment_0368.txt","7/9/2025 17:59",2,"","",NA,NA,NA,NA,"","","",NA,NA,NA,NA,"",NA,NA,NA,NA,"","","capitula","",NA,NA,NA,NA,"",NA,NA,NA,NA,"","",NA,NA,NA,NA,"",NA,NA,NA,NA,"","",NA,NA,NA,NA,"",NA,NA,NA,NA,"","",NA,NA,NA,NA,"",NA,NA,NA,NA,"","",NA,3.5,5,NA,"mm",NA,NA,NA,"",NA,NA,NA,NA,"","",NA,NA,NA,NA,"","",NA,NA,NA,NA,"","Mimosa_foliolosa_franciscana"
"Mimosa foliolosa subsp. foliolosa var. foliolosa","Mimosa_foliolosa_foliolosa_foliolosa","Barneby_1991_Sensitivae_Censitae_treatment_0369.txt","7/9/2025 18:00",2,"","",NA,NA,NA,NA,"","","",NA,NA,NA,NA,"",NA,NA,NA,NA,"","","","",NA,NA,NA,NA,"",NA,NA,NA,NA,"","",NA,NA,NA,NA,"",NA,NA,NA,NA,"","",NA,NA,NA,NA,"",NA,NA,NA,NA,"","",NA,NA,NA,NA,"",NA,NA,NA,NA,"","",2.5,2.5,3.5,3.7,"mm",NA,NA,NA,"",NA,NA,NA,NA,"","",NA,NA,NA,NA,"","",NA,NA,NA,NA,"","Mimosa_foliolosa_foliolosa"
"Mimosa foliolosa subsp. foliolosa var. brevipinna","Mimosa_foliolosa_foliolosa_brevipinna","Barneby_1991_Sensitivae_Censitae_treatment_0370.txt","7/9/2025 18:02",0,"","",NA,NA,NA,NA,"","","",NA,NA,NA,NA,"",NA,NA,NA,NA,"","","capitula","",NA,NA,NA,NA,"",NA,NA,NA,NA,"","",NA,NA,NA,NA,"",NA,NA,NA,NA,"","",NA,NA,NA,NA,"",NA,NA,NA,NA,"","",NA,NA,NA,NA,"",NA,NA,NA,NA,"","",2.5,2.5,3.3,NA,"mm",NA,NA,NA,"",NA,NA,NA,NA,"","",NA,NA,NA,NA,"","",NA,NA,NA,NA,"","Mimosa_foliolosa_brevipinna"
"Mimosa foliolosa subsp. foliolosa var. corpulenta","Mimosa_foliolosa_foliolosa_corpulenta","Barneby_1991_Sensitivae_Censitae_treatment_0371.txt","7/9/2025 18:03",0,"suffrutex","",NA,NA,NA,NA,"","","",NA,NA,NA,NA,"",NA,NA,NA,NA,"","","","",NA,NA,NA,NA,"",NA,NA,NA,NA,"","",NA,NA,NA,NA,"",NA,NA,NA,NA,"","",NA,NA,NA,NA,"",NA,NA,NA,NA,"","",NA,NA,NA,NA,"",NA,NA,NA,NA,"","",NA,NA,NA,NA,"",NA,NA,NA,"",NA,NA,NA,NA,"","",NA,NA,NA,NA,"","",NA,NA,NA,NA,"","Mimosa_foliolosa_corpulenta"
"Mimosa foliolosa subsp. pachycarpa","Mimosa_foliolosa_pachycarpa","Barneby_1991_Sensitivae_Censitae_treatment_0372.txt","7/9/2025 18:04",2,"","",NA,NA,NA,NA,"","","",NA,NA,NA,NA,"",NA,NA,NA,NA,"","","capitula","conelike",NA,7,14,NA,"mm",NA,NA,NA,NA,"","",1,1.5,3.5,4.5,"cm",NA,NA,NA,NA,"","",NA,NA,NA,NA,"",NA,NA,NA,NA,"","",NA,NA,NA,NA,"",NA,NA,NA,NA,"","",2.5,2.5,5,6,"mm",NA,NA,NA,"",NA,NA,NA,NA,"","",NA,NA,NA,NA,"","",NA,NA,NA,NA,"","Mimosa_foliolosa_pachycarpa"
"Mimosa foliolosa subsp. pachycarpa var. multipinaa","Mimosa_foliolosa_pachycarpa_multipinaa","Barneby_1991_Sensitivae_Censitae_treatment_0373.txt","7/9/2025 18:05",2,"","",6,6,15,NA,"dm","","",NA,NA,NA,NA,"",NA,NA,NA,NA,"","","capitula","",NA,10,14,NA,"mm",NA,NA,NA,NA,"","",NA,NA,NA,NA,"",NA,NA,NA,NA,"","",NA,NA,NA,NA,"",NA,NA,NA,NA,"","",NA,NA,NA,NA,"",NA,NA,NA,NA,"","",NA,4,5.2,NA,"mm",NA,NA,NA,"",NA,NA,NA,NA,"","",NA,NA,NA,NA,"","",NA,NA,NA,NA,"","Mimosa_foliolosa_multipinna"
"Mimosa foliolosa subsp. pachycarpa var. cercadoensis","Mimosa_foliolosa_pachycarpa_cercadoensis","Barneby_1991_Sensitivae_Censitae_treatment_0374.txt","7/9/2025 18:06",0,"","",NA,NA,1,NA,"m","","",NA,NA,NA,NA,"",NA,NA,NA,NA,"","","","",NA,NA,NA,NA,"",NA,NA,NA,NA,"","",NA,NA,NA,NA,"",NA,NA,NA,NA,"","",NA,NA,NA,NA,"",NA,NA,NA,NA,"","",NA,NA,NA,NA,"",NA,NA,NA,NA,"","",NA,NA,NA,NA,"",NA,NA,NA,"",NA,NA,NA,NA,"","",NA,NA,NA,NA,"","",NA,NA,NA,NA,"","Mimosa_foliolosa_cercadoensis"
"Mimosa foliolosa subsp. pachycarpa var. foederalis","Mimosa_foliolosa_pachycarpa_foederalis","Barneby_1991_Sensitivae_Censitae_treatment_0375.txt","7/9/2025 18:07",2,"frutescent","xylopodium",NA,7,20,30,"dm","","",NA,NA,NA,NA,"",NA,NA,NA,NA,"","","capitula","",7,8,10,NA,"mm",7,8,10,NA,"mm","",NA,NA,NA,NA,"",NA,NA,NA,NA,"","",NA,NA,NA,NA,"",NA,NA,NA,NA,"","",NA,NA,NA,NA,"",NA,NA,NA,NA,"","",3,3,4.2,NA,"mm",NA,NA,NA,"",NA,NA,NA,NA,"","",NA,NA,NA,NA,"","",NA,NA,NA,NA,"","Mimosa_foliolosa_foederalis"
"Mimosa foliolosa subsp. pachycarpa var. gravida","Mimosa_foliolosa_pachycarpa_gravida","Barneby_1991_Sensitivae_Censitae_treatment_0376.txt","7/9/2025 18:08",2,"Shrubs","",NA,12,20,NA,"dm","","",NA,NA,NA,NA,"",NA,NA,NA,NA,"","","capitula","",NA,11,12,NA,"mm",NA,NA,NA,NA,"","",NA,NA,NA,NA,"",NA,NA,NA,NA,"","",NA,NA,NA,NA,"",NA,NA,NA,NA,"","",NA,NA,NA,NA,"",NA,NA,NA,NA,"","",NA,4,5,NA,"mm",NA,NA,NA,"",NA,NA,NA,NA,"","",NA,NA,NA,NA,"","",NA,NA,NA,NA,"","Mimosa_foliolosa_gravida"
"Mimosa foliolosa subsp. pachycarpa var. pachycarpa","Mimosa_foliolosa_pachycarpa_pachycarpa","Barneby_1991_Sensitivae_Censitae_treatment_0377.txt","7/9/2025 18:09",2,"","",NA,4,7,NA,"dm","","",NA,NA,NA,NA,"",NA,NA,NA,NA,"","","capitula","",NA,7,8,NA,"mm",NA,NA,NA,NA,"","",NA,NA,NA,NA,"",NA,NA,NA,NA,"","",NA,NA,NA,NA,"",NA,NA,NA,NA,"","",NA,NA,NA,NA,"",NA,NA,NA,NA,"","",NA,3,4,NA,"mm",NA,NA,NA,"",NA,NA,NA,NA,"","",NA,NA,NA,NA,"","",NA,NA,NA,NA,"","Mimosa_foliolosa_pachycarpa"
"Mimosa foliolosa subsp. pachycarpa var. viscidula","Mimosa_foliolosa_pachycarpa_viscidula","Barneby_1991_Sensitivae_Censitae_treatment_0378.txt","7/9/2025 18:11",0,"","",NA,5,15,NA,"dm","","",NA,NA,NA,NA,"",NA,NA,NA,NA,"","","capitula","",NA,10,14,NA,"mm",NA,NA,NA,NA,"","",NA,NA,NA,NA,"",NA,NA,NA,NA,"","",NA,NA,NA,NA,"",NA,NA,NA,NA,"","",NA,NA,NA,NA,"",NA,NA,NA,NA,"","",4.4,4.8,6,NA,"mm",NA,NA,NA,"",NA,NA,NA,NA,"","",NA,NA,NA,NA,"","",NA,NA,NA,NA,"","Mimosa_foliolosa_viscidula"
"Mimosa foliolosa subsp. pachycarpa var. vernicosa","Mimosa_foliolosa_pachycarpa_vernicosa","Barneby_1991_Sensitivae_Censitae_treatment_0379.txt","7/9/2025 18:12",2,"Shrubs","",NA,3,5,NA,"dm","","",NA,NA,NA,NA,"",NA,NA,NA,NA,"","","capitula","",NA,10,12,NA,"mm",NA,NA,NA,NA,"","",NA,NA,NA,NA,"",NA,NA,NA,NA,"","",NA,NA,NA,NA,"",NA,NA,NA,NA,"","",NA,NA,NA,NA,"",NA,NA,NA,NA,"","",NA,5,7.5,NA,"mm",NA,NA,NA,"",NA,NA,NA,NA,"","",NA,NA,NA,NA,"","",NA,NA,NA,NA,"","Mimosa_foliolosa_vernicosa"
"Mimosa foliolosa subsp. pachycarpa var. peregrina","Mimosa_foliolosa_pachycarpa_peregrina","Barneby_1991_Sensitivae_Censitae_treatment_0380.txt","7/9/2025 18:13",2,"","",NA,1,1.5,NA,"m","","",NA,NA,NA,NA,"",NA,NA,NA,NA,"","","capitula","",NA,10,13,NA,"mm",NA,NA,NA,NA,"","",NA,NA,NA,NA,"",NA,NA,NA,NA,"","",NA,NA,NA,NA,"",NA,NA,NA,NA,"","",NA,NA,NA,NA,"",NA,NA,NA,NA,"","",NA,5,5,NA,"mm",NA,NA,NA,"",NA,NA,NA,NA,"","",NA,NA,NA,NA,"","",NA,NA,NA,NA,"","Mimosa_foliolosa_peregrina"
"Mimosa foliolosa subsp. brevibractea","Mimosa_foliolosa_brevibractea","Barneby_1991_Sensitivae_Censitae_treatment_0381.txt","7/9/2025 18:14",2,"Shrubs","",NA,NA,NA,NA,"","","",NA,NA,NA,NA,"",NA,NA,NA,NA,"","","capitula","moriform",NA,NA,NA,NA,"",NA,NA,NA,NA,"","",NA,NA,NA,NA,"",NA,NA,NA,NA,"","",NA,NA,NA,NA,"",NA,NA,NA,NA,"","",NA,NA,NA,NA,"",NA,NA,NA,NA,"","",NA,NA,NA,NA,"",NA,NA,NA,"",NA,NA,NA,NA,"","",NA,NA,NA,NA,"","",NA,NA,NA,NA,"","Mimosa_foliolosa_brevibractea"
"Mimosa foliolosa subsp. brevibractea var. brevibractea","Mimosa_foliolosa_brevibractea_brevibractea","Barneby_1991_Sensitivae_Censitae_treatment_0382.txt","7/9/2025 18:15",2,"","",1,1.5,3,NA,"m","","",NA,NA,NA,NA,"",NA,NA,NA,NA,"","","capitula","globose or plumply ellipsoid",NA,10,13,NA,"mm",NA,NA,NA,NA,"","",NA,NA,NA,NA,"",NA,NA,NA,NA,"","",NA,NA,NA,NA,"",NA,NA,NA,NA,"","",NA,NA,NA,NA,"",NA,NA,NA,NA,"","",NA,4,5.1,NA,"mm",NA,NA,NA,"",NA,NA,NA,NA,"","",NA,NA,NA,NA,"","",NA,NA,NA,NA,"","Mimosa_foliolosa_brevibractea"
"Mimosa foliolosa subsp. brevibractea var. paranani","Mimosa_foliolosa_brevibractea_paranani","Barneby_1991_Sensitivae_Censitae_treatment_0383.txt","7/9/2025 18:16",2,"","",NA,NA,NA,NA,"","","",NA,NA,NA,NA,"",NA,NA,NA,NA,"","","capitula","",NA,9,11,NA,"mm",NA,NA,NA,NA,"","",NA,NA,NA,NA,"",NA,NA,NA,NA,"","",NA,NA,NA,NA,"",NA,NA,NA,NA,"","",NA,NA,NA,NA,"",NA,NA,NA,NA,"","",NA,4.8,6.5,NA,"mm",NA,NA,NA,"",NA,NA,NA,NA,"","",NA,NA,NA,NA,"","",NA,NA,NA,NA,"","Mimosa_foliolosa_paranani"
"Mimosa foliolosa subsp. brevibractea var. antana","Mimosa_foliolosa_brevibractea_antana","Barneby_1991_Sensitivae_Censitae_treatment_0384.txt","7/9/2025 18:17",0,"shrubs and low trees","",NA,NA,NA,NA,"","","",NA,NA,NA,NA,"",NA,NA,NA,NA,"","","capitula","ellipsoid",NA,NA,NA,NA,"",NA,NA,NA,NA,"","",NA,NA,NA,NA,"",NA,NA,NA,NA,"","",NA,NA,NA,NA,"",NA,NA,NA,NA,"","",NA,NA,NA,NA,"",NA,NA,NA,NA,"","",NA,NA,NA,NA,"",NA,NA,NA,"",NA,NA,NA,NA,"","",NA,NA,NA,NA,"","",NA,NA,NA,NA,"","Mimosa_foliolosa_antana"
"Mimosa foliolosa subsp. brevibractea var. rigens","Mimosa_foliolosa_brevibractea_rigens","Barneby_1991_Sensitivae_Censitae_treatment_0385.txt","7/9/2025 18:19",0,"Shrubs","",NA,1,NA,NA,"m","","",NA,NA,NA,NA,"",NA,NA,NA,NA,"","","capitula","moriform",NA,15,20,NA,"mm",NA,11,13,NA,"mm","",4,5,7,NA,"cm",NA,NA,NA,NA,"","",NA,NA,NA,NA,"",NA,NA,NA,NA,"","",NA,NA,NA,NA,"",NA,NA,NA,NA,"","",NA,4.5,5.3,NA,"mm",NA,NA,NA,"",NA,NA,NA,NA,"","",NA,NA,NA,NA,"","",NA,NA,NA,NA,"","Mimosa_foliolosa_rigens"
"Mimosa pachycarpoides","Mimosa_pachycarpoides","Barneby_1991_Sensitivae_Censitae_treatment_0386.txt","7/9/2025 18:20",1,"shrubs","",NA,NA,1,NA,"m","","",NA,NA,NA,NA,"",NA,NA,NA,NA,"","","capitula","",NA,NA,NA,NA,"",NA,NA,NA,NA,"","",NA,12,26,NA,"mm",NA,NA,NA,NA,"","",NA,NA,NA,NA,"",NA,NA,NA,NA,"","",NA,NA,NA,NA,"",NA,NA,NA,NA,"","",NA,NA,NA,NA,"",NA,NA,NA,"",NA,NA,NA,NA,"","",NA,NA,NA,NA,"","",NA,NA,NA,NA,"","Mimosa_pachycarpoides"
"Mimosa auriberbis","Mimosa_auriberbis","Barneby_1991_Sensitivae_Censitae_treatment_0387.txt","7/9/2025 18:21",0,"shrub","",NA,NA,1,NA,"m","absent","",NA,NA,NA,NA,"",NA,NA,NA,NA,"","","capitula","globose",NA,13,13,NA,"mm",NA,13,13,NA,"mm","",NA,NA,NA,NA,"",NA,NA,NA,NA,"","4-merous",NA,NA,NA,NA,"",NA,NA,NA,NA,"","",NA,0.7,0.7,NA,"mm",NA,NA,NA,NA,"","narrowly funnelform",NA,6,6,NA,"mm",1.5,1.5,NA,"mm",NA,NA,NA,NA,"","8",NA,9,NA,NA,"mm","pink",NA,NA,NA,NA,"","Mimosa_auriberbis"
"Mimosa rava","Mimosa_rava","Barneby_1991_Sensitivae_Censitae_treatment_0388.txt","7/9/2025 18:22",1,"shrublets","",NA,3,5,NA,"dm","","",NA,NA,NA,NA,"",NA,NA,NA,NA,"","","capitula","subglobose",NA,9,11,NA,"mm",NA,9,11,NA,"mm","pseudoraceme",2,2,4,NA,"cm",NA,NA,NA,NA,"","4-5-merous",NA,NA,NA,NA,"",NA,NA,NA,NA,"","",NA,NA,NA,NA,"",NA,NA,NA,NA,"","funnelform",NA,3.8,5.2,NA,"mm",1.3,1.5,NA,"mm",NA,NA,NA,NA,"","",NA,7,9,NA,"mm","pale pink",NA,NA,NA,NA,"","Mimosa_rava"
"Mimosa leiocephala","Mimosa_leiocephala","Barneby_1991_Sensitivae_Censitae_treatment_0389.txt","7/9/2025 18:23",1,"shrubs","",NA,NA,2,NA,"m","","",NA,NA,NA,NA,"",NA,NA,NA,NA,"","","capitula","globose",NA,6,8,NA,"mm",6,6,8,8,"mm","pseudoraceme",NA,1.5,2.5,NA,"cm",NA,NA,NA,NA,"","4-merous",NA,NA,NA,NA,"",NA,NA,NA,NA,"","turbinate-campanulate",NA,0.6,0.7,NA,"mm",NA,0.1,NA,NA,"mm","narrowly funnelform",NA,3,NA,NA,"mm",1.4,NA,NA,"mm",NA,0.8,NA,NA,"mm","8",NA,4,10,NA,"mm","pink",NA,NA,NA,NA,"","Mimosa_leiocephala"
"Mimosa nitens","Mimosa_nitens","Barneby_1991_Sensitivae_Censitae_treatment_0390.txt","7/9/2025 18:24",1,"shrubs or subshrubs","",NA,1.5,2,NA,"m","","",NA,NA,NA,NA,"",NA,NA,NA,NA,"","","capitula","conelike",NA,9,10,NA,"mm",NA,9,10,NA,"mm","panicle of pseudoracem",1.5,NA,3,4.5,"cm",NA,NA,NA,NA,"","4-merous",NA,NA,NA,NA,"",NA,NA,NA,NA,"","",NA,0.5,0.85,NA,"mm",NA,NA,NA,NA,"","narrowly funnelform",NA,4,5,5,"mm",1.1,1.5,NA,"mm",NA,NA,NA,NA,"","8",NA,7,13,NA,"mm","pink",NA,NA,NA,NA,"","Mimosa_nitens"
"Mimosa lithoreas","Mimosa_lithoreas","Barneby_1991_Sensitivae_Censitae_treatment_0391.txt","7/9/2025 18:25",1,"subshrubs","",NA,NA,NA,NA,"","","",NA,NA,NA,NA,"",NA,NA,NA,NA,"","","capitula","globose",NA,11,12,NA,"mm",NA,11,12,NA,"mm","",NA,4.5,7.5,NA,"cm",NA,NA,NA,NA,"","4-merous",NA,NA,NA,NA,"",NA,NA,NA,NA,"","campanulate",NA,0.7,0.8,NA,"mm",NA,NA,NA,NA,"","funnelform",NA,4,4.7,NA,"mm",1,1.2,NA,"mm",NA,NA,NA,NA,"","8",NA,9,10,NA,"mm","magenta-lavender fading pale lilac",NA,NA,NA,NA,"","Mimosa_lithoreas"
"Mimosa humivagans","Mimosa_humivagans","Barneby_1991_Sensitivae_Censitae_treatment_0392.txt","7/9/2025 18:27",1,"subshrubs","xylopodium",NA,NA,NA,NA,"","","",NA,NA,NA,NA,"",NA,NA,NA,NA,"","","capitula","globose",NA,6,7,NA,"mm",6,6,7,7,"mm","pseudoracemes",NA,20,27,NA,"mm",NA,NA,NA,NA,"","4-merous",NA,NA,NA,NA,"",NA,NA,NA,NA,"","campanulate or bowl-shaped",NA,0.3,NA,NA,"mm",NA,NA,NA,NA,"","subcylindric",NA,4,NA,NA,"mm",0.9,NA,NA,"mm",NA,0.6,NA,NA,"mm","8",NA,NA,7.5,NA,"mm","lavender-pink",NA,NA,NA,NA,"","Mimosa_humivagans"
"Mimosa prorepens","Mimosa_prorepens","Barneby_1991_Sensitivae_Censitae_treatment_0393.txt","7/9/2025 18:28",1,"subshrubs","xylopodium",NA,NA,NA,NA,"","","",NA,NA,NA,NA,"",NA,NA,NA,NA,"","","capitula","plumply ellipsoid",NA,10,15,NA,"mm",NA,8,10,NA,"mm","pseudoracemes",1.5,2,5.5,NA,"cm",NA,NA,NA,NA,"","4-merous",NA,NA,NA,NA,"",NA,NA,NA,NA,"","",NA,0.4,0.5,NA,"mm",NA,NA,NA,NA,"","narrowly funnelform",NA,3.1,3.6,NA,"mm",0.8,NA,NA,"mm",NA,NA,NA,NA,"","8",NA,NA,NA,NA,"","",NA,NA,NA,NA,"","Mimosa_prorepens"
"Mimosa pseudofoliolosa","Mimosa_pseudofoliolosa","Barneby_1991_Sensitivae_Censitae_treatment_0394.txt","7/9/2025 18:29",1,"subshrub","xylopodium",NA,NA,NA,NA,"","","",NA,NA,NA,NA,"",NA,NA,NA,NA,"","","capitula","subglobose",NA,4,5,NA,"mm",NA,4,5,NA,"mm","panicle",1.7,1.7,2.3,2.3,"cm",NA,NA,NA,NA,"","4-merous",NA,NA,NA,NA,"",NA,NA,NA,NA,"","",NA,0.5,0.8,NA,"mm",NA,NA,NA,NA,"","turbinate",NA,2.5,3.1,NA,"mm",1.2,NA,NA,"mm",NA,1,NA,NA,"mm","8",NA,4.5,6.5,NA,"mm","pink",NA,NA,NA,NA,"","Mimosa_pseudofoliolosa"
"Mimosa antrorsa","Mimosa_antrorsa","Barneby_1991_Sensitivae_Censitae_treatment_0395.txt","7/9/2025 18:30",1,"Shrubs and treelets","",NA,2,4,NA,"m","","",NA,NA,NA,NA,"",NA,NA,NA,NA,"","","capitula","globose or plumpy ovoid",NA,NA,NA,NA,"",7.5,NA,10,NA,"mm","pseudoracemose",12,15,30,NA,"mm",NA,NA,NA,NA,"","4-merous",NA,NA,NA,NA,"",NA,NA,NA,NA,"","campanulate",NA,0.5,0.6,NA,"mm",NA,NA,NA,NA,"","funnelform",NA,3,3.8,NA,"mm",1.1,1.4,NA,"mm",NA,NA,NA,NA,"","8",NA,4,5.5,NA,"mm","",NA,NA,NA,NA,"","Mimosa_antrorsa"
"Mimosa adenotricha","Mimosa_adenotricha","Barneby_1991_Sensitivae_Censitae_treatment_0396.txt","7/9/2025 18:31",1,"Shrubs","",NA,NA,2,NA,"m","","",NA,NA,NA,NA,"",NA,NA,NA,NA,"","","capitula","subglobose",NA,NA,NA,NA,"",8,8,11,11,"mm","pseudoracemose",1,2,3,NA,"cm",NA,NA,NA,NA,"","4-merous",NA,NA,NA,NA,"",NA,NA,NA,NA,"","campanulate",NA,0.5,0.9,NA,"mm",NA,NA,NA,NA,"","narrowly funnelform",NA,3.4,4.2,NA,"mm",1.2,NA,NA,"mm",NA,NA,NA,NA,"","8",NA,8.5,10.5,NA,"mm","pink",NA,NA,NA,NA,"","Mimosa_adenotricha"
"Mimosa albolanata","Mimosa_albolanata","Barneby_1991_Sensitivae_Censitae_treatment_0397.txt","7/9/2025 18:32",1,"subshrubs","xylopodium",NA,NA,NA,NA,"","","",NA,NA,NA,NA,"",NA,NA,NA,NA,"","","capitula","broadly ovoid or globose",NA,10,16,NA,"mm",NA,10,16,NA,"mm","",0,NA,4.5,7,"cm",NA,NA,NA,NA,"","4-merous",NA,NA,NA,NA,"",NA,NA,NA,NA,"","",NA,0.3,0.8,1.5,"mm",NA,NA,NA,NA,"","",3.5,4,6,NA,"mm",NA,NA,NA,"",NA,NA,NA,NA,"","8",7.5,8,14.5,NA,"mm","pink",NA,NA,NA,NA,"","Mimosa_albolanata"
"Mimosa albolanata var. brasiliana","Mimosa_albolanata_brasiliana","Barneby_1991_Sensitivae_Censitae_treatment_0398.txt","7/9/2025 18:33",2,"","",3,5,10,NA,"dm","","",NA,NA,NA,NA,"",NA,NA,NA,NA,"","","capitula","",NA,NA,NA,NA,"",12,13,15,NA,"mm","",NA,3,5,10,"dm",NA,NA,NA,NA,"","",NA,NA,NA,NA,"",NA,NA,NA,NA,"","",NA,NA,NA,NA,"",NA,NA,NA,NA,"","",NA,NA,NA,NA,"",NA,NA,NA,"",NA,NA,NA,NA,"","",NA,NA,NA,NA,"","",NA,NA,NA,NA,"","Mimosa_albolanata_brasiliana"
"Mimosa albolanata var. albolanata","Mimosa_albolanata_albolanata","Barneby_1991_Sensitivae_Censitae_treatment_0399.txt","7/9/2025 18:35",0,"","",NA,NA,NA,NA,"","","",NA,NA,NA,NA,"",NA,NA,NA,NA,"","","","",NA,NA,NA,NA,"",NA,NA,NA,NA,"","",NA,NA,NA,NA,"",NA,NA,NA,NA,"","",NA,NA,NA,NA,"",NA,NA,NA,NA,"","",NA,NA,NA,NA,"",NA,NA,NA,NA,"","",NA,NA,NA,NA,"",NA,NA,NA,"",NA,NA,NA,NA,"","",NA,NA,NA,NA,"","",NA,NA,NA,NA,"","Mimosa_albolanata_albolanata"
"Mimosa albolanata var. paucipinna","Mimosa_albolanata_paucipinna","Barneby_1991_Sensitivae_Censitae_treatment_0400.txt","7/9/2025 18:36",2,"subshrubs","xylopodium",NA,NA,NA,NA,"","","",NA,NA,NA,NA,"",NA,NA,NA,NA,"","","capituda","",NA,10,14,NA,"mm",NA,NA,NA,NA,"","",NA,NA,NA,NA,"",NA,NA,NA,NA,"","",NA,NA,NA,NA,"",NA,NA,NA,NA,"","",NA,NA,NA,NA,"",NA,NA,NA,NA,"","",NA,NA,NA,NA,"",NA,NA,NA,"",NA,NA,NA,NA,"","",NA,NA,NA,NA,"","",NA,NA,NA,NA,"","Mimosa_albolanata_paucipinna"
"Mimosa albolanata var. grossiceps","Mimosa_albolanata_grossiceps","Barneby_1991_Sensitivae_Censitae_treatment_0401.txt","7/9/2025 18:37",0,"","",NA,NA,NA,NA,"","","",NA,NA,NA,NA,"",NA,NA,NA,NA,"","","capitula","",NA,NA,NA,NA,"",15,15,16,16,"mm","scapiform",NA,NA,NA,NA,"",NA,NA,NA,NA,"","",NA,NA,NA,NA,"",NA,NA,NA,NA,"","",NA,NA,NA,NA,"",NA,NA,NA,NA,"","",NA,5.5,6,NA,"mm",NA,NA,NA,"",NA,NA,NA,NA,"","",NA,NA,NA,NA,"","",NA,NA,NA,NA,"","Mimosa_albolanata_grossiceps"
"Mimosa eriorrhachis","Mimosa_eriorrhachis","Barneby_1991_Sensitivae_Censitae_treatment_0402.txt","7/9/2025 18:38",0,"subshrubs","knotty xylopodium",NA,NA,1,NA,"dm","","",NA,NA,NA,NA,"",NA,NA,NA,NA,"","","capitula","subglobose",11,11,14,14,"mm",NA,NA,NA,NA,"","",NA,NA,1.5,NA,"cm",NA,NA,NA,NA,"","4-merous",NA,NA,1.5,NA,"cm",NA,NA,NA,NA,"","turbinate",NA,0.6,1.5,NA,"mm",NA,NA,NA,NA,"","narrowly funnelform",4.5,4.5,5.5,5.5,"mm",1.4,1.7,1.7,"mm",1,1,1.3,1.3,"mm","8",NA,11,17,NA,"mm","lilac-pink",NA,NA,NA,NA,"","Mimosa_eriorrhachis"
"Mimosa cryptothamnos","Mimosa_cryptothamnos","Barneby_1991_Sensitivae_Censitae_treatment_0403.txt","7/9/2025 18:39",1,"shrubs","",NA,NA,NA,NA,"","","",NA,NA,NA,NA,"",NA,NA,NA,NA,"","","capitula","globose or squatly ellipsoid",NA,NA,1,NA,"cm",NA,1,1,NA,"cm","",1.5,NA,2,NA,"cm",NA,NA,NA,NA,"","4-merous",NA,NA,NA,NA,"",NA,NA,NA,NA,"","campanulate",NA,0.35,0.5,NA,"mm",NA,NA,NA,NA,"","funnelform",NA,4.5,5,NA,"mm",1.2,1.8,NA,"mm",NA,NA,NA,NA,"","8",NA,9,10,NA,"mm","pink",NA,NA,NA,NA,"","Mimosa_cryptothamnos"
"Mimosa claussenii","Mimosa_claussenii","Barneby_1991_Sensitivae_Censitae_treatment_0404.txt","7/9/2025 18:40",1,"shrubs","",NA,1,2.5,NA,"m","","",NA,NA,NA,NA,"",NA,NA,NA,NA,"","","capitula","globose or ellipsoid",11,13,21,25,"mm",11,13,21,25,"mm","paniculate",2.5,3,15,20,"cm",NA,NA,NA,NA,"","4-5-merous",NA,NA,NA,NA,"",NA,NA,NA,NA,"","",NA,NA,NA,NA,"",NA,NA,NA,NA,"","narrowly cylindric-vase-shaped",NA,4,8,10,"mm",1.6,4,NA,"mm",NA,NA,NA,NA,"","",10,13,27,NA,"mm","pink or lilac fading whitish",NA,NA,NA,NA,"","Mimosa_claussenii"
"Mimosa claussenii var. claussenii","Mimosa_claussenii_claussenii","Barneby_1991_Sensitivae_Censitae_treatment_0405.txt","7/9/2025 18:42",0,"arborescent","",NA,1,1,NA,"m","","",NA,NA,NA,NA,"",NA,NA,NA,NA,"","","capitula","globose or plumply ellipsoid",NA,NA,NA,NA,"",NA,NA,NA,NA,"","",NA,NA,NA,NA,"",NA,NA,NA,NA,"","",NA,NA,NA,NA,"",NA,NA,NA,NA,"","",NA,NA,NA,NA,"",NA,NA,NA,NA,"","",5,NA,7.5,9,"mm",NA,NA,NA,"",NA,NA,NA,NA,"","",NA,NA,NA,NA,"","",NA,NA,NA,NA,"","Mimosa_claussenii_claussenii"
"Mimosa claussenii var. prorsiseta","Mimosa_claussenii_prorsiseta","Barneby_1991_Sensitivae_Censitae_treatment_0406.txt","7/9/2025 18:43",2,"","",NA,NA,NA,NA,"","","",NA,NA,NA,NA,"",NA,NA,NA,NA,"","","","",NA,NA,NA,NA,"",NA,NA,NA,NA,"","",NA,NA,NA,NA,"",NA,NA,NA,NA,"","",NA,NA,NA,NA,"",NA,NA,NA,NA,"","",NA,NA,NA,NA,"",NA,NA,NA,NA,"","",NA,NA,NA,NA,"",NA,NA,NA,"",NA,NA,NA,NA,"","",NA,NA,NA,NA,"","",NA,NA,NA,NA,"","Mimosa_claussenii_prorsiseta"
"Mimosa claussenii var. corneiseta","Mimosa_claussenii_corneiseta","Barneby_1991_Sensitivae_Censitae_treatment_0407.txt","7/9/2025 18:44",0,"treefets","",3.5,3.5,4,4,"m","","",NA,NA,NA,NA,"",NA,NA,NA,NA,"","","capitula","",NA,11,13,20,"mm",NA,NA,NA,NA,"","",3,3,9,9,"cm",NA,NA,NA,NA,"","",NA,3,9,NA,"cm",NA,NA,NA,NA,"","",NA,NA,NA,NA,"",NA,NA,NA,NA,"","",NA,6,8.5,NA,"mm",NA,NA,NA,"",NA,NA,NA,NA,"","",NA,NA,NA,NA,"","",NA,NA,NA,NA,"","Mimosa_claussenii_corneiseta"
"Mimosa claussenii var. vespertilionis","Mimosa_claussenii_vespertilionis","Barneby_1991_Sensitivae_Censitae_treatment_0408.txt","7/9/2025 18:45",0,"Shrubs","",NA,1.5,NA,NA,"m","","",NA,NA,NA,NA,"",NA,NA,NA,NA,"","","capitula","globose",NA,14,14,NA,"mm",NA,NA,NA,NA,"","",4.5,NA,7,NA,"cm",NA,NA,NA,NA,"","",NA,NA,NA,NA,"",NA,NA,NA,NA,"","",NA,NA,NA,NA,"",NA,NA,NA,NA,"","",NA,7,8,NA,"mm",NA,NA,NA,"",NA,NA,NA,NA,"","",NA,NA,NA,14,"mm","",NA,NA,NA,NA,"","Mimosa_claussenii_vespertilionis"
"Mimosa claussenii var. megistophylla","Mimosa_claussenii_megistophylla","Barneby_1991_Sensitivae_Censitae_treatment_0409.txt","7/9/2025 18:46",2,"herbaceous","woody rootstock",NA,NA,1,NA,"m","","",NA,NA,NA,NA,"",NA,NA,NA,NA,"","","capitula","",NA,11,16,NA,"mm",NA,NA,NA,NA,"","multicapitulate panicle of pseudoracemes",NA,NA,NA,NA,"",NA,NA,NA,NA,"","",NA,NA,NA,NA,"",NA,NA,NA,NA,"","",NA,NA,NA,NA,"",NA,NA,NA,NA,"","",4,4,6,6,"mm",NA,NA,NA,"",NA,NA,NA,NA,"","",NA,NA,NA,NA,"","",NA,NA,NA,NA,"","Mimosa_claussenii_megistophylla"
"Mimosa claussenii var. soderstromii","Mimosa_claussenii_soderstromii","Barneby_1991_Sensitivae_Censitae_treatment_0410.txt","7/9/2025 18:47",0,"shrubs","",NA,4,6,NA,"dm","","",NA,NA,NA,NA,"",NA,NA,NA,NA,"","","capitula","subglobose",NA,15,20,NA,"mm",NA,NA,NA,NA,"","pseudoraceme",7,7,15,15,"cm",NA,NA,NA,NA,"","",7,NA,15,NA,"cm",NA,NA,NA,NA,"","",NA,NA,NA,NA,"",NA,NA,NA,NA,"","",5.5,6,8,NA,"mm",NA,NA,NA,"",NA,NA,NA,NA,"","",NA,NA,NA,NA,"","",NA,NA,NA,NA,"","Mimosa_claussenii_soderstromii"
"Mimosa claussenii var. microphyllidia","Mimosa_claussenii_microphyllidia","Barneby_1991_Sensitivae_Censitae_treatment_0411.txt","7/9/2025 18:48",2,"shrubs","",NA,1.5,3,NA,"m","","",NA,NA,NA,NA,"",NA,NA,NA,NA,"","","capituia","",NA,10,15,NA,"mm",NA,NA,NA,NA,"","",3,5,11.5,NA,"cm",NA,NA,NA,NA,"","",NA,NA,NA,NA,"",NA,NA,NA,NA,"","",NA,NA,NA,NA,"",NA,NA,NA,NA,"","",NA,5,7,NA,"mm",NA,NA,NA,"",NA,NA,NA,NA,"","",NA,NA,NA,NA,"","",NA,NA,NA,NA,"","Mimosa_claussenii_microphyllidia"
"Mimosa claussenii var. pumila","Mimosa_claussenii_pumila","Barneby_1991_Sensitivae_Censitae_treatment_0412.txt","7/9/2025 18:49",0,"subshrubs","woody caudex-branches",NA,2.5,4,NA,"dm","","",NA,NA,NA,NA,"",NA,NA,NA,NA,"","","capitula","",NA,NA,13,NA,"mm",NA,NA,NA,NA,"","",NA,2.5,6,NA,"cm",NA,NA,NA,NA,"","",NA,2.5,6,NA,"cm",NA,NA,NA,NA,"","",NA,NA,NA,NA,"",NA,NA,NA,NA,"","",NA,NA,NA,NA,"",NA,NA,NA,"",NA,NA,NA,NA,"","",NA,NA,NA,NA,"","",NA,NA,NA,NA,"","Mimosa_claussenii_pumila"
"Mimosa claussenii var. claviceps","Mimosa_claussenii_claviceps","Barneby_1991_Sensitivae_Censitae_treatment_0413.txt","7/9/2025 18:50",2,"arbuscula","",NA,3,NA,NA,"m","","",NA,NA,NA,NA,"",NA,NA,NA,NA,"","","capitula","oblong-ellipsoid",35,80,NA,NA,"mm",24,NA,NA,NA,"mm","",11,11,16,16,"cm",NA,NA,NA,NA,"","5-merous, 4-merous",NA,11,16,NA,"cm",NA,NA,NA,NA,"","",NA,NA,NA,NA,"",NA,NA,NA,NA,"","",NA,7,7,NA,"mm",NA,NA,NA,"",NA,NA,NA,NA,"","",NA,NA,NA,NA,"mm","",NA,NA,NA,NA,"","Mimosa_claussenii_claviceps"
"Mimosa claussenii var. dolichopoda","Mimosa_claussenii_dolichopoda","Barneby_1991_Sensitivae_Censitae_treatment_0414.txt","7/9/2025 18:51",0,"","",NA,NA,NA,NA,"","","",NA,NA,NA,NA,"",NA,NA,NA,NA,"","","capitula","ellipsoideis",4,NA,5,NA,"cm",2.3,NA,2.7,NA,"cm","",NA,12,20,NA,"cm",NA,NA,NA,NA,"","",12,12,20,20,"cm",NA,NA,NA,NA,"","",NA,NA,NA,NA,"",NA,NA,NA,NA,"","campanulate",NA,5.5,5.5,NA,"mm",NA,NA,NA,"",NA,NA,NA,NA,"","",NA,NA,NA,NA,"","",NA,NA,NA,NA,"","Mimosa_claussenii_dolichopoda"
"Mimosa gardneri","Mimosa_gardneri","Barneby_1991_Sensitivae_Censitae_treatment_0415.txt","7/9/2025 18:52",0,"arborescent","",NA,2,2.6,NA,"m","no spicules or paraphyllidia","leaf-stalks",NA,NA,NA,NA,"",NA,NA,NA,NA,"","","capitula","globose",2,2,3.5,NA,"dm",12,12,13,13,"mm","pseudoraceme",1,NA,2.5,NA,"cm",NA,NA,NA,NA,"","",NA,1,2.5,NA,"cm",NA,NA,NA,NA,"","",NA,2,2,NA,"mm",NA,NA,NA,NA,"","narrowly vase-shaped",5,5,6,6,"mm",2,2,NA,"mm",NA,1,1,NA,"mm","",NA,12,12,NA,"mm","pink",NA,NA,NA,NA,"","Mimosa_gardneri"
"Mimosa stylosa","Mimosa_stylosa","Barneby_1991_Sensitivae_Censitae_treatment_0416.txt","7/9/2025 18:54",1,"Shrubs","",NA,0.7,2,NA,"m","","",NA,NA,NA,NA,"",NA,NA,NA,NA,"","","capitula","ellipsoid",14,14,25,25,"mm",11,11,13,13,"mm","pseudoraceme",NA,2,3,NA,"cm",NA,NA,NA,NA,"","4-merous",NA,NA,NA,NA,"",NA,NA,NA,NA,"","",NA,0.5,0.7,NA,"mm",NA,NA,NA,NA,"","",NA,5,6,NA,"mm",NA,NA,NA,"",NA,NA,NA,NA,"","8",NA,11,16,NA,"mm","pink",NA,22,28,NA,"mm","Mimosa_stylosa"
"Mimosa rheiptera","Mimosa_rheiptera","Barneby_1991_Sensitivae_Censitae_treatment_0417.txt","7/9/2025 18:55",1,"Trees","",NA,NA,4,NA,"m","","",NA,NA,NA,NA,"",NA,NA,NA,NA,"","","capitula","subglobose",NA,13,14,NA,"mm",NA,13,14,NA,"mm","pseudoraceme",5,5,8,8,"cm",NA,NA,NA,NA,"","4-merous",NA,NA,NA,NA,"",NA,NA,NA,NA,"","",NA,NA,NA,NA,"",NA,NA,NA,NA,"","",NA,5,6,NA,"mm",1,NA,NA,"mm",NA,NA,NA,NA,"","8",NA,17,NA,NA,"mm","pink",NA,NA,NA,NA,"","Mimosa_rheiptera"
"Mimosa struthionoptera","Mimosa_struthionoptera","Barneby_1991_Sensitivae_Censitae_treatment_0418.txt","7/9/2025 18:56",0,"tree","",NA,4,NA,NA,"m","present","foliage",NA,NA,NA,NA,"mm",NA,NA,NA,NA,"","","","",NA,NA,NA,NA,"",NA,NA,NA,NA,"","",4,NA,5,NA,"cm",NA,NA,NA,NA,"","",NA,NA,NA,NA,"",NA,NA,NA,NA,"","shallowly campanulate",NA,0.4,NA,0.8,"mm",NA,NA,NA,NA,"","slenderly funnelform",5,5,6,6,"mm",1,1,NA,"mm",NA,NA,NA,NA,"","",NA,11,11,NA,"mm","pale pink",NA,NA,NA,NA,"","Mimosa_struthionoptera"
"Mimosa longepedunculata","Mimosa_longepedunculata","Barneby_1991_Sensitivae_Censitae_treatment_0419.txt","7/9/2025 18:57",1,"shrubs","",NA,2,4,5,"dm","","",NA,NA,NA,NA,"",NA,NA,NA,NA,"","","capitula","ovoid-ellipsoid or subglobose",NA,11,13,14,"mm",NA,11,13,14,"mm","",4.5,6,17,19,"cm",NA,NA,NA,NA,"","4-merous",NA,NA,NA,NA,"",NA,NA,NA,NA,"","campanulate",NA,0.5,1,1.2,"mm",NA,NA,NA,NA,"","narrowly funnelform",4.2,5,6,NA,"mm",1.5,NA,NA,"mm",NA,NA,NA,NA,"","8",NA,9,14.5,NA,"mm","pale pink-lavender",NA,NA,NA,NA,"","Mimosa_longepedunculata"
"Mimosa setosissima","Mimosa_setosissima","Barneby_1991_Sensitivae_Censitae_treatment_0420.txt","7/9/2025 18:59",1,"Arborescent shrubs","",NA,NA,3,NA,"m","","",NA,NA,NA,NA,"",NA,NA,NA,NA,"","","capitula","subglobose",NA,13,14,14,"mm",NA,13,14,NA,"mm","paniculate",3.5,4,6.5,NA,"cm",NA,NA,NA,NA,"","4-merous",NA,NA,NA,NA,"",NA,NA,NA,NA,"","",NA,NA,0.8,NA,"mm",NA,NA,NA,NA,"","narrowly tubularfunnelform",NA,6,6.5,NA,"mm",1,NA,NA,"mm",NA,NA,NA,NA,"","8",NA,8,NA,NA,"mm","pink",NA,NA,NA,NA,"","Mimosa_setosissima"
"Mimosa decorticans","Mimosa_decorticans","Barneby_1991_Sensitivae_Censitae_treatment_0421.txt","7/9/2025 19:00",1,"arborescent shrubs and treelets","",NA,2,3.5,NA,"m","","",NA,NA,NA,NA,"",NA,NA,NA,NA,"","","capitula","globose or squatly ovoid-ellipsoid",NA,10,12,NA,"mm",10,10,12,12,"mm","pseudoraceme",NA,2.5,5,NA,"cm",NA,NA,NA,NA,"","4-merous",NA,NA,NA,NA,"",NA,NA,NA,NA,"","",NA,0.6,1,NA,"mm",NA,NA,NA,NA,"","narrowly funnelform",NA,3,5.5,NA,"mm",1,1.3,NA,"mm",NA,NA,NA,NA,"","8",NA,9,15,NA,"mm","pink fading whitish",NA,NA,NA,NA,"","Mimosa_decorticans"
"Mimosa heringeri","Mimosa_heringeri","Barneby_1991_Sensitivae_Censitae_treatment_0422.txt","7/9/2025 19:01",1,"shrubs and treelets","",2.5,NA,4,NA,"m","","",NA,NA,NA,NA,"",NA,NA,NA,NA,"","","capitula","ellipsoid",NA,10,13,13,"mm",NA,10,13,NA,"mm","pseudoraceme",NA,5,8,NA,"cm",NA,NA,NA,NA,"","4-merous",NA,NA,NA,NA,"",NA,NA,NA,NA,"","",NA,NA,0.5,NA,"mm",NA,NA,NA,NA,"","",NA,4.8,5.4,NA,"mm",1.2,1.5,NA,"mm",NA,NA,NA,NA,"","8",NA,9,17,NA,"mm","pinkish-lavender fading whitish",NA,NA,NA,NA,"","Mimosa_heringeri"
"Mimosa densa","Mimosa_densa","Barneby_1991_Sensitivae_Censitae_treatment_0423.txt","7/9/2025 19:02",1,"arborescent shrubs","",NA,2,4,NA,"m","","",NA,NA,NA,NA,"",NA,NA,NA,NA,"","","capitula","ovoid or globose",NA,8,10,NA,"mm",8,8,10,10,"mm","paniculate",NA,2,5,NA,"cm",NA,NA,NA,NA,"","4-merous",NA,NA,NA,NA,"",NA,NA,NA,NA,"","pappiform",NA,NA,NA,NA,"",NA,NA,NA,NA,"","narrowly turbinate or funnelform",3,3.3,3.8,NA,"mm",0.7,1.2,NA,"mm",NA,NA,NA,NA,"","8",NA,6,9.5,NA,"mm","pink",NA,NA,NA,NA,"","Mimosa_densa"
"Mimosa densa var. densa","Mimosa_densa_densa","Barneby_1991_Sensitivae_Censitae_treatment_0424.txt","7/9/2025 19:03",2,"","",NA,1200,1800,NA,"m","","",NA,NA,NA,NA,"",NA,NA,NA,NA,"","","","",NA,NA,NA,NA,"",NA,NA,NA,NA,"","",NA,NA,NA,NA,"",NA,NA,NA,NA,"","",NA,NA,NA,NA,"",NA,NA,NA,NA,"","",NA,NA,NA,NA,"",NA,NA,NA,NA,"","",NA,NA,NA,NA,"",NA,NA,NA,"",NA,NA,NA,NA,"","",NA,NA,NA,NA,"","",NA,NA,NA,NA,"","Mimosa_densa_densa"
"Mimosa densa var. alligantina","Mimosa_densa_alligantina","Barneby_1991_Sensitivae_Censitae_treatment_0425.txt","7/9/2025 19:04",2,"","",NA,NA,NA,NA,"","","",NA,NA,NA,NA,"",NA,NA,NA,NA,"","","","",NA,NA,NA,NA,"",NA,NA,NA,NA,"","",NA,NA,NA,NA,"",NA,NA,NA,NA,"","",NA,NA,NA,NA,"",NA,NA,NA,NA,"","",NA,NA,NA,NA,"",NA,NA,NA,NA,"","",NA,NA,NA,NA,"",NA,NA,NA,"",NA,NA,NA,NA,"","",NA,NA,NA,NA,"","",NA,NA,NA,NA,"","Mimosa_densa_alligantina"
"Mimosa laniceps","Mimosa_laniceps","Barneby_1991_Sensitivae_Censitae_treatment_0426.txt","7/9/2025 19:05",1,"arborescent shrubs","",NA,12,15,NA,"dm","","",NA,NA,NA,NA,"",NA,NA,NA,NA,"","","capitula","plumply ovoid-subglobose",NA,12,15,NA,"mm",12,12,15,15,"mm","pseudoraceme",NA,2,5,6,"cm",NA,NA,NA,NA,"","4-merous",NA,NA,NA,NA,"",NA,NA,NA,NA,"","campanulate",NA,0.5,0.8,NA,"mm",NA,NA,NA,NA,"","narrowly funnelform",NA,5.5,6.3,NA,"mm",1.4,2,NA,"mm",NA,NA,NA,NA,"","8",13,14,18,NA,"mm","pink fading whitish",NA,NA,NA,NA,"","Mimosa_laniceps"
"Mimosa pycnocoma","Mimosa_pycnocoma","Barneby_1991_Sensitivae_Censitae_treatment_0427.txt","7/9/2025 19:06",0,"arborescent","",NA,NA,NA,NA,"","absent","between pinna-pairs",NA,NA,NA,NA,"",NA,NA,NA,NA,"","","capitula","subglobose",NA,NA,NA,NA,"",NA,10,10,NA,"mm","subcorymbose pseudoraceme",NA,3.5,3.5,NA,"cm",NA,NA,NA,NA,"","4-merous",NA,NA,NA,NA,"",NA,NA,NA,NA,"","",NA,0.3,0.3,NA,"mm",NA,NA,NA,NA,"","narrowly funnelform",3.5,3.5,4,4,"mm",1,1,NA,"mm",NA,NA,NA,NA,"","8",NA,8,NA,NA,"mm","pink",NA,NA,NA,NA,"","Mimosa_pycnocoma"
"Mimosa oligosperma","Mimosa_oligosperma","Barneby_1991_Sensitivae_Censitae_treatment_0428.txt","7/9/2025 19:08",1,"shrubs","",NA,NA,NA,NA,"","","",NA,NA,NA,NA,"",NA,NA,NA,NA,"","","capitula","globose",NA,11,11,NA,"mm",NA,11,11,NA,"mm","pseudo-corymb",2,2.5,6,NA,"cm",NA,NA,NA,NA,"","4-merous",NA,NA,NA,NA,"",NA,NA,NA,NA,"","campanulate",NA,0.3,0.5,NA,"mm",NA,NA,NA,NA,"","narrowly funnelform",NA,4.5,5,NA,"mm",1.3,1.6,NA,"mm",NA,0.9,1,NA,"mm","8",NA,8,NA,NA,"mm","",NA,NA,NA,NA,"","Mimosa_oligosperma"
"Mimosa rhodostegia","Mimosa_rhodostegia","Barneby_1991_Sensitivae_Censitae_treatment_0429.txt","7/9/2025 19:09",1,"Arborescent shrubs","",NA,NA,4,NA,"m","absent","",NA,NA,NA,NA,"",NA,NA,NA,NA,"","","capitula","subglobose",NA,NA,NA,NA,"",NA,12,NA,NA,"mm","pseudoraceme",NA,2.5,4,NA,"cm",NA,NA,NA,NA,"","4-merous",NA,NA,NA,NA,"",NA,NA,NA,NA,"","campanulate",NA,0.6,1,NA,"mm",NA,NA,NA,NA,"","narrowly funnelform",NA,4.5,6,NA,"mm",1.1,1.3,NA,"mm",NA,NA,NA,NA,"","8",NA,10,NA,NA,"mm","pink",NA,NA,NA,NA,"","Mimosa_rhodostegia"
"Mimosa regina","Mimosa_regina","Barneby_1991_Sensitivae_Censitae_treatment_0430.txt","7/9/2025 19:10",1,"trees","",NA,NA,4,NA,"m","","",NA,NA,NA,NA,"",NA,NA,NA,NA,"","","capitula","plumply globose-ellipsoid",NA,25,NA,NA,"mm",NA,20,NA,NA,"mm","pseudoraceme",5,5,8,8,"cm",NA,NA,NA,NA,"","4-merous",NA,NA,NA,NA,"",NA,NA,NA,NA,"","shallowly campanulate",NA,0.6,0.8,NA,"mm",NA,NA,NA,NA,"","tubular-funnelform",NA,7,8,NA,"mm",1.4,NA,NA,"mm",NA,NA,NA,NA,"","8",NA,13,17,NA,"mm","pink",NA,NA,NA,NA,"","Mimosa_regina"
"Mimosa manidea","Mimosa_manidea","Barneby_1991_Sensitivae_Censitae_treatment_0431.txt","7/9/2025 19:11",1,"rosette-trees","",NA,2,4,NA,"m","","",NA,NA,NA,NA,"",NA,NA,NA,NA,"","","capitula","ovoid-ellipsoid or globose",NA,12,17,NA,"mm",NA,12,17,NA,"mm","pseudoraceme",NA,3,7,9,"cm",NA,NA,NA,NA,"","",NA,NA,NA,NA,"",NA,NA,NA,NA,"","",NA,NA,NA,NA,"",NA,NA,NA,NA,"","",NA,5,5.5,NA,"mm",NA,NA,NA,"",NA,NA,NA,NA,"","",NA,NA,NA,NA,"","",NA,NA,NA,NA,"","Mimosa_manidea"
"Mimosa capito","Mimosa_capito","Barneby_1991_Sensitivae_Censitae_treatment_0432.txt","7/9/2025 19:12",0,"arborescent pachycladas","",NA,2,3,NA,"m","present","floral bracts",NA,NA,NA,NA,"",NA,NA,NA,NA,"","capitate","capitula","globose",15,15,17,17,"mm",NA,NA,NA,NA,"","pseudocorymbosely",1.5,1.5,2.5,2.5,"cm",NA,NA,NA,NA,"","4-merous",NA,NA,NA,NA,"",NA,NA,NA,NA,"","campanulate",0.6,0.6,0.8,0.8,"mm",NA,NA,NA,NA,"","narrowly vase-shaped",6,6,7,7,"mm",1.2,1.5,1.5,"mm",NA,NA,NA,NA,"","8",10,10,15,15,"mm","lilac-pink",NA,NA,NA,NA,"","Mimosa_capito"
"Mimosa oedoclada","Mimosa_oedoclada","Barneby_1991_Sensitivae_Censitae_treatment_0433.txt","7/9/2025 19:13",1,"rosette-trees or arborescent shrubs","",NA,1.5,5,NA,"m","","",NA,NA,NA,NA,"",NA,NA,NA,NA,"","","capitula","ovoid or globose",NA,12,17,NA,"mm",NA,12,17,NA,"mm","pseudoraceme",3,3,7,9,"cm",NA,NA,NA,NA,"","4-merous",NA,NA,NA,NA,"",NA,NA,NA,NA,"","campanulate",NA,0.55,1.1,NA,"mm",NA,NA,NA,NA,"","narrowly funnelform",NA,5,7,NA,"mm",1.1,1.5,NA,"mm",NA,NA,NA,NA,"","8",NA,14,17,NA,"mm","lavender-pink",NA,NA,NA,NA,"","Mimosa_oedoclada"
"Mimosa dominarum","Mimosa_dominarum","Barneby_1991_Sensitivae_Censitae_treatment_0434.txt","7/9/2025 19:15",1,"rosette-treelets","",2,NA,3,NA,"m","","",NA,NA,NA,NA,"",NA,NA,NA,NA,"","","capitula","globose or plumply ellipsoid",NA,14,16,NA,"mm",NA,14,16,NA,"mm","pseudoraceme",3.5,3.5,5.5,NA,"cm",NA,NA,NA,NA,"","4-merous",NA,NA,NA,NA,"",NA,NA,NA,NA,"","",NA,0.6,0.85,NA,"mm",NA,NA,NA,NA,"","narrowly funnelform",NA,5.5,7.2,NA,"mm",1.3,1.5,NA,"mm",NA,NA,NA,NA,"","8",NA,16,21,NA,"mm","pink fading whitish",NA,NA,NA,NA,"","Mimosa_dominarum"
"Mimosa splendida","Mimosa_splendida","Barneby_1991_Sensitivae_Censitae_treatment_0435.txt","7/9/2025 19:16",1,"treelets","",2,NA,3,NA,"m","","",NA,NA,NA,NA,"",NA,NA,NA,NA,"","","capitula","globose",16,16,17,17,"mm",NA,16,17,NA,"mm","pseudoraceme",7,7,11,11,"cm",NA,NA,NA,NA,"","4-merous",NA,NA,NA,NA,"",NA,NA,NA,NA,"","",NA,0.5,0.5,NA,"mm",NA,NA,NA,NA,"","narrowly vase-shaped",NA,6.5,6.5,NA,"mm",1.5,1.5,NA,"mm",NA,1.1,1.1,NA,"mm","8",NA,7,7,NA,"mm","Pink",NA,NA,NA,NA,"","Mimosa_splendida"
"Mimosa irwinii","Mimosa_irwinii","Barneby_1991_Sensitivae_Censitae_treatment_0436.txt","7/9/2025 19:17",0,"rosette-shrub","humifuse woody branches",NA,NA,1,NA,"m","present","between each pinna-pair",NA,1,3,NA,"mm",NA,NA,NA,NA,"","","capitula","oblongellipsoid",1.8,1.8,5.5,5.5,"cm",1.2,1.2,2,2,"cm","",NA,2,3,NA,"dm",NA,NA,NA,NA,"","4-merous",NA,NA,NA,NA,"",NA,NA,NA,NA,"","campanulate",NA,NA,NA,NA,"",NA,NA,NA,NA,"","funnelform",NA,6,7,NA,"mm",1.5,1.5,NA,"mm",NA,NA,NA,NA,"","8",NA,12,16,NA,"mm","lavender-pink",NA,NA,NA,NA,"mm","Mimosa_irwinii"
"Mimosa speciosissima","Mimosa_speciosissima","Barneby_1991_Sensitivae_Censitae_treatment_0437.txt","7/9/2025 19:18",1,"subshrubs","woody xylopodium",NA,NA,NA,NA,"","","",NA,NA,NA,NA,"",NA,NA,NA,NA,"","","capitulum","subglobose",10,12,16,NA,"mm",10,12,16,NA,"mm","",NA,10,32,NA,"cm",NA,NA,NA,NA,"","4-merous",NA,NA,NA,NA,"",NA,NA,NA,NA,"","",NA,0.5,1,NA,"mm",NA,NA,NA,NA,"","turbinate-funnelform",3.8,4,6,NA,"mm",1,1.5,NA,"mm",NA,NA,NA,NA,"","8",NA,9,11,NA,"mm","pink",NA,NA,NA,NA,"","Mimosa_speciosissima"
"Mimosa ulei","Mimosa_ulei","Barneby_1991_Sensitivae_Censitae_treatment_0438.txt","7/9/2025 19:19",1,"subshrub","xylopodium",NA,14,20,NA,"dm","","",NA,NA,NA,NA,"",NA,NA,NA,NA,"","","capitula","subglobose",NA,10,12.5,NA,"mm",10,10,12.5,12.5,"mm","pseudoraceme or panicle",NA,1.5,10,NA,"cm",NA,NA,NA,NA,"","4-merous",NA,NA,NA,NA,"",NA,NA,NA,NA,"","",NA,0.4,1,NA,"mm",NA,NA,NA,NA,"","narrowly funnelform-campanulate",4.5,4.5,6,6,"mm",1.3,1.7,1.7,"mm",NA,NA,NA,NA,"","8",NA,10,13,NA,"mm","pink",NA,NA,NA,NA,"","Mimosa_ulei"
"Mimosa ulei var. ulei","Mimosa_ulei_ulei","Barneby_1991_Sensitivae_Censitae_treatment_0439.txt","7/9/2025 19:20",2,"","",NA,NA,NA,NA,"","","",NA,NA,NA,NA,"",NA,NA,NA,NA,"","","","",NA,NA,NA,NA,"",NA,NA,NA,NA,"","",NA,NA,NA,NA,"",NA,NA,NA,NA,"","",NA,NA,NA,NA,"",NA,NA,NA,NA,"","",NA,NA,NA,NA,"",NA,NA,NA,NA,"","",NA,NA,NA,NA,"",NA,NA,NA,"",NA,NA,NA,NA,"","",NA,NA,NA,NA,"","",NA,NA,NA,NA,"","Mimosa_ulei_ulei"
"Mimosa ulei var. grallator","Mimosa_ulei_grallator","Barneby_1991_Sensitivae_Censitae_treatment_0440.txt","7/9/2025 19:21",2,"","",NA,NA,NA,NA,"","","",NA,NA,NA,NA,"",NA,NA,NA,NA,"","","","",NA,NA,NA,NA,"",NA,NA,NA,NA,"","",NA,NA,NA,NA,"",NA,NA,NA,NA,"","",NA,NA,NA,NA,"",NA,NA,NA,NA,"","",NA,NA,NA,NA,"",NA,NA,NA,NA,"","",NA,NA,NA,NA,"",NA,NA,NA,"",NA,NA,NA,NA,"","",NA,NA,NA,NA,"","",NA,NA,NA,NA,"","Mimosa_ulei_grallator"
"Mimosa maguirei","Mimosa_maguirei","Barneby_1991_Sensitivae_Censitae_treatment_0441.txt","7/9/2025 19:23",1,"subshrubs and shrubs","",1.5,NA,5,NA,"m","","",NA,NA,NA,NA,"",NA,NA,NA,NA,"","","capitula","squatly ellipsoid or globose",11,11,12,12,"mm",NA,11,12,NA,"mm","pseudoraceme or panicle of pseudoracemes",NA,1.5,4,NA,"cm",NA,NA,NA,NA,"","4-merous",NA,NA,NA,NA,"",NA,NA,NA,NA,"","campanulate",NA,NA,NA,NA,"",NA,NA,NA,NA,"","funnelform",3.7,3.7,5,5,"mm",1.4,1.8,1.8,"mm",NA,NA,NA,NA,"","8",NA,10,12,NA,"mm","pink",NA,NA,NA,NA,"","Mimosa_maguirei"
"Mimosa pellita","Mimosa_pellita","Barneby_1991_Sensitivae_Censitae_treatment_0442.txt","7/9/2025 19:24",0,"shrubs","",NA,1,3,5,"m","present","between pinna-pairs",0.5,1.5,14,23,"mm",NA,NA,NA,NA,"","spicule","capitula","globose or ellipsoid",8,8,12,12,"mm",6,6,9,9,"mm","",NA,NA,NA,NA,"cm",NA,NA,NA,NA,"","4C5)-merous",NA,NA,NA,NA,"cm",NA,NA,NA,NA,"","campanulate cups",NA,1,1.8,NA,"mm",NA,NA,NA,NA,"","narrowly turbinate",NA,NA,NA,NA,"",0.8,1.3,NA,"mm",NA,0.6,0.95,NA,"mm","4",NA,NA,NA,NA,"mm","pale pink or lilac fading whitish",NA,NA,NA,NA,"","Mimosa_pigra_pigra"
"Mimosa pellita var. pellita","Mimosa_pellita_pellita","Barneby_1991_Sensitivae_Censitae_treatment_0443.txt","7/9/2025 19:25",0,"bushy","",NA,NA,1,1600,"m","","",NA,NA,NA,NA,"",NA,NA,NA,NA,"","","","",NA,NA,NA,NA,"",NA,NA,NA,NA,"","",NA,NA,NA,NA,"",NA,NA,NA,NA,"","",NA,NA,NA,NA,"",NA,NA,NA,NA,"","",NA,NA,NA,NA,"",NA,NA,NA,NA,"","",NA,NA,NA,NA,"",NA,NA,NA,"",NA,NA,NA,NA,"","",NA,NA,NA,NA,"","",NA,NA,NA,NA,"","Mimosa_pigra_pigra"
"Mimosa pellita var. dehiscens","Mimosa_pellita_dehiscens","Barneby_1991_Sensitivae_Censitae_treatment_0444.txt","7/9/2025 19:26",2,"","",NA,NA,NA,NA,"","","",NA,NA,NA,NA,"",NA,NA,NA,NA,"","","","",NA,NA,NA,NA,"",NA,NA,NA,NA,"","",NA,NA,NA,NA,"",NA,NA,NA,NA,"","",NA,NA,NA,NA,"",NA,NA,NA,NA,"","",NA,NA,NA,NA,"",NA,NA,NA,NA,"","",NA,NA,NA,NA,"",NA,NA,NA,"",NA,NA,NA,NA,"","",NA,NA,NA,NA,"","",NA,NA,NA,NA,"","Mimosa_pigra_dehiscens"
"Mimosa pellita var. hispida","Mimosa_pellita_hispida","Barneby_1991_Sensitivae_Censitae_treatment_0445.txt","7/9/2025 19:27",0,"","",NA,NA,NA,NA,"","","",NA,NA,NA,NA,"",NA,NA,NA,NA,"","","","",NA,NA,NA,NA,"",NA,NA,NA,NA,"","",NA,NA,NA,NA,"",NA,NA,NA,NA,"","",NA,NA,NA,NA,"",NA,NA,NA,NA,"","",NA,NA,NA,NA,"",NA,NA,NA,NA,"","",NA,NA,NA,NA,"",NA,NA,NA,"",NA,NA,NA,NA,"","",NA,NA,NA,NA,"","",NA,NA,NA,NA,"","Mimosa_pigra_pigra"
"Mimosa tarda","Mimosa_tarda","Barneby_1991_Sensitivae_Censitae_treatment_0446.txt","7/9/2025 19:28",0,"shrubs","",NA,1.2,3,NA,"m","present","leaf-stalks between each pinna-pair",1,2,9,NA,"mm",NA,NA,NA,NA,"","sharp ascending spicule","capitula","conelike",NA,5,6.5,NA,"mm",NA,NA,NA,NA,"","umbelliform",NA,1.5,4,NA,"cm",NA,NA,NA,NA,"","",NA,1.5,4,NA,"cm",NA,NA,NA,NA,"","",NA,0.7,1,NA,"mm",NA,NA,NA,NA,"","",NA,2.7,3.5,NA,"mm",NA,NA,NA,"",NA,NA,NA,NA,"","",NA,2,3,NA,"mm","pale lilac-pink",NA,NA,NA,NA,"","Mimosa_tarda"
"Mimosa orinocoensis","Mimosa_orinocoensis","Barneby_1991_Sensitivae_Censitae_treatment_0447.txt","7/9/2025 19:29",0,"Scandent shrubs","",NA,NA,3,NA,"m","present","narrow ventral groove bridged between each pinna-pair",1.5,NA,5.5,NA,"mm",NA,NA,NA,NA,"","ascending burnished yellowish spicule","capitula","globose or plumply ellipsoid",NA,6,7,NA,"mm",NA,NA,NA,NA,"","",NA,12,16,NA,"cm",NA,NA,NA,NA,"","4-merous",NA,12,16,NA,"cm",NA,NA,NA,NA,"","shallowly campanulate or saucer-shaped",0.3,0.3,0.6,0.6,"mm",NA,NA,NA,NA,"","narrowly vase-shaped",2.3,2.3,2.8,2.8,"mm",0.8,0.8,NA,"mm",NA,0.6,0.6,NA,"mm","8",NA,3,3.5,NA,"mm","whitish or pinkish",NA,NA,NA,NA,"","Mimosa_orinocoensis"
"Mimosa asperata","Mimosa_asperata","Barneby_1991_Sensitivae_Censitae_treatment_0448.txt","7/9/2025 19:30",2,"shrubs","",1,1.5,3.5,5,"m","present","ventral groove between pinnapairs",0.5,1.8,9,15,"mm",NA,NA,NA,NA,"","spicule","capitula","globose or ellipsoid",NA,NA,NA,NA,"",5.5,NA,8,NA,"mm","pseudoracemose",10,14,33,NA,"mm",NA,NA,NA,NA,"","4-merous",10,14,33,NA,"mm",NA,NA,NA,NA,"","turbinate-campanulate or patelliform",0.4,0.4,0.7,0.8,"mm",NA,NA,NA,NA,"","",1.9,2.3,3.2,3.5,"mm",0.9,1.3,NA,"mm",0.7,NA,1.2,NA,"mm","8",NA,NA,NA,NA,"mm","pink fading whitish",NA,NA,NA,NA,"","Mimosa_pigra_asperata"
"Mimosa elliptica","Mimosa_elliptica","Barneby_1991_Sensitivae_Censitae_treatment_0449.txt","7/9/2025 19:32",1,"shrubs","",NA,NA,2,NA,"m","","",NA,NA,NA,NA,"",NA,NA,NA,NA,"","","capitula","oblong-ellipsoid or subglobose",6.5,6.5,12,NA,"mm",NA,5.5,7,NA,"mm","",NA,NA,NA,NA,"",NA,NA,NA,NA,"","",NA,NA,NA,NA,"",NA,NA,NA,NA,"","campanulate",NA,0.5,0.8,NA,"mm",NA,NA,NA,NA,"","",NA,2.2,3.1,NA,"mm",NA,NA,NA,"",NA,NA,NA,NA,"","",NA,5,8,NA,"mm","",NA,NA,NA,NA,"","Mimosa_elliptica"
"Mimosa pigra","Mimosa_pigra","Barneby_1991_Sensitivae_Censitae_treatment_0450.txt","7/9/2025 19:33",1,"shrubs","adventitiously rooting",NA,5,16,NA,"dm","","",NA,NA,NA,NA,"",NA,NA,NA,NA,"","","capitula","globose",NA,5,6.5,NA,"mm",5,NA,6.5,NA,"mm","pseudoraceme",NA,7,17,24,"mm",NA,NA,NA,NA,"","",NA,NA,NA,NA,"",NA,NA,NA,NA,"","",NA,0.6,0.85,NA,"mm",NA,NA,NA,NA,"","",NA,1.5,1.8,NA,"mm",NA,NA,NA,"",NA,NA,NA,NA,"","",NA,NA,2,NA,"mm","pink",NA,NA,NA,NA,"","Mimosa_pigra"
"Mimosa miranda","Mimosa_miranda","Barneby_1991_Sensitivae_Censitae_treatment_0451.txt","7/9/2025 19:34",0,"suffrutescent herb","adventitiously rooting at some lower nodes",6,NA,10,NA,"dm","present","between all or most pinna-pairs",2.5,NA,9,11,"mm",NA,NA,NA,NA,"","straight stiff ascending stramineous spicule","spikes","",3,NA,4,NA,"cm",NA,4,NA,NA,"mm","",NA,4,7,NA,"cm",NA,NA,NA,NA,"","4-merous",NA,NA,NA,NA,"",NA,NA,NA,NA,"","campanuiate",NA,0.5,0.5,NA,"mm",NA,NA,NA,NA,"","turbinate-campanulate",NA,1.6,1.6,NA,"mm",0.7,0.7,NA,"mm",NA,0.5,0.5,NA,"mm","8",NA,NA,4.5,NA,"mm","pink",NA,NA,NA,NA,"","Mimosa_miranda"
"Mimosa weddelliana","Mimosa_weddelliana","Barneby_1991_Sensitivae_Censitae_treatment_0452.txt","7/9/2025 19:35",1,"Shrubs","",0.6,1,3,NA,"m","","",NA,NA,NA,NA,"",NA,NA,NA,NA,"","","capitula","globose",NA,6,8,NA,"mm",NA,6,8,NA,"mm","pseudoracemes",NA,12,21,NA,"mm",NA,NA,NA,NA,"","4-merous",NA,NA,NA,NA,"",NA,NA,NA,NA,"","campanulate",NA,NA,NA,NA,"",NA,NA,NA,NA,"","narrowly vase-shaped",3,3,3.5,3.5,"mm",1.2,1.2,NA,"mm",NA,0.7,0.7,NA,"mm","8",NA,5,5,NA,"mm","pink or white",NA,NA,NA,NA,"","Mimosa_weddelliana"
"Mimosa dormiens","Mimosa_dormiens","Barneby_1991_Sensitivae_Censitae_treatment_0453.txt","7/9/2025 19:36",1,"herbs","",NA,NA,NA,NA,"","","",NA,NA,NA,NA,"",NA,NA,NA,NA,"","","capitula","plumply ellipsoid",4,4,7.5,NA,"mm",3.5,3.5,4.5,4.5,"mm","",NA,8,35,40,"mm",NA,NA,NA,NA,"","4(-5)-merous",NA,NA,NA,NA,"",NA,NA,NA,NA,"","",NA,NA,NA,NA,"",NA,NA,NA,NA,"","campanulate",NA,1.3,1.7,NA,"mm",0.3,0.7,NA,"mm",NA,0.3,0.5,NA,"mm","8",NA,2,3,NA,"mm","pale lilac fading whitish",NA,NA,NA,NA,"","Mimosa_dormiens"
"Mimosa strigillosa","Mimosa_strigillosa","Barneby_1991_Sensitivae_Censitae_treatment_0454.txt","7/9/2025 19:37",1,"herbs","stout woody taproot",NA,NA,1,1.5,"m","","",NA,NA,NA,NA,"",NA,NA,NA,NA,"","","capitula","ellipsoid or short-cylindric",8,9,25,NA,"mm",4.5,5,8,NA,"mm","",2,4,16,30,"cm",NA,NA,NA,NA,"","4(-5)-merous",NA,NA,NA,NA,"",NA,NA,NA,NA,"","shallowly campanulate",NA,0.3,0.45,0.6,"mm",NA,NA,NA,NA,"","narrowly turbinate to narrowly funnelform",NA,2,3.4,4.2,"mm",0.7,1.2,NA,"mm",NA,0.6,0.9,1,"mm","10-Aug",4,5,7.5,NA,"mm","pinklilac",NA,NA,NA,NA,"","Mimosa_strigillosa"
"Mimosa somnians","Mimosa_somnians","Barneby_1991_Sensitivae_Censitae_treatment_0455.txt","7/9/2025 19:38",1,"subshrubs, shrubs and treelets","",2,4,25,40,"dm","","",NA,NA,NA,NA,"",NA,NA,NA,NA,"","","capitula","subglobose",4,4.5,7,8,"mm",4,4.5,7,8,"mm","pseudoraceme or panicle",0.5,0.8,3,3.5,"cm",NA,NA,NA,NA,"","4(-5)-merous",NA,NA,NA,NA,"",NA,NA,NA,NA,"","membranous",0.25,0.3,0.55,0.7,"mm",NA,NA,NA,NA,"","turbinate",1.7,2.1,3.5,4,"mm",1.2,2,2.2,"mm",NA,0.6,1.1,NA,"mm","",3.5,4,7,NA,"mm","pink",NA,NA,NA,NA,"","Mimosa_somnians"
"Mimosa somnians subsp. somnians","Mimosa_somnians_somnians","Barneby_1991_Sensitivae_Censitae_treatment_0456.txt","7/9/2025 19:40",2,"","",NA,NA,NA,NA,"","","",NA,NA,NA,NA,"",NA,NA,NA,NA,"","","","",NA,NA,NA,NA,"",NA,NA,NA,NA,"","",NA,NA,NA,NA,"",NA,NA,NA,NA,"","",NA,NA,NA,NA,"",NA,NA,NA,NA,"","",NA,NA,NA,NA,"",NA,NA,NA,NA,"","",NA,NA,NA,NA,"",NA,NA,NA,"",NA,NA,NA,NA,"","",NA,NA,NA,NA,"","",NA,NA,NA,NA,"","Mimosa_somnians_somnians"
"Mimosa somnians subsp. somnians var. somnians","Mimosa_somnians_somnians_somnians","Barneby_1991_Sensitivae_Censitae_treatment_0457.txt","7/9/2025 19:41",2,"Herbaceous, fruticose","xylopodium",NA,NA,3,NA,"m","","",NA,NA,NA,NA,"",NA,NA,NA,NA,"","","","",NA,NA,NA,NA,"",NA,NA,NA,NA,"","",NA,NA,NA,NA,"",NA,NA,NA,NA,"","",NA,NA,NA,NA,"",NA,NA,NA,NA,"","",NA,NA,NA,NA,"",NA,NA,NA,NA,"","",NA,NA,NA,NA,"",NA,NA,NA,"",NA,NA,NA,NA,"","",NA,NA,NA,NA,"","",NA,NA,NA,NA,"","Mimosa_somnians_somnians"
"Mimosa somnians subsp. somnians var. deminuta","Mimosa_somnians_somnians_deminuta","Barneby_1991_Sensitivae_Censitae_treatment_0458.txt","7/9/2025 19:42",0,"prostrate or assurgent","",6,NA,10,NA,"dm","","",NA,NA,NA,NA,"",NA,NA,NA,NA,"","","capitula","",NA,NA,NA,NA,"",NA,4,4,NA,"mm","",NA,NA,NA,NA,"",NA,NA,NA,NA,"","",NA,NA,NA,NA,"",NA,NA,NA,NA,"","",NA,NA,NA,NA,"",NA,NA,NA,NA,"","",NA,NA,NA,NA,"",NA,NA,NA,"",NA,NA,NA,NA,"","",NA,NA,NA,NA,"","",NA,NA,NA,NA,"","Mimosa_somnians_deminuta"
"Mimosa somnians subsp. lasiocarpa","Mimosa_somnians_lasiocarpa","Barneby_1991_Sensitivae_Censitae_treatment_0459.txt","7/9/2025 19:43",2,"virgately erect or rarely diffuse","woody roostocks",NA,6,15,NA,"dm","absent","",NA,NA,NA,NA,"",NA,NA,NA,NA,"","","capitula","moriform or conelike",NA,5,8,NA,"mm",NA,NA,NA,NA,"","",NA,NA,NA,NA,"",NA,NA,NA,NA,"","",NA,NA,NA,NA,"",NA,NA,NA,NA,"","",NA,NA,NA,NA,"",NA,NA,NA,NA,"","",NA,NA,NA,NA,"",NA,NA,NA,"",NA,NA,NA,NA,"","",NA,NA,NA,NA,"","",NA,NA,NA,NA,"","Mimosa_somnians_lasiocarpa"
"Mimosa somnians subsp. lasiocarpa var. lasiocarpa","Mimosa_somnians_lasiocarpa_lasiocarpa","Barneby_1991_Sensitivae_Censitae_treatment_0460.txt","7/9/2025 19:44",2,"","",NA,NA,NA,NA,"","absent","",NA,NA,NA,NA,"",NA,NA,NA,NA,"","","capitula","moriform",NA,NA,NA,NA,"",NA,NA,NA,NA,"","",NA,NA,NA,NA,"",NA,NA,NA,NA,"","",NA,NA,NA,NA,"",NA,NA,NA,NA,"","",NA,NA,NA,NA,"",NA,NA,NA,NA,"","",NA,NA,NA,NA,"",NA,NA,NA,"",NA,NA,NA,NA,"","",NA,NA,NA,NA,"","",NA,NA,NA,NA,"","Mimosa_somnians_lasiocarpa"
"Mimosa somnians subsp. lasiocarpa var. lupulina","Mimosa_somnians_lasiocarpa_lupulina","Barneby_1991_Sensitivae_Censitae_treatment_0461.txt","7/9/2025 19:45",2,"","",NA,NA,NA,NA,"","absent","",NA,NA,NA,NA,"",NA,NA,NA,NA,"","","capitula","conelike",NA,NA,NA,NA,"",NA,NA,NA,NA,"","",NA,NA,NA,NA,"",NA,NA,NA,NA,"","",NA,NA,NA,NA,"",NA,NA,NA,NA,"","",NA,NA,NA,NA,"",NA,NA,NA,NA,"","",NA,NA,NA,NA,"",NA,NA,NA,"",NA,NA,NA,NA,"","",NA,NA,NA,NA,"","",NA,NA,NA,NA,"","Mimosa_somnians_lupulina"
"Mimosa somnians subsp. viscida","Mimosa_somnians_viscida","Barneby_1991_Sensitivae_Censitae_treatment_0462.txt","7/9/2025 19:46",2,"","",NA,NA,NA,NA,"","absent","",NA,NA,NA,NA,"",NA,NA,NA,NA,"","","","",NA,NA,NA,NA,"",NA,NA,NA,NA,"","",NA,NA,NA,NA,"",NA,NA,NA,NA,"","",NA,NA,NA,NA,"",NA,NA,NA,NA,"","",NA,NA,NA,NA,"",NA,NA,NA,NA,"","",NA,NA,NA,NA,"",NA,NA,NA,"",NA,NA,NA,NA,"","",NA,NA,NA,NA,"","",NA,NA,NA,NA,"","Mimosa_somnians_somnians"
"Mimosa somnians subsp. viscida var. viscida","Mimosa_somnians_viscida_viscida","Barneby_1991_Sensitivae_Censitae_treatment_0463.txt","7/9/2025 19:47",0,"erect subshrubs or commonly functionaly herbaceous","woody roostocks or xylopodium",9,6,20,40,"dm","absent","",NA,NA,NA,NA,"",NA,NA,NA,NA,"","","capitula","",NA,NA,NA,NA,"",NA,NA,NA,NA,"","",NA,NA,NA,NA,"",NA,NA,NA,NA,"","",NA,NA,NA,NA,"",NA,NA,NA,NA,"","",NA,NA,NA,NA,"",NA,NA,NA,NA,"","",NA,NA,NA,NA,"",NA,NA,NA,"",NA,NA,NA,NA,"","",NA,NA,NA,NA,"","",NA,NA,NA,NA,"","Mimosa_somnians_somnians"
"Mimosa somnians subsp. viscida var. leptocaulis","Mimosa_somnians_viscida_leptocaulis","Barneby_1991_Sensitivae_Censitae_treatment_0464.txt","7/9/2025 19:49",0,"erect, ascending or procumbently trailing","woody roostocks or xylopodium",2,3,10,NA,"dm","absent","",NA,NA,NA,NA,"",NA,NA,NA,NA,"","","capitula","",NA,NA,NA,NA,"",NA,NA,NA,NA,"","",NA,NA,NA,NA,"",NA,NA,NA,NA,"","",NA,NA,NA,NA,"",NA,NA,NA,NA,"","",NA,NA,NA,NA,"",NA,NA,NA,NA,"","",NA,NA,NA,NA,"",NA,NA,NA,"",NA,NA,NA,NA,"","",NA,NA,NA,NA,"","",NA,NA,NA,NA,"","Mimosa_somnians_leptocaulis"
"Mimosa somnians subsp. viscida var. aquatica","Mimosa_somnians_viscida_aquatica","Barneby_1991_Sensitivae_Censitae_treatment_0465.txt","7/9/2025 19:50",0,"herbaceous, weakly incurved-ascending","subhorizontal, sucullently thickened and inflated pallid rhizomes",NA,3,9,NA,"dm","absent","",NA,NA,NA,NA,"",NA,NA,NA,NA,"","","capitula","",NA,NA,NA,NA,"",NA,NA,NA,NA,"","",NA,NA,NA,NA,"",NA,NA,NA,NA,"","",NA,NA,NA,NA,"",NA,NA,NA,NA,"","",NA,NA,NA,NA,"",NA,NA,NA,NA,"","",NA,NA,NA,NA,"",NA,NA,NA,"",NA,NA,NA,NA,"","",NA,NA,NA,NA,"","",NA,NA,NA,NA,"","Mimosa_somnians_somnians"
"Mimosa somnians subsp. viscida var. velascoénsis","Mimosa_somnians_viscida_velascoénsis","Barneby_1991_Sensitivae_Censitae_treatment_0466.txt","7/9/2025 19:51",2,"","",NA,NA,NA,NA,"","absent","",NA,NA,NA,NA,"",NA,NA,NA,NA,"","","capitula","",NA,NA,NA,NA,"",NA,NA,NA,NA,"","",NA,NA,NA,NA,"",NA,NA,NA,NA,"","",NA,NA,NA,NA,"",NA,NA,NA,NA,"","",NA,NA,NA,NA,"",NA,NA,NA,NA,"","",NA,NA,NA,NA,"",NA,NA,NA,"",NA,NA,NA,NA,"","",NA,NA,NA,NA,"","",NA,NA,NA,NA,"","Mimosa_somnians_velascoensis"
"Mimosa somnians subsp. longipes","Mimosa_somnians_longipes","Barneby_1991_Sensitivae_Censitae_treatment_0467.txt","7/9/2025 19:52",0,"virgately erect","xylopodium",NA,4,20,NA,"dm","absent","",NA,NA,NA,NA,"",NA,NA,NA,NA,"","","capitula","",NA,NA,NA,NA,"",NA,NA,NA,NA,"","simple or paniculate",NA,NA,NA,NA,"",NA,NA,NA,NA,"","",NA,NA,NA,NA,"",NA,NA,NA,NA,"","",NA,0.9,1.6,NA,"mm",NA,0.3,0.6,NA,"mm","",NA,3.1,4,NA,"mm",NA,NA,NA,"",NA,NA,NA,NA,"","",NA,NA,NA,NA,"","",NA,NA,NA,NA,"","Mimosa_somnians_longipes"
"Mimosa somnians subsp. longipes var. longipes","Mimosa_somnians_longipes_longipes","Barneby_1991_Sensitivae_Censitae_treatment_0468.txt","7/9/2025 19:53",0,"","",NA,4,9,NA,"dm","absent","",NA,NA,NA,NA,"",NA,NA,NA,NA,"","","capitula","",NA,NA,NA,NA,"",NA,NA,NA,NA,"","",NA,NA,NA,NA,"",NA,NA,NA,NA,"","",NA,NA,NA,NA,"",NA,NA,NA,NA,"","",NA,NA,NA,NA,"",NA,NA,NA,NA,"","",NA,NA,NA,NA,"",NA,NA,NA,"",NA,NA,NA,NA,"","",NA,NA,NA,NA,"","",NA,NA,NA,NA,"","Mimosa_somnians_longipes"
"Mimosa somnians subsp. longipes var. possensis","Mimosa_somnians_longipes_possensis","Barneby_1991_Sensitivae_Censitae_treatment_0469.txt","7/9/2025 19:54",0,"","",NA,10,20,NA,"dm","absent","",NA,NA,NA,NA,"",NA,NA,NA,NA,"","","capitula","",NA,NA,NA,NA,"",NA,NA,NA,NA,"","",NA,NA,NA,NA,"",NA,NA,NA,NA,"","",NA,NA,NA,NA,"",NA,NA,NA,NA,"","",NA,NA,NA,NA,"",NA,NA,NA,NA,"","",NA,NA,NA,NA,"",NA,NA,NA,"",NA,NA,NA,NA,"","",NA,NA,NA,NA,"","",NA,NA,NA,NA,"","Mimosa_somnians_possensis"
"Mimosa glaucula","Mimosa_glaucula","Barneby_1991_Sensitivae_Censitae_treatment_0470.txt","7/9/2025 19:55",0,"herbaceus subshrub","",NA,NA,1,NA,"m","absent","",NA,NA,NA,NA,"",NA,NA,NA,NA,"","","capitula","moriform",NA,5,6,NA,"mm",NA,5,NA,NA,"mm","pseudoraceme",NA,1.5,2,NA,"dm",NA,NA,NA,NA,"","4-merous",NA,NA,NA,NA,"",NA,NA,NA,NA,"","campanulate",NA,0.4,0.5,NA,"mm",NA,NA,NA,NA,"","turbinate",NA,2.6,3,NA,"mm",NA,1.2,NA,"mm",NA,NA,0.7,NA,"mm","8",NA,4.5,6.3,NA,"mm","pink",NA,NA,NA,NA,"","Mimosa_glaucula"
"Mimosa somnambulans","Mimosa_somnambulans","Barneby_1991_Sensitivae_Censitae_treatment_0471.txt","7/9/2025 19:56",1,"shrubs","",NA,NA,2.5,NA,"m","absent","",NA,NA,NA,NA,"",NA,NA,NA,NA,"","","capitula","moriform",NA,NA,NA,NA,"",NA,4.5,NA,NA,"mm","paniculate",NA,12,18,NA,"mm",NA,NA,NA,NA,"","4-merous",NA,NA,NA,NA,"",NA,NA,NA,NA,"","campanulate subtruncate",NA,0.4,NA,NA,"mm",NA,NA,NA,NA,"","turbinate",NA,1.7,2.4,NA,"mm",0.7,1.1,NA,"mm",NA,NA,NA,NA,"","8",NA,4,5,NA,"mm","pink",NA,NA,NA,NA,"","Mimosa_somnambulans"
"Mimosa monacensis","Mimosa_monacensis","Barneby_1991_Sensitivae_Censitae_treatment_0472.txt","7/9/2025 19:57",1,"subshrubs","woody roostock",NA,NA,NA,NA,"","absent","",NA,NA,NA,NA,"",NA,NA,NA,NA,"","","capitula","conelike",NA,NA,NA,NA,"",NA,5.5,NA,NA,"mm","pseudoraceme",NA,14,17,NA,"mm",NA,NA,NA,NA,"","4-merous",NA,NA,NA,NA,"",NA,NA,NA,NA,"","shallowly campanulate",NA,NA,0.2,NA,"mm",NA,NA,NA,NA,"","turbinate",NA,NA,2.5,NA,"mm",1.3,NA,NA,"mm",NA,NA,0.8,NA,"mm","8",NA,NA,NA,NA,"","",NA,NA,NA,NA,"","Mimosa_monacensis"
"Mimosa poculata","Mimosa_poculata","Barneby_1991_Sensitivae_Censitae_treatment_0473.txt","7/9/2025 19:58",1,"subshrubs","",NA,3.5,5,NA,"dm","absent","",NA,NA,NA,NA,"",NA,NA,NA,NA,"","","capitula","conelike",NA,NA,NA,NA,"",NA,5,7,NA,"mm","pseudoraceme",NA,9,21,NA,"mm",NA,NA,NA,NA,"","4-merous",NA,NA,NA,NA,"",NA,NA,NA,NA,"","cupular",NA,0.4,NA,NA,"mm",NA,NA,NA,NA,"","",NA,3.5,3.8,NA,"mm",2,NA,NA,"mm",NA,0.7,1,NA,"mm","8",NA,5,5.5,NA,"mm","pink",NA,NA,NA,NA,"","Mimosa_poculata"
"Mimosa leptorhachis","Mimosa_leptorhachis","Barneby_1991_Sensitivae_Censitae_treatment_0474.txt","7/9/2025 20:00",0,"shrubs","",NA,NA,NA,NA,"","absent","",NA,NA,NA,NA,"",NA,NA,NA,NA,"","","capitula","moriform",NA,NA,NA,NA,"",NA,4.5,5,NA,"mm","paniculate",NA,11,15,NA,"mm",NA,NA,NA,NA,"","4-merous",NA,NA,NA,NA,"",NA,NA,NA,NA,"","campanulate",NA,0.3,NA,NA,"mm",NA,NA,NA,NA,"","turbinate campanulate",NA,2.1,NA,NA,"mm",1.2,1.2,NA,"mm",NA,0.75,0.75,NA,"mm","8",NA,5,6,NA,"mm","pink",NA,NA,NA,NA,"","Mimosa_leptorhachis"
"Mimosa calliandroides","Mimosa_calliandroides","Barneby_1991_Sensitivae_Censitae_treatment_0475.txt","7/9/2025 20:01",0,"subshrubs","",NA,1,NA,NA,"m","absent","",NA,NA,NA,NA,"",NA,NA,NA,NA,"","","capitula","moriform",NA,NA,NA,NA,"",NA,4.5,5.5,NA,"mm","paniculate",NA,6,16,NA,"mm",NA,NA,NA,NA,"","4-merous",NA,NA,NA,NA,"",NA,NA,NA,NA,"","campanulate",NA,0.5,0.7,NA,"mm",NA,NA,NA,NA,"","turbinate, proximally attenuate",NA,2.2,3,NA,"mm",1.3,1.8,NA,"mm",NA,0.7,0.9,NA,"mm","8",NA,4,6,NA,"mm","lilac-pink",NA,NA,NA,NA,"","Mimosa_calliandroides"
"Mimosa surumuensis","Mimosa_surumuensis","Barneby_1991_Sensitivae_Censitae_treatment_0476.txt","7/9/2025 20:02",0,"shrubs","",NA,0.5,2.5,4,"m","absent","",NA,NA,NA,NA,"",NA,NA,NA,NA,"","","capitula","moriform",3.5,4,8,NA,"mm",3.5,4,5,NA,"mm","paniculate",NA,6,14,NA,"mm",NA,NA,NA,NA,"","4-merous",NA,NA,NA,NA,"",NA,NA,NA,NA,"","turbinate-campanulate",NA,0.6,1.4,NA,"mm",NA,0.25,0.7,NA,"mm","turbinate",NA,1.6,1.8,NA,"mm",0.7,0.9,NA,"mm",NA,0.6,0.8,NA,"mm","8",NA,4.5,6,NA,"mm","pale pink or whitish",NA,NA,NA,NA,"","Mimosa_surumuensis"
"Mimosa brachycarpa","Mimosa_brachycarpa","Barneby_1991_Sensitivae_Censitae_treatment_0477.txt","7/9/2025 20:03",1,"shrubs","",NA,1,2,NA,"m","absent","",NA,NA,NA,NA,"",NA,NA,NA,NA,"","","capitula","conelike",NA,NA,NA,NA,"",NA,5,7,NA,"mm","pseudoraceme",NA,3,20,NA,"mm",NA,NA,NA,NA,"","4-merous",NA,NA,NA,NA,"",NA,NA,NA,NA,"","campanulate",NA,0.35,0.6,NA,"mm",NA,NA,NA,NA,"","turbinate",NA,2,2.6,NA,"mm",0.7,1.2,NA,"mm",NA,NA,NA,NA,"","8",NA,5,7,NA,"mm","pink",NA,NA,NA,NA,"","Mimosa_brachycarpa"
"Mimosa microcephala","Mimosa_microcephala","Barneby_1991_Sensitivae_Censitae_treatment_0478.txt","7/9/2025 20:04",0,"shrub, either erect or diffuse to sarmentose or vinelike","",NA,1,4,5,"m","absent","",NA,NA,NA,NA,"",NA,NA,NA,NA,"","","capitula","moriform",NA,NA,NA,NA,"",NA,2.5,4.5,NA,"mm","pseudoraceme or panicle of pseudoracemes",NA,3,11,NA,"mm",NA,NA,NA,NA,"","4-merous",NA,NA,NA,NA,"",NA,NA,NA,NA,"","",NA,0.3,0.5,NA,"mm",NA,NA,NA,NA,"","turbinate",NA,1.6,2.5,NA,"mm",0.8,1.3,NA,"mm",NA,0.55,0.8,NA,"mm","8",NA,3.5,5,7,"mm","pink fading whitish or white",NA,NA,NA,NA,"","Mimosa_microcephala"
"Mimosa microcephala subsp. cataractae","Mimosa_microcephala_cataractae","Barneby_1991_Sensitivae_Censitae_treatment_0479.txt","7/9/2025 20:05",0,"","",NA,NA,NA,NA,"","absent","",NA,NA,NA,NA,"",NA,NA,NA,NA,"","","","",NA,10,25,NA,"mm",NA,NA,NA,NA,"","",NA,NA,NA,NA,"",NA,NA,NA,NA,"","",NA,NA,NA,NA,"",NA,NA,NA,NA,"","",NA,NA,NA,NA,"",NA,NA,NA,NA,"","",NA,NA,NA,NA,"",NA,NA,NA,"",NA,NA,NA,NA,"","",NA,NA,NA,NA,"","white",NA,NA,NA,NA,"","Mimosa_microcephala_cataractae"
"Mimosa microcephala subsp. cataractae var. cataractae","Mimosa_microcephala_cataractae_cataractae","Barneby_1991_Sensitivae_Censitae_treatment_0480.txt","7/9/2025 20:06",0,"Forming free-standing erect or diffuse bushes","",NA,NA,NA,NA,"","absent","",NA,NA,NA,NA,"",NA,NA,NA,NA,"","","","",NA,NA,NA,NA,"",NA,NA,NA,NA,"","",NA,NA,NA,NA,"",NA,NA,NA,NA,"","",NA,NA,NA,NA,"",NA,NA,NA,NA,"","",NA,NA,NA,NA,"",NA,NA,NA,NA,"","",NA,NA,NA,NA,"",NA,NA,NA,"",NA,NA,NA,NA,"","",NA,NA,NA,NA,"","",NA,NA,NA,NA,"","Mimosa_microcephala_cataractae"
"Mimosa microcephala subsp. cataractae var. lumaria","Mimosa_microcephala_cataractae_lumaria","Barneby_1991_Sensitivae_Censitae_treatment_0481.txt","7/9/2025 20:07",0,"","",NA,NA,NA,NA,"","absent","",NA,NA,NA,NA,"",NA,NA,NA,NA,"","","","",NA,NA,NA,NA,"",NA,NA,NA,NA,"","",NA,NA,NA,NA,"",NA,NA,NA,NA,"","",NA,NA,NA,NA,"",NA,NA,NA,NA,"","",NA,NA,NA,NA,"",NA,NA,NA,NA,"","",NA,NA,NA,NA,"",NA,NA,NA,"",NA,NA,NA,NA,"","",NA,NA,NA,NA,"","",NA,NA,NA,NA,"","Mimosa_microcephala_._Lumaria"
"Mimosa microcephala subsp. microcephala","Mimosa_microcephala_microcephala","Barneby_1991_Sensitivae_Censitae_treatment_0482.txt","7/9/2025 20:08",0,"","",NA,NA,NA,NA,"","absent","",NA,NA,NA,NA,"",NA,NA,NA,NA,"","","","",NA,NA,NA,NA,"",NA,NA,NA,NA,"","",NA,NA,NA,NA,"",NA,NA,NA,NA,"","",NA,NA,NA,NA,"",NA,NA,NA,NA,"","",NA,NA,NA,NA,"",NA,NA,NA,NA,"","",NA,NA,NA,NA,"",NA,NA,NA,"",NA,NA,NA,NA,"","",NA,NA,NA,NA,"","pink, rarely white or whitish",NA,NA,NA,NA,"","Mimosa_microcephala_microcephala"
"Mimosa microcephala subsp. microcephala var. communis Barneby","Mimosa_microcephala_microcephala_communis_Barneby","Barneby_1991_Sensitivae_Censitae_treatment_0483.txt","7/9/2025 20:10",0,"","",NA,NA,NA,NA,"","absent","",NA,NA,NA,NA,"",NA,NA,NA,NA,"","","","",NA,NA,NA,NA,"",NA,NA,NA,NA,"","",NA,NA,NA,NA,"",NA,NA,NA,NA,"","",NA,NA,NA,NA,"",NA,NA,NA,NA,"","",NA,NA,NA,NA,"",NA,NA,NA,NA,"","",NA,NA,NA,NA,"",NA,NA,NA,"",NA,NA,NA,NA,"","",NA,NA,NA,NA,"","pink",NA,NA,NA,NA,"","Mimosa_microcephala_communis"
"Mimosa microcephala subsp. microcephala var. microcephala","Mimosa_microcephala_microcephala_microcephala","Barneby_1991_Sensitivae_Censitae_treatment_0484.txt","7/9/2025 20:11",0,"","",NA,NA,NA,NA,"","absent","",NA,NA,NA,NA,"",NA,NA,NA,NA,"","","","",NA,NA,NA,NA,"",NA,NA,NA,NA,"","",NA,NA,NA,NA,"",NA,NA,NA,NA,"","",NA,NA,NA,NA,"",NA,NA,NA,NA,"","",NA,NA,NA,NA,"",NA,NA,NA,NA,"","",NA,NA,NA,NA,"",NA,NA,NA,"",NA,NA,NA,NA,"","",NA,NA,NA,NA,"","pink",NA,NA,NA,NA,"","Mimosa_microcephala_microcephala"
"Mimosa microcephala subsp. microcephala var. mituénsis","Mimosa_microcephala_microcephala_mituénsis","Barneby_1991_Sensitivae_Censitae_treatment_0485.txt","7/9/2025 20:12",0,"shrubs","",NA,NA,NA,NA,"","absent","",NA,NA,NA,NA,"",NA,NA,NA,NA,"","","","",NA,NA,NA,NA,"",NA,NA,NA,NA,"","",NA,NA,NA,NA,"",NA,NA,NA,NA,"","",NA,NA,NA,NA,"",NA,NA,NA,NA,"","",NA,NA,NA,NA,"",NA,NA,NA,NA,"","",NA,NA,NA,NA,"",NA,NA,NA,"",NA,NA,NA,NA,"","",NA,NA,NA,NA,"","",NA,NA,NA,NA,"","Mimosa_microcephala_mituensis"
"Mimosa brachycarpoides","Mimosa_brachycarpoides","Barneby_1991_Sensitivae_Censitae_treatment_0486.txt","7/9/2025 20:13",0,"shrubs","",NA,1.5,NA,NA,"m","absent","",NA,NA,NA,NA,"",NA,NA,NA,NA,"","","capitula","moriform",NA,NA,NA,NA,"",NA,4,5,NA,"mm","solitary and germinate in virgate, efoliate or proximally leafy-bracteate pseudoracemes",NA,3,6,NA,"mm",NA,NA,NA,NA,"","4-merous",NA,NA,NA,NA,"",NA,NA,NA,NA,"","campanulate",NA,0.9,1,NA,"mm",NA,0.2,0.3,NA,"mm","narrowly campanulate",NA,2.1,2.3,NA,"mm",0.8,1,NA,"mm",NA,0.5,NA,NA,"mm","8",NA,4,NA,NA,"mm","pink",NA,NA,NA,NA,"","Mimosa_brachycarpoides"
"Mimosa scaberrima","Mimosa_scaberrima","Barneby_1991_Sensitivae_Censitae_treatment_0487.txt","7/9/2025 20:14",0,"shrubs","",NA,1,2,NA,"dm","absent","",NA,NA,NA,NA,"",NA,NA,NA,NA,"","","capitula","subglobose",NA,4.5,5,NA,"mm",NA,NA,NA,NA,"","fasciculate",7,7,13,13,"mm",NA,NA,NA,NA,"","4-merous",7,7,13,13,"mm",NA,NA,NA,NA,"","shallowly campanulate",NA,0.25,0.25,NA,"mm",NA,NA,NA,NA,"","turbinate",NA,2.2,2.2,NA,"mm",1.2,1.2,NA,"mm",NA,0.65,0.65,NA,"mm","8",NA,2,2,NA,"mm","pink",NA,NA,NA,NA,"","Mimosa_scaberrima"
"Mimosa neptunioides","Mimosa_neptunioides","Barneby_1991_Sensitivae_Censitae_treatment_0488.txt","7/9/2025 20:15",1,"subshrubs","fusiform woody root",NA,NA,NA,NA,"","absent","",NA,NA,NA,NA,"",NA,NA,NA,NA,"","","capitula","ellipsoid",8,9,15,NA,"mm",NA,5,7,NA,"mm","",1,2,5,7,"cm",NA,NA,NA,NA,"","4-merous",NA,NA,NA,NA,"",NA,NA,NA,NA,"","campanulate",NA,0.4,0.5,NA,"mm",0.15,NA,0.5,NA,"mm","narrowly turbinate",2.2,2.2,3,3,"mm",0.85,1.1,1.1,"mm",0.8,0.8,0.9,0.9,"mm","8",NA,7,8.5,NA,"mm","pink",NA,NA,NA,NA,"","Mimosa_neptunioides"
"Mimosa cisparanensis","Mimosa_cisparanensis","Barneby_1991_Sensitivae_Censitae_treatment_0489.txt","7/9/2025 20:16",1,"subshrubs","",NA,NA,1,NA,"m","absent","",NA,NA,NA,NA,"",NA,NA,NA,NA,"","","capitula","ellipsoid",12,12,15,15,"mm",6.5,6.5,7.5,7.5,"mm","",NA,1.5,2,NA,"cm",NA,NA,NA,NA,"","4-merous",NA,NA,NA,NA,"",NA,NA,NA,NA,"","shallowly campanulate",NA,0.5,0.6,NA,"mm",NA,NA,NA,NA,"","narrowly turbinate",NA,3,3,NA,"mm",0.9,0.9,NA,"mm",NA,0.9,0.9,NA,"mm","8",NA,NA,8,NA,"mm","pink",NA,NA,NA,NA,"","Mimosa_cisparanensis"
"Mimosa occidentalis","Mimosa_occidentalis","Barneby_1991_Sensitivae_Censitae_treatment_0490.txt","7/9/2025 20:18",1,"suffrutescent herbs","",NA,5,15,NA,"dm","absent","",NA,NA,NA,NA,"",NA,NA,NA,NA,"","","capitula","ellipsoid",8,8,14,17,"mm",6.5,6.5,9,9,"mm","pseudoraceme",1,1.5,7,NA,"cm",NA,NA,NA,NA,"","4-merous",NA,NA,NA,NA,"",NA,NA,NA,NA,"","shallowly campanulate or turbinate",NA,NA,NA,NA,"",NA,NA,NA,NA,"","turbinate-campanulate or narrowly vase-shaped",NA,2.4,3.5,NA,"mm",0.6,1.5,NA,"mm",NA,0.6,0.9,NA,"mm","8",NA,5.5,10,11,"mm","pink",NA,NA,NA,NA,"","Mimosa_occidentalis"
"Mimosa occidentalis var. occidentalis","Mimosa_occidentalis_occidentalis","Barneby_1991_Sensitivae_Censitae_treatment_0491.txt","7/9/2025 20:19",2,"","",NA,NA,NA,NA,"","absent","",NA,NA,NA,NA,"",NA,NA,NA,NA,"","","capitulum","",NA,NA,NA,NA,"",NA,NA,NA,NA,"","",NA,NA,NA,NA,"",NA,NA,NA,NA,"","",NA,NA,NA,NA,"",NA,NA,NA,NA,"","",NA,NA,NA,NA,"",NA,NA,NA,NA,"","",NA,NA,NA,NA,"",NA,NA,NA,"",NA,NA,NA,NA,"","",NA,NA,NA,NA,"","",NA,NA,NA,NA,"","Mimosa_occidentalis_occidentalis"
"Mimosa occidentalis var. novo-galiciana","Mimosa_occidentalis_novogaliciana","Barneby_1991_Sensitivae_Censitae_treatment_0492.txt","7/9/2025 20:20",0,"","",NA,NA,NA,NA,"","absent","",NA,NA,NA,NA,"",NA,NA,NA,NA,"","","capitula","moriform",NA,NA,NA,NA,"",NA,NA,NA,NA,"","",NA,NA,NA,NA,"",NA,NA,NA,NA,"","",NA,NA,NA,NA,"",NA,NA,NA,NA,"","",NA,NA,NA,NA,"",NA,NA,NA,NA,"","",NA,NA,NA,NA,"",NA,NA,NA,"",NA,NA,NA,NA,"","",NA,NA,NA,NA,"","",NA,NA,NA,NA,"","Mimosa_occidentalis_novogaliciana"
"Mimosa camporum","Mimosa_camporum","Barneby_1991_Sensitivae_Censitae_treatment_0493.txt","7/9/2025 20:21",1,"Monocarpic herbs","",2,3,12,15,"dm","absent","",NA,NA,NA,NA,"",NA,NA,NA,NA,"","","capitula","ovoid or subglobose",2,3,7,7,"mm",2,2.5,7,7,"mm","",1,2,17,22,"mm",NA,NA,NA,NA,"","4-merous",NA,NA,NA,NA,"",NA,NA,NA,NA,"","truncate or undulate rim",NA,0.15,0.3,NA,"mm",NA,NA,NA,NA,"","narrowly vase-shaped",1.4,1.4,2.3,2.3,"mm",0.5,0.7,NA,"mm",NA,0.4,0.65,NA,"mm","8",2,2.5,4.2,NA,"mm","lilac-pink fading whitish",NA,NA,NA,NA,"","Mimosa_camporum"
"Mimosa rondoniana","Mimosa_rondoniana","Barneby_1991_Sensitivae_Censitae_treatment_0494.txt","7/9/2025 20:22",0,"shrub","",1,NA,1.5,NA,"m","absent","",NA,NA,NA,NA,"",NA,NA,NA,NA,"","","capitula","ellipsoid conelike",NA,6,NA,NA,"mm",6,NA,NA,NA,"mm","",6,NA,16,NA,"mm",NA,NA,NA,NA,"","4-merous",NA,6,16,NA,"mm",NA,NA,NA,NA,"","campanulate",NA,0.4,0.4,NA,"mm",NA,NA,NA,NA,"","turbinate, basally attenuate",2.2,2.2,2.5,2.5,"mm",0.8,0.8,NA,"mm",NA,0.9,0.9,NA,"mm","8",NA,4,5,NA,"mm","pink",NA,NA,NA,NA,"","Mimosa_rondoniana"
"Mimosa rojasii","Mimosa_rojasii","Barneby_1991_Sensitivae_Censitae_treatment_0495.txt","7/9/2025 20:23",0,"subshrubs","xylopodium",NA,3,9,NA,"dm","absent","",NA,NA,NA,NA,"",NA,NA,NA,NA,"","","capitula","cblong-ellipsoid or subglobose",NA,5,15,NA,"mm",NA,8,8,NA,"mm","pseudoracemose",1.5,NA,5,6,"cm",NA,NA,NA,NA,"","4-merous",NA,NA,NA,NA,"",NA,NA,NA,NA,"","",NA,NA,NA,NA,"mm",NA,NA,NA,NA,"","",NA,NA,NA,NA,"mm",1.1,1.6,NA,"mm",NA,0.8,1.1,NA,"mm","8",5,5,7,7,"mm","pink",NA,NA,NA,NA,"","Mimosa_rojasii"
"Mimosa josephina","Mimosa_josephina","Barneby_1991_Sensitivae_Censitae_treatment_0496.txt","7/9/2025 20:24",1,"subshrub","",NA,1,NA,NA,"m","absent","",NA,NA,NA,NA,"",NA,NA,NA,NA,"","","capitula","ellipsoid",NA,10,12,NA,"mm",NA,8,9,NA,"mm","panicle",NA,3,4,NA,"cm",NA,NA,NA,NA,"","4-merous",NA,NA,NA,NA,"",NA,NA,NA,NA,"","campanulate",0.7,0.7,0.9,0.9,"mm",NA,NA,NA,NA,"","turbinate-vase-shaped",NA,4,4,NA,"mm",1.5,1.5,NA,"mm",NA,1.3,1.3,NA,"mm","8",NA,8,9.5,NA,"mm","lilac-pink",NA,NA,NA,NA,"","Mimosa_josephina"
"Mimosa chacoensis","Mimosa_chacoensis","Barneby_1991_Sensitivae_Censitae_treatment_0497.txt","7/9/2025 20:26",0,"herbaceous subshrub","",NA,NA,6,NA,"dm","absent","",NA,NA,NA,NA,"",NA,NA,NA,NA,"","","fispikes","oblong-cylindric",NA,NA,NA,NA,"cm",NA,4.5,NA,NA,"mm","",5,5,9,9,"cm",NA,NA,NA,NA,"","4-merous",NA,5,9,NA,"cm",NA,NA,NA,NA,"","shallowly campanulate",NA,0.2,0.2,NA,"mm",NA,NA,NA,NA,"","turbinate-campanulate",2.2,2.2,2.4,2.4,"mm",0.9,0.9,NA,"mm",NA,0.8,0.8,NA,"mm","8",5.5,5.5,6.5,6.5,"mm","pale pink",NA,NA,NA,NA,"","Mimosa_chacoensis"
"Mimosa chodatii","Mimosa_chodatii","Barneby_1991_Sensitivae_Censitae_treatment_0498.txt","7/9/2025 20:27",0,"herbaceous subshrub","",NA,5,10,NA,"dm","absent","",NA,NA,NA,NA,"",NA,NA,NA,NA,"","","capitula","",NA,10,12,NA,"mm",9,9,10,10,"mm","",1,2,7,NA,"cm",NA,NA,NA,NA,"","4-merous",1,2,7,NA,"cm",NA,NA,NA,NA,"","campanulate",NA,0.25,0.3,NA,"mm",NA,NA,NA,NA,"","vase-shaped",4.5,4.5,4.8,4.8,"mm",1.1,1.1,1.2,"mm",NA,NA,NA,NA,"","8",NA,1,1.3,NA,"mm","pink",NA,NA,NA,NA,"","Mimosa_chodatii"
"Mimosa piresii","Mimosa_piresii","Barneby_1991_Sensitivae_Censitae_treatment_0499.txt","7/9/2025 20:28",1,"shrubs or subshrubs","",NA,NA,12,NA,"dm","absent","",NA,NA,NA,NA,"",NA,NA,NA,NA,"","","capitula","globose",NA,2,3,NA,"mm",NA,1.5,2,NA,"mm","paniculate-thyrsiform",0.7,1,2.5,NA,"cm",NA,NA,NA,NA,"","4-merous",NA,NA,NA,NA,"",NA,NA,NA,NA,"","paleaceous-pappiform",1.5,1.5,2.7,2.7,"mm",1.1,1.1,1.5,1.5,"mm","narrowly turbinate",NA,3,3.8,NA,"mm",1.2,1.6,NA,"mm",NA,0.8,1,NA,"mm","8",3.5,NA,5.5,NA,"mm","pink or seemingly whitish",NA,NA,NA,NA,"","Mimosa_piresii"
"Mimosa macropogon","Mimosa_macropogon","Barneby_1991_Sensitivae_Censitae_treatment_0500.txt","7/9/2025 20:29",0,"shrubs","",2,NA,5,NA,"m","absent","",NA,NA,NA,NA,"",NA,NA,NA,NA,"","","capitula","globose",4,NA,11,NA,"dm",5,5,6,6,"mm","paniculate",NA,10,22,NA,"mm",NA,NA,NA,NA,"","4-merous",NA,10,22,NA,"mm",NA,NA,NA,NA,"","pappiform",1.1,1.1,1.4,1.4,"mm",NA,NA,NA,NA,"","turbinate",NA,2.6,2.8,NA,"mm",0.9,0.9,NA,"mm",NA,0.6,0.6,NA,"mm","8",NA,6,6,NA,"mm","creamwhite",NA,NA,NA,NA,"mm","Mimosa_macropogon"
"Mimosa kuhlmannii","Mimosa_kuhlmannii","Barneby_1991_Sensitivae_Censitae_treatment_0501.txt","7/9/2025 20:30",0,"shrub","",NA,2,3,NA,"m","absent","",NA,NA,NA,NA,"",NA,NA,NA,NA,"","","capitula","globose",NA,3,5,NA,"dm",6,6,7.5,7.5,"mm","pseudoraceme",16,NA,28,NA,"mm",NA,NA,NA,NA,"","4-merous",NA,NA,NA,NA,"",NA,NA,NA,NA,"","pappiform",1.2,1.2,1.4,1.4,"mm",NA,NA,NA,NA,"","rowly vase-shaped",2.7,2.7,3.5,3.5,"mm",1.3,1.5,NA,"mm",NA,0.7,0.7,NA,"mm","8",NA,6,8,NA,"mm","pink",NA,NA,NA,NA,"","Mimosa_kuhlmannii"
"Mimosa regnellii","Mimosa_regnellii","Barneby_1991_Sensitivae_Censitae_treatment_0502.txt","7/9/2025 20:31",1,"shrubs","",NA,5,12,20,"dm","absent","",NA,NA,NA,NA,"",NA,NA,NA,NA,"","","capitula","globose",NA,NA,NA,NA,"",5,NA,8,NA,"mm","pseudoraceme",NA,4,16,NA,"mm",NA,NA,NA,NA,"","4-merous",NA,NA,NA,NA,"",NA,NA,NA,NA,"","paleaceous-pappiform",1.7,1.7,2.9,2.9,"mm",NA,NA,NA,NA,"","subtubular",NA,2.5,3.2,NA,"mm",0.7,0.85,NA,"mm",NA,0.4,0.5,NA,"mm","4",4,4,4.5,4.5,"mm","pink",NA,NA,NA,NA,"","Mimosa_regnellii"
"Mimosa regnellii var. regnellii","Mimosa_regnellii_regnellii","Barneby_1991_Sensitivae_Censitae_treatment_0503.txt","7/9/2025 20:32",0,"","",NA,NA,NA,NA,"","absent","",NA,NA,NA,NA,"",NA,NA,NA,NA,"","","","",NA,NA,NA,NA,"",NA,NA,NA,NA,"","",NA,NA,NA,NA,"",NA,NA,NA,NA,"","",NA,NA,NA,NA,"",NA,NA,NA,NA,"","",NA,NA,NA,NA,"",NA,NA,NA,NA,"","",NA,NA,NA,NA,"",NA,NA,NA,"",NA,NA,NA,NA,"","",NA,NA,NA,NA,"","",NA,NA,NA,NA,"","Mimosa_regnellii_regnellii"
"Mimosa regnellii var. exuta","Mimosa_regnellii_exuta","Barneby_1991_Sensitivae_Censitae_treatment_0504.txt","7/9/2025 20:33",0,"","",NA,NA,NA,NA,"","absent","",NA,NA,NA,NA,"",NA,NA,NA,NA,"","","","",NA,NA,NA,NA,"",NA,NA,NA,NA,"","",NA,NA,NA,NA,"",NA,NA,NA,NA,"","",NA,NA,NA,NA,"",NA,NA,NA,NA,"","",NA,NA,NA,NA,"",NA,NA,NA,NA,"","",NA,NA,NA,NA,"",NA,NA,NA,"",NA,NA,NA,NA,"","",NA,NA,NA,NA,"","",NA,NA,NA,NA,"","Mimosa_regnellii_exuta"
"Mimosa regnellii var. supersetosa","Mimosa_regnellii_supersetosa","Barneby_1991_Sensitivae_Censitae_treatment_0505.txt","7/9/2025 20:34",2,"shrub","",NA,NA,1,NA,"m","absent","",NA,NA,NA,NA,"",NA,NA,NA,NA,"","","pseudoracemes","",NA,NA,NA,NA,"",NA,NA,NA,NA,"","",NA,NA,NA,NA,"",NA,NA,NA,NA,"","",NA,NA,NA,NA,"",NA,NA,NA,NA,"","",NA,NA,NA,NA,"",NA,NA,NA,NA,"","",NA,NA,NA,NA,"",NA,NA,NA,"",NA,NA,NA,NA,"","",NA,NA,NA,NA,"","",NA,NA,NA,NA,"","Mimosa_regnellii_supersetosa"
"Mimosa regnellii var. grossiseta","Mimosa_regnellii_grossiseta","Barneby_1991_Sensitivae_Censitae_treatment_0506.txt","7/9/2025 20:36",0,"","",NA,NA,NA,NA,"","absent","",NA,NA,NA,NA,"",NA,NA,NA,NA,"","","","",NA,NA,NA,NA,"",NA,NA,NA,NA,"","",NA,NA,NA,NA,"",NA,NA,NA,NA,"","",NA,NA,NA,NA,"",NA,NA,NA,NA,"","",NA,NA,NA,NA,"",NA,NA,NA,NA,"","",NA,NA,NA,NA,"",NA,NA,NA,"",NA,NA,NA,NA,"","",NA,NA,NA,NA,"","",NA,NA,NA,NA,"","Mimosa_regnellii_grossiseta"
"Mimosa micropteris","Mimosa_micropteris","Barneby_1991_Sensitivae_Censitae_treatment_0507.txt","7/9/2025 20:37",1,"shrubs and treelets","",NA,1,4,NA,"m","absent","",NA,NA,NA,NA,"",NA,NA,NA,NA,"","","capitula","globose or plumply ellipsoid",NA,5,8,NA,"mm",NA,5,8,NA,"mm","pseudoraceme",0.8,1,3,3.5,"mm",NA,NA,NA,NA,"","4-merous",NA,NA,NA,NA,"",NA,NA,NA,NA,"","paleaceous-pappiform",1,1.2,1.6,NA,"mm",NA,NA,NA,NA,"","narrowly funnelform",1.9,2,3.1,NA,"mm",0.65,0.9,NA,"mm",NA,0.4,0.55,NA,"mm","4",3,3.5,6,NA,"mm","pink or lilac",NA,NA,NA,NA,"","Mimosa_micropteris"
"Mimosa micropteris var. micropteris","Mimosa_micropteris_micropteris","Barneby_1991_Sensitivae_Censitae_treatment_0508.txt","7/9/2025 20:38",0,"","",NA,NA,NA,NA,"","absent","",NA,NA,NA,NA,"",NA,NA,NA,NA,"","","","",NA,NA,NA,NA,"",NA,NA,NA,NA,"","",NA,NA,NA,NA,"",NA,NA,NA,NA,"","",NA,NA,NA,NA,"",NA,NA,NA,NA,"","",NA,NA,NA,NA,"",NA,NA,NA,NA,"","",NA,NA,NA,NA,"",NA,NA,NA,"",NA,NA,NA,NA,"","",NA,NA,NA,NA,"","",NA,NA,NA,NA,"","Mimosa_micropteris_micropteris"
"Mimosa deceptrix","Mimosa_deceptrix","Barneby_1991_Sensitivae_Censitae_treatment_0509.txt","7/9/2025 20:39",0,"shrubs or subshrubs","",NA,9,15,NA,"dm","absent","",NA,NA,NA,NA,"",NA,NA,NA,NA,"","","pseudoraceme","",5,NA,8,NA,"dm",NA,NA,NA,NA,"","",NA,8,14,NA,"mm",NA,NA,NA,NA,"","4-merous",NA,NA,NA,NA,"",NA,NA,NA,NA,"","paleaceous-pappiform",1.6,1.6,2,2,"mm",NA,NA,NA,NA,"","subcylindric",2.2,2.2,2.8,2.8,"mm",0.6,0.8,0.8,"mm",0.3,0.3,0.4,0.4,"mm","4",NA,5,6,NA,"mm","lilac-pink",NA,NA,NA,NA,"","Mimosa_deceptrix"
"Mimosa chartostegia","Mimosa_chartostegia","Barneby_1991_Sensitivae_Censitae_treatment_0510.txt","7/9/2025 21:32",1,"shrubs","",NA,NA,2.5,NA,"m","absent","",NA,NA,NA,NA,"",NA,NA,NA,NA,"","","capitula","conelike",NA,NA,NA,NA,"",NA,7.5,8.5,NA,"mm","pseudoraceme",NA,5,10,NA,"mm",NA,NA,NA,NA,"","4-merous",NA,NA,NA,NA,"",NA,NA,NA,NA,"","paleaceous",2,2,2.7,NA,"mm",NA,NA,NA,NA,"","narrowly funnelform",NA,2.6,3.3,NA,"mm",1,1.1,NA,"mm",NA,0.55,0.65,NA,"mm","4",NA,5,6.5,NA,"mm","pink, aging whitish",NA,NA,NA,NA,"","Mimosa_chartostegia"
"Mimosa candelabrum","Mimosa_candelabrum","Barneby_1991_Sensitivae_Censitae_treatment_0511.txt","7/9/2025 21:33",0,"subshrubs","",NA,1.5,4,NA,"m","absent","",NA,NA,NA,NA,"",NA,NA,NA,NA,"","","capitula","ovoid-globose",NA,8,10.5,NA,"mm",NA,NA,NA,NA,"","pseudoraceme",6,10,25,NA,"mm",NA,NA,NA,NA,"","4-merous",6,10,25,NA,"mm",NA,NA,NA,NA,"","paleaceous-pappiform",2.4,2.4,3.1,3.1,"mm",NA,NA,NA,NA,"","narrowly funnelform",3.1,3.1,4.5,4.5,"mm",0.9,1.1,NA,"mm",NA,0.6,0.7,NA,"mm","4",NA,5,8,NA,"mm","pink",NA,NA,NA,NA,"","Mimosa_candelabrum"
"Mimosa altoparanensis","Mimosa_altoparanensis","Barneby_1991_Sensitivae_Censitae_treatment_0512.txt","7/9/2025 21:34",0,"subshrubs","",NA,NA,2,NA,"m","absent","",NA,NA,NA,NA,"",NA,NA,NA,NA,"","","capitula","globose",NA,NA,NA,NA,"",NA,NA,NA,NA,"","racemose",NA,NA,NA,NA,"",NA,NA,NA,NA,"","",NA,NA,NA,NA,"",NA,NA,NA,NA,"","",NA,NA,NA,NA,"",NA,NA,NA,NA,"","",NA,NA,NA,NA,"",NA,NA,NA,"",NA,NA,NA,NA,"","",NA,NA,NA,NA,"","",NA,NA,NA,NA,"","Mimosa_altoparanensis"
"Mimosa myriophylla","Mimosa_myriophylla","Barneby_1991_Sensitivae_Censitae_treatment_0513.txt","7/9/2025 21:35",1,"shrubs","",NA,12,20,NA,"dm","absent","",NA,NA,NA,NA,"",NA,NA,NA,NA,"","","capitula","ovoid or subglobose",NA,5,5.5,5.5,"mm",5,5,5.5,5.5,"mm","",NA,NA,NA,NA,"",NA,NA,NA,NA,"","4-merous",NA,NA,NA,NA,"",NA,NA,NA,NA,"","paleaceous-pappiform",1.3,1.3,2.2,2.2,"mm",NA,NA,NA,NA,"","turbinate to vase-shaped",1.9,1.9,2.7,2.7,"mm",0.6,2,2,"mm",0.6,0.6,0.8,0.8,"mm","4",NA,3.5,4.5,NA,"mm","dark red",0.7,NA,0.85,NA,"mm","Mimosa_myriophylla"
"Mimosa callidryas","Mimosa_callidryas","Barneby_1991_Sensitivae_Censitae_treatment_0514.txt","7/9/2025 21:36",1,"subshrubs","",NA,1,NA,NA,"m","absent","",NA,NA,NA,NA,"",NA,NA,NA,NA,"","","capitula","ellipsoid",4,4,5.5,5.5,"mm",NA,4,5.5,NA,"mm","paniculate",NA,1.5,6,NA,"mm",NA,NA,NA,NA,"","4-merous",NA,NA,NA,NA,"",NA,NA,NA,NA,"","",NA,NA,NA,NA,"",NA,NA,NA,NA,"","narrowly turbinate",NA,2,2.1,NA,"mm",NA,NA,NA,"",NA,NA,NA,NA,"","4",NA,2.5,3,NA,"mm","dark red",0.7,NA,1.7,NA,"mm","Mimosa_callidryas"
"Mimosa glazioui","Mimosa_glazioui","Barneby_1991_Sensitivae_Censitae_treatment_0515.txt","7/9/2025 21:37",0,"shrubs","",NA,NA,NA,NA,"","absent","",NA,NA,NA,NA,"",NA,NA,NA,NA,"","","capitula","ellipsoid",7,7,10,10,"mm",6,6,8,8,"mm","terminal and short lateral efoliate pseudoracemes",NA,6,16,NA,"mm",NA,NA,NA,NA,"","4-merous",NA,NA,NA,NA,"",NA,NA,NA,NA,"","campanulate",0.75,0.75,1.3,1.3,"mm",0.2,0.2,0.4,0.4,"mm","narrowly funnel-shaped",2.8,2.8,3.5,3.5,"mm",1,1.2,1.2,"mm",0.6,0.6,0.7,0.7,"mm","4",NA,3,3,NA,"mm","white",NA,NA,NA,NA,"","Mimosa_glaziovii"
"Mimosa balduinii","Mimosa_balduinii","Barneby_1991_Sensitivae_Censitae_treatment_0516.txt","7/9/2025 21:39",0,"shrubs","",NA,NA,4,NA,"m","absent","",NA,NA,NA,NA,"",NA,NA,NA,NA,"","","amentiform spikes","",1,1,3,NA,"cm",6,6,6,6,"mm","panicle",4,4,12,12,"mm",NA,NA,NA,NA,"","",4,NA,12,NA,"mm",NA,NA,NA,NA,"","campanulate",1,1,1.3,NA,"mm",NA,NA,NA,0.2,"mm","narrowly funnelform",3,3,3.4,NA,"mm",0.9,1.1,NA,"mm",NA,0.8,0.8,NA,"mm","4",NA,6,6,NA,"mm","pink",NA,NA,NA,NA,"","Mimosa_balduinii"
"Mimosa polycarpa","Mimosa_polycarpa","Barneby_1991_Sensitivae_Censitae_treatment_0517.txt","7/9/2025 21:40",1,"Subshrubs and bushy shrubs","",NA,7,20,NA,"dm","absent","",NA,NA,NA,NA,"",NA,NA,NA,NA,"","","capitula","globose or plumply ellipsoid",NA,5,5.5,NA,"mm",5,5,5.5,5.5,"mm","pseudoraceme",NA,4,17,20,"mm",NA,NA,NA,NA,"","4-merous",NA,NA,NA,NA,"",NA,NA,NA,NA,"","minute truncate or asymmetrically paleaceous",NA,NA,NA,1,"mm",NA,NA,NA,NA,"","narrowly funnelform",NA,2,2.8,NA,"mm",0.65,0.9,NA,"mm",0.4,NA,0.5,NA,"mm","4",4.5,5,7.5,8,"mm","pick or lilac-pink",NA,NA,NA,NA,"","Mimosa_polycarpa"
"Mimosa polycarpa var. spegazzinii","Mimosa_polycarpa_spegazzinii","Barneby_1991_Sensitivae_Censitae_treatment_0518.txt","7/9/2025 21:41",0,"","",NA,NA,NA,NA,"","absent","",NA,NA,NA,NA,"",NA,NA,NA,NA,"","","","",NA,NA,NA,NA,"",NA,NA,NA,NA,"","",NA,NA,NA,NA,"",NA,NA,NA,NA,"","",NA,NA,NA,NA,"",NA,NA,NA,NA,"","",NA,NA,NA,NA,"",NA,NA,NA,NA,"","",NA,NA,NA,NA,"",NA,NA,NA,"",NA,NA,NA,NA,"","",NA,NA,NA,NA,"","",NA,NA,NA,NA,"","Mimosa_polycarpa_spegazzinii"
"Mimosa polycarpa var. polycarpa","Mimosa_polycarpa_polycarpa","Barneby_1991_Sensitivae_Censitae_treatment_0519.txt","7/9/2025 21:42",2,"","",NA,NA,NA,NA,"","absent","",NA,NA,NA,NA,"",NA,NA,NA,NA,"","","","",NA,NA,NA,NA,"",NA,NA,NA,NA,"","",NA,NA,NA,NA,"",NA,NA,NA,NA,"","",NA,NA,NA,NA,"",NA,NA,NA,NA,"","truncate",NA,NA,NA,NA,"",NA,NA,NA,NA,"","",NA,NA,NA,NA,"",NA,NA,NA,"",NA,NA,NA,NA,"","",NA,NA,NA,NA,"","",NA,NA,NA,NA,"","Mimosa_polycarpa_polycarpa"
"Mimosa polycarpa var. redundans","Mimosa_polycarpa_redundans","Barneby_1991_Sensitivae_Censitae_treatment_0520.txt","7/9/2025 21:43",2,"","",NA,NA,NA,NA,"","absent","",NA,NA,NA,NA,"",NA,NA,NA,NA,"","","","",NA,NA,NA,NA,"",NA,NA,NA,NA,"","",NA,NA,NA,NA,"",NA,NA,NA,NA,"","",NA,NA,NA,NA,"",NA,NA,NA,NA,"","",NA,NA,NA,NA,"",NA,NA,NA,NA,"","",NA,NA,NA,NA,"",NA,NA,NA,"",NA,NA,NA,NA,"","",NA,NA,NA,NA,"","",NA,NA,NA,NA,"","Mimosa_polycarpa_redundans"
"Mimosa polycarpa var. subandina","Mimosa_polycarpa_subandina","Barneby_1991_Sensitivae_Censitae_treatment_0521.txt","7/9/2025 21:44",2,"","",NA,NA,600,NA,"m","absent","",NA,NA,NA,NA,"",NA,NA,NA,NA,"","","","",NA,NA,NA,NA,"",NA,NA,NA,NA,"","",NA,NA,NA,NA,"",NA,NA,NA,NA,"","",NA,NA,NA,NA,"",NA,NA,NA,NA,"","asymmetrice paleaceo",NA,NA,NA,NA,"",NA,NA,NA,NA,"","",NA,NA,NA,NA,"",NA,NA,NA,"",NA,NA,NA,NA,"","",NA,NA,NA,NA,"","",NA,NA,NA,NA,"","Mimosa_polycarpa_subandina"
"Mimosa tenuipendula","Mimosa_tenuipendula","Barneby_1991_Sensitivae_Censitae_treatment_0522.txt","7/9/2025 21:45",0,"shrubs","",NA,2,3,NA,"m","absent","",NA,NA,NA,NA,"",NA,NA,NA,NA,"","","capitula","ellipsoid",NA,4,4.5,NA,"mm",NA,NA,NA,NA,"","",1,NA,2.5,NA,"cm",NA,NA,NA,NA,"","4-merous",NA,1,2.5,NA,"cm",NA,NA,NA,NA,"","",NA,0.2,0.3,NA,"mm",NA,NA,NA,NA,"","",NA,NA,NA,NA,"",NA,NA,NA,"",NA,NA,NA,NA,"","4",NA,5,NA,NA,"mm","pink",NA,NA,NA,NA,"","Mimosa_tenuipendula"
"Mimosa balansae","Mimosa_balansae","Barneby_1991_Sensitivae_Censitae_treatment_0523.txt","7/9/2025 21:46",0,"suffruticulose Aerbs","woody taproot",1,NA,4,6,"dm","absent","",NA,NA,NA,NA,"",NA,NA,NA,NA,"","","capitula","subglobose",5,5,8,8,"mm",4.5,4.5,6.5,6.5,"mm","pseudoracemose",7,10,30,NA,"mm",NA,NA,NA,NA,"","4-merous",NA,NA,NA,NA,"",NA,NA,NA,NA,"","tube",NA,NA,NA,NA,"",NA,NA,NA,0.6,"mm","narrowly turbinate",NA,1.9,2.6,NA,"mm",0.6,1,NA,"mm",NA,0.4,0.65,NA,"mm","4",NA,4,5.5,NA,"mm","pink",NA,NA,NA,NA,"","Mimosa_balansae"
"Mimosa williamsii","Mimosa_williamsii","Barneby_1991_Sensitivae_Censitae_treatment_0524.txt","7/9/2025 21:47",0,"shrubs","",NA,NA,2,NA,"m","absent","leaf-stalks",NA,NA,NA,NA,"",NA,NA,NA,NA,"","","","",NA,NA,NA,NA,"",NA,NA,NA,NA,"","",NA,NA,NA,NA,"",NA,NA,NA,NA,"","",NA,NA,NA,NA,"",NA,NA,NA,NA,"","",NA,NA,NA,NA,"",NA,NA,NA,NA,"","",NA,NA,NA,NA,"",NA,NA,NA,"",NA,NA,NA,NA,"","",NA,NA,NA,NA,"","",NA,NA,NA,NA,"","Mimosa_williamsii"
"Mimosa pectinatipinna","Mimosa_pectinatipinna","Barneby_1991_Sensitivae_Censitae_treatment_0525.txt","7/9/2025 21:48",1,"shrubs","",NA,8,30,NA,"dm","absent","",NA,NA,NA,NA,"",NA,NA,NA,NA,"","","capitula","globose",NA,4,5,NA,"mm",NA,4,5,NA,"mm","",7,7,15,15,"mm",NA,NA,NA,NA,"","",NA,NA,NA,NA,"",NA,NA,NA,NA,"","pappiform",0.8,0.8,1.3,1.3,"mm",NA,NA,NA,NA,"","narrowly vase-shaped",NA,1.8,2.1,NA,"mm",0.6,0.6,NA,"mm",NA,0.5,0.5,NA,"mm","",NA,4,4,NA,"mm","pink or white",NA,NA,NA,NA,"","Mimosa_pectinatipinna"
"Mimosa ctenodes","Mimosa_ctenodes","Barneby_1991_Sensitivae_Censitae_treatment_0526.txt","7/9/2025 21:49",1,"shrubs","",NA,5,10,NA,"dm","absent","",NA,NA,NA,NA,"",NA,NA,NA,NA,"","","capitula","globose",3.5,3.5,4.5,4.5,"mm",3.5,3.5,4.5,4.5,"mm","",NA,8,14,NA,"mm",NA,NA,NA,NA,"","4-merous",NA,NA,NA,NA,"",NA,NA,NA,NA,"","campanulate",0.2,0.2,0.3,0.3,"mm",NA,NA,NA,NA,"","narrowly vase-shaped",1.6,1.6,1.8,1.8,"mm",0.6,0.7,0.7,"mm",0.4,0.4,0.45,0.45,"mm","4",NA,3.5,4,NA,"mm","whitish",NA,NA,NA,NA,"","Mimosa_ctenodes"
"Mimosa rusbyana","Mimosa_rusbyana","Barneby_1991_Sensitivae_Censitae_treatment_0527.txt","7/9/2025 21:51",1,"subshrubs","",NA,NA,NA,NA,"","absent","",NA,NA,NA,NA,"",NA,NA,NA,NA,"","","capitula","globose or plumply ovoid-ellipsoid",NA,NA,4,NA,"mm",NA,NA,4,NA,"mm","",NA,7,25,NA,"mm",NA,NA,NA,NA,"","4-merous",NA,NA,NA,NA,"",NA,NA,NA,NA,"","pappiform",NA,NA,NA,NA,"",NA,NA,NA,NA,"","narrowly funnelform",1.5,1.7,2.1,NA,"mm",0.6,0.7,0.7,"mm",0.4,0.4,0.55,0.55,"mm","4",NA,4,5,NA,"mm","white",NA,NA,NA,NA,"","Mimosa_rusbyana"
"Mimosa cuzcoana","Mimosa_cuzcoana","Barneby_1991_Sensitivae_Censitae_treatment_0528.txt","7/9/2025 21:52",0,"shrubby or very likely sarmentose","",NA,NA,NA,NA,"","absent","",NA,NA,NA,NA,"",NA,NA,NA,NA,"","","capitula","subglobose",NA,8,NA,NA,"mm",5.5,5.5,6,NA,"mm","",NA,12,18,NA,"mm",NA,NA,NA,NA,"","4-merous",NA,NA,NA,NA,"",NA,NA,NA,NA,"","campanulate",0.3,0.3,0.4,0.4,"mm",NA,NA,NA,NA,"","turbinate",NA,2.3,2.5,NA,"mm",0.8,1,NA,"mm",NA,0.6,0.7,NA,"mm","4",NA,5,NA,NA,"mm","pink",NA,NA,NA,NA,"","Mimosa_cuzcoana"
"Mimosa schrankioides","Mimosa_schrankioides","Barneby_1991_Sensitivae_Censitae_treatment_0529.txt","7/9/2025 21:53",0,"shrubs","",1,1,2,NA,"m","absent","",NA,NA,NA,NA,"",NA,NA,NA,NA,"","","capitula","",NA,NA,NA,NA,"",3.5,3.5,5,5.5,"mm","",1,1,2,2,"m",NA,NA,NA,NA,"","4-merous",NA,NA,NA,NA,"",NA,NA,NA,NA,"","minute membranous or paleaceous-pappiform",NA,NA,NA,NA,"",NA,NA,NA,NA,"","",NA,1.4,2.4,NA,"mm",NA,NA,NA,"",NA,NA,NA,NA,"","4",NA,6,7.5,NA,"mm","white",NA,NA,NA,NA,"","Mimosa_schrankioides"
"Mimosa schrankioides var. sagotiana","Mimosa_schrankioides_sagotiana","Barneby_1991_Sensitivae_Censitae_treatment_0530.txt","7/9/2025 21:54",0,"","",NA,NA,NA,NA,"","absent","",NA,NA,NA,NA,"",NA,NA,NA,NA,"","","","",NA,NA,NA,NA,"",NA,NA,NA,NA,"","",NA,NA,NA,NA,"",NA,NA,NA,NA,"","",NA,NA,NA,NA,"",NA,NA,NA,NA,"","",NA,NA,NA,NA,"",NA,NA,NA,NA,"","",NA,NA,NA,NA,"",NA,NA,NA,"",NA,NA,NA,NA,"","",NA,NA,NA,NA,"","",NA,NA,NA,NA,"","Mimosa_schrankioides_sagotiana"
"Mimosa schrankioides var. schrankioides","Mimosa_schrankioides_schrankioides","Barneby_1991_Sensitivae_Censitae_treatment_0531.txt","7/9/2025 21:55",0,"","",NA,NA,500,NA,"m","absent","",NA,NA,NA,NA,"",NA,NA,NA,NA,"","","","",NA,NA,NA,NA,"",NA,NA,NA,NA,"","",NA,NA,NA,NA,"",NA,NA,NA,NA,"","",NA,NA,NA,NA,"",NA,NA,NA,NA,"","",NA,NA,NA,NA,"",NA,NA,NA,NA,"","",NA,NA,NA,NA,"",NA,NA,NA,"",NA,NA,NA,NA,"","",NA,NA,NA,NA,"","",NA,NA,NA,NA,"","Mimosa_schrankioides_schrankioides"
"Mimosa casta","Mimosa_casta","Barneby_1991_Sensitivae_Censitae_treatment_0532.txt","7/9/2025 21:56",1,"vines","",NA,2,4,NA,"m","absent","",NA,NA,NA,NA,"",NA,NA,NA,NA,"","","capitula","globose",NA,5,6,NA,"mm",NA,5,6,NA,"mm","pseudoraceme",NA,6,20,24,"mm",NA,NA,NA,NA,"","4-merous",NA,NA,NA,NA,"",NA,NA,NA,NA,"","",NA,0.15,0.25,NA,"mm",NA,NA,NA,NA,"","vase-shaped or the smaller ones narrowly turbinate",NA,1.7,2.6,NA,"mm",0.5,0.9,NA,"mm",NA,0.5,0.65,NA,"mm","4",NA,4,7,NA,"mm","pink or whitish",NA,NA,NA,NA,"","Mimosa_casta"
"Mimosa vexans","Mimosa_vexans","Barneby_1991_Sensitivae_Censitae_treatment_0533.txt","7/9/2025 21:57",0,"Weakly frutescent scrambling vine","",NA,NA,2.5,NA,"m","absent","leaf-stalks",NA,NA,NA,NA,"",NA,NA,NA,NA,"","","capitula","globose",NA,5.5,5.5,NA,"mm",NA,5.5,5.5,NA,"mm","",NA,20,24,NA,"mm",NA,NA,NA,NA,"","4-merous",NA,20,24,NA,"mm",NA,NA,NA,NA,"","",NA,NA,NA,NA,"",NA,NA,NA,NA,"","",NA,2.3,2.3,NA,"mm",0.7,0.7,NA,"mm",NA,0.5,0.5,NA,"mm","",NA,NA,NA,NA,"","",NA,NA,NA,NA,"","Mimosa_vexans"
"Mimosa teledactyla","Mimosa_teledactyla","Barneby_1991_Sensitivae_Censitae_treatment_0534.txt","7/9/2025 21:58",0,"vines","",NA,7,20,NA,"dm","absent","",NA,NA,NA,NA,"",NA,NA,NA,NA,"","","Capituia","giobose moriform",NA,20,30,NA,"mm",NA,6,8,NA,"mm","",15,20,30,NA,"mm",6,6,8,8,"mm","",NA,2,10,NA,"",NA,NA,NA,NA,"","campanulate",0.5,0.5,0.75,0.75,"mm",NA,NA,NA,NA,"","",2.3,2.3,2.8,2.8,"mm",NA,NA,NA,"",NA,NA,NA,NA,"","",NA,NA,NA,NA,"","",NA,NA,NA,NA,"","Mimosa_teledactyla"
"Mimosa sensitiva","Mimosa_sensitiva","Barneby_1991_Sensitivae_Censitae_treatment_0535.txt","7/9/2025 21:59",1,"shrubs","",NA,NA,NA,NA,"","absent","",NA,NA,NA,NA,"",NA,NA,NA,NA,"","","capitula","globose or plumply ellipsoid",NA,5,9.5,NA,"mm",NA,5,9.5,NA,"mm","pseudoraceme",NA,1,3,3.5,"cm",NA,NA,NA,NA,"","4-merous",NA,NA,NA,NA,"",NA,NA,NA,NA,"","pappiform",0.7,0.7,1.6,1.6,"mm",NA,NA,NA,NA,"","narrowly funnelform or subtubular",NA,2.2,3,NA,"mm",0.45,0.6,NA,"mm",NA,0.3,0.5,NA,"mm","4",NA,5.5,7.5,NA,"mm","pale pink or lilac-purple",NA,NA,NA,NA,"","Mimosa_sensitiva"
"Mimosa sensitiva var. sensitiva","Mimosa_sensitiva_sensitiva","Barneby_1991_Sensitivae_Censitae_treatment_0536.txt","7/9/2025 22:00",2,"","",NA,NA,1000,NA,"m","absent","",NA,NA,NA,NA,"",NA,NA,NA,NA,"","","","",NA,NA,NA,NA,"",NA,NA,NA,NA,"","",NA,NA,NA,NA,"",NA,NA,NA,NA,"","",NA,NA,NA,NA,"",NA,NA,NA,NA,"","",NA,NA,NA,NA,"",NA,NA,NA,NA,"","",NA,NA,NA,NA,"",NA,NA,NA,"",NA,NA,NA,NA,"","",NA,NA,NA,NA,"","",NA,NA,NA,NA,"","Mimosa_sensitiva_sensitiva"
"Mimosa sensitiva var. malitiosa","Mimosa_sensitiva_malitiosa","Barneby_1991_Sensitivae_Censitae_treatment_0537.txt","7/9/2025 22:01",0,"","",300,NA,550,NA,"m","absent","",NA,NA,NA,NA,"",NA,NA,NA,NA,"","","","",NA,NA,NA,NA,"",NA,NA,NA,NA,"","",NA,NA,NA,NA,"",NA,NA,NA,NA,"","",NA,NA,NA,NA,"",NA,NA,NA,NA,"","",NA,NA,NA,NA,"",NA,NA,NA,NA,"","",NA,NA,NA,NA,"",NA,NA,NA,"",NA,NA,NA,NA,"","",NA,NA,NA,NA,"","",NA,NA,NA,NA,"","Mimosa_sensitiva_malitiosa"
"Mimosa velloziana","Mimosa_velloziana","Barneby_1991_Sensitivae_Censitae_treatment_0538.txt","7/9/2025 22:03",1,"shrub","",NA,NA,2.5,NA,"m","absent","",NA,NA,NA,NA,"",NA,NA,NA,NA,"","","capitula","globose",NA,5,6,NA,"mm",NA,5,6,NA,"mm","paniculate pseudoraceme",NA,6,17,22,"mm",NA,NA,NA,NA,"","4-merous",NA,NA,NA,NA,"",NA,NA,NA,NA,"","membranous",0.25,0.25,0.4,0.4,"mm",NA,NA,NA,NA,"","narrowly funnelform",1.9,1.9,2.7,2.7,"mm",0.55,0.7,0.7,"mm",0.4,0.4,0.55,0.55,"mm","4",3.5,3.5,5.5,5.5,"mm","lilac or pink",NA,NA,NA,NA,"","Mimosa_velloziana"
"Mimosa albida","Mimosa_albida","Barneby_1991_Sensitivae_Censitae_treatment_0539.txt","7/9/2025 22:04",1,"herbs, bushy shrubs, weakly woody sarmentose vines and treelets","",NA,NA,3,4,"m","absent","",NA,NA,NA,NA,"",NA,NA,NA,NA,"","","capitula","globose",NA,4.5,6.5,7,"mm",NA,4.5,6.5,7,"mm","",NA,1,4,4.7,"cm",NA,NA,NA,NA,"","4-merous",NA,NA,NA,NA,"",NA,NA,NA,NA,"","minute",NA,0.15,0.4,NA,"mm",NA,NA,NA,NA,"","narrowly funnelform or subtubular",NA,2,2.6,NA,"mm",0.5,0.7,NA,"mm",NA,0.4,0.6,NA,"mm","4",NA,4,7.5,NA,"mm","lilac-, roseor magenta-pink",NA,NA,NA,NA,"","Mimosa_albida"
"Mimosa albida var. albida","Mimosa_albida_albida","Barneby_1991_Sensitivae_Censitae_treatment_0540.txt","7/9/2025 22:05",2,"","",NA,NA,1500,1730,"m","absent","",NA,NA,NA,NA,"",NA,NA,NA,NA,"","","","",NA,NA,NA,NA,"",NA,NA,NA,NA,"","",NA,NA,NA,NA,"",NA,NA,NA,NA,"","",NA,NA,NA,NA,"",NA,NA,NA,NA,"","",NA,NA,NA,NA,"",NA,NA,NA,NA,"","",NA,NA,NA,NA,"",NA,NA,NA,"",NA,NA,NA,NA,"","",NA,NA,NA,NA,"","",NA,NA,NA,NA,"","Mimosa_albida_albida"
"Mimosa albida var. glabrior","Mimosa_albida_glabrior","Barneby_1991_Sensitivae_Censitae_treatment_0541.txt","7/9/2025 22:06",0,"","",NA,NA,NA,NA,"","absent","",NA,NA,NA,NA,"",NA,NA,NA,NA,"","","","",NA,NA,NA,NA,"",NA,NA,NA,NA,"","",NA,NA,NA,NA,"",NA,NA,NA,NA,"","",NA,NA,NA,NA,"",NA,NA,NA,NA,"","",NA,NA,NA,NA,"",NA,NA,NA,NA,"","",NA,NA,NA,NA,"",NA,NA,NA,"",NA,NA,NA,NA,"","",NA,NA,NA,NA,"","",NA,NA,NA,NA,"","Mimosa_albida_glabrior"
"Mimosa albida var. willdenowii","Mimosa_albida_willdenowii","Barneby_1991_Sensitivae_Censitae_treatment_0542.txt","7/9/2025 22:07",0,"","",1000,NA,2700,NA,"m","absent","",NA,NA,NA,NA,"",NA,NA,NA,NA,"","","","",NA,NA,NA,NA,"",NA,NA,NA,NA,"","",NA,NA,NA,NA,"",NA,NA,NA,NA,"","",NA,NA,NA,NA,"",NA,NA,NA,NA,"","",NA,NA,NA,NA,"",NA,NA,NA,NA,"","",NA,NA,NA,NA,"",NA,NA,NA,"",NA,NA,NA,NA,"","",NA,NA,NA,NA,"","",NA,NA,NA,NA,"","Mimosa_albida_willdenowii"
"Mimosa sensibilis","Mimosa_sensibilis","Barneby_1991_Sensitivae_Censitae_treatment_0543.txt","7/9/2025 22:08",0,"shrubs","",NA,1.5,3,NA,"m","absent","",NA,NA,NA,NA,"",NA,NA,NA,NA,"","","capitula","globose",NA,4,6,NA,"mm",NA,NA,NA,NA,"","pseudoracemose",6,NA,25,NA,"mm",NA,NA,NA,NA,"","4-merous",NA,6,25,NA,"mm",NA,NA,NA,NA,"","truncate or obscurely angulate rim",0.15,0.15,0.25,0.25,"mm",NA,NA,NA,NA,"","narrowly vase-shaped",2,2,2.8,2.8,"mm",0.7,0.85,NA,"mm",NA,0.5,0.5,NA,"mm","4",4,4,6,6,"mm","lilac or whitish faintly lilactinged",NA,NA,NA,NA,"","Mimosa_sensibilis"
"Mimosa sensibilis var. sensibilis","Mimosa_sensibilis_sensibilis","Barneby_1991_Sensitivae_Censitae_treatment_0544.txt","7/9/2025 22:09",0,"","",NA,NA,NA,NA,"","absent","",NA,NA,NA,NA,"",NA,NA,NA,NA,"","","","",NA,NA,NA,NA,"",NA,NA,NA,NA,"","",NA,NA,NA,NA,"",NA,NA,NA,NA,"","",NA,NA,NA,NA,"",NA,NA,NA,NA,"","",NA,NA,NA,NA,"",NA,NA,NA,NA,"","",NA,NA,NA,NA,"",NA,NA,NA,"",NA,NA,NA,NA,"","",NA,NA,NA,NA,"","",NA,NA,NA,NA,"","Mimosa_sensibilis_sensibilis"
"Mimosa sensibilis var. urucumensis","Mimosa_sensibilis_urucumensis","Barneby_1991_Sensitivae_Censitae_treatment_0545.txt","7/9/2025 22:10",0,"","",NA,NA,NA,NA,"","absent","",NA,NA,NA,NA,"",NA,NA,NA,NA,"","","","",NA,NA,NA,NA,"",NA,NA,NA,NA,"","",NA,NA,NA,NA,"",NA,NA,NA,NA,"","",NA,NA,NA,NA,"",NA,NA,NA,NA,"","",NA,NA,NA,NA,"",NA,NA,NA,NA,"","",NA,NA,NA,NA,"",NA,NA,NA,"",NA,NA,NA,NA,"","",NA,NA,NA,NA,"","",NA,NA,NA,NA,"","Mimosa_sensibilis_urucumensis"
"Mimosa sensibilis var. aquidabani","Mimosa_sensibilis_aquidabani","Barneby_1991_Sensitivae_Censitae_treatment_0546.txt","7/9/2025 22:11",0,"","",NA,NA,NA,NA,"","absent","",NA,NA,NA,NA,"",NA,NA,NA,NA,"","","","",NA,NA,NA,NA,"",NA,NA,NA,NA,"","",NA,NA,NA,NA,"",NA,NA,NA,NA,"","",NA,NA,NA,NA,"",NA,NA,NA,NA,"","",NA,NA,NA,NA,"",NA,NA,NA,NA,"","",NA,NA,NA,NA,"",NA,NA,NA,"",NA,NA,NA,NA,"","",NA,NA,NA,NA,"","",NA,NA,NA,NA,"","Mimosa_sensibilis_aquidabani"
"Mimosa debilis","Mimosa_debilis","Barneby_1991_Sensitivae_Censitae_treatment_0547.txt","7/9/2025 22:12",1,"Herbs and subshrubs","",NA,8,20,25,"dm","absent","",NA,NA,NA,NA,"",NA,NA,NA,NA,"","","capitula","globose",4,4.5,7.5,NA,"mm",4,4.5,7.5,NA,"mm","raceme",NA,5,20,22,"mm",NA,NA,NA,NA,"","4-merous",NA,NA,NA,NA,"",NA,NA,NA,NA,"","minute",NA,0.15,0.4,NA,"mm",NA,NA,NA,NA,"","narrowly funnelform or subtubular",NA,2,2.6,NA,"mm",0.5,0.7,NA,"mm",NA,0.4,0.6,NA,"mm","4",NA,4,7.5,NA,"mm","lilac-, roseor magenta-pink",NA,NA,NA,NA,"","Mimosa_debilis"
"Mimosa debilis var. debilis","Mimosa_debilis_debilis","Barneby_1991_Sensitivae_Censitae_treatment_0548.txt","7/9/2025 22:13",2,"","",NA,NA,1600,NA,"m","absent","",NA,NA,NA,NA,"",NA,NA,NA,NA,"","","capitula","",NA,NA,NA,NA,"",NA,NA,NA,NA,"","",NA,NA,NA,NA,"",NA,NA,NA,NA,"","",NA,NA,NA,NA,"",NA,NA,NA,NA,"","",NA,NA,NA,NA,"",NA,NA,NA,NA,"","",NA,NA,NA,NA,"",NA,NA,NA,"",NA,NA,NA,NA,"","",NA,NA,NA,NA,"","",NA,NA,NA,NA,"","Mimosa_debilis_debilis"
"Mimosa debilis var. aequatoriana","Mimosa_debilis_aequatoriana","Barneby_1991_Sensitivae_Censitae_treatment_0549.txt","7/9/2025 22:14",0,"shrubs","",6,NA,25,NA,"dm","absent","",NA,NA,NA,NA,"",NA,NA,NA,NA,"","","","",NA,NA,NA,NA,"",NA,NA,NA,NA,"","",NA,NA,NA,NA,"",NA,NA,NA,NA,"","",NA,NA,NA,NA,"",NA,NA,NA,NA,"","",NA,NA,NA,NA,"",NA,NA,NA,NA,"","",NA,NA,NA,NA,"",NA,NA,NA,"",NA,NA,NA,NA,"","",NA,NA,NA,NA,"","",NA,NA,NA,NA,"","Mimosa_debilis_aequatoriana"
"Mimosa debilis var. parapitiensis","Mimosa_debilis_parapitiensis","Barneby_1991_Sensitivae_Censitae_treatment_0550.txt","7/9/2025 22:16",0,"","",NA,NA,NA,NA,"","absent","",NA,NA,NA,NA,"",NA,NA,NA,NA,"","","","",NA,NA,NA,NA,"",NA,NA,NA,NA,"","",NA,NA,NA,NA,"",NA,NA,NA,NA,"","",NA,NA,NA,NA,"",NA,NA,NA,NA,"","",NA,NA,NA,NA,"",NA,NA,NA,NA,"","",NA,NA,NA,NA,"",NA,NA,NA,"",NA,NA,NA,NA,"","",NA,NA,NA,NA,"","",NA,NA,NA,NA,"","Mimosa_debilis_parapitiensis"
"Mimosa debilis var. vestita","Mimosa_debilis_vestita","Barneby_1991_Sensitivae_Censitae_treatment_0551.txt","7/9/2025 22:17",0,"Subshruhs","xylopodium",NA,8,12,2.5,"dm","absent","",NA,NA,NA,NA,"",NA,NA,NA,NA,"","","capitula","conelike",NA,4.5,6.5,NA,"mm",NA,NA,NA,NA,"","",NA,NA,NA,NA,"",NA,NA,NA,NA,"","",NA,NA,NA,NA,"",NA,NA,NA,NA,"","",NA,NA,NA,NA,"",NA,NA,NA,NA,"","",NA,NA,NA,NA,"",NA,NA,NA,"",NA,NA,NA,NA,"","",NA,NA,NA,NA,"","",NA,NA,NA,NA,"","Mimosa_debilis_vestita"
"Mimosa debilis var. amnis-mortium","Mimosa_debilis_amnismortium","Barneby_1991_Sensitivae_Censitae_treatment_0552.txt","7/9/2025 22:18",0,"subshrubs","",NA,1,2,NA,"m","absent","",NA,NA,NA,NA,"",NA,NA,NA,NA,"","","capitula","",NA,NA,NA,NA,"",NA,NA,NA,NA,"","",NA,NA,NA,NA,"",NA,NA,NA,NA,"","",NA,NA,NA,NA,"",NA,NA,NA,NA,"","",NA,NA,NA,NA,"",NA,NA,NA,NA,"","",NA,NA,NA,NA,"",NA,NA,NA,"",NA,NA,NA,NA,"","",NA,NA,NA,NA,"","",NA,NA,NA,NA,"","Mimosa_debilis_amnismortium"
"Mimosa platyphylla","Mimosa_platyphylla","Barneby_1991_Sensitivae_Censitae_treatment_0553.txt","7/9/2025 22:19",0,"herbaceous subshrubs","",NA,4,8,NA,"dm","absent","",NA,NA,NA,NA,"",NA,NA,NA,NA,"","","capitula","ovoid cone-like",NA,7,8,NA,"mm",NA,NA,NA,NA,"","terminal efoliate pseudoraceme",NA,NA,2,NA,"cm",NA,NA,NA,NA,"","4-merous",NA,NA,NA,NA,"",NA,NA,NA,NA,"","",NA,NA,NA,NA,"",NA,NA,NA,NA,"","",NA,NA,NA,NA,"",NA,NA,NA,"",NA,NA,NA,NA,"","4",NA,NA,NA,NA,"","",NA,NA,NA,NA,"","Mimosa_platyphylla"
"Mimosa nuda","Mimosa_nuda","Barneby_1991_Sensitivae_Censitae_treatment_0554.txt","7/9/2025 22:20",2,"subshrubs","xylopodium",NA,NA,1,NA,"dm","absent","",NA,NA,NA,NA,"",NA,NA,NA,NA,"","","capitula","globose or subglobose",NA,NA,NA,NA,"",5,5,7,7,"mm","simple or few-branched pseudoraceme",9,12,45,80,"mm",NA,NA,NA,NA,"","4-merous",NA,NA,NA,NA,"",NA,NA,NA,NA,"","",NA,0.2,0.3,NA,"mm",NA,NA,NA,NA,"","narrowly vase-shaped",2,2.3,3.5,NA,"mm",0.6,1.2,1.2,"mm",0.5,0.5,0.7,0.7,"mm","4",6.5,6.5,9.5,9.5,"mm","pink or rose-purple sometimes fading whitish",NA,NA,NA,NA,"","Mimosa_debilis_debilis"
"Mimosa nuda var. glaberrima","Mimosa_nuda_glaberrima","Barneby_1991_Sensitivae_Censitae_treatment_0555.txt","7/9/2025 22:21",2,"procumbent, or assurgent, or virgately erect","",NA,5,NA,NA,"dm","absent","",NA,NA,NA,NA,"",NA,NA,NA,NA,"","","","",NA,NA,NA,NA,"",NA,NA,NA,NA,"","",NA,NA,NA,NA,"",NA,NA,NA,NA,"","",NA,NA,NA,NA,"",NA,NA,NA,NA,"","",NA,NA,NA,NA,"",NA,NA,NA,NA,"","",NA,NA,NA,NA,"",NA,NA,NA,"",NA,NA,NA,NA,"","",NA,NA,NA,NA,"","",NA,NA,NA,NA,"","Mimosa_debilis_debilis"
"Mimosa nuda var. gracilipes","Mimosa_nuda_gracilipes","Barneby_1991_Sensitivae_Censitae_treatment_0556.txt","7/9/2025 22:22",2,"diminished version of var. glaberrima, with decumbent few-forked stems","",NA,2,4,NA,"dm","absent","",NA,NA,NA,NA,"",NA,NA,NA,NA,"","","capitula","",NA,4.5,4.5,NA,"mm",NA,NA,NA,NA,"","",1.5,NA,4,NA,"cm",NA,NA,NA,NA,"","",NA,1.5,4,NA,"cm",NA,NA,NA,NA,"","",NA,NA,NA,NA,"",NA,NA,NA,NA,"","",NA,NA,NA,NA,"",NA,NA,NA,"",NA,NA,NA,NA,"","",NA,NA,NA,NA,"mm","",NA,NA,NA,NA,"","Mimosa_debilis_debilis"
"Mimosa nuda var. ramosa","Mimosa_nuda_ramosa","Barneby_1991_Sensitivae_Censitae_treatment_0557.txt","7/9/2025 22:23",2,"","",NA,NA,NA,NA,"","absent","",NA,NA,NA,NA,"",NA,NA,NA,NA,"","","","",NA,NA,NA,NA,"",NA,NA,NA,NA,"","",NA,NA,NA,NA,"",NA,NA,NA,NA,"","",NA,NA,NA,NA,"",NA,NA,NA,NA,"","",NA,NA,NA,NA,"",NA,NA,NA,NA,"","",NA,NA,NA,NA,"",NA,NA,NA,"",NA,NA,NA,NA,"","",NA,NA,NA,NA,"","",NA,NA,NA,NA,"","Mimosa_debilis_debilis"
"Mimosa nuda var. angusta","Mimosa_nuda_angusta","Barneby_1991_Sensitivae_Censitae_treatment_0558.txt","7/9/2025 22:24",0,"diffuse or humifuse","",NA,NA,NA,NA,"","absent","",NA,NA,NA,NA,"",NA,NA,NA,NA,"","","capitula","",NA,5,5,NA,"mm",NA,NA,NA,NA,"","",NA,NA,NA,NA,"",NA,NA,NA,NA,"","",NA,NA,NA,NA,"",NA,NA,NA,NA,"","",NA,NA,NA,NA,"",NA,NA,NA,NA,"","",NA,NA,NA,NA,"",NA,NA,NA,"",NA,NA,NA,NA,"","",NA,5,NA,NA,"mm","",NA,NA,NA,NA,"","Mimosa_debilis_angusta"
"Mimosa nuda var. nuda","Mimosa_nuda_nuda","Barneby_1991_Sensitivae_Censitae_treatment_0559.txt","7/9/2025 22:25",2,"","",NA,NA,NA,NA,"","absent","",NA,NA,NA,NA,"",NA,NA,NA,NA,"","","","",NA,NA,NA,NA,"",NA,NA,NA,NA,"","",NA,NA,NA,NA,"",NA,NA,NA,NA,"","",NA,NA,NA,NA,"",NA,NA,NA,NA,"","",NA,NA,NA,NA,"",NA,NA,NA,NA,"","",NA,NA,NA,NA,"",NA,NA,NA,"",NA,NA,NA,NA,"","",NA,NA,NA,NA,"","",NA,NA,NA,NA,"","Mimosa_debilis_debilis"
"Mimosa acapulcensis","Mimosa_acapulcensis","Barneby_1991_Sensitivae_Censitae_treatment_0560.txt","7/9/2025 22:26",1,"shrub","",NA,NA,3,NA,"m","absent","",NA,NA,NA,NA,"",NA,NA,NA,NA,"","","capitula","globose",NA,5,7,NA,"mm",NA,5,7,NA,"mm","fasciculate",NA,2,4,NA,"cm",NA,NA,NA,NA,"","4-merous",NA,NA,NA,NA,"",NA,NA,NA,NA,"","minute",NA,0.5,0.6,NA,"mm",NA,NA,NA,NA,"","narrowly vase-shaped",NA,2.3,2.8,NA,"mm",NA,NA,NA,"",NA,NA,NA,NA,"","4",NA,4.5,7,NA,"mm","pink",NA,NA,NA,NA,"","Mimosa_acapulcensis"
"Mimosa sousae","Mimosa_sousae","Barneby_1991_Sensitivae_Censitae_treatment_0561.txt","7/9/2025 22:27",1,"shrubs","",NA,NA,1.5,NA,"m","absent","",NA,NA,NA,NA,"",NA,NA,NA,NA,"","","capitula","globose",NA,8,8,NA,"mm",NA,8,8,NA,"mm","",NA,2.5,6,NA,"cm",NA,NA,NA,NA,"","4-5(-6)-merous",NA,NA,NA,NA,"",NA,NA,NA,NA,"","paleaceous",NA,1.5,2,NA,"mm",NA,NA,NA,NA,"","",NA,3,4,NA,"mm",NA,NA,NA,"",NA,NA,NA,NA,"","4–8; 5–10",NA,7,8,NA,"mm","pink",NA,NA,NA,NA,"","Mimosa_sousae"
"Mimosa alleniana","Mimosa_alleniana","Barneby_1991_Sensitivae_Censitae_treatment_0562.txt","7/9/2025 22:28",0,"subshrub","woody rootstock or xylopodium",0.5,1,4,6,"dm","absent","",NA,NA,NA,NA,"",NA,NA,NA,NA,"","","capitula","globose or plumply ellipsoid",NA,NA,NA,NA,"mm",NA,NA,NA,NA,"mm","",NA,7,22,NA,"mm",NA,NA,NA,NA,"","4-merous",7,NA,22,NA,"mm",NA,NA,NA,NA,"","",NA,0.4,1,NA,"mm",NA,NA,NA,NA,"","turbinate or funnelform",NA,2.1,2.5,NA,"mm",0.8,1,NA,"mm",NA,0.5,0.75,NA,"mm","4",4.5,NA,8,NA,"mm","pink",NA,NA,NA,NA,"","Mimosa_alleniana"
"Mimosa brevipetiolata","Mimosa_brevipetiolata","Barneby_1991_Sensitivae_Censitae_treatment_0563.txt","7/9/2025 22:30",1,"Herbs","shortly forking subterranean caudex surmounting a fusiformly swollen root",NA,2,4,5,"dm","absent","",NA,NA,NA,NA,"",NA,NA,NA,NA,"","","capitula","globose",NA,5,9,NA,"mm",NA,5,7,NA,"mm","pseudoracemose",1,1.5,7,9,"cm",NA,NA,NA,NA,"","4-merous",NA,NA,NA,NA,"",NA,NA,NA,NA,"","campanulate",NA,0.1,0.25,NA,"mm",NA,NA,NA,NA,"","narrowly turbinate or funnelform",NA,2.3,2.8,NA,"mm",0.7,1.1,NA,"mm",NA,0.5,0.65,NA,"mm","4",NA,4.5,6.5,NA,"mm","pink",NA,NA,NA,NA,"","Mimosa_brevipetiolata"
"Mimosa brevipetiolata var. hirtula","Mimosa_brevipetiolata_hirtula","Barneby_1991_Sensitivae_Censitae_treatment_0564.txt","7/9/2025 22:31",2,"","",100,NA,350,NA,"m","absent","",NA,NA,NA,NA,"",NA,NA,NA,NA,"","","capitula","",NA,NA,NA,NA,"",NA,NA,NA,NA,"","pseudoracemose",NA,NA,NA,NA,"",NA,NA,NA,NA,"","",NA,NA,NA,NA,"",NA,NA,NA,NA,"","",NA,NA,NA,NA,"",NA,NA,NA,NA,"","",NA,NA,NA,NA,"",NA,NA,NA,"",NA,NA,NA,NA,"","",NA,NA,NA,NA,"","",NA,NA,NA,NA,"","Mimosa_brevipetiolata_hirtula"
"Mimosa brevipetiolata var. pilosula","Mimosa_brevipetiolata_pilosula","Barneby_1991_Sensitivae_Censitae_treatment_0565.txt","7/9/2025 22:32",2,"","",100,NA,200,NA,"m","absent","",NA,NA,NA,NA,"",NA,NA,NA,NA,"","","","",NA,NA,NA,NA,"",NA,NA,NA,NA,"","pseudoracemose",NA,NA,NA,NA,"",NA,NA,NA,NA,"","",NA,NA,NA,NA,"",NA,NA,NA,NA,"","",NA,NA,NA,NA,"",NA,NA,NA,NA,"","",NA,NA,NA,NA,"",NA,NA,NA,"",NA,NA,NA,NA,"","",NA,NA,NA,NA,"","",NA,NA,NA,NA,"","Mimosa_brevipetiolata_hirtula"
"Mimosa brevipetiolata var. brevipetiolata","Mimosa_brevipetiolata_brevipetiolata","Barneby_1991_Sensitivae_Censitae_treatment_0566.txt","7/9/2025 22:33",0,"","",NA,NA,NA,NA,"","absent","",NA,NA,NA,NA,"",NA,NA,NA,NA,"","","","",NA,NA,NA,NA,"",NA,NA,NA,NA,"","",NA,NA,NA,NA,"",NA,NA,NA,NA,"","",NA,NA,NA,NA,"",NA,NA,NA,NA,"","",NA,NA,NA,NA,"",NA,NA,NA,NA,"","",NA,NA,NA,NA,"",NA,NA,NA,"",NA,NA,NA,NA,"","",NA,NA,NA,NA,"","",NA,NA,NA,NA,"","Mimosa_brevipetiolata_brevipetiolata"
"Mimosa brevipetiolata var. pauperoides","Mimosa_brevipetiolata_pauperoides","Barneby_1991_Sensitivae_Censitae_treatment_0567.txt","7/9/2025 22:34",0,"","",NA,NA,NA,NA,"","absent","",NA,NA,NA,NA,"",NA,NA,NA,NA,"","","","",NA,NA,NA,NA,"",NA,NA,NA,NA,"","",NA,NA,NA,NA,"",NA,NA,NA,NA,"","",NA,NA,NA,NA,"",NA,NA,NA,NA,"","",NA,NA,NA,NA,"",NA,NA,NA,NA,"","",NA,NA,NA,NA,"",NA,NA,NA,"",NA,NA,NA,NA,"","",NA,NA,NA,NA,"","",NA,NA,NA,NA,"","Mimosa_brevipetiolata_pauperoides"
"Mimosa brevipetiolata var. rojasiana","Mimosa_brevipetiolata_rojasiana","Barneby_1991_Sensitivae_Censitae_treatment_0568.txt","7/9/2025 22:35",0,"perhaps weakly frutescent","",NA,NA,NA,NA,"","absent","",NA,NA,NA,NA,"",NA,NA,NA,NA,"","","pseudoracemose","",NA,NA,NA,NA,"",NA,NA,NA,NA,"","",NA,NA,NA,NA,"",NA,NA,NA,NA,"","",NA,NA,NA,NA,"",NA,NA,NA,NA,"","",NA,NA,NA,NA,"",NA,NA,NA,NA,"","",NA,NA,NA,NA,"",NA,NA,NA,"",NA,NA,NA,NA,"","",NA,NA,NA,NA,"","",NA,NA,NA,NA,"","Mimosa_balansae"
"Mimosa pedunculosa","Mimosa_pedunculosa","Barneby_1991_Sensitivae_Censitae_treatment_0569.txt","7/9/2025 22:36",0,"herbs","stout woody taproot and shortly forking subterranean caudex",250,NA,400,NA,"mm","absent","",NA,NA,NA,NA,"",NA,NA,NA,NA,"","","capitula","globose",NA,6,7,NA,"mm",NA,6,7,NA,"mm","",6,6,10,10,"cm",NA,NA,NA,NA,"","4- or 5-merous",6,6,10,10,"cm",NA,NA,NA,NA,"","campanulate",NA,0.2,0.3,NA,"mm",NA,NA,NA,NA,"","narrowly turbinate",2.2,2.2,2.9,NA,"mm",0.8,1.1,NA,"mm",NA,0.7,1,NA,"mm","4",NA,4.5,6,NA,"mm","pink",NA,NA,NA,NA,"","Mimosa_pedunculosa"
"Mimosa petraea","Mimosa_petraea","Barneby_1991_Sensitivae_Censitae_treatment_0570.txt","7/9/2025 22:37",0,"shrublets","",NA,1,3,NA,"dm","absent","",NA,NA,NA,NA,"",NA,NA,NA,NA,"","","capitula","globose",NA,NA,NA,NA,"",NA,4,4,NA,"mm","",3,NA,9,NA,"mm",NA,NA,NA,NA,"","",NA,NA,NA,NA,"",NA,NA,NA,NA,"","membranous",NA,0.3,0.4,NA,"mm",NA,NA,NA,NA,"","",NA,NA,NA,NA,"mm",0.8,1,NA,"mm",NA,0.4,0.55,NA,"mm","4",NA,4.5,5,NA,"mm","pink",NA,NA,NA,NA,"","Mimosa_petraea"
"Mimosa leimonias","Mimosa_leimonias","Barneby_1991_Sensitivae_Censitae_treatment_0571.txt","7/9/2025 22:38",0,"herb","caudex",1.5,NA,4,NA,"dm","absent","",NA,NA,NA,NA,"",NA,NA,NA,NA,"","","capitula","ellipsoid-subglobose",NA,NA,NA,NA,"",NA,4,4,NA,"mm","",2,2,4,4,"cm",NA,0.3,0.3,NA,"mm","4-merous",NA,NA,NA,NA,"",NA,NA,NA,NA,"","collar",0.15,0.15,0.25,0.25,"mm",NA,NA,NA,NA,"","turbinate",1.5,1.5,1.7,1.7,"mm",0.7,0.7,NA,"mm",NA,0.5,0.6,NA,"mm","4",NA,3,4.5,NA,"mm","pink",NA,NA,NA,NA,"","Mimosa_leimonias"
"Mimosa uninervis","Mimosa_uninervis","Barneby_1991_Sensitivae_Censitae_treatment_0572.txt","7/9/2025 22:39",0,"perennial herbs","short caudex and fusiform root",1.5,2,8,NA,"dm","absent","",NA,NA,NA,NA,"",NA,NA,NA,NA,"","","capitula","ellipsoid or globose",6,6,8,8,"mm",5,5,6,6,"mm","solitary or geminate",1,1.3,4,NA,"cm",NA,NA,NA,NA,"","4-merous",NA,NA,NA,NA,"",NA,NA,NA,NA,"","",NA,NA,NA,NA,"",NA,NA,NA,NA,"","",NA,1.6,3,NA,"mm",0.75,1.1,NA,"mm",NA,0.65,0.8,NA,"mm","4",5.5,NA,7,NA,"mm","pink",NA,NA,NA,NA,"","Mimosa_uninervis"
"Mimosa oligophylla","Mimosa_oligophylla","Barneby_1991_Sensitivae_Censitae_treatment_0573.txt","7/9/2025 22:40",0,"herbs","fusiform root and shortly branched caudex",NA,6,14,NA,"dm","absent","",NA,NA,NA,NA,"",NA,NA,NA,NA,"","","capitula","ovoid",9,9,10,10,"mm",7,7,8,8,"mm","paniculate",NA,6,12,NA,"mm",NA,NA,NA,NA,"","4-merous",NA,6,12,NA,"mm",NA,NA,NA,NA,"","",NA,NA,NA,NA,"",NA,NA,NA,NA,"","narrowly funnelform",2.8,2.8,3,3,"mm",0.9,0.9,NA,"mm",NA,0.5,0.5,NA,"mm","4",NA,7,8.5,NA,"mm","pink",NA,NA,NA,NA,"","Mimosa_oligophylla"
"Mimosa flagellaris","Mimosa_flagellaris","Barneby_1991_Sensitivae_Censitae_treatment_0574.txt","2025-07-09T22:41:52,172",1,"herbaceous subshrubs","stout woody root and shortly branched subterranean caudex",NA,1,5,6,"dm","absent","",NA,NA,NA,NA,"",NA,NA,NA,NA,"","","capitula","conelike",NA,7,8,8,"mm",7,7,8,8,"mm","",5,6,14,NA,"cm",NA,NA,NA,NA,"","4-merous",NA,NA,NA,NA,"",NA,NA,NA,NA,"","campanulate, sometimes reduced to a narrow collar",NA,0.2,0.55,NA,"mm",NA,NA,NA,NA,"","funnelform",NA,2.9,3.4,NA,"mm",0.9,1.1,NA,"mm",NA,0.5,0.75,NA,"mm","4",NA,5.5,7.5,NA,"mm","lilac-pink or violet",NA,NA,NA,NA,"","Mimosa_flagellaris"
"Mimosa cainguensis","Mimosa_cainguensis","Barneby_1991_Sensitivae_Censitae_treatment_0575.txt","2025-07-09T22:42:58,327",0,"humifuse herb","fusiform or carrot-like woody root",NA,3,5,NA,"dm","absent","",NA,NA,NA,NA,"",NA,NA,NA,NA,"","","capitula","hispid-conelike",NA,7.5,10,NA,"mm",7.5,10,NA,NA,"mm","",9,9,13,13,"cm",NA,NA,NA,NA,"","4-merous",NA,NA,NA,NA,"",NA,NA,NA,NA,"","campanulate",NA,0.3,0.4,NA,"mm",NA,NA,NA,NA,"","slenderly vase-shaped",NA,3,3.6,NA,"mm",0.75,0.9,NA,"mm",NA,0.5,0.5,NA,"mm","4",NA,5.5,6.5,NA,"mm","lilac-pink",NA,NA,NA,NA,"","Mimosa_cainguensis"
"Mimosa filipetiola","Mimosa_filipetiola","Barneby_1991_Sensitivae_Censitae_treatment_0576.txt","2025-07-09T22:44:03,867",0,"diffuse or assurgent herbs","",NA,1.5,5,NA,"dm","absent","",NA,NA,NA,NA,"",NA,NA,NA,NA,"","","capitula","globose",NA,4.5,5.5,NA,"mm",NA,4.5,5.5,NA,"mm","",2,NA,6,NA,"cm",NA,NA,NA,NA,"","4-merous",NA,NA,NA,NA,"",NA,NA,NA,NA,"","saucer",NA,0.1,0.1,NA,"mm",NA,NA,NA,NA,"","narrowly turbinate",NA,2,2.4,NA,"mm",0.8,NA,NA,"mm",NA,NA,NA,NA,"","4",4.5,4.5,5,5,"mm","pink",NA,NA,NA,NA,"","Mimosa_filipetiola"
"Mimosa psilocarpa","Mimosa_psilocarpa","Barneby_1991_Sensitivae_Censitae_treatment_0577.txt","2025-07-09T22:45:08,995",1,"","",NA,NA,NA,NA,"","absent","",NA,NA,NA,NA,"",NA,NA,NA,NA,"","","capitula","",NA,6,6,8,"mm",NA,6,8,NA,"mm","",NA,NA,NA,NA,"",NA,NA,NA,NA,"","",NA,NA,NA,NA,"",NA,NA,NA,NA,"","",NA,NA,NA,NA,"",NA,NA,NA,NA,"","",NA,NA,NA,NA,"",NA,NA,NA,"",NA,NA,NA,NA,"","",NA,NA,NA,NA,"","",NA,NA,NA,NA,"","Mimosa_psilocarpa"
"Mimosa lactiflua","Mimosa_lactiflua","Barneby_1991_Sensitivae_Censitae_treatment_0578.txt","2025-07-09T22:46:12,589",1,"","",NA,NA,NA,NA,"","absent","",NA,NA,NA,NA,"",NA,NA,NA,NA,"","","pseudoracemes","",NA,NA,NA,NA,"",NA,NA,NA,NA,"","",NA,NA,NA,NA,"",NA,NA,NA,NA,"","",NA,NA,NA,NA,"",NA,NA,NA,NA,"","",NA,NA,NA,NA,"",NA,NA,NA,NA,"","",NA,NA,NA,NA,"",NA,NA,NA,"",NA,NA,NA,NA,"","",NA,NA,NA,NA,"","",NA,NA,NA,NA,"","Mimosa_lactiflua"
"Mimosa caerulea","Mimosa_caerulea","Barneby_1991_Sensitivae_Censitae_treatment_0579.txt","2025-07-09T22:47:16,797",1,"","",NA,NA,NA,NA,"","absent","",NA,NA,NA,NA,"",NA,NA,NA,NA,"","","","",NA,NA,NA,NA,"",NA,NA,NA,NA,"","",NA,NA,NA,NA,"",NA,NA,NA,NA,"","",NA,NA,NA,NA,"",NA,NA,NA,NA,"","",NA,NA,NA,NA,"",NA,NA,NA,NA,"","",NA,NA,NA,NA,"",NA,NA,NA,"",NA,NA,NA,NA,"","",NA,NA,NA,NA,"","",NA,NA,NA,NA,"","Mimosa_caerulea"
"Mimosa margaritae","Mimosa_margaritae","Barneby_1991_Sensitivae_Censitae_treatment_0580.txt","2025-07-09T22:48:18,343",0,"","",NA,NA,NA,NA,"","absent","",NA,NA,NA,NA,"",NA,NA,NA,NA,"","","","",NA,NA,NA,NA,"",NA,NA,NA,NA,"","",NA,NA,NA,NA,"",NA,NA,NA,NA,"","",NA,NA,NA,NA,"",NA,NA,NA,NA,"","",NA,NA,NA,NA,"",NA,NA,NA,NA,"","",NA,NA,NA,NA,"",NA,NA,NA,"",NA,NA,NA,NA,"","",NA,NA,NA,NA,"","",NA,NA,NA,NA,"","Mimosa_margaritae"
"Mimosa sicyocarpa","Mimosa_sicyocarpa","Barneby_1991_Sensitivae_Censitae_treatment_0581.txt","2025-07-09T22:49:22,261",1,"Scrambling or arborescent shrubs","",NA,NA,6,NA,"m","absent","",NA,NA,NA,NA,"",NA,NA,NA,NA,"","","capitulum","",NA,NA,NA,NA,"",NA,NA,NA,NA,"","pseudoracemose",NA,NA,NA,NA,"",NA,NA,NA,NA,"","",NA,NA,NA,NA,"",NA,NA,NA,NA,"","campanulate",NA,0.5,0.5,NA,"mm",NA,NA,NA,NA,"","",NA,NA,NA,NA,"",NA,NA,NA,"",NA,NA,NA,NA,"","",NA,NA,NA,NA,"","",NA,NA,NA,NA,"","Mimosa_sicyocarpa"
"Mimosa deamii","Mimosa_deamii","Barneby_1991_Sensitivae_Censitae_treatment_0582.txt","2025-07-09T22:50:26,218",1,"treelet","",NA,0.3,3,NA,"m","absent","",NA,NA,NA,NA,"",NA,NA,NA,NA,"","","pseudoracemose","",NA,NA,NA,NA,"",NA,NA,NA,NA,"","",NA,NA,NA,NA,"",NA,NA,NA,NA,"","",NA,NA,NA,NA,"",NA,NA,NA,NA,"","",NA,NA,NA,NA,"",NA,NA,NA,NA,"","",NA,NA,NA,NA,"",NA,NA,NA,"",NA,NA,NA,NA,"","",NA,NA,NA,NA,"","",NA,NA,NA,NA,"","Mimosa_deamii"
"Mimosa goldmanii","Mimosa_goldmanii","Barneby_1991_Sensitivae_Censitae_treatment_0583.txt","2025-07-09T22:51:28,939",1,"","",NA,NA,NA,NA,"","absent","",NA,NA,NA,NA,"",NA,NA,NA,NA,"","","","",NA,NA,NA,NA,"",NA,NA,NA,NA,"","",NA,NA,NA,NA,"",NA,NA,NA,NA,"","",NA,NA,NA,NA,"",NA,NA,NA,NA,"","",NA,NA,NA,NA,"",NA,NA,NA,NA,"","",NA,NA,NA,NA,"",NA,NA,NA,"",NA,NA,NA,NA,"","",NA,NA,NA,NA,"","",NA,NA,NA,NA,"","Mimosa_goldmanii"
"Mimosa tricephala","Mimosa_tricephala","Barneby_1991_Sensitivae_Censitae_treatment_0584.txt","2025-07-09T22:52:30,773",1,"","",NA,NA,NA,NA,"","absent","",NA,NA,NA,NA,"",NA,NA,NA,NA,"","","pseudoraceme","",NA,NA,NA,NA,"",NA,NA,NA,NA,"","",NA,NA,NA,NA,"",NA,NA,NA,NA,"","",NA,NA,NA,NA,"",NA,NA,NA,NA,"","",NA,NA,NA,NA,"",NA,NA,NA,NA,"","",NA,NA,NA,NA,"",NA,NA,NA,"",NA,NA,NA,NA,"","",NA,NA,NA,NA,"","",NA,NA,NA,NA,"","Mimosa_tricephala"
"Mimosa xanti","Mimosa_xanti","Barneby_1991_Sensitivae_Censitae_treatment_0585.txt","2025-07-09T22:53:33,955",2,"shrubs and treelets","",NA,NA,NA,NA,"","absent","",NA,NA,NA,NA,"",NA,NA,NA,NA,"","","capitula","globose",NA,5,7,NA,"mm",NA,5,7,NA,"mm","",NA,NA,NA,NA,"",NA,NA,NA,NA,"","",NA,NA,NA,NA,"",NA,NA,NA,NA,"","",NA,NA,NA,NA,"",NA,NA,NA,NA,"","",NA,1.8,2.9,NA,"mm",NA,NA,NA,"",NA,NA,NA,NA,"","",NA,4.5,7,NA,"mm","pink",NA,NA,NA,NA,"","Mimosa_tricephala_xanti"
"Mimosa incarum","Mimosa_incarum","Barneby_1991_Sensitivae_Censitae_treatment_0586.txt","2025-07-09T22:54:39,624",1,"shrubs","",NA,2,3,NA,"m","absent","",NA,NA,NA,NA,"",NA,NA,NA,NA,"","","capitula","globose or plumply ellipsoid",NA,4,5,NA,"mm",NA,4,5,NA,"mm","pseudoracemose",4,NA,15,NA,"mm",NA,NA,NA,NA,"","4-merous",NA,NA,NA,NA,"",NA,NA,NA,NA,"","",NA,0.25,0.4,NA,"mm",NA,NA,NA,NA,"","narrowly turbinate or narrowly funnelform 4-angulate",NA,2,2.4,NA,"mm",0.4,0.7,NA,"mm",NA,0.4,0.5,NA,"mm","4",NA,4,5,NA,"mm","pink",NA,NA,NA,NA,"","Mimosa_incarum"
"Mimosa boliviana","Mimosa_boliviana","Barneby_1991_Sensitivae_Censitae_treatment_0587.txt","2025-07-09T22:55:47,710",1,"Shrubs","",NA,2,2.5,NA,"m","absent","",NA,NA,NA,NA,"",NA,NA,NA,NA,"","","capitula","globose",NA,6,7.5,8,"mm",NA,6,7.5,8,"mm","axillary",1.7,2.5,5.5,NA,"cm",NA,NA,NA,NA,"","4-merous",NA,NA,NA,NA,"",NA,NA,NA,NA,"","paleaceous-pappiform",1.5,1.7,2.3,NA,"mm",NA,NA,NA,NA,"","subcylindric",2.4,2.7,3.3,NA,"mm",0.9,1.3,NA,"mm",NA,0.5,NA,NA,"mm","4",NA,4.5,6.5,NA,"mm","pink",NA,NA,NA,NA,"","Mimosa_boliviana"
"Mimosa dolens","Mimosa_dolens","Barneby_1991_Sensitivae_Censitae_treatment_0588.txt","2025-07-09T22:56:50,137",1,"herbaceous subshrubs","woody roots",NA,3,16,20,"dm","absent","",NA,NA,NA,NA,"",NA,NA,NA,NA,"","","capitula","globose",6,6.5,15,NA,"mm",6,6.5,15,NA,"mm","",0.5,5,8,NA,"cm",NA,NA,NA,NA,"","4-merous",NA,NA,NA,NA,"",NA,NA,NA,NA,"","collar or shallow cup",NA,0.3,1.7,3.1,"mm",NA,NA,NA,NA,"","narrowly funnelform or subcylindric",NA,3.5,5.5,NA,"mm",NA,NA,NA,"",NA,NA,NA,NA,"","4",4,5,9,NA,"mm","pink",NA,NA,NA,NA,"","Mimosa_dolens"
"Mimosa dolens subsp. acerba","Mimosa_dolens_acerba","Barneby_1991_Sensitivae_Censitae_treatment_0589.txt","2025-07-09T22:57:49,969",0,"","",NA,NA,NA,NA,"","absent","",NA,NA,NA,NA,"",NA,NA,NA,NA,"","","","",NA,NA,NA,NA,"",NA,NA,NA,NA,"","",NA,NA,NA,NA,"",NA,NA,NA,NA,"","",NA,NA,NA,NA,"",NA,NA,NA,NA,"","minute or pappiform",NA,NA,NA,NA,"",NA,NA,NA,NA,"","",NA,NA,NA,NA,"",NA,NA,NA,"",NA,NA,NA,NA,"","",NA,NA,NA,NA,"","",NA,NA,NA,NA,"","Mimosa_dolens_acerba"
"Mimosa dolens subsp. acerba var. acerba","Mimosa_dolens_acerba_acerba","Barneby_1991_Sensitivae_Censitae_treatment_0590.txt","2025-07-09T22:58:53,666",0,"","",NA,3,7,NA,"dm","absent","",NA,NA,NA,NA,"",NA,NA,NA,NA,"","","capitula","",NA,NA,NA,NA,"",6,6.5,9,NA,"mm","",NA,5,23,40,"mm",NA,NA,NA,NA,"","",NA,NA,NA,NA,"",NA,NA,NA,NA,"","minute or obsolete",NA,NA,NA,NA,"",NA,NA,NA,NA,"","",NA,NA,NA,NA,"",NA,NA,NA,"",NA,NA,NA,NA,"","",NA,NA,NA,NA,"","",NA,NA,NA,NA,"","Mimosa_dolens_acerba"
"Mimosa dolens subsp. acerba var. latifolia","Mimosa_dolens_acerba_latifolia","Barneby_1991_Sensitivae_Censitae_treatment_0591.txt","2025-07-09T22:59:58,078",0,"virgate subshrub","",NA,6,15,NA,"dm","absent","",NA,NA,NA,NA,"",NA,NA,NA,NA,"","","capitula","",NA,9,12,13,"mm",NA,NA,NA,NA,"","",NA,1,3.5,4,"cm",NA,NA,NA,NA,"","",NA,NA,NA,NA,"",NA,NA,NA,NA,"","",NA,0,0.2,NA,"mm",NA,NA,NA,NA,"","",NA,NA,NA,NA,"",NA,NA,NA,"",NA,NA,NA,NA,"","",NA,9,12,13,"mm","",NA,NA,NA,NA,"","Mimosa_dolens_latifolia"
"Mimosa dolens subsp. acerba var. rudis","Mimosa_dolens_acerba_rudis","Barneby_1991_Sensitivae_Censitae_treatment_0592.txt","2025-07-09T23:01:02,232",2,"Tall, coarsely amply leafy plants","",NA,NA,NA,NA,"","absent","",NA,NA,NA,NA,"",NA,NA,NA,NA,"","","","",NA,NA,NA,NA,"",NA,NA,NA,NA,"","",NA,NA,NA,NA,"",NA,NA,NA,NA,"","",NA,NA,NA,NA,"",NA,NA,NA,NA,"","",NA,NA,NA,NA,"",NA,NA,NA,NA,"","",NA,NA,NA,NA,"",NA,NA,NA,"",NA,NA,NA,NA,"","",NA,NA,NA,NA,"","",NA,NA,NA,NA,"","Mimosa_dolens_rudis"
"Mimosa dolens subsp. acerba var. uncta","Mimosa_dolens_acerba_uncta","Barneby_1991_Sensitivae_Censitae_treatment_0593.txt","2025-07-09T23:02:05,749",0,"","",NA,NA,NA,NA,"","absent","",NA,NA,NA,NA,"",NA,NA,NA,NA,"","","","",NA,NA,NA,NA,"",NA,NA,NA,NA,"","",NA,NA,NA,NA,"",NA,NA,NA,NA,"","",NA,NA,NA,NA,"",NA,NA,NA,NA,"","",NA,NA,NA,NA,"",NA,NA,NA,NA,"","",NA,NA,NA,NA,"",NA,NA,NA,"",NA,NA,NA,NA,"","",NA,NA,NA,NA,"","",NA,NA,NA,NA,"","Mimosa_dolens_uncta"
"Mimosa dolens subsp. acerba var. pubescens","Mimosa_dolens_acerba_pubescens","Barneby_1991_Sensitivae_Censitae_treatment_0594.txt","2025-07-09T23:03:10,738",0,"","",NA,3,6,NA,"dm","absent","",NA,NA,NA,NA,"",NA,NA,NA,NA,"","","","",NA,NA,NA,NA,"",NA,NA,NA,NA,"","",NA,NA,NA,NA,"",NA,NA,NA,NA,"","",NA,NA,NA,NA,"",NA,NA,NA,NA,"","",NA,NA,NA,NA,"",NA,NA,NA,NA,"","",NA,NA,NA,NA,"",NA,NA,NA,"",NA,NA,NA,NA,"","",NA,NA,NA,NA,"","",NA,NA,NA,NA,"","Mimosa_dolens_pubescens"
"Mimosa dolens subsp. acerba var. psendorigida","Mimosa_dolens_acerba_psendorigida","Barneby_1991_Sensitivae_Censitae_treatment_0595.txt","2025-07-09T23:04:14,980",0,"","",NA,NA,NA,NA,"","absent","",NA,NA,NA,NA,"",NA,NA,NA,NA,"","","","",NA,NA,NA,NA,"",NA,NA,NA,NA,"","",NA,NA,NA,NA,"",NA,NA,NA,NA,"","",NA,NA,NA,NA,"",NA,NA,NA,NA,"","",NA,NA,NA,NA,"",NA,NA,NA,NA,"","",NA,NA,NA,NA,"",NA,NA,NA,"",NA,NA,NA,NA,"","",NA,NA,NA,NA,"","",NA,NA,NA,NA,"","Mimosa_dolens_pseudorigida"
"Mimosa dolens subsp. rigida var. rigida","Mimosa_dolens_rigida_rigida","Barneby_1991_Sensitivae_Censitae_treatment_0596.txt","2025-07-09T23:05:19,497",2,"virgate","",NA,8,14,20,"dm","absent","",NA,NA,NA,NA,"",NA,NA,NA,NA,"","","capitula","",1,NA,4,NA,"dm",11,11,15,NA,"mm","pseudoraceme",NA,NA,NA,NA,"cm",NA,NA,NA,NA,"","",NA,NA,NA,NA,"cm",NA,NA,NA,NA,"","",NA,NA,NA,NA,"",NA,NA,NA,NA,"","",NA,5.5,5.5,NA,"mm",NA,NA,NA,"",NA,NA,NA,NA,"","",NA,NA,NA,NA,"","",NA,NA,NA,NA,"","Mimosa_dolens_rigida"
"Mimosa dolens subsp. rigida var. rigescens","Mimosa_dolens_rigida_rigescens","Barneby_1991_Sensitivae_Censitae_treatment_0597.txt","2025-07-09T23:06:24,009",0,"","",NA,3.5,6.5,NA,"dm","absent","",NA,NA,NA,NA,"",NA,NA,NA,NA,"","","capitula","",NA,NA,NA,NA,"",0.7,NA,0.9,NA,"cm","pseudoraceme",NA,NA,NA,NA,"",NA,NA,NA,NA,"","",NA,NA,NA,NA,"",NA,NA,NA,NA,"","pappiform",NA,NA,NA,NA,"",NA,NA,NA,NA,"","",NA,NA,NA,NA,"",NA,NA,NA,"",NA,NA,NA,NA,"","",NA,NA,NA,NA,"","",NA,NA,NA,NA,"","Mimosa_dolens_rigens"
"Mimosa dolens subsp. rigida var. foliolosa","Mimosa_dolens_rigida_foliolosa","Barneby_1991_Sensitivae_Censitae_treatment_0598.txt","2025-07-09T23:07:28,937",2,"","",6,7,16,NA,"dm","absent","",NA,NA,NA,NA,"",NA,NA,NA,NA,"","","capitula","",NA,0.9,1.2,NA,"cm",NA,NA,NA,NA,"","",NA,NA,NA,NA,"",NA,NA,NA,NA,"","",NA,1,5,7,"cm",NA,NA,NA,NA,"","obsolete or almost so",NA,NA,NA,NA,"",NA,NA,NA,NA,"","",3.5,NA,4.5,NA,"mm",NA,NA,NA,"",NA,NA,NA,NA,"","",NA,NA,NA,NA,"","",NA,NA,NA,NA,"","Mimosa_dolens_foliolosa"
"Mimosa dolens subsp. rigida var. anisitsii","Mimosa_dolens_rigida_anisitsii","Barneby_1991_Sensitivae_Censitae_treatment_0599.txt","2025-07-09T23:08:34,476",0,"","",NA,NA,NA,NA,"","absent","",NA,NA,NA,NA,"",NA,NA,NA,NA,"","","","",NA,NA,NA,NA,"",NA,NA,NA,NA,"","",NA,NA,NA,NA,"",NA,NA,NA,NA,"","",NA,NA,NA,NA,"",NA,NA,NA,NA,"","",NA,NA,NA,NA,"",NA,NA,NA,NA,"","",NA,NA,NA,NA,"",NA,NA,NA,"",NA,NA,NA,NA,"","",NA,NA,NA,NA,"","",NA,NA,NA,NA,"","Mimosa_dolens_anisitsii"
"Mimosa dolens subsp. rigida var. deterior","Mimosa_dolens_rigida_deterior","Barneby_1991_Sensitivae_Censitae_treatment_0600.txt","2025-07-09T23:09:42,879",0,"Erect from woody base","",2,NA,4,NA,"dm","absent","",NA,NA,NA,NA,"",NA,NA,NA,NA,"","","capitida","moriform",NA,6,7,NA,"mm",NA,6,7,NA,"mm","",NA,1,2,NA,"cm",NA,NA,NA,NA,"","",NA,1,2,NA,"cm",NA,NA,NA,NA,"","",NA,NA,NA,NA,"",NA,NA,NA,NA,"","",NA,2.7,2.7,NA,"mm",NA,NA,NA,"",NA,NA,NA,NA,"","",NA,NA,NA,NA,"","",NA,NA,NA,NA,"","Mimosa_dolens_deterior"
"Mimosa dolens subsp. ericphylla","Mimosa_dolens_ericphylla","Barneby_1991_Sensitivae_Censitae_treatment_0601.txt","2025-07-09T23:10:48,007",0,"","",NA,3,6,NA,"dm","absent","",NA,NA,NA,NA,"",NA,NA,NA,NA,"","","capitula","",NA,10,12,NA,"mm",NA,NA,NA,NA,"","",NA,5,15,NA,"mm",NA,NA,NA,NA,"","",NA,5,15,NA,"mm",NA,NA,NA,NA,"","",NA,NA,0.2,NA,"mm",NA,NA,NA,NA,"","",NA,4.5,6,NA,"mm",NA,NA,NA,"",NA,NA,NA,NA,"","",NA,NA,NA,NA,"","",NA,NA,NA,NA,"","Mimosa_dolens_eriophylla"
"Mimosa dolens subsp. callosa","Mimosa_dolens_callosa","Barneby_1991_Sensitivae_Censitae_treatment_0602.txt","2025-07-09T23:11:53,751",0,"","",NA,NA,NA,NA,"","absent","",NA,NA,NA,NA,"",NA,NA,NA,NA,"","","","",NA,NA,NA,NA,"",NA,NA,NA,NA,"","",NA,NA,NA,NA,"",NA,NA,NA,NA,"","",NA,NA,NA,NA,"",NA,NA,NA,NA,"","",NA,NA,NA,NA,"",NA,NA,NA,NA,"","",NA,NA,NA,NA,"",NA,NA,NA,"",NA,NA,NA,NA,"","",NA,NA,NA,NA,"","",NA,NA,NA,NA,"","Mimosa_dolens_callosa"
"Mimosa dolens subsp. dolens","Mimosa_dolens_dolens","Barneby_1991_Sensitivae_Censitae_treatment_0603.txt","2025-07-09T23:12:57,049",2,"","",NA,NA,NA,NA,"","absent","",NA,NA,NA,NA,"",NA,NA,NA,NA,"","","","",NA,NA,NA,NA,"",NA,NA,NA,NA,"","",NA,NA,NA,NA,"",NA,NA,NA,NA,"","",NA,NA,NA,NA,"",NA,NA,NA,NA,"","",NA,NA,NA,NA,"",NA,NA,NA,NA,"","",NA,NA,NA,NA,"",NA,NA,NA,"",NA,NA,NA,NA,"","",NA,NA,NA,NA,"","",NA,NA,NA,NA,"","Mimosa_dolens_dolens"
"Mimosa dolens subsp. dolens var. dolens","Mimosa_dolens_dolens_dolens","Barneby_1991_Sensitivae_Censitae_treatment_0604.txt","2025-07-09T23:14:04,726",2,"erect","",NA,1,2,2.5,"m","absent","",NA,NA,NA,NA,"",NA,NA,NA,NA,"","","capitula","",NA,NA,NA,NA,"",8,8,11,11,"mm","",NA,NA,5,NA,"cm",NA,NA,NA,NA,"","",NA,NA,NA,NA,"",NA,NA,NA,NA,"","campanulate",NA,0.35,0.5,NA,"mm",NA,1,1.5,NA,"mm","",3.6,NA,4.5,NA,"mm",NA,NA,NA,"",NA,NA,NA,NA,"","",NA,NA,NA,NA,"","",NA,NA,NA,NA,"","Mimosa_dolens_dolens"
"Mimosa dolens subsp. dolens var. pangloea","Mimosa_dolens_dolens_pangloea","Barneby_1991_Sensitivae_Censitae_treatment_0605.txt","2025-07-09T23:15:12,313",0,"subshrubs","",NA,1.5,2.5,NA,"dm","absent","",NA,NA,NA,NA,"",NA,NA,NA,NA,"","capitate-glandular","capitula","",NA,8.5,10,NA,"mm",NA,NA,NA,NA,"","",NA,2,3,NA,"cm",NA,NA,NA,NA,"","",NA,2,3,NA,"cm",NA,NA,NA,NA,"","obsolete",NA,NA,NA,NA,"",NA,NA,NA,NA,"","",NA,4,4,NA,"mm",NA,NA,NA,"",NA,NA,NA,NA,"","",NA,NA,NA,NA,"","",NA,NA,NA,NA,"","Mimosa_dolens_pangloea"
"Mimosa lundiana","Mimosa_lundiana","Barneby_1991_Sensitivae_Censitae_treatment_0606.txt","2025-07-09T23:16:20,003",0,"Shrubs","",NA,NA,NA,NA,"","absent","",NA,NA,NA,NA,"",NA,NA,NA,NA,"","","pseudoraceme of globose capitula","globose",NA,NA,2.5,NA,"dm",NA,7,NA,NA,"mm","simple",NA,2,3.5,NA,"cm",NA,NA,NA,NA,"","4-merous",NA,2,3.5,NA,"cm",NA,NA,NA,NA,"","",NA,0.2,0.3,NA,"mm",NA,NA,NA,NA,"","narrowly vaseshaped",NA,2.7,3.3,NA,"mm",0.6,1,NA,"mm",NA,0.45,0.7,NA,"mm","4",NA,NA,8,NA,"mm","pink",NA,NA,NA,NA,"","Mimosa_lundiana"
"Mimosa insidiosa","Mimosa_insidiosa","Barneby_1991_Sensitivae_Censitae_treatment_0607.txt","2025-07-09T23:17:28,304",0,"subshrubs","",NA,9,20,NA,"dm","absent","",NA,NA,NA,NA,"",NA,NA,NA,NA,"","","capitula","globose",NA,5.5,7,NA,"mm",NA,NA,NA,NA,"","pseudoraceme",NA,12,22,NA,"mm",NA,NA,NA,NA,"","4-merous",12,NA,22,NA,"mm",NA,NA,NA,NA,"","",NA,0.1,0.3,0.4,"mm",NA,NA,NA,NA,"","narrowly funnelform",1.7,2.1,3,NA,"mm",0.7,0.9,NA,"mm",NA,0.4,0.4,NA,"mm","4",6,6,8,8,"mm","pink",NA,NA,NA,NA,"","Mimosa_insidiosa"
"Mimosa insidiosa var. insidiosa","Mimosa_insidiosa_insidiosa","Barneby_1991_Sensitivae_Censitae_treatment_0608.txt","2025-07-09T23:18:32,271",0,"","",NA,NA,NA,NA,"","absent","",NA,NA,NA,NA,"",NA,NA,NA,NA,"","","","",NA,NA,NA,NA,"",NA,NA,NA,NA,"","",NA,NA,NA,NA,"",NA,NA,NA,NA,"","",NA,NA,NA,NA,"",NA,NA,NA,NA,"","",NA,NA,NA,NA,"",NA,NA,NA,NA,"","",NA,NA,NA,NA,"",NA,NA,NA,"",NA,NA,NA,NA,"","",NA,NA,NA,NA,"","",NA,NA,NA,NA,"","Mimosa_insidiosa_insidiosa"
"Mimosa insidiosa var. major","Mimosa_insidiosa_major","Barneby_1991_Sensitivae_Censitae_treatment_0609.txt","2025-07-09T23:19:34,457",0,"","",NA,NA,NA,NA,"","absent","",NA,NA,NA,NA,"",NA,NA,NA,NA,"","","","",NA,NA,NA,NA,"",NA,NA,NA,NA,"","",NA,NA,NA,NA,"",NA,NA,NA,NA,"","",NA,NA,NA,NA,"",NA,NA,NA,NA,"","",NA,NA,NA,NA,"",NA,NA,NA,NA,"","",NA,NA,NA,NA,"",NA,NA,NA,"",NA,NA,NA,NA,"","",NA,NA,NA,NA,"","",NA,NA,NA,NA,"","Mimosa_insidiosa_major"
"Mimosa trichocephala","Mimosa_trichocephala","Barneby_1991_Sensitivae_Censitae_treatment_0610.txt","2025-07-09T23:20:40,620",0,"subshrubs","",NA,NA,NA,NA,"","absent","",NA,NA,NA,NA,"",NA,NA,NA,NA,"","","capitula","globose",NA,4.5,5,NA,"mm",NA,NA,NA,NA,"","",8,NA,15,NA,"mm",NA,NA,NA,NA,"","4-merous",8,NA,15,NA,"mm",NA,NA,NA,NA,"","rudimentary or obsolete",NA,NA,NA,NA,"",NA,NA,NA,NA,"","turbinate",1.7,1.7,2,2,"mm",NA,0.5,NA,"mm",NA,NA,NA,NA,"","4",NA,4.5,5.5,NA,"mm","pink",NA,NA,NA,NA,"","Mimosa_trichocephala"
"Mimosa nycteridis","Mimosa_nycteridis","Barneby_1991_Sensitivae_Censitae_treatment_0611.txt","2025-07-09T23:21:46,467",0,"shrubs","",NA,NA,2,NA,"m","absent","",NA,NA,NA,NA,"",NA,NA,NA,NA,"","","capitula","globose",NA,5,5,NA,"mm",NA,NA,NA,NA,"","pseudoraceme",NA,10,15,NA,"mm",NA,NA,NA,NA,"","4-merous",NA,10,15,NA,"mm",NA,NA,NA,NA,"","",NA,NA,NA,NA,"",NA,NA,NA,NA,"","turbinate",NA,2.2,2.5,NA,"mm",0.9,0.9,NA,"mm",NA,0.4,0.4,NA,"mm","8",NA,NA,4,NA,"mm","lavender-pink",NA,NA,NA,NA,"","Mimosa_nycteridis"
"Mimosa pusilliceps","Mimosa_pusilliceps","Barneby_1991_Sensitivae_Censitae_treatment_0612.txt","2025-07-09T23:22:52,208",0,"Weakly lignescent subshrubs","",NA,NA,6,NA,"dm","absent","",NA,NA,NA,NA,"",NA,NA,NA,NA,"","","capitula","globose",NA,2,2.5,NA,"mm",NA,2,2.5,NA,"mm","",15,15,28,28,"mm",NA,NA,NA,NA,"","4-merous",NA,NA,NA,NA,"",NA,NA,NA,NA,"","",NA,NA,NA,NA,"",NA,NA,NA,NA,"","turbinate",1.5,1.5,2.7,2.7,"mm",0.7,0.8,NA,"mm",NA,0.4,0.5,NA,"mm","4",NA,NA,2.5,NA,"mm","pink",NA,NA,NA,NA,"","Mimosa_pusilliceps"
"Mimosa ramosissima","Mimosa_ramosissima","Barneby_1991_Sensitivae_Censitae_treatment_0613.txt","2025-07-09T23:24:01,235",1,"shrubs","",1,2,5,6,"m","absent","",NA,NA,NA,NA,"",NA,NA,NA,NA,"","","capitula","globose",NA,4,5,NA,"mm",NA,4,5,NA,"mm","panicle",3,5,17,NA,"mm",NA,NA,NA,NA,"","4-merous",NA,NA,NA,NA,"",NA,NA,NA,NA,"","narrowly campanulate",NA,0.8,1.2,NA,"mm",NA,0.1,0.3,NA,"mm","",NA,1.6,2.2,NA,"mm",0.5,0.75,NA,"mm",NA,0.3,0.5,NA,"mm","4",NA,3.2,4.7,NA,"mm","pink",NA,NA,NA,NA,"","Mimosa_ramosissima"
"Mimosa oblonga","Mimosa_oblonga","Barneby_1991_Sensitivae_Censitae_treatment_0614.txt","2025-07-09T23:25:06,872",1,"shrubs or subshrubs","",NA,1,1.5,NA,"m","absent","",NA,NA,NA,NA,"",NA,NA,NA,NA,"","","capitula","ellipsoid",4,4,11,11,"mm",3,3,6,6,"mm","pseudoraceme",7,10,35,40,"mm",NA,NA,NA,NA,"","4-merous",NA,NA,NA,NA,"",NA,NA,NA,NA,"","membranous",0.15,0.15,0.5,0.5,"mm",NA,NA,NA,NA,"","turbinate or narrowly vase-shaped",NA,1.3,2.2,NA,"mm",0.5,0.8,NA,"mm",NA,0.35,0.6,NA,"mm","4",3,3,5.5,5.5,"mm","pink",NA,NA,NA,NA,"","Mimosa_oblonga"
"Mimosa oblonga var. oblonga","Mimosa_oblonga_oblonga","Barneby_1991_Sensitivae_Censitae_treatment_0615.txt","2025-07-09T23:26:11,897",2,"","",NA,NA,NA,NA,"","absent","",NA,NA,NA,NA,"",NA,NA,NA,NA,"","","capitula","",8,8,11,NA,"mm",4,4,6,6,"mm","",NA,15,35,40,"mm",NA,NA,NA,NA,"","",NA,15,35,40,"mm",NA,NA,NA,NA,"","",NA,0.2,0.5,NA,"mm",NA,NA,NA,NA,"","",NA,1.6,2.2,NA,"mm",NA,NA,NA,"",NA,NA,NA,NA,"","",NA,NA,NA,NA,"","",NA,NA,NA,NA,"","Mimosa_oblonga_oblonga"
"Mimosa oblonga var. pinetorum","Mimosa_oblonga_pinetorum","Barneby_1991_Sensitivae_Censitae_treatment_0616.txt","2025-07-09T23:27:16,002",0,"","",NA,NA,NA,NA,"","absent","",NA,NA,NA,NA,"",NA,NA,NA,NA,"","","capitula","moriform",4,NA,7,NA,"mm",3,NA,3.5,NA,"mm","",NA,7,15,NA,"mm",NA,NA,NA,NA,"","",NA,7,15,NA,"mm",NA,NA,NA,NA,"","",NA,NA,NA,NA,"",NA,NA,NA,NA,"","",1.3,1.3,1.5,1.5,"mm",NA,NA,NA,"",NA,NA,NA,NA,"","",NA,NA,NA,NA,"","",NA,NA,NA,NA,"","Mimosa_oblonga_pinetorum"
"Mimosa orthacantha","Mimosa_orthacantha","Barneby_1991_Sensitivae_Censitae_treatment_0617.txt","2025-07-09T23:28:21,343",1,"Shrubs","",NA,1.5,2.5,NA,"m","absent","",NA,NA,NA,NA,"",NA,NA,NA,NA,"","","capitula","globose",NA,5.5,6.5,NA,"mm",5.5,5.5,6.5,6.5,"mm","pseudoraceme",NA,11,27,NA,"mm",NA,NA,NA,NA,"","4-merous",NA,NA,NA,NA,"",NA,NA,NA,NA,"","campanulate",0.3,0.3,0.5,0.5,"mm",NA,NA,NA,NA,"","narrowly funnelform",2,2.2,2.7,NA,"mm",0.6,0.8,NA,"mm",0.5,0.5,0.6,0.6,"mm","4",NA,5,8.5,NA,"mm","pink",NA,NA,NA,NA,"","Mimosa_orthacantha"
"Mimosa chaetosphaera","Mimosa_chaetosphaera","Barneby_1991_Sensitivae_Censitae_treatment_0618.txt","2025-07-09T23:29:26,977",0,"shrub","",NA,NA,NA,NA,"","absent","",NA,NA,NA,NA,"",NA,NA,NA,NA,"","","capitula","",6,6,11,11,"mm",4,4,4,4,"mm","",NA,2,2.5,NA,"cm",NA,NA,NA,NA,"","4-merous",NA,2,2.5,NA,"cm",NA,NA,NA,NA,"","campanulate",NA,NA,0.4,NA,"mm",NA,NA,NA,NA,"","narrowly vase-shaped",1.6,1.6,1.7,1.7,"mm",0.6,0.6,NA,"mm",NA,0.5,0.5,NA,"mm","4",NA,2,2.5,NA,"mm","pink",NA,NA,NA,NA,"","Mimosa_chaetosphaera"
"Mimosa serra","Mimosa_serra","Barneby_1991_Sensitivae_Censitae_treatment_0619.txt","2025-07-09T23:30:30,262",0,"Subshrubs","",NA,1,3.5,NA,"dm","absent","",NA,NA,NA,NA,"",NA,NA,NA,NA,"","","capitula","globose",NA,1,3.5,NA,"dm",5.5,5.5,7,NA,"mm","panicle of pscudoracemes",6,NA,20,NA,"mm",NA,NA,NA,NA,"","4-merous",6,NA,20,NA,"mm",NA,NA,NA,NA,"","membranous",0.15,NA,0.5,NA,"mm",NA,NA,NA,NA,"","narrowly funnelform",2.3,2.3,3.2,3.2,"mm",0.9,0.9,NA,"mm",0.5,0.5,0.8,0.8,"mm","4",NA,4.5,6,NA,"mm","pink",NA,NA,NA,NA,"","Mimosa_serra"
"Mimosa sparsiformis","Mimosa_sparsiformis","Barneby_1991_Sensitivae_Censitae_treatment_0620.txt","2025-07-09T23:31:34,868",1,"shrubs","",NA,1,2,NA,"m","absent","",NA,NA,NA,NA,"",NA,NA,NA,NA,"","","capitula","globose",NA,6,6.5,NA,"mm",NA,6,6.5,NA,"mm","pseudoraceme or solitary",1,1.5,3,NA,"cm",NA,NA,NA,NA,"","4-merous",NA,NA,NA,NA,"",NA,NA,NA,NA,"","rudimentary",0.1,0.1,0.15,0.15,"mm",NA,NA,NA,NA,"","narrowly claviform",2.1,2.4,3.1,NA,"mm",0.8,1,NA,"mm",NA,0.5,0.5,NA,"mm","4",5,5,7,7,"mm","pink",NA,NA,NA,NA,"","Mimosa_sparsiformis"
"Mimosa atlantica","Mimosa_atlantica","Barneby_1991_Sensitivae_Censitae_treatment_0621.txt","2025-07-09T23:32:42,727",1,"shrub","",NA,NA,NA,NA,"","absent","",NA,NA,NA,NA,"",NA,NA,NA,NA,"","","capitula","ellipsoid",10,10,12,12,"mm",7,7,8,8,"mm","pseudoraceme",2,2,3,3,"cm",NA,NA,NA,NA,"","4-merous",NA,NA,NA,NA,"",NA,NA,NA,NA,"","campanulate",0.2,0.2,0.25,0.25,"mm",NA,NA,NA,NA,"","narrowly vase-shaped",NA,3.3,3.3,NA,"mm",0.8,0.8,NA,"mm",NA,0.7,0.7,NA,"mm","4",NA,8,10,NA,"mm","lilac-pink",NA,NA,NA,NA,"","Mimosa_atlantica"
"Mimosa monticola","Mimosa_monticola","Barneby_1991_Sensitivae_Censitae_treatment_0622.txt","2025-07-09T23:33:48,822",0,"shrublets","",NA,NA,NA,NA,"dm","absent","",NA,NA,NA,NA,"",NA,NA,NA,NA,"","","capitula","globose",NA,4,5,NA,"mm",NA,NA,NA,NA,"","",1,NA,4,5,"cm",NA,NA,NA,NA,"","4-merous",1,NA,4,5,"cm",NA,NA,NA,NA,"","",NA,NA,NA,NA,"",NA,NA,NA,NA,"","narrowly turbinate or vase-shaped",NA,1.5,2.2,NA,"mm",0.6,0.85,NA,"mm",NA,0.45,0.6,NA,"mm","4",3.5,3.5,5.2,5.2,"mm","pink",NA,NA,NA,NA,"","Mimosa_monticola"
"Mimosa monticola var. monticola","Mimosa_monticola_monticola","Barneby_1991_Sensitivae_Censitae_treatment_0623.txt","2025-07-09T23:34:52,006",0,"","",NA,NA,NA,NA,"","absent","",NA,NA,NA,NA,"",NA,NA,NA,NA,"","","","",NA,NA,NA,NA,"",NA,NA,NA,NA,"","",NA,NA,NA,NA,"",NA,NA,NA,NA,"","",NA,NA,NA,NA,"",NA,NA,NA,NA,"","",NA,NA,NA,NA,"",NA,NA,NA,NA,"","",NA,NA,NA,NA,"",NA,NA,NA,"",NA,NA,NA,NA,"","",NA,NA,NA,NA,"","",NA,NA,NA,NA,"","Mimosa_monticola_monticola"
"Mimosa monticola var. schwackeana","Mimosa_monticola_schwackeana","Barneby_1991_Sensitivae_Censitae_treatment_0624.txt","2025-07-09T23:35:55,898",0,"","",NA,NA,NA,NA,"","absent","",NA,NA,NA,NA,"",NA,NA,NA,NA,"","","","",NA,NA,NA,NA,"",NA,NA,NA,NA,"","",NA,NA,NA,NA,"",NA,NA,NA,NA,"","",NA,NA,NA,NA,"",NA,NA,NA,NA,"","",NA,NA,NA,NA,"",NA,NA,NA,NA,"","",NA,NA,NA,NA,"",NA,NA,NA,"",NA,NA,NA,NA,"","",NA,NA,NA,NA,"","",NA,NA,NA,NA,"","Mimosa_monticola_schwackeana"
"Mimosa gymnas","Mimosa_gymnas","Barneby_1991_Sensitivae_Censitae_treatment_0625.txt","2025-07-09T23:37:00,318",1,"subshrubs","",NA,5,9,NA,"dm","absent","",NA,NA,NA,NA,"",NA,NA,NA,NA,"","","capitula","globose or plumply ovoid",NA,4.5,5,6,"mm",4.5,5,6,NA,"mm","",1.5,2.5,5,NA,"cm",NA,NA,NA,NA,"","4-merous",NA,NA,NA,NA,"",NA,NA,NA,NA,"","campanulate",0.2,0.2,0.4,0.4,"mm",NA,NA,NA,NA,"","narrowly vase-shaped",2,2,2.7,2.7,"mm",0.7,1,1,"mm",0.4,0.4,0.6,0.6,"mm","4",4,4,6,6,"mm","lilac-pink",NA,NA,NA,NA,"","Mimosa_gymnas"
"Mimosa sparsa","Mimosa_sparsa","Barneby_1991_Sensitivae_Censitae_treatment_0626.txt","2025-07-09T23:38:05,041",0,"shrub","",NA,NA,NA,NA,"","absent","",NA,NA,NA,NA,"",NA,NA,NA,NA,"","","capitula","globose",NA,6,6.5,NA,"mm",NA,NA,NA,NA,"","",NA,2,3,NA,"cm",NA,NA,NA,NA,"","4-merous",2,NA,3,NA,"cm",NA,NA,NA,NA,"","",NA,NA,NA,NA,"",NA,NA,NA,NA,"","subtubular",NA,3.3,3.3,NA,"mm",0.7,0.7,NA,"mm",NA,0.5,0.5,NA,"mm","4",NA,6.5,7.5,NA,"mm","pink",NA,NA,NA,NA,"","Mimosa_sparsa"
"Mimosa glabra","Mimosa_glabra","Barneby_1991_Sensitivae_Censitae_treatment_0627.txt","2025-07-09T23:39:09,454",0,"Shrubs","",NA,NA,NA,NA,"","absent","",NA,NA,NA,NA,"",NA,NA,NA,NA,"","","capitula","globose",NA,6,7,NA,"mm",NA,6,7,NA,"mm","",NA,13,30,NA,"mm",NA,NA,NA,NA,"","4-merous",NA,13,30,NA,"mm",NA,NA,NA,NA,"","campanulate",NA,0.2,0.2,NA,"mm",NA,NA,NA,NA,"","narrowly vase-shaped",3,3,3.3,3.3,"mm",0.9,0.9,NA,"mm",0.8,0.8,1,1,"mm","4",NA,6,7,NA,"mm","pink",NA,NA,NA,NA,"","Mimosa_glabra"
"Mimosa prionopus","Mimosa_prionopus","Barneby_1991_Sensitivae_Censitae_treatment_0628.txt","2025-07-09T23:40:18,880",0,"Subshrub","",NA,NA,3,NA,"dm","absent","",NA,NA,NA,NA,"",NA,NA,NA,NA,"","","capitula","globose",NA,8,9,NA,"mm",NA,8,9,NA,"mm","",NA,3,3.5,NA,"cm",NA,NA,NA,NA,"","4-merous",NA,NA,NA,NA,"",NA,NA,NA,NA,"","narrowly campanulate",NA,1.6,NA,NA,"mm",NA,NA,NA,NA,"","turbinate-campanulate",NA,1.7,1.7,NA,"mm",1.3,1.3,NA,"mm",NA,0.7,0.7,NA,"mm","4",NA,6.5,6.5,NA,"mm","pink",NA,NA,NA,NA,"","Mimosa_prionopus"
"Mimosa pseudocallosa","Mimosa_pseudocallosa","Barneby_1991_Sensitivae_Censitae_treatment_0629.txt","2025-07-09T23:41:24,419",1,"subshrub","woody, adventitiously rooting branched caudex",NA,3,5,NA,"dm","absent","",NA,NA,NA,NA,"",NA,NA,NA,NA,"","","capitula","globose",NA,6,6.5,NA,"mm",NA,6,6.5,NA,"mm","",20,20,27,27,"mm",NA,NA,NA,NA,"","4-merous",NA,NA,NA,NA,"",NA,NA,NA,NA,"","",NA,0.6,0.9,NA,"mm",NA,0.2,0.55,NA,"mm","narrowly vase-shaped",NA,2.7,2.8,NA,"mm",1,1,NA,"mm",NA,0.6,0.7,NA,"mm","4",NA,5,6.5,NA,"mm","pink",NA,NA,NA,NA,"","Mimosa_pseudocallosa"
"Mimosa ourobrancoensis","Mimosa_ourobrancoensis","Barneby_1991_Sensitivae_Censitae_treatment_0630.txt","2025-07-09T23:42:31,613",0,"shrubs","",3,NA,4,NA,"m","absent","",NA,NA,NA,NA,"",NA,NA,NA,NA,"","","capitula","globose",NA,5,6,NA,"mm",NA,5,6,NA,"mm","paniculate",1.5,2,4,NA,"cm",NA,NA,NA,NA,"","4-merous",1.5,2,4,NA,"cm",NA,NA,NA,NA,"","cup or collar",0.2,0.2,0.25,NA,"mm",NA,NA,NA,NA,"","",NA,NA,NA,NA,"",NA,NA,NA,"",NA,NA,NA,NA,"","4",NA,4.5,5,NA,"mm","pink",NA,NA,NA,NA,"","Mimosa_ourobrancoensis"
"Mimosa rupestris","Mimosa_rupestris","Barneby_1991_Sensitivae_Censitae_treatment_0631.txt","2025-07-09T23:43:37,237",0,"subshrubs","woody base",1,2,6,8.7,"dm","absent","",NA,NA,NA,NA,"",NA,NA,NA,NA,"","","capitula","globose",NA,5.5,6.5,NA,"mm",NA,5.5,6.5,NA,"mm","",NA,12,24,NA,"mm",NA,NA,NA,NA,"","4-merous",NA,NA,NA,NA,"",NA,NA,NA,NA,"","cup",0.2,NA,0.5,NA,"mm",NA,NA,NA,NA,"","turbinate-campanulate",NA,2.3,3.1,NA,"mm",0.8,1.2,NA,"mm",NA,0.5,0.6,NA,"mm","4",NA,3,4,NA,"mm","pink",NA,NA,NA,NA,"","Mimosa_rupestris"
"Mimosa parvipinna","Mimosa_parvipinna","Barneby_1991_Sensitivae_Censitae_treatment_0632.txt","2025-07-09T23:44:42,373",1,"shrublets","",NA,3,9,NA,"dm","absent","",NA,NA,NA,NA,"",NA,NA,NA,NA,"","","capitula","globose",NA,4,5,NA,"mm",NA,4,5,NA,"mm","pseudoraceme",4,5,9,12,"mm",NA,NA,NA,NA,"","4-merous",NA,NA,NA,NA,"",NA,NA,NA,NA,"","campanulate",NA,0.15,0.3,NA,"mm",NA,NA,NA,NA,"","narrowly vase-shaped",NA,1.9,1.9,NA,"mm",0.5,0.6,NA,"mm",NA,0.45,0.45,NA,"mm","4",NA,3,3.5,NA,"mm","pink",NA,NA,NA,NA,"","Mimosa_parvipinna"
"Mimosa obstrigosa","Mimosa_obstrigosa","Barneby_1991_Sensitivae_Censitae_treatment_0633.txt","2025-07-09T23:45:48,825",0,"shrubs","",NA,NA,2.5,NA,"m","absent","",NA,NA,NA,NA,"",NA,NA,NA,NA,"","","capitula","globose",5,5,7,7,"mm",5,5,7,7,"mm","",NA,7,19,23,"mm",NA,NA,NA,NA,"","4-merous",NA,0.1,0.1,NA,"mm",NA,NA,NA,NA,"","campanulate",NA,0.4,0.4,NA,"mm",NA,NA,NA,NA,"","subtubular slightly widened distally",NA,2.6,3.1,NA,"mm",0.7,1,NA,"mm",NA,0.6,0.6,NA,"mm","4",4.5,4.5,5.5,5.5,"mm","pink",NA,NA,NA,NA,"","Mimosa_obstrigosa"
"Mimosa ramulosa","Mimosa_ramulosa","Barneby_1991_Sensitivae_Censitae_treatment_0634.txt","2025-07-09T23:46:53,447",1,"shrub","",NA,NA,2,NA,"m","absent","",NA,NA,NA,NA,"",NA,NA,NA,NA,"","","capitula","globose",NA,3,4,NA,"mm",NA,3,4,NA,"mm","",NA,6,12,NA,"mm",NA,NA,NA,NA,"","4-merous",NA,NA,NA,NA,"",NA,NA,NA,NA,"","collar",0.1,0.1,0.15,0.15,"mm",NA,NA,NA,NA,"","turbinate",NA,1.5,1.9,NA,"mm",0.6,0.9,NA,"mm",NA,0.5,0.7,NA,"mm","4",1,1,1.7,1.7,"mm","pink or lilac",NA,NA,NA,NA,"","Mimosa_ramulosa"
"Mimosa tandilensis","Mimosa_tandilensis","Barneby_1991_Sensitivae_Censitae_treatment_0635.txt","2025-07-09T23:47:56,628",0,"shrublets","",NA,NA,1,NA,"m","absent","",NA,NA,NA,NA,"",NA,NA,NA,NA,"","","capitula","globose",NA,4.5,4.5,NA,"mm",NA,4.5,4.5,NA,"mm","",NA,NA,NA,NA,"mm",NA,NA,NA,NA,"","4-merous",NA,NA,NA,NA,"",NA,NA,NA,NA,"","campanulate",NA,0.15,0.15,NA,"mm",NA,NA,NA,NA,"","",NA,2,2,NA,"mm",0.7,0.8,NA,"mm",NA,NA,NA,NA,"","4",NA,2,2,NA,"mm","pale pink",NA,NA,NA,NA,"","Mimosa_tandilensis"
"Mimosa adpressa","Mimosa_adpressa","Barneby_1991_Sensitivae_Censitae_treatment_0636.txt","2025-07-09T23:49:01,755",1,"shrubs","",NA,4,15,NA,"dm","absent","",NA,NA,NA,NA,"",NA,NA,NA,NA,"","","capitula","globose",NA,4.5,7,NA,"mm",NA,4.5,7,NA,"mm","",NA,NA,2.5,NA,"mm",NA,NA,NA,NA,"","4-merous",NA,NA,NA,NA,"",NA,NA,NA,NA,"","shallowly campanulate",0.1,0.1,0.25,0.25,"mm",NA,NA,NA,NA,"","subtubular or narrowly vase-shaped",NA,2.5,3.2,NA,"mm",0.5,0.8,NA,"mm",NA,NA,NA,NA,"","4",3,3,5,5,"mm","pink",NA,NA,NA,NA,"","Mimosa_adpressa"
"Mimosa sprengelii","Mimosa_sprengelii","Barneby_1991_Sensitivae_Censitae_treatment_0637.txt","2025-07-09T23:50:07,600",1,"shrubs","",NA,NA,2,NA,"m","absent","",NA,NA,NA,NA,"",NA,NA,NA,NA,"","","capitula","globose",NA,3,5,NA,"mm",NA,3,5,NA,"mm","only in praefloration shortly pseudoracemose",1.5,1.5,5,NA,"mm",NA,NA,NA,NA,"","4-merous",NA,NA,NA,NA,"",NA,NA,NA,NA,"","collar",NA,NA,0.15,NA,"mm",NA,NA,NA,NA,"","narrowly funnelform",NA,1.5,2.2,NA,"mm",0.6,0.8,NA,"mm",NA,0.4,0.7,NA,"mm","4",2,2,4,4,"mm","pink or lilac",NA,NA,NA,NA,"","Mimosa_sprengelii"
"Mimosa ramboi","Mimosa_ramboi","Barneby_1991_Sensitivae_Censitae_treatment_0638.txt","2025-07-09T23:51:12,833",1,"shrublets","",NA,NA,5,NA,"dm","absent","",NA,NA,NA,NA,"",NA,NA,NA,NA,"","","capitula","globose or plumply ellipsoid",NA,5.5,6.5,NA,"mm",NA,5.5,6.5,NA,"mm","",NA,NA,25,NA,"mm",NA,NA,NA,NA,"","4-merous",NA,NA,NA,NA,"",NA,NA,NA,NA,"","vestigial ring",NA,NA,NA,NA,"",NA,NA,NA,NA,"","narrowly clavate",NA,3,3,NA,"mm",0.8,0.8,NA,"mm",NA,NA,NA,NA,"","4",NA,5,5,NA,"mm","pink",NA,NA,NA,NA,"","Mimosa_ramboi"
"Mimosa pudica","Mimosa_pudica","Barneby_1991_Sensitivae_Censitae_treatment_0639.txt","2025-07-09T23:52:20,418",1,"subshrubs, herbs","",NA,NA,12,NA,"dm","absent","",NA,NA,NA,NA,"",NA,NA,NA,NA,"","","capitula","ellipsoid",NA,3.5,5,NA,"mm",3.5,NA,5,NA,"mm","in early anthesis forming a shortly exserted pseudoraceme",0.7,1,3,3.5,"cm",NA,NA,NA,NA,"","4-merous",NA,NA,NA,NA,"",NA,NA,NA,NA,"","campanulate cup",NA,0.1,0.2,NA,"mm",NA,NA,NA,NA,"","narrowly vase-shaped or subtubular, or some bisexual ones at times narrowly turbinate",NA,1.5,2.1,NA,"mm",0.45,0.7,NA,"mm",NA,0.4,0.5,NA,"mm","4",3.5,3.5,6,6,"mm","pink",NA,NA,NA,NA,"","Mimosa_pudica"
"Mimosa pudica var. unijuga","Mimosa_pudica_unijuga","Barneby_1991_Sensitivae_Censitae_treatment_0640.txt","2025-07-09T23:53:23,498",0,"","",NA,NA,NA,NA,"","absent","",NA,NA,NA,NA,"",NA,NA,NA,NA,"","","","",NA,NA,NA,NA,"",NA,NA,NA,NA,"","",NA,NA,NA,NA,"",NA,NA,NA,NA,"","",NA,NA,NA,NA,"",NA,NA,NA,NA,"","",NA,NA,NA,NA,"",NA,NA,NA,NA,"","",NA,NA,NA,NA,"",NA,NA,NA,"",NA,NA,NA,NA,"","",NA,NA,NA,NA,"","",NA,NA,NA,NA,"","Mimosa_pudica_unijuga"
"Mimosa pudica var. tetrandra","Mimosa_pudica_tetrandra","Barneby_1991_Sensitivae_Censitae_treatment_0641.txt","2025-07-09T23:54:25,965",0,"","",NA,NA,NA,NA,"","absent","",NA,NA,NA,NA,"",NA,NA,NA,NA,"","","","",NA,NA,NA,NA,"",NA,NA,NA,NA,"","",NA,NA,NA,NA,"",NA,NA,NA,NA,"","",NA,NA,NA,NA,"",NA,NA,NA,NA,"","",NA,NA,NA,NA,"",NA,NA,NA,NA,"","",NA,NA,NA,NA,"",NA,NA,NA,"",NA,NA,NA,NA,"","",NA,NA,NA,NA,"","",NA,NA,NA,NA,"","Mimosa_pudica_tetrandra"
"Mimosa pudica var. pastoris","Mimosa_pudica_pastoris","Barneby_1991_Sensitivae_Censitae_treatment_0642.txt","2025-07-09T23:55:27,511",0,"","",NA,NA,NA,NA,"","absent","",NA,NA,NA,NA,"",NA,NA,NA,NA,"","","","",NA,NA,NA,NA,"",NA,NA,NA,NA,"","",NA,NA,NA,NA,"",NA,NA,NA,NA,"","",NA,NA,NA,NA,"",NA,NA,NA,NA,"","",NA,NA,NA,NA,"",NA,NA,NA,NA,"","",NA,NA,NA,NA,"",NA,NA,NA,"",NA,NA,NA,NA,"","",NA,NA,NA,NA,"","",NA,NA,NA,NA,"","Mimosa_pudica_pastoris"
"Mimosa pudica var. hispida","Mimosa_pudica_hispida","Barneby_1991_Sensitivae_Censitae_treatment_0643.txt","2025-07-09T23:56:31,411",0,"","",NA,NA,NA,NA,"","absent","",NA,NA,NA,NA,"",NA,NA,NA,NA,"","","","",NA,NA,NA,NA,"",NA,NA,NA,NA,"","",NA,NA,NA,NA,"",NA,NA,NA,NA,"","",NA,NA,NA,NA,"",NA,NA,NA,NA,"","",NA,NA,NA,NA,"",NA,NA,NA,NA,"","",NA,NA,NA,NA,"",NA,NA,NA,"",NA,NA,NA,NA,"","",NA,NA,NA,NA,"","",NA,NA,NA,NA,"","Mimosa_pudica_hispida"
"Mimosa polydactyla","Mimosa_polydactyla","Barneby_1991_Sensitivae_Censitae_treatment_0644.txt","2025-07-09T23:57:39,202",1,"herbs","",2,5,16,20,"dm","absent","",NA,NA,NA,NA,"",NA,NA,NA,NA,"","","capitula","ovoid-ellipsoid",NA,3,4,NA,"mm",NA,NA,NA,NA,"","",7,7,15,15,"mm",NA,NA,NA,NA,"","4-merous",NA,NA,NA,NA,"",NA,NA,NA,NA,"","submembranous",0.2,0.2,0.4,0.4,"mm",NA,NA,NA,NA,"","narrowly vase-shaped",1.1,1.1,1.7,1.7,"mm",0.45,0.7,NA,"mm",NA,0.3,0.5,NA,"mm","4",2,2,2.5,2.5,"mm","pale pink or whitish",NA,NA,NA,NA,"","Mimosa_polydactyla"
"Mimosa huberi","Mimosa_huberi","Barneby_1991_Sensitivae_Censitae_treatment_0645.txt","2025-07-09T23:58:43,614",0,"suffruticose serbs or clambering subshrubs","",NA,0.5,1.5,2,"m","absent","",NA,NA,NA,NA,"",NA,NA,NA,NA,"","","capitula","ellipsoid",6,NA,10,NA,"mm",4.5,NA,5,NA,"mm","pseudoraceme",NA,14,20,31,"mm",NA,NA,NA,NA,"","4-merous",10,14,20,31,"mm",NA,NA,NA,NA,"","pappiform",0.8,0.8,1.2,1.2,"mm",NA,NA,NA,NA,"","narrowly vase-shaped",NA,1.3,1.3,NA,"mm",0.6,0.6,NA,"mm",NA,0.3,0.3,NA,"mm","4",NA,4,5,NA,"mm","pink fading whitish",NA,NA,NA,NA,"","Mimosa_huberi"
"Mimosa guaviarensis","Mimosa_guaviarensis","Barneby_1991_Sensitivae_Censitae_treatment_0646.txt","2025-07-09T23:59:50,280",0,"subshrubs","",NA,NA,NA,NA,"","absent","",NA,NA,NA,NA,"",NA,NA,NA,NA,"","","capitula","ovoidellipsoid",NA,5,NA,NA,"mm",NA,4,NA,NA,"mm","pseudoraceme",NA,10,17,NA,"mm",NA,NA,NA,NA,"","4-merous",NA,NA,NA,NA,"",NA,NA,NA,NA,"","collar",NA,0.1,0.1,NA,"mm",NA,NA,NA,NA,"","turbinate-campanulate",NA,1.8,1.8,NA,"mm",0.5,0.5,NA,"mm",NA,NA,NA,NA,"","4",NA,3,3,NA,"mm","pink",NA,NA,NA,NA,"","Mimosa_guaviarensis"
"Mimosa verecunda","Mimosa_verecunda","Barneby_1991_Sensitivae_Censitae_treatment_0647.txt","2025-07-10T00:00:58,788",1,"shrubs and subshrubs","",NA,1,3,NA,"m","absent","",NA,NA,NA,NA,"",NA,NA,NA,NA,"","","capitula","ovoid",NA,4.5,5.5,NA,"mm",4.5,4.5,5.5,5.5,"mm","pseudoraceme",NA,6,21,NA,"mm",NA,NA,NA,NA,"","4-merous",NA,NA,NA,NA,"",NA,NA,NA,NA,"","paleaceous-pappiform",NA,NA,NA,NA,"",NA,NA,NA,NA,"","subcylindric",NA,1.8,2.7,NA,"mm",0.55,0.8,NA,"mm",NA,0.4,0.5,NA,"mm","4",4,4,6,6,"mm","lilac-pink",NA,NA,NA,NA,"","Mimosa_verecunda"
"Mimosa xanthocentra","Mimosa_xanthocentra","Barneby_1991_Sensitivae_Censitae_treatment_0648.txt","2025-07-10T00:02:06,579",1,"subshrubs","woody roots or short caudex",1,3,15,20,"dm","absent","",NA,NA,NA,NA,"",NA,NA,NA,NA,"","","capitula","ovoid-ellipsoid",5,6,9,10,"mm",2.5,3.5,7,NA,"mm","pseudoraceme",3,5,20,NA,"mm",NA,NA,NA,NA,"","4-merous",NA,NA,NA,NA,"",NA,NA,NA,NA,"","paleaceous-pappiform",1,1.3,3,NA,"mm",NA,NA,NA,NA,"","",1.2,1.6,3,NA,"mm",0.5,1.1,NA,"mm",NA,0.4,0.7,NA,"mm","4",3,5,9.5,10,"mm","pink",NA,NA,NA,NA,"","Mimosa_xanthocentra"
"Mimosa xanthocentra subsp. xanthocentra","Mimosa_xanthocentra_xanthocentra","Barneby_1991_Sensitivae_Censitae_treatment_0649.txt","2025-07-10T00:03:09,762",0,"","",NA,NA,NA,NA,"","absent","",NA,NA,NA,NA,"",NA,NA,NA,NA,"","","","",NA,NA,NA,NA,"",NA,NA,NA,NA,"","",NA,NA,NA,NA,"",NA,NA,NA,NA,"","",NA,NA,NA,NA,"",NA,NA,NA,NA,"","",NA,NA,NA,NA,"",NA,NA,NA,NA,"","",NA,NA,NA,NA,"",NA,NA,NA,"",NA,NA,NA,NA,"","",NA,NA,NA,NA,"","",NA,NA,NA,NA,"","Mimosa_xanthocentra_xanthocentra"
"Mimosa xanthocentra subsp. xanthocentra var. xanthocentra","Mimosa_xanthocentra_xanthocentra_xanthocentra","Barneby_1991_Sensitivae_Censitae_treatment_0650.txt","2025-07-10T00:04:13,784",0,"","",NA,NA,NA,NA,"","absent","",NA,NA,NA,NA,"",NA,NA,NA,NA,"","","","",NA,NA,NA,NA,"",NA,NA,NA,NA,"","",NA,NA,NA,NA,"",NA,NA,NA,NA,"","",NA,NA,NA,NA,"",NA,NA,NA,NA,"","",NA,NA,NA,NA,"",NA,NA,NA,NA,"","",NA,NA,NA,NA,"",NA,NA,NA,"",NA,NA,NA,NA,"","",NA,NA,NA,NA,"","",NA,NA,NA,NA,"","Mimosa_xanthocentra_xanthocentra"
"Mimosa xanthocentra subsp. xanthocentra var. mansii","Mimosa_xanthocentra_xanthocentra_mansii","Barneby_1991_Sensitivae_Censitae_treatment_0651.txt","2025-07-10T00:05:20,122",0,"","",NA,NA,NA,NA,"","absent","",NA,NA,NA,NA,"",NA,NA,NA,NA,"","","","",NA,NA,NA,NA,"",NA,NA,NA,NA,"","",NA,NA,NA,NA,"",NA,NA,NA,NA,"","",NA,NA,NA,NA,"",NA,NA,NA,NA,"","",NA,NA,NA,NA,"",NA,NA,NA,NA,"","",NA,NA,NA,NA,"",NA,NA,NA,"",NA,NA,NA,NA,"","",NA,NA,NA,NA,"","",NA,NA,NA,NA,"","Mimosa_xanthocentra_mansii"
"Mimosa xanthocentra subsp. subsericea","Mimosa_xanthocentra_subsericea","Barneby_1991_Sensitivae_Censitae_treatment_0652.txt","2025-07-10T00:06:22,692",2,"","",NA,NA,NA,NA,"","absent","",NA,NA,NA,NA,"",NA,NA,NA,NA,"","","","",NA,NA,NA,NA,"",NA,NA,NA,NA,"","",NA,NA,NA,NA,"",NA,NA,NA,NA,"","",NA,NA,NA,NA,"",NA,NA,NA,NA,"","",NA,NA,NA,NA,"",NA,NA,NA,NA,"","",NA,NA,NA,NA,"",NA,NA,NA,"",NA,NA,NA,NA,"","",NA,NA,NA,NA,"","",NA,NA,NA,NA,"","Mimosa_xanthocentra_subsericea"
"Mimosa xanthocentra subsp. subsericea var. longepetiolata","Mimosa_xanthocentra_subsericea_longepetiolata","Barneby_1991_Sensitivae_Censitae_treatment_0653.txt","2025-07-10T00:07:27,618",0,"shrub","",2,NA,4,NA,"m","absent","",NA,NA,NA,NA,"",NA,NA,NA,NA,"","","","",NA,NA,NA,NA,"",NA,NA,NA,NA,"","",NA,NA,NA,NA,"",NA,NA,NA,NA,"","",NA,NA,NA,NA,"",NA,NA,NA,NA,"","",NA,NA,NA,NA,"",NA,NA,NA,NA,"","",NA,NA,NA,NA,"",NA,NA,NA,"",NA,NA,NA,NA,"","",NA,NA,NA,NA,"","",NA,NA,NA,NA,"","Mimosa_xanthocentra_longepetiolata"
"Mimosa xanthocentra subsp. subsericea var. subsericea","Mimosa_xanthocentra_subsericea_subsericea","Barneby_1991_Sensitivae_Censitae_treatment_0654.txt","2025-07-10T00:08:33,768",2,"","",NA,NA,NA,NA,"","absent","",NA,NA,NA,NA,"",NA,NA,NA,NA,"","","capitula","ellipsoid",NA,NA,NA,NA,"",NA,NA,NA,NA,"","",NA,NA,NA,NA,"",NA,NA,NA,NA,"","",NA,NA,NA,NA,"",NA,NA,NA,NA,"","",NA,NA,NA,NA,"",NA,NA,NA,NA,"","",NA,NA,NA,NA,"",NA,NA,NA,"",NA,NA,NA,NA,"","",NA,NA,NA,NA,"","",NA,NA,NA,NA,"","Mimosa_xanthocentra_subsericea"
"Mimosa xanthocentra subsp. subsericea var. exilis","Mimosa_xanthocentra_subsericea_exilis","Barneby_1991_Sensitivae_Censitae_treatment_0655.txt","2025-07-10T00:09:38,080",0,"","",NA,NA,NA,NA,"","absent","",NA,NA,NA,NA,"",NA,NA,NA,NA,"","","capitulis","",NA,3.5,4.5,5,"mm",NA,NA,NA,NA,"","",NA,NA,NA,NA,"",NA,NA,NA,NA,"","",NA,NA,NA,NA,"",NA,NA,NA,NA,"","",NA,NA,NA,NA,"",NA,NA,NA,NA,"","",NA,NA,NA,NA,"",NA,NA,NA,"",NA,NA,NA,NA,"","",NA,3.5,4.5,5,"mm","",NA,NA,NA,NA,"","Mimosa_xanthocentra_exilis"
"Mimosa xanthocentra subsp. subsericea var. miseranda","Mimosa_xanthocentra_subsericea_miseranda","Barneby_1991_Sensitivae_Censitae_treatment_0656.txt","2025-07-10T00:10:42,593",0,"little mimosa","",NA,NA,NA,NA,"","absent","",NA,NA,NA,NA,"",NA,NA,NA,NA,"","","capitulis","",4,NA,8,NA,"mm",2.5,2.5,3.5,3.5,"mm","",NA,NA,NA,NA,"",NA,NA,NA,NA,"","",NA,NA,NA,NA,"",NA,NA,NA,NA,"","",NA,NA,NA,NA,"",NA,NA,NA,NA,"","",NA,NA,NA,NA,"",NA,NA,NA,"",NA,NA,NA,NA,"","",NA,NA,3,NA,"mm","",NA,NA,NA,NA,"","Mimosa_xanthocentra_miseranda"
"Mimosa xanthocentra subsp. tremula","Mimosa_xanthocentra_tremula","Barneby_1991_Sensitivae_Censitae_treatment_0657.txt","2025-07-10T00:11:47,515",2,"","",NA,NA,NA,NA,"","absent","",NA,NA,NA,NA,"",NA,NA,NA,NA,"","","","",NA,NA,NA,NA,"",NA,NA,NA,NA,"","",1.5,NA,6,NA,"mm",NA,NA,NA,NA,"","",1.5,NA,6,NA,"mm",NA,NA,NA,NA,"","",NA,NA,NA,NA,"",NA,NA,NA,NA,"","",NA,NA,NA,NA,"",NA,NA,NA,"",NA,NA,NA,NA,"","",NA,NA,NA,NA,"","",NA,NA,NA,NA,"","Mimosa_xanthocentra_tremula"
"Mimosa xanthocentra subsp. tremula var. tremula","Mimosa_xanthocentra_tremula_tremula","Barneby_1991_Sensitivae_Censitae_treatment_0658.txt","2025-07-10T00:12:49,472",2,"","",NA,NA,NA,NA,"","absent","",NA,NA,NA,NA,"",NA,NA,NA,NA,"","","","",NA,NA,NA,NA,"",NA,NA,NA,NA,"","",NA,NA,NA,NA,"",NA,NA,NA,NA,"","",NA,NA,NA,NA,"",NA,NA,NA,NA,"","",NA,NA,NA,NA,"",NA,NA,NA,NA,"","",NA,NA,NA,NA,"",NA,NA,NA,"",NA,NA,NA,NA,"","",NA,NA,NA,NA,"","",NA,NA,NA,NA,"","Mimosa_xanthocentra_tremula"
"Mimosa xanthocentra subsp. tremula var. tenuis","Mimosa_xanthocentra_tremula_tenuis","Barneby_1991_Sensitivae_Censitae_treatment_0659.txt","2025-07-10T00:13:52,823",0,"","",NA,NA,NA,NA,"","absent","",NA,NA,NA,NA,"",NA,NA,NA,NA,"","","","",NA,NA,NA,NA,"",NA,NA,NA,NA,"","",NA,NA,NA,NA,"",NA,NA,NA,NA,"","",NA,NA,NA,NA,"",NA,NA,NA,NA,"","",NA,NA,NA,NA,"",NA,NA,NA,NA,"","",NA,NA,NA,NA,"",NA,NA,NA,"",NA,NA,NA,NA,"","",NA,NA,NA,NA,"","",NA,NA,NA,NA,"","Mimosa_xanthocentra_tenuis"
"Mimosa centurionis","Mimosa_centurionis","Barneby_1991_Sensitivae_Censitae_treatment_0660.txt","2025-07-10T00:14:57,068",0,"perennial herb","taproot or xylopodium",NA,3.5,9,NA,"dm","absent","",NA,NA,NA,NA,"",NA,NA,NA,NA,"","","capitula","ellipsoid",10,10,15,15,"mm",5.5,5.5,8,8,"mm","",6,6,8,8,"cm",NA,NA,NA,NA,"","4-merous",NA,6,8,NA,"cm",NA,NA,NA,NA,"","spathiform",NA,0.8,0.8,NA,"mm",NA,NA,NA,NA,"","subcylindric",2.7,2.7,2.9,2.9,"mm",0.6,0.8,0.8,"mm",0.5,0.5,0.5,0.5,"mm","4",8,8,9.5,9.5,"mm","pink",NA,NA,NA,NA,"","Mimosa_centurionis"
"Mimosa morongii","Mimosa_morongii","Barneby_1991_Sensitivae_Censitae_treatment_0661.txt","2025-07-10T00:16:04,165",0,"herbs","fusiform taproot",NA,NA,NA,NA,"","absent","",NA,NA,NA,NA,"",NA,NA,NA,NA,"","","capitula","ellipsoid",7,7,12,12,"mm",4.5,4.5,5.5,5.5,"mm","",1.5,NA,3.5,NA,"cm",NA,NA,NA,NA,"","4-merous",NA,1.5,3.5,NA,"cm",NA,NA,NA,NA,"","spathiform",0.7,NA,0.9,NA,"mm",NA,NA,NA,NA,"","narrowly funnelform",NA,2,2.4,NA,"mm",0.65,0.8,NA,"mm",NA,0.5,0.7,NA,"mm","4",NA,7,8,NA,"mm","lilac-pink",NA,NA,NA,NA,"","Mimosa_morongii"
"Mimosa bipennatula","Mimosa_bipennatula","Barneby_1991_Sensitivae_Censitae_treatment_0662.txt","2025-07-10T00:17:09,065",0,"shrublet","",NA,NA,1,NA,"m","absent","",NA,NA,NA,NA,"",NA,NA,NA,NA,"","","capitula","ovoid",NA,3,3,NA,"mm",NA,NA,NA,NA,"","",NA,4,5,NA,"mm",NA,NA,NA,NA,"","4-merous",NA,4,5,NA,"mm",NA,NA,NA,NA,"","",NA,0.6,0.7,NA,"mm",NA,NA,NA,NA,"","turbinate 4-angulate",NA,1.6,1.6,NA,"mm",0.6,0.6,NA,"mm",NA,0.4,0.4,NA,"mm","4",NA,NA,6,NA,"mm","pink",NA,NA,NA,NA,"","Mimosa_bipennatula"
"Mimosa jacobita","Mimosa_jacobita","Barneby_1991_Sensitivae_Censitae_treatment_0663.txt","2025-07-10T00:18:13,067",1,"shrublet","",NA,NA,NA,NA,"","absent","",NA,NA,NA,NA,"",NA,NA,NA,NA,"","","capitula","obovoid-ellipsoid",6,6,7,NA,"mm",3.5,3.5,4,NA,"mm","",5,5,8,8,"mm",NA,NA,NA,NA,"","4-merous",NA,NA,NA,NA,"",NA,NA,NA,NA,"","paleaceous-pappiform",1.3,1.3,1.9,1.9,"mm",NA,NA,NA,NA,"","narrowly turbinate 4-angulate",NA,1.6,2.3,NA,"mm",0.5,0.8,NA,"mm",NA,0.3,0.4,NA,"mm","4",4.5,4.5,7.5,7.5,"mm","pink",NA,NA,NA,NA,"","Mimosa_jacobita"
"Mimosa affinis","Mimosa_affinis","Barneby_1991_Sensitivae_Censitae_treatment_0664.txt","2025-07-10T00:19:17,378",1,"herbs","",NA,NA,NA,NA,"","absent","",NA,NA,NA,NA,"",NA,NA,NA,NA,"","","capitula","",NA,3,NA,NA,"mm",NA,3,3,NA,"mm","",NA,NA,NA,NA,"",NA,NA,NA,NA,"","",NA,NA,NA,NA,"",NA,NA,NA,NA,"","",NA,NA,NA,NA,"",NA,NA,NA,NA,"","",NA,2,2,NA,"mm",NA,NA,NA,"",NA,NA,NA,NA,"","",NA,3,3,NA,"mm","",NA,NA,NA,NA,"","Mimosa_affinis"
"Mimosa disperma","Mimosa_disperma","Barneby_1991_Sensitivae_Censitae_treatment_0665.txt","2025-07-10T00:20:24,904",0,"herb","",NA,NA,NA,NA,"dm","absent","",NA,NA,NA,NA,"",NA,NA,NA,NA,"","subulate","capitula","ovoid",NA,NA,NA,NA,"",NA,3,NA,NA,"mm","",NA,7,14,NA,"mm",NA,NA,NA,NA,"","4-merous",NA,NA,NA,NA,"",NA,NA,NA,NA,"","shallowly campanulate",NA,0.3,0.3,NA,"mm",NA,NA,NA,NA,"","narrowly vase-shaped, bluntly 4-angulate",1.5,1.5,1.8,1.8,"mm",0.8,0.8,NA,"mm",NA,0.4,0.4,NA,"mm","4",NA,2,2.5,NA,"mm","pink",NA,NA,NA,NA,"","Mimosa_disperma"
"Mimosa tequilana","Mimosa_tequilana","Barneby_1991_Sensitivae_Censitae_treatment_0666.txt","2025-07-10T00:21:31,466",1,"herbs","",2,NA,9,NA,"dm","absent","",NA,NA,NA,NA,"",NA,NA,NA,NA,"","","capitula","",NA,2.5,4,NA,"mm",2.5,NA,4,NA,"mm","",NA,NA,NA,NA,"",NA,NA,NA,NA,"","4-merous",NA,NA,NA,NA,"",NA,NA,NA,NA,"","",NA,0.1,0.1,NA,"mm",NA,NA,NA,NA,"","",NA,1.6,2.4,NA,"mm",NA,NA,NA,"",NA,NA,NA,NA,"","4 or 7-10",2.5,2.3,3.5,3.5,"mm","",NA,NA,NA,NA,"","Mimosa_tequilana"
"Mimosa niomarlei","Mimosa_niomarlei","Barneby_1991_Sensitivae_Censitae_treatment_0667.txt","2025-07-10T00:22:39,051",0,"Diffuse or subscandent Herbs","",NA,NA,NA,NA,"","absent","",NA,NA,NA,NA,"",NA,NA,NA,NA,"","","capitula","",NA,NA,NA,NA,"",NA,NA,NA,NA,"","",1,1,2,2,"cm",NA,NA,NA,NA,"","4-merous",NA,NA,NA,NA,"",NA,NA,NA,NA,"","subtruncate",NA,0.2,0.2,NA,"mm",NA,NA,NA,NA,"","trumpet-shaped",1.6,NA,2,NA,"mm",0.5,0.6,NA,"mm",NA,NA,NA,NA,"","4",NA,2,2,NA,"mm","pink",NA,NA,NA,NA,"","Mimosa_niomarlei"
"Mimosa simplicissima","Mimosa_simplicissima","Barneby_1991_Sensitivae_Censitae_treatment_0668.txt","2025-07-10T00:23:45,306",0,"herb","",NA,9,NA,NA,"dm","absent","",NA,NA,NA,NA,"",NA,NA,NA,NA,"","","capitula","globose",NA,5.5,5.5,NA,"mm",5.5,5.5,5.5,5.5,"mm","",NA,NA,NA,NA,"mm",NA,NA,NA,NA,"","4-merous",NA,NA,NA,NA,"mm",NA,NA,NA,NA,"","",NA,NA,NA,NA,"",NA,NA,NA,NA,"","narrowly vase-shaped",NA,2.7,2.7,NA,"mm",NA,NA,NA,"",NA,0.4,0.4,NA,"mm","4",NA,4,NA,NA,"mm","lilac-pink",NA,NA,NA,NA,"","Mimosa_simplicissima"
"Mimosa hypoglauca","Mimosa_hypoglauca","Barneby_1991_Sensitivae_Censitae_treatment_0669.txt","2025-07-10T00:24:52,998",1,"subshrubs","xylopodium",1,1.5,20,NA,"dm","absent","",NA,NA,NA,NA,"",NA,NA,NA,NA,"","","capitula","globose",NA,5,10.5,NA,"mm",NA,5,10.5,NA,"mm","",2,NA,5,6,"cm",NA,NA,NA,NA,"","4-merous",NA,NA,NA,NA,"",NA,NA,NA,NA,"","",1.3,1.6,2.8,3,"mm",NA,0.5,0.8,NA,"mm","",NA,2.5,4.2,4.5,"mm",1.1,1.3,NA,"mm",NA,0.6,0.8,NA,"mm","4",NA,5,8,NA,"mm","pink",NA,NA,NA,NA,"","Mimosa_hypoglauca"
"Mimosa hypoglauca var. hypoglauca","Mimosa_hypoglauca_hypoglauca","Barneby_1991_Sensitivae_Censitae_treatment_0670.txt","2025-07-10T00:25:59,044",2,"","",NA,NA,NA,NA,"","absent","",NA,NA,NA,NA,"",NA,NA,NA,NA,"","","capitula","",NA,NA,NA,NA,"",NA,NA,NA,NA,"","",NA,NA,NA,NA,"",NA,NA,NA,NA,"","",NA,NA,NA,NA,"",NA,NA,NA,NA,"","",NA,NA,NA,NA,"",NA,NA,NA,NA,"","",NA,NA,NA,NA,"",NA,NA,NA,"",NA,NA,NA,NA,"","",NA,NA,NA,NA,"","",NA,NA,NA,NA,"","Mimosa_hypoglauca_hypoglauca"
"Mimosa hypoglauca var. allostegia","Mimosa_hypoglauca_allostegia","Barneby_1991_Sensitivae_Censitae_treatment_0671.txt","2025-07-10T00:27:03,514",0,"","",NA,NA,NA,NA,"","absent","",NA,NA,NA,NA,"",NA,NA,NA,NA,"","","capitulorum","moriformium",NA,5,7.8,NA,"mm",NA,NA,NA,NA,"","",NA,NA,NA,NA,"",NA,NA,NA,NA,"","",NA,NA,NA,NA,"",NA,NA,NA,NA,"","",NA,NA,NA,NA,"",NA,NA,NA,NA,"","",NA,NA,NA,NA,"",NA,NA,NA,"",NA,NA,NA,NA,"","",NA,5,7.8,NA,"mm","",NA,NA,NA,NA,"","Mimosa_hypoglauca_allostegia"
"Mimosa hypoglauca var. dawsonii","Mimosa_hypoglauca_dawsonii","Barneby_1991_Sensitivae_Censitae_treatment_0672.txt","2025-07-10T00:28:08,588",0,"","",NA,30,NA,35,"cm","absent","",NA,NA,NA,NA,"",NA,NA,NA,NA,"","","capitula","moriform",NA,8,9,NA,"mm",NA,8,9,NA,"mm","",NA,NA,NA,NA,"",NA,NA,NA,NA,"","",NA,NA,NA,NA,"",NA,NA,NA,NA,"","",NA,NA,NA,NA,"",NA,NA,NA,NA,"","",NA,NA,NA,NA,"",NA,NA,NA,"",NA,NA,NA,NA,"","",NA,NA,NA,NA,"","",NA,NA,NA,NA,"","Mimosa_hypoglauca_dawsonii"
"Mimosa hypoglauca var. syncollandra","Mimosa_hypoglauca_syncollandra","Barneby_1991_Sensitivae_Censitae_treatment_0673.txt","2025-07-10T00:29:11,458",0,"","",NA,NA,NA,NA,"","absent","",NA,NA,NA,NA,"",NA,NA,NA,NA,"","","capitula","",NA,NA,NA,NA,"",NA,6,6,NA,"mm","",NA,NA,NA,NA,"",NA,NA,NA,NA,"","",NA,NA,NA,NA,"",NA,NA,NA,NA,"","",NA,NA,NA,NA,"",NA,NA,NA,NA,"","",NA,NA,NA,NA,"",NA,NA,NA,"",NA,NA,NA,NA,"","",NA,NA,NA,NA,"","",NA,NA,NA,NA,"","Mimosa_hypoglauca_syncollandra"
"Mimosa calocephala","Mimosa_calocephala","Barneby_1991_Sensitivae_Censitae_treatment_0674.txt","2025-07-10T00:30:14,436",0,"subshrubs","",NA,3,5,NA,"dm","absent","",NA,NA,NA,NA,"",NA,NA,NA,NA,"","","capitula","subglobose",10,11,20,NA,"mm",10,11,20,NA,"mm","",2,NA,5.5,NA,"cm",NA,NA,NA,NA,"","4-merous",NA,NA,NA,NA,"",NA,NA,NA,NA,"","narrowly vaseshaped",3,NA,7,NA,"mm",0.8,NA,3.5,NA,"mm","subcylindric",3.8,3.8,8,8,"mm",1,1.3,NA,"mm",NA,0.4,0.55,NA,"mm","4",NA,NA,8,NA,"mm","pink",NA,NA,NA,NA,"","Mimosa_calocephala"
"Mimosa calocephala var. calocephala","Mimosa_calocephala_calocephala","Barneby_1991_Sensitivae_Censitae_treatment_0675.txt","2025-07-10T00:31:17,517",0,"","",100,NA,1300,NA,"m","absent","",NA,NA,NA,NA,"",NA,NA,NA,NA,"","","","",NA,NA,NA,NA,"",NA,NA,NA,NA,"","",NA,NA,NA,NA,"",NA,NA,NA,NA,"","",NA,NA,NA,NA,"",NA,NA,NA,NA,"","",NA,NA,NA,NA,"",NA,NA,NA,NA,"","",NA,NA,NA,NA,"",NA,NA,NA,"",NA,NA,NA,NA,"","",NA,NA,NA,NA,"","",NA,NA,NA,NA,"","Mimosa_calocephala_calocephala"
"Mimosa calocephala var. pohlii","Mimosa_calocephala_pohlii","Barneby_1991_Sensitivae_Censitae_treatment_0676.txt","2025-07-10T00:32:20,528",0,"","",NA,NA,NA,NA,"","absent","",NA,NA,NA,NA,"",NA,NA,NA,NA,"","","capitula","",NA,NA,NA,NA,"",NA,NA,NA,NA,"","",NA,NA,NA,NA,"",NA,NA,NA,NA,"","",NA,NA,NA,NA,"",NA,NA,NA,NA,"","",NA,NA,NA,NA,"",NA,NA,NA,NA,"","",NA,NA,NA,NA,"",NA,NA,NA,"",NA,NA,NA,NA,"","",NA,NA,NA,NA,"","",NA,NA,NA,NA,"","Mimosa_calocephala_pohlii"
"Mimosa polycephala","Mimosa_polycephala","Barneby_1991_Sensitivae_Censitae_treatment_0677.txt","2025-07-10T00:33:26,954",1,"subshrubs","",NA,1,2,NA,"m","absent","",NA,NA,NA,NA,"",NA,NA,NA,NA,"","","capitula","globose",5.5,6,9,NA,"mm",5.5,6,9,NA,"mm","efoliate panicle of pseudoraceme",4,6,25,NA,"mm",NA,NA,NA,NA,"","4-merous",NA,NA,NA,NA,"",NA,NA,NA,NA,"","",NA,1.5,2.3,NA,"mm",NA,1,1.7,NA,"mm","narrowly funnelform",2,2.4,3.6,NA,"mm",0.8,1.1,NA,"mm",NA,0.5,0.6,NA,"mm","4",3.5,4,7.5,NA,"mm","pink",NA,NA,NA,NA,"","Mimosa_polycephala"
"Mimosa polycephala var. taxifolia","Mimosa_polycephala_taxifolia","Barneby_1991_Sensitivae_Censitae_treatment_0678.txt","2025-07-10T00:34:29,829",0,"","",350,NA,700,NA,"m","absent","",NA,NA,NA,NA,"",NA,NA,NA,NA,"","","","",NA,NA,NA,NA,"",NA,NA,NA,NA,"","",NA,NA,NA,NA,"",NA,NA,NA,NA,"","",NA,NA,NA,NA,"",NA,NA,NA,NA,"","",NA,NA,NA,NA,"",NA,NA,NA,NA,"","",NA,NA,NA,NA,"",NA,NA,NA,"",NA,NA,NA,NA,"","",NA,NA,NA,NA,"","",NA,NA,NA,NA,"","Mimosa_polycephala_taxifolia"
"Mimosa polycephala var. polycephala","Mimosa_polycephala_polycephala","Barneby_1991_Sensitivae_Censitae_treatment_0679.txt","2025-07-10T00:35:31,271",2,"","",NA,NA,NA,NA,"","absent","",NA,NA,NA,NA,"",NA,NA,NA,NA,"","","","",NA,NA,NA,NA,"",NA,NA,NA,NA,"","",NA,NA,NA,NA,"",NA,NA,NA,NA,"","",NA,NA,NA,NA,"",NA,NA,NA,NA,"","",NA,NA,NA,NA,"",NA,NA,NA,NA,"","",NA,NA,NA,NA,"",NA,NA,NA,"",NA,NA,NA,NA,"","",NA,NA,NA,NA,"","",NA,NA,NA,NA,"","Mimosa_polycephala_polycephala"
"Mimosa papposa","Mimosa_papposa","Barneby_1991_Sensitivae_Censitae_treatment_0680.txt","2025-07-10T00:36:36,095",1,"subshrubs","",NA,7,10,NA,"dm","absent","",NA,NA,NA,NA,"",NA,NA,NA,NA,"","","capitula","globose",NA,7.5,9,NA,"mm",7.5,7.5,9,9,"mm","pseudoraceme",2,4,35,NA,"mm",NA,NA,NA,NA,"","",NA,NA,NA,NA,"",NA,NA,NA,NA,"","",NA,1.6,2.4,NA,"mm",NA,NA,NA,NA,"","",2.8,2.8,3.6,3.6,"mm",1.1,1.5,1.5,"mm",0.5,0.5,0.6,0.6,"mm","",NA,5.5,6.5,NA,"mm","pink",NA,NA,NA,NA,"","Mimosa_papposa"
"Mimosa papposa var. papposa","Mimosa_papposa_papposa","Barneby_1991_Sensitivae_Censitae_treatment_0681.txt","2025-07-10T00:37:39,376",2,"","",NA,800,1050,NA,"m","absent","",NA,NA,NA,NA,"",NA,NA,NA,NA,"","","","",NA,NA,NA,NA,"",NA,NA,NA,NA,"","",NA,NA,NA,NA,"",NA,NA,NA,NA,"","",NA,NA,NA,NA,"",NA,NA,NA,NA,"","",NA,NA,NA,NA,"",NA,NA,NA,NA,"","",NA,NA,NA,NA,"",NA,NA,NA,"",NA,NA,NA,NA,"","",NA,NA,NA,NA,"","",NA,NA,NA,NA,"","Mimosa_papposa_papposa"
"Mimosa papposa var. segrex","Mimosa_papposa_segrex","Barneby_1991_Sensitivae_Censitae_treatment_0682.txt","2025-07-10T00:38:40,716",0,"","",NA,NA,NA,NA,"","absent","",NA,NA,NA,NA,"",NA,NA,NA,NA,"","","","",NA,NA,NA,NA,"",NA,NA,NA,NA,"","",4,NA,13,NA,"mm",NA,NA,NA,NA,"","",NA,4,13,NA,"mm",NA,NA,NA,NA,"","",NA,NA,NA,NA,"",NA,NA,NA,NA,"","",NA,NA,NA,NA,"",NA,NA,NA,"",NA,NA,NA,NA,"","",NA,NA,NA,NA,"","",NA,NA,NA,NA,"","Mimosa_papposa_segrex"
"Mimosa venatorum","Mimosa_venatorum","Barneby_1991_Sensitivae_Censitae_treatment_0683.txt","2025-07-10T00:39:45,126",1,"subshrubs","",3,4,10,NA,"dm","absent","",NA,NA,NA,NA,"",NA,NA,NA,NA,"","","capitula","globose",NA,9,NA,NA,"mm",NA,9,9,NA,"mm","pseudoracemose or weakly branched",7,10,35,NA,"mm",NA,NA,NA,NA,"","4-merous",NA,NA,NA,NA,"",NA,NA,NA,NA,"","",NA,NA,NA,NA,"",NA,NA,NA,NA,"","narrowly funnelform",2.7,3,4,4,"mm",0.9,1.3,NA,"mm",NA,0.5,0.8,NA,"mm","4",NA,7,9.5,NA,"mm","pink fading whitish",NA,NA,NA,NA,"","Mimosa_venatorum"
"Mimosa pyrenea","Mimosa_pyrenea","Barneby_1991_Sensitivae_Censitae_treatment_0684.txt","2025-07-10T00:40:49,536",1,"subshrubs","knotty xylopodium",NA,7,12,NA,"dm","absent","",NA,NA,NA,NA,"",NA,NA,NA,NA,"","","capitula","globose",NA,7.5,9,NA,"mm",NA,7.5,9,NA,"mm","pseudoracemes",NA,10,28,NA,"mm",NA,NA,NA,NA,"","4-merous",NA,NA,NA,NA,"",NA,NA,NA,NA,"","",NA,2.2,3,NA,"mm",NA,NA,NA,NA,"","narrowly funnelform",NA,3.1,3.7,NA,"mm",1,1.4,NA,"mm",NA,0.6,0.8,NA,"mm","4",NA,5,7,NA,"mm","",NA,NA,NA,NA,"","Mimosa_pyrenea"
"Mimosa callithrix","Mimosa_callithrix","Barneby_1991_Sensitivae_Censitae_treatment_0685.txt","2025-07-10T00:41:56,208",1,"shrubs","",NA,1.5,2,NA,"m","absent","",NA,NA,NA,NA,"",NA,NA,NA,NA,"","","capitula","globose",NA,8.5,9.5,NA,"mm",NA,8.5,9.5,NA,"mm","pseudoraceme",NA,2,4.5,NA,"cm",NA,NA,NA,NA,"","4-merous",NA,NA,NA,NA,"",NA,NA,NA,NA,"","narrowly campanulate",3,3,4.5,4.5,"mm",NA,NA,NA,NA,"","subcylindric",4.5,4.5,6,6,"mm",1,1.5,1.5,"mm",0.6,0.6,0.7,0.7,"mm","4",NA,6.5,6.5,NA,"mm","pink",NA,NA,NA,NA,"","Mimosa_callithrix"
"Mimosa thermarum","Mimosa_thermarum","Barneby_1991_Sensitivae_Censitae_treatment_0686.txt","2025-07-10T00:42:59,999",0,"subshrubs","",NA,15,20,NA,"dm","absent","",NA,NA,NA,NA,"",NA,NA,NA,NA,"","","capitula","globose",1.5,1.5,2,2,"dm",7,7,7,7,"mm","pseudoraceme",NA,15,20,NA,"mm",NA,NA,NA,NA,"","4-merous",NA,15,20,NA,"mm",NA,NA,NA,NA,"","paleaceous",NA,2,2,NA,"mm",NA,NA,NA,NA,"","narrowly funnelform or subcylindric",NA,2.5,2.9,NA,"mm",1,NA,NA,"mm",NA,0.55,NA,NA,"mm","4",NA,3,3,NA,"mm","pink",NA,NA,NA,NA,"","Mimosa_thermarum"
"Mimosa lanuginosa","Mimosa_lanuginosa","Barneby_1991_Sensitivae_Censitae_treatment_0687.txt","2025-07-10T00:44:05,423",1,"subshrubs","xylopodium",6,8,16,NA,"dm","absent","",NA,NA,NA,NA,"",NA,NA,NA,NA,"","","capitula","globose",NA,9,13,NA,"mm",9,NA,13,NA,"mm","pseudoraceme or narrow panicle ",0.5,1,4,NA,"cm",NA,NA,NA,NA,"","4-merous",NA,NA,NA,NA,"",NA,NA,NA,NA,"","4-angulate",2.5,2.5,4.8,4.8,"mm",1,1,1.8,1.8,"mm","narrowly tubular-funnelform",3.8,4,6,NA,"mm",0.8,1.4,1.4,"mm",0.6,0.6,0.6,0.6,"mm","4",NA,6,7.5,NA,"mm","pink",NA,NA,NA,NA,"","Mimosa_lanuginosa"
"Mimosa lanuginosa var. lanuginosa","Mimosa_lanuginosa_lanuginosa","Barneby_1991_Sensitivae_Censitae_treatment_0688.txt","2025-07-10T00:45:07,967",2,"","",NA,NA,NA,NA,"","absent","",NA,NA,NA,NA,"",NA,NA,NA,NA,"","","","",NA,NA,NA,NA,"",NA,NA,NA,NA,"","",NA,NA,NA,NA,"",NA,NA,NA,NA,"","",NA,NA,NA,NA,"",NA,NA,NA,NA,"","",NA,NA,NA,NA,"",NA,NA,NA,NA,"","",NA,NA,NA,NA,"",NA,NA,NA,"",NA,NA,NA,NA,"","",NA,NA,NA,NA,"","",NA,NA,NA,NA,"","Mimosa_lanuginosa_lanuginosa"
"Mimosa lanuginosa var. raduliformis","Mimosa_lanuginosa_raduliformis","Barneby_1991_Sensitivae_Censitae_treatment_0689.txt","10/7/2025 0:46",0,"","",NA,NA,NA,NA,"","","",NA,NA,NA,NA,"",NA,NA,NA,NA,"","","capitula","",NA,NA,NA,NA,"",NA,NA,NA,NA,"","",NA,NA,1,NA,"cm",NA,NA,NA,NA,"","",NA,NA,NA,NA,"",NA,NA,NA,NA,"","",NA,NA,NA,NA,"",NA,NA,NA,NA,"","",NA,NA,NA,NA,"",NA,NA,NA,"",NA,NA,NA,NA,"","",NA,NA,NA,NA,"","",NA,NA,NA,NA,"","Mimosa_lanuginosa_raduliformis"
"Mimosa radula","Mimosa_radula","Barneby_1991_Sensitivae_Censitae_treatment_0690.txt","10/7/2025 0:47",1,"subshrubs","xylopodium",7,10,16,20,"dm","","",NA,NA,NA,NA,"",NA,NA,NA,NA,"","","capitula","",7,8,12,14,"mm",NA,NA,NA,NA,"","pseudoracemose",0.5,1,4,NA,"cm",NA,NA,NA,NA,"","4-merous",NA,NA,NA,NA,"",NA,NA,NA,NA,"","paleaceous, obtusely tetragonal",1.8,2.5,4.2,4.8,"mm",NA,0.7,1.8,NA,"mm","narrowly vase-shaped or when long subtubular",NA,3,5.2,6,"mm",0.7,1.3,NA,"mm",NA,0.4,0.4,NA,"mm","4",NA,5.5,8.5,NA,"mm","pink or purplish",NA,NA,NA,NA,"","Mimosa_radula"
"Mimosa radula var. radula","Mimosa_radula_radula","Barneby_1991_Sensitivae_Censitae_treatment_0691.txt","10/7/2025 0:48",0,"","xylopodium",NA,1,1.5,NA,"m","","",NA,NA,NA,NA,"",NA,NA,NA,NA,"","","capitula","conelike",NA,11,14,NA,"mm",NA,NA,NA,NA,"","",NA,NA,1.5,NA,"cm",NA,NA,NA,NA,"","",NA,NA,NA,NA,"",NA,NA,NA,NA,"","",NA,2.8,3.3,NA,"mm",NA,NA,NA,NA,"","",NA,3.7,4.1,NA,"mm",NA,NA,NA,"",NA,NA,NA,NA,"","",NA,NA,NA,NA,"","",NA,NA,NA,NA,"","Mimosa_radula_radula"
"Mimosa radula var. calycina","Mimosa_radula_calycina","Barneby_1991_Sensitivae_Censitae_treatment_0692.txt","10/7/2025 0:49",0,"","",NA,NA,NA,NA,"","","",NA,NA,NA,NA,"",NA,NA,NA,NA,"","","capitula","",NA,9,14,NA,"mm",NA,NA,NA,NA,"","",0.5,1,4,NA,"cm",NA,NA,NA,NA,"","",NA,NA,NA,NA,"",NA,NA,NA,NA,"","",2.2,2.5,4,NA,"mm",NA,NA,NA,NA,"","",NA,3,5,NA,"mm",NA,NA,NA,"",NA,NA,NA,NA,"","",NA,NA,NA,NA,"","",NA,NA,NA,NA,"","Mimosa_radula_calycina"
"Mimosa radula var. semitonsa","Mimosa_radula_semitonsa","Barneby_1991_Sensitivae_Censitae_treatment_0693.txt","10/7/2025 0:50",0,"subshrub","",NA,NA,NA,NA,"","","",NA,NA,NA,NA,"",NA,NA,NA,NA,"","","capitula","",7,8,9,NA,"mm",NA,NA,NA,NA,"","paniculate",0.5,1.5,3.5,NA,"cm",NA,NA,NA,NA,"","",NA,NA,NA,NA,"",NA,NA,NA,NA,"","",1.7,2,2.7,NA,"mm",NA,NA,NA,NA,"","",NA,3,4.1,NA,"mm",NA,NA,NA,"",NA,NA,NA,NA,"","",NA,NA,NA,NA,"","",NA,NA,NA,NA,"","Mimosa_radula_semitonsa"
"Mimosa radula var. radulina","Mimosa_radula_radulina","Barneby_1991_Sensitivae_Censitae_treatment_0694.txt","10/7/2025 0:51",0,"","",NA,1.5,2,NA,"m","","",NA,NA,NA,NA,"",NA,NA,NA,NA,"","","capitula","submoriform",NA,8,10,NA,"mm",NA,8,10,NA,"mm","",NA,12,35,NA,"mm",NA,NA,NA,NA,"","",NA,NA,NA,NA,"",NA,NA,NA,NA,"","",NA,1.8,3,NA,"mm",NA,NA,NA,NA,"","",NA,3,4.4,NA,"mm",NA,NA,NA,"",NA,NA,NA,NA,"","",NA,NA,NA,NA,"","",NA,NA,NA,NA,"","Mimosa_radula_radulina"
"Mimosa radula var. imbricata","Mimosa_radula_imbricata","Barneby_1991_Sensitivae_Censitae_treatment_0695.txt","10/7/2025 0:52",2,"","",7,10,15,NA,"dm","","",NA,NA,NA,NA,"",NA,NA,NA,NA,"","","capitula","conelike",NA,7,8,12,"mm",NA,NA,NA,NA,"","",1.5,2,4,NA,"cm",NA,NA,NA,NA,"","",NA,NA,NA,NA,"",NA,NA,NA,NA,"","",NA,2.7,4.2,4.8,"mm",NA,NA,NA,NA,"","",3.5,3.7,5.2,6,"mm",NA,NA,NA,"",NA,NA,NA,NA,"","",NA,NA,NA,NA,"","",NA,NA,NA,NA,"","Mimosa_radula_imbricata"
"Mimosa virgula","Mimosa_virgula","Barneby_1991_Sensitivae_Censitae_treatment_0696.txt","10/7/2025 0:53",1,"subshrubs","knotty xylopodium",NA,8,11,NA,"dm","","",NA,NA,NA,NA,"",NA,NA,NA,NA,"","","capitula","globose",NA,NA,NA,NA,"",NA,7.5,9,NA,"mm","solitary but sometimes appearing pseudoverticillate",NA,2,3,NA,"cm",NA,NA,NA,NA,"","4-merous",NA,NA,NA,NA,"",NA,NA,NA,NA,"","",NA,2.5,3,NA,"mm",NA,0.8,1.3,NA,"mm","narrowly funnelform",3,3.2,4,NA,"mm",1,1.3,NA,"mm",NA,0.6,0.7,NA,"mm","4",NA,4,7,NA,"mm","pink or magenta",NA,NA,NA,NA,"","Mimosa_virgula"
"Mimosa pseudoradula","Mimosa_pseudoradula","Barneby_1991_Sensitivae_Censitae_treatment_0697.txt","10/7/2025 0:54",1,"subshrubs","carrotlike or amorphous xylopodium",0.7,1,2.5,3,"m","","",NA,NA,NA,NA,"",NA,NA,NA,NA,"","","capitula","globose",7.5,8,11,NA,"mm",7.5,8,11,NA,"mm","panicle",NA,1,4.5,NA,"cm",NA,NA,NA,NA,"","4-merous",NA,NA,NA,NA,"",NA,NA,NA,NA,"","paleaceous",NA,1.8,3,NA,"mm",NA,NA,NA,NA,"","narrowly funnelform",NA,3.2,4.8,NA,"mm",1.1,2,NA,"mm",NA,0.45,0.6,NA,"mm","4",NA,6,9,NA,"mm","pink",NA,NA,NA,NA,"","Mimosa_pseudoradula"
"Mimosa pseudoradula var. detonsa","Mimosa_pseudoradula_detonsa","Barneby_1991_Sensitivae_Censitae_treatment_0698.txt","10/7/2025 0:55",0,"","",NA,NA,NA,NA,"","","",NA,NA,NA,NA,"",NA,NA,NA,NA,"","","","",NA,NA,NA,NA,"",NA,NA,NA,NA,"","",NA,NA,NA,NA,"",NA,NA,NA,NA,"","",NA,NA,NA,NA,"",NA,NA,NA,NA,"","",NA,NA,NA,NA,"",NA,NA,NA,NA,"","",NA,NA,NA,NA,"",NA,NA,NA,"",NA,NA,NA,NA,"","",NA,NA,NA,NA,"","",NA,NA,NA,NA,"","Mimosa_detonsa"
"Mimosa pseudoradula var anapolitana","Mimosa_pseudoradula_var_anapolitana","Barneby_1991_Sensitivae_Censitae_treatment_0699.txt","10/7/2025 0:57",0,"","",NA,NA,NA,NA,"","","",NA,NA,NA,NA,"",NA,NA,NA,NA,"","","","",NA,NA,NA,NA,"",NA,NA,NA,NA,"","",NA,NA,NA,NA,"",NA,NA,NA,NA,"","",NA,NA,NA,NA,"",NA,NA,NA,NA,"","",NA,NA,NA,NA,"",NA,NA,NA,NA,"","",NA,NA,NA,NA,"",NA,NA,NA,"",NA,NA,NA,NA,"","",NA,NA,NA,NA,"","",NA,NA,NA,NA,"","Mimosa_detonsa"
"Mimosa pseudoradula var. crystallites","Mimosa_pseudoradula_crystallites","Barneby_1991_Sensitivae_Censitae_treatment_0700.txt","10/7/2025 0:58",0,"","",NA,NA,NA,NA,"","","",NA,NA,NA,NA,"",NA,NA,NA,NA,"","","","",NA,NA,NA,NA,"",NA,NA,NA,NA,"","",NA,NA,NA,NA,"",NA,NA,NA,NA,"","",NA,NA,NA,NA,"",NA,NA,NA,NA,"","",NA,NA,NA,NA,"",NA,NA,NA,NA,"","",NA,NA,NA,NA,"",NA,NA,NA,"",NA,NA,NA,NA,"","",NA,NA,NA,NA,"","",NA,NA,NA,NA,"","Mimosa_detonsa"
"Mimosa pseudoradula var. pseudoradula","Mimosa_pseudoradula_pseudoradula","Barneby_1991_Sensitivae_Censitae_treatment_0701.txt","10/7/2025 0:59",1,"","",NA,NA,NA,NA,"","","",NA,NA,NA,NA,"",NA,NA,NA,NA,"","","","",NA,NA,NA,NA,"",NA,NA,NA,NA,"","",NA,NA,NA,NA,"",NA,NA,NA,NA,"","",NA,NA,NA,NA,"",NA,NA,NA,NA,"","",NA,NA,NA,NA,"",NA,NA,NA,NA,"","",NA,NA,NA,NA,"",NA,NA,NA,"",NA,NA,NA,NA,"","",NA,NA,NA,NA,"","",NA,NA,NA,NA,"","Mimosa_pseudoradula"
"Mimosa flavocaesia","Mimosa_flavocaesia","Barneby_1991_Sensitivae_Censitae_treatment_0702.txt","10/7/2025 1:00",1,"subshrubs","xylopodium",NA,3,7,NA,"dm","","",NA,NA,NA,NA,"",NA,NA,NA,NA,"","","capitula","globose",NA,10,11,NA,"mm",NA,10,11,NA,"mm","pseudoracemose",2,2.5,6,NA,"cm",NA,NA,NA,NA,"","4-merous",NA,NA,NA,NA,"",NA,NA,NA,NA,"","paleaceous",NA,2.5,3.8,NA,"mm",NA,NA,NA,NA,"","narrowly funnelform",NA,3.8,4.8,NA,"mm",1.2,1.5,NA,"mm",NA,0.65,1,NA,"mm","4",NA,6,8,NA,"mm","pink",NA,NA,NA,NA,"","Mimosa_flavocaesia"
"Mimosa cyclophylla","Mimosa_cyclophylla","Barneby_1991_Sensitivae_Censitae_treatment_0703.txt","10/7/2025 1:01",1,"subshrubs","xylopodium",NA,1,2.5,3.5,"m","","",NA,NA,NA,NA,"",NA,NA,NA,NA,"","","capitula","globose",NA,9,11,13,"mm",NA,NA,NA,NA,"","moriform",NA,2,10,NA,"cm",NA,NA,NA,NA,"","4-merous",NA,NA,NA,NA,"",NA,NA,NA,NA,"","paleaceous",NA,2,3.5,NA,"mm",NA,NA,NA,NA,"","narrowly funnelform, subcylindric",NA,3,5,NA,"mm",1.1,1.8,NA,"mm",NA,0.7,1,NA,"mm","4",NA,6,7,NA,"mm","",NA,NA,NA,NA,"","Mimosa_cyclophylla"
"Mimosa petiolaris","Mimosa_petiolaris","Barneby_1991_Sensitivae_Censitae_treatment_0704.txt","10/7/2025 1:02",0,"subshrubs","turbinate xylopodium",NA,4,11,NA,"dm","","",NA,NA,NA,NA,"",NA,NA,NA,NA,"","","capitula","globose",NA,7,9,NA,"mm",NA,7,9,NA,"mm","remotely few-capitulate",1.5,2,6,NA,"cm",NA,NA,NA,NA,"","4-merous",NA,NA,NA,NA,"",NA,NA,NA,NA,"","paleaceous",NA,1.5,2.1,NA,"mm",NA,NA,NA,NA,"","funnelform",NA,2.4,4,NA,"mm",0.8,1,NA,"mm",NA,0.6,NA,NA,"mm","4",NA,4.5,6,NA,"mm","pink",NA,NA,NA,NA,"","Mimosa_petiolaris"
"Mimosa uniceps","Mimosa_uniceps","Barneby_1991_Sensitivae_Censitae_treatment_0705.txt","10/7/2025 1:03",0,"subshrubs","subterranean caudex",NA,1,1.5,NA,"dm","","",NA,NA,NA,NA,"",NA,NA,NA,NA,"","","capitula","subglobose",NA,NA,NA,NA,"",NA,NA,8,NA,"mm","",NA,25,25,NA,"mm",NA,NA,NA,NA,"","4-merous",NA,NA,NA,NA,"",NA,NA,NA,NA,"","paleaceous ",NA,2.3,NA,NA,"mm",NA,NA,NA,NA,"","narrowly funnelform",NA,2.8,3,NA,"mm",NA,NA,NA,"",NA,NA,NA,NA,"","4",NA,NA,NA,NA,"","",NA,NA,NA,NA,"","Mimosa_uniceps"
"Mimosa longipes","Mimosa_longipes","Barneby_1991_Sensitivae_Censitae_treatment_0706.txt","10/7/2025 1:04",1,"herbaceous subshrub","slender oblique (perhaps creeping) rootstock",NA,NA,NA,NA,"","","",NA,NA,NA,NA,"",NA,NA,NA,NA,"","","capitula","moriform",NA,NA,NA,NA,"",NA,9,10,NA,"mm","",NA,15,35,NA,"cm",NA,NA,NA,NA,"","4- or 5-merous haplostemonous",NA,NA,NA,NA,"",NA,NA,NA,NA,"","paleaceous",NA,2,2,NA,"mm",NA,NA,NA,NA,"","narrowly funnelform",NA,4.5,4.5,NA,"mm",1.1,1.1,NA,"mm",NA,0.8,0.8,NA,"mm","",NA,8,8,NA,"mm","pink",NA,NA,NA,NA,"","Mimosa_longipes"
"Mimosa pumilio","Mimosa_pumilio","Barneby_1991_Sensitivae_Censitae_treatment_0707.txt","10/7/2025 1:05",0,"herb","knotty xylopodium",NA,NA,NA,NA,"","","",NA,NA,NA,NA,"",NA,NA,NA,NA,"","","capitula","globose",NA,5,7,NA,"mm",NA,5,7,NA,"mm","moriform",NA,4.5,11,NA,"cm",NA,NA,NA,NA,"","4-6-merous",NA,NA,NA,NA,"",NA,NA,NA,NA,"","membrano-paleaceous",NA,1.6,2,NA,"mm",NA,NA,NA,NA,"","violet turbinate",NA,3,3.5,NA,"mm",1.2,1.5,NA,"mm",NA,0.9,1,NA,"mm","",NA,6,8,NA,"mm","pink",NA,NA,NA,NA,"","Mimosa_pumilio"
"Mimosa setifera","Mimosa_setifera","Barneby_1991_Sensitivae_Censitae_treatment_0708.txt","10/7/2025 1:06",0,"subshrub","",NA,5,5,NA,"dm","","",NA,NA,NA,NA,"",NA,NA,NA,NA,"","","capitula","ovoid pseudoracemose",NA,NA,NA,NA,"",NA,5,5,NA,"mm","pseudoracemose moriform",NA,7,12,NA,"mm",NA,NA,NA,NA,"","4-merous",NA,NA,NA,NA,"",NA,NA,NA,NA,"","paleaceous",NA,1.5,1.7,NA,"mm",NA,NA,NA,NA,"","narrowly funnelform",NA,2.3,2.8,NA,"mm",0.7,0.7,NA,"mm",NA,0.5,0.5,NA,"mm","4",NA,4,4,NA,"mm","pink",NA,NA,NA,NA,"","Mimosa_setifera"
"Mimosa dicerastes","Mimosa_dicerastes","Barneby_1991_Sensitivae_Censitae_treatment_0709.txt","10/7/2025 1:07",1,"arborescent shrubs","",NA,2,4,NA,"m","","",NA,NA,NA,NA,"",NA,NA,NA,NA,"","","capitula","subglobose",NA,NA,NA,NA,"",NA,6.5,7,NA,"mm","pseudoraceme, moriform",NA,15,25,NA,"mm",NA,NA,NA,NA,"","4-merous",NA,NA,NA,NA,"",NA,NA,NA,NA,"","paleaceous",NA,1.5,2.3,NA,"mm",NA,NA,NA,NA,"","accrescent upward through capitulum, tube narrowly funnelform",NA,2.6,3.4,NA,"mm",0.75,0.9,NA,"mm",NA,0.5,0.6,NA,"mm","4",NA,5,6,NA,"mm","pink",NA,NA,NA,NA,"","Mimosa_dicerastes"
"Mimosa discobola","Mimosa_discobola","Barneby_1991_Sensitivae_Censitae_treatment_0710.txt","10/7/2025 1:08",1,"subshrubs","",NA,10,18,NA,"dm","","",NA,NA,NA,NA,"",NA,NA,NA,NA,"","","capitula","globose",NA,5,6,NA,"mm",NA,5,6,NA,"mm","narrow thyrsiform or pyramidal panicle",NA,1,3,NA,"cm",NA,NA,NA,NA,"","4-merous",NA,NA,NA,NA,"",NA,NA,NA,NA,"","paleaceous",NA,1,1.5,NA,"mm",NA,NA,NA,NA,"","tubular-funnelform",NA,2,2.5,NA,"mm",0.8,1,NA,"mm",NA,0.4,0.5,NA,"mm","4",NA,3,3,NA,"mm","pink-lavender",NA,NA,NA,NA,"","Mimosa_discobola"
"Mimosa hirsutissima","Mimosa_hirsutissima","Barneby_1991_Sensitivae_Censitae_treatment_0711.txt","10/7/2025 1:10",1,"herbaceous subshrubs","woody root or xylopodium",2,5,20,30,"dm","","",NA,NA,NA,NA,"",NA,NA,NA,NA,"","","capitula","globose or plumply ellipsoid",NA,6,8,9,"mm",NA,NA,NA,NA,"","",3,4,10,12,"cm",NA,NA,NA,NA,"","4-merous",NA,NA,NA,NA,"",NA,NA,NA,NA,"","paleaceous",1,1.5,2.5,NA,"mm",NA,NA,NA,NA,"","narrowly vaseshaped or subcylindric",1.7,2.2,3.5,3.7,"mm",0.7,1.3,NA,"mm",NA,0.5,0.8,NA,"mm","4",NA,4.5,8,NA,"mm","pink",NA,NA,NA,NA,"","Mimosa_hirsutissima"
"Mimosa hirsutissima var. hirsutissima","Mimosa_hirsutissima_hirsutissima","Barneby_1991_Sensitivae_Censitae_treatment_0712.txt","10/7/2025 1:11",0,"herbaceous subshrubs","woody root or xylopodium",NA,5,30,NA,"dm","","",NA,NA,NA,NA,"",NA,NA,NA,NA,"","","","",NA,NA,NA,NA,"",NA,NA,NA,NA,"","",3,4,9,11,"cm",NA,NA,NA,NA,"","",NA,NA,NA,NA,"",NA,NA,NA,NA,"","",NA,NA,NA,NA,"",NA,NA,NA,NA,"","",NA,NA,NA,NA,"",NA,NA,NA,"",NA,NA,NA,NA,"","",NA,NA,NA,NA,"","",NA,NA,NA,NA,"","Mimosa_hirsutissima_hirsutissima"
"Mimosa hirsutissima var. barbigera","Mimosa_hirsutissima_barbigera","Barneby_1991_Sensitivae_Censitae_treatment_0713.txt","10/7/2025 1:12",2,"","",2,4,20,NA,"dm","","",NA,NA,NA,NA,"",NA,NA,NA,NA,"","","","",NA,NA,NA,NA,"",NA,NA,NA,NA,"","",NA,NA,NA,NA,"",NA,NA,NA,NA,"","",NA,NA,NA,NA,"",NA,NA,NA,NA,"","",NA,NA,NA,NA,"",NA,NA,NA,NA,"","",NA,NA,NA,NA,"",NA,NA,NA,"",NA,NA,NA,NA,"","",NA,NA,NA,NA,"","",NA,NA,NA,NA,"","Mimosa_hirsutissima_barbigera"
"Mimosa hirsutissima var. grossa","Mimosa_hirsutissima_grossa","Barneby_1991_Sensitivae_Censitae_treatment_0714.txt","10/7/2025 1:13",2,"","",NA,4,6,NA,"dm","","",NA,NA,NA,NA,"",NA,NA,NA,NA,"","","","",NA,NA,NA,NA,"",NA,NA,NA,NA,"","",NA,5,10.5,NA,"cm",NA,NA,NA,NA,"","",NA,NA,NA,NA,"",NA,NA,NA,NA,"","",NA,NA,NA,NA,"",NA,NA,NA,NA,"","",NA,NA,NA,NA,"",NA,NA,NA,"",NA,NA,NA,NA,"","",NA,NA,NA,NA,"","",NA,NA,NA,NA,"","Mimosa_hirsutissima_grossa"
"Mimosa pogonoclada","Mimosa_pogonoclada","Barneby_1991_Sensitivae_Censitae_treatment_0715.txt","10/7/2025 1:14",0,"herb","",NA,7,NA,NA,"dm","","",NA,NA,NA,NA,"",NA,NA,NA,NA,"","","capitula","globose or plumply ellipsoid",NA,NA,NA,NA,"",NA,6,7,NA,"mm","",NA,4,5.5,NA,"cm",NA,NA,NA,NA,"","4-merous",NA,NA,NA,NA,"",NA,NA,NA,NA,"","paleaceous",NA,1.8,2.6,NA,"mm",NA,NA,NA,NA,"","narrowly funnelform",NA,2.5,3.1,NA,"mm",0.5,0.9,NA,"mm",NA,NA,NA,NA,"","4",NA,7,7,NA,"mm","",NA,NA,NA,NA,"","Mimosa_pogonoclada"
"Mimosa vestita","Mimosa_vestita","Barneby_1991_Sensitivae_Censitae_treatment_0716.txt","10/7/2025 1:15",1,"herbaceous subshrubs","",NA,1,1,NA,"m","","",NA,NA,NA,NA,"",NA,NA,NA,NA,"","","capitula","globose pseudoracemose",NA,7,7.5,NA,"mm",NA,NA,NA,NA,"","pseudoraceme moriform",NA,2,4.5,NA,"cm",NA,NA,NA,NA,"","4-merous",NA,NA,NA,NA,"",NA,NA,NA,NA,"","paleaceous, stramineous lobes united into a narrowlycampanulate tube",NA,2,2.5,NA,"mm",NA,NA,NA,NA,"","",NA,3.5,3.5,NA,"mm",1,1,NA,"mm",NA,0.7,0.7,NA,"mm","4",NA,5,5,NA,"mm","pink",NA,NA,NA,NA,"","Mimosa_vestita"
"Mimosa digitata","Mimosa_digitata","Barneby_1991_Sensitivae_Censitae_treatment_0717.txt","10/7/2025 1:16",0,"subshrubs","",NA,1,1.5,NA,"m","","",NA,NA,NA,NA,"",NA,NA,NA,NA,"","","capitula","globose or plumply ellipsoid",NA,6,7.5,NA,"mm",NA,6,7.5,NA,"mm","pseudoraceme",NA,1.5,3,NA,"cm",NA,NA,NA,NA,"","4-merous",NA,NA,NA,NA,"",NA,NA,NA,NA,"","pappiform",NA,0.8,1.7,NA,"mm",NA,NA,NA,NA,"","narrowly vase-shaped",NA,2.4,3.3,NA,"mm",0.6,1,NA,"mm",NA,0.4,0.7,NA,"mm","4",NA,4,7,NA,"mm","pink",NA,NA,NA,NA,"","Mimosa_digitata"
"Mimosa rufipila","Mimosa_rufipila","Barneby_1991_Sensitivae_Censitae_treatment_0718.txt","10/7/2025 1:17",1,"herbaceous subshrubs","oblique knotty rootstock",NA,2,7.5,15,"dm","","",NA,NA,NA,NA,"",NA,NA,NA,NA,"","","capitula","globose or more often ellipsoid",NA,7,8.5,NA,"mm",NA,NA,NA,NA,"","conelike hispidulous",1.6,2,5.5,NA,"cm",NA,NA,NA,NA,"","4-merous",NA,NA,NA,NA,"",NA,NA,NA,NA,"","pappiform-paleaceous",NA,1,1.5,NA,"mm",NA,NA,NA,NA,"","narrowly vase-shaped",NA,2.6,3,NA,"mm",0.55,0.8,NA,"mm",NA,0.4,0.5,NA,"mm","4",NA,4.5,5.5,NA,"mm","pink fading dark brown",NA,NA,NA,NA,"","Mimosa_rufipila"
"Mimosa macrocephala","Mimosa_macrocephala","Barneby_1991_Sensitivae_Censitae_treatment_0719.txt","10/7/2025 1:18",1,"subshrubs","xylopodium",NA,3,7,NA,"dm","","",NA,NA,NA,NA,"",NA,NA,NA,NA,"","","capitula","ellipsoid",NA,8.5,10,NA,"mm",NA,8.5,10,NA,"mm","conelike and hispid",NA,4,11,NA,"cm",NA,NA,NA,NA,"","4-merous",NA,NA,NA,NA,"",NA,NA,NA,NA,"","paleaceous spathiform",NA,1.2,2.2,NA,"mm",NA,NA,NA,NA,"","narrowly vase-shaped",2.8,3,4.3,NA,"mm",0.7,1,NA,"mm",NA,0.5,0.7,NA,"mm","4",NA,3,4.5,NA,"mm","pink drying brown ",NA,NA,NA,NA,"","Mimosa_macrocephala"
"Mimosa procurrens","Mimosa_procurrens","Barneby_1991_Sensitivae_Censitae_treatment_0720.txt","10/7/2025 1:20",1,"herbaeous","knotty xylopodium",NA,1,4,5,"dm","","",NA,NA,NA,NA,"",NA,NA,NA,NA,"","","capitula","ellipsoid or subglobose",8,8,10.5,10.5,"mm",NA,8,10.5,NA,"mm","",4,5,11,NA,"cm",NA,NA,NA,NA,"","4-merous",NA,NA,NA,NA,"",NA,NA,NA,NA,"","",NA,NA,NA,NA,"",NA,NA,NA,NA,"","membranous",NA,3.4,3.9,NA,"mm",1,1.4,NA,"mm",NA,0.5,0.8,NA,"mm","4",6,6,7,7,"mm","pink",NA,NA,NA,NA,"","Mimosa_procurrens"
"Mimosa monadelpha","Mimosa_monadelpha","Barneby_1991_Sensitivae_Censitae_treatment_0721.txt","10/7/2025 1:21",0,"subshrubs","",NA,5,10,NA,"dm","","",NA,NA,NA,NA,"",NA,NA,NA,NA,"","","capitula","subglobose",NA,65,8,NA,"mm",NA,65,8,NA,"mm","pyramidal panicle",7,10,29,NA,"mm",NA,NA,NA,NA,"","4-merous",7,10,29,NA,"mm",NA,NA,NA,NA,"","",1,13,19,NA,"mm",NA,NA,NA,NA,"","narrowly funnelform",2,23,3,NA,"mm",8,11,11,"mm",5,5,65,65,"mm","4",NA,45,63,NA,"mm","pink",NA,NA,NA,NA,"","Mimosa_amambayensis_amambayensis"
"Mimosa monadelpha var. monadelpha","Mimosa_monadelpha_monadelpha","Barneby_1991_Sensitivae_Censitae_treatment_0722.txt","10/7/2025 1:22",0,"","",250,350,750,NA,"m","","",NA,NA,NA,NA,"",NA,NA,NA,NA,"","","","",NA,NA,NA,NA,"",NA,NA,NA,NA,"","",NA,NA,NA,NA,"",NA,NA,NA,NA,"","",NA,NA,NA,NA,"",NA,NA,NA,NA,"","",NA,NA,NA,NA,"",NA,NA,NA,NA,"","",NA,NA,NA,NA,"",NA,NA,NA,"",NA,NA,NA,NA,"","",NA,NA,NA,NA,"","",NA,NA,NA,NA,"","Mimosa_amambayensis_amambayensis"
"Mimosa monadelpha var. glabrata","Mimosa_monadelpha_glabrata","Barneby_1991_Sensitivae_Censitae_treatment_0723.txt","10/7/2025 1:23",0,"","",NA,NA,NA,NA,"","","",NA,NA,NA,NA,"",NA,NA,NA,NA,"","","","",NA,NA,NA,NA,"",NA,NA,NA,NA,"","",NA,NA,NA,NA,"",NA,NA,NA,NA,"","",NA,NA,NA,NA,"",NA,NA,NA,NA,"","",NA,NA,NA,NA,"",NA,NA,NA,NA,"","",NA,NA,NA,NA,"",NA,NA,NA,"",NA,NA,NA,NA,"","",NA,NA,NA,NA,"","",NA,NA,NA,NA,"","Mimosa_amambayensis_glabrata"
"Mimosa lupinoides","Mimosa_lupinoides","Barneby_1991_Sensitivae_Censitae_treatment_0724.txt","10/7/2025 1:24",0,"herbaceous subshrubs","xylopodium",NA,2,4,NA,"dm","","",NA,NA,NA,NA,"",NA,NA,NA,NA,"","","capitula","",NA,5,9,NA,"mm",NA,NA,NA,NA,"","",6,NA,12,16,"cm",NA,NA,NA,NA,"","4-merous",NA,NA,NA,NA,"",NA,NA,NA,NA,"","membrano-paleaceous",2,2,27,NA,"mm",NA,NA,NA,NA,"","narrowly funnelform",NA,33,42,NA,"mm",7,11,NA,"mm",NA,5,9,NA,"mm","4",6,6,9,9,"mm","pink",NA,NA,NA,NA,"","Mimosa_lupinoides"
"Mimosa caaguazuensis","Mimosa_caaguazuensis","Barneby_1991_Sensitivae_Censitae_treatment_0725.txt","10/7/2025 1:25",0,"Dwarf unarmed macrophyllidious herds from subterranean caudex surmounting a woody root, the prostrate-assurgent simple stems","subterranean caudex surmounting a woody root",NA,5,30,NA,"cm","","",NA,NA,NA,NA,"",NA,NA,NA,NA,"","","capitula","globose",NA,10,12,NA,"mm",NA,NA,NA,NA,"","",4,6,12,NA,"cm",NA,NA,NA,NA,"","4-merous",NA,NA,NA,NA,"",NA,NA,NA,NA,"","spathaceous",NA,NA,NA,NA,"mm",NA,NA,NA,NA,"","narrowly vase-shaped",35,35,4,4,"mm",7,7,NA,"mm",NA,8,8,NA,"mm","4",NA,6,6,NA,"mm","pink",NA,NA,NA,NA,"","Mimosa_caaguazuensis"
"Mimosa brevipes","Mimosa_brevipes","Barneby_1991_Sensitivae_Censitae_treatment_0726.txt","10/7/2025 1:26",0,"subshrubs","",NA,15,2,NA,"m","","",NA,NA,NA,NA,"",NA,NA,NA,NA,"","","capitula","globose",NA,4,8,9,"mm",NA,4,8,9,"mm","pseudoracemose",4,4,11,14,"mm",NA,NA,NA,NA,"","4-merous",NA,NA,NA,NA,"",NA,NA,NA,NA,"","",NA,NA,NA,NA,"",NA,NA,NA,NA,"","",NA,15,26,NA,"mm",6,1,NA,"mm",NA,3,55,NA,"mm","4",45,45,65,65,"mm","pink",NA,NA,NA,NA,"","Mimosa_brevipes"
"Mimosa diversipila","Mimosa_diversipila","Barneby_1991_Sensitivae_Censitae_treatment_0727.txt","10/7/2025 1:27",1,"subshrubs","xylopodium and woody fusiform roots",5,6,16,20,"dm","","",NA,NA,NA,NA,"",NA,NA,NA,NA,"","","capitula","globose or plumply ellipsoid",5,5.5,7.5,NA,"mm",5,5.5,7.5,NA,"mm","pseudoraceme",NA,4,16,NA,"mm",NA,NA,NA,NA,"","4-merous",NA,NA,NA,NA,"",NA,NA,NA,NA,"","membranous rim",NA,0.1,0.1,NA,"mm",NA,NA,NA,NA,"","narrowly vase-shaped",2.1,2.1,3.2,3.2,"mm",0.8,1.1,NA,"mm",NA,0.4,0.45,NA,"mm","4",5,5,7,7,"mm","pink",NA,NA,NA,NA,"","Mimosa_diversipila"
"Mimosa diversipila var. subglabriseta","Mimosa_diversipila_subglabriseta","Barneby_1991_Sensitivae_Censitae_treatment_0728.txt","10/7/2025 1:28",0,"","",NA,NA,NA,NA,"","","",NA,NA,NA,NA,"",NA,NA,NA,NA,"","","","",NA,NA,NA,NA,"",NA,NA,NA,NA,"","",NA,NA,NA,NA,"",NA,NA,NA,NA,"","",NA,NA,NA,NA,"",NA,NA,NA,NA,"","",NA,NA,NA,NA,"",NA,NA,NA,NA,"","",NA,NA,NA,NA,"",NA,NA,NA,"",NA,NA,NA,NA,"","",NA,NA,NA,NA,"","",NA,NA,NA,NA,"","Mimosa_diversipila_subglabriseta"
"Mimosa diversipila var. diversipila","Mimosa_diversipila_diversipila","Barneby_1991_Sensitivae_Censitae_treatment_0729.txt","10/7/2025 1:29",0,"","",150,NA,400,NA,"m","","",NA,NA,NA,NA,"",NA,NA,NA,NA,"","","","",NA,NA,NA,NA,"",NA,NA,NA,NA,"","",NA,NA,NA,NA,"",NA,NA,NA,NA,"","",NA,NA,NA,NA,"",NA,NA,NA,NA,"","",NA,NA,NA,NA,"",NA,NA,NA,NA,"","",NA,NA,NA,NA,"",NA,NA,NA,"",NA,NA,NA,NA,"","",NA,NA,NA,NA,"","",NA,NA,NA,NA,"","Mimosa_diversipila_diversipila"
"Mimosa fernandez-casasii","Mimosa_fernandezcasasii","Barneby_1991_Sensitivae_Censitae_treatment_0730.txt","10/7/2025 1:30",0,"subshrubs","",NA,15,2,NA,"m","","",NA,NA,NA,NA,"",NA,NA,NA,NA,"","","capitula","ellipsoid",NA,2,3,NA,"dm",NA,NA,NA,NA,"","pseudoraceme",15,15,25,25,"cm",NA,NA,NA,NA,"","4-merous",15,NA,25,NA,"cm",NA,NA,NA,NA,"","campanulate",2,2,3,3,"mm",NA,NA,NA,NA,"","narrowly funnelform",24,24,27,27,"mm",5,7,7,"mm",5,5,5,5,"mm","4",55,55,7,7,"mm","pink",NA,NA,NA,NA,"","Mimosa_fernandezcasasii"
"Mimosa cryptogloea","Mimosa_cryptogloea","Barneby_1991_Sensitivae_Censitae_treatment_0731.txt","10/7/2025 1:32",0,"subshrubs","",NA,NA,18,NA,"dm","espiculate","leaf-stalks",NA,NA,NA,NA,"",NA,NA,NA,NA,"","","capitula","globose",NA,NA,NA,NA,"",NA,9,9,NA,"mm","pseudoraceme",NA,4,4,NA,"cm",NA,NA,NA,NA,"","4-merous",NA,4,4,NA,"cm",NA,NA,NA,NA,"","campanulate",NA,2,2,NA,"mm",NA,NA,NA,NA,"","subcylindric",NA,45,45,NA,"mm",12,12,NA,"mm",NA,6,6,NA,"mm","4",NA,10,10,NA,"mm","lilac-pink",NA,NA,NA,NA,"","Mimosa_cryptogloea"
"Mimosa sceptrum","Mimosa_sceptrum","Barneby_1991_Sensitivae_Censitae_treatment_0732.txt","10/7/2025 1:33",0,"subshrubs","",NA,10,14,NA,"dm","","",NA,NA,NA,NA,"",NA,NA,NA,NA,"","","capitula","globose",NA,11,13,NA,"mm",NA,NA,NA,NA,"","solitary",NA,NA,NA,NA,"mm",NA,NA,NA,NA,"","4-merous",NA,NA,NA,NA,"",NA,NA,NA,NA,"","minute collar or obsolete",NA,NA,NA,NA,"",NA,NA,NA,NA,"","narrowly vase-shaped or subtubular",4,4,5,5,"mm",9,12,12,"mm",NA,NA,NA,NA,"","4",NA,75,10,NA,"mm","pink",NA,NA,NA,NA,"","Mimosa_sceptrum"
"Mimosa custodis","Mimosa_custodis","Barneby_1991_Sensitivae_Censitae_treatment_0733.txt","10/7/2025 1:34",1,"subshrubs","",NA,NA,1,NA,"m","","",NA,NA,NA,NA,"",NA,NA,NA,NA,"","","capitula","globose",NA,7,9,NA,"mm",7,7,9,9,"mm","pseudoraceme",NA,1,3,NA,"cm",NA,NA,NA,NA,"","4-merous",NA,NA,NA,NA,"",NA,NA,NA,NA,"","obsolete",NA,NA,NA,NA,"",NA,NA,NA,NA,"","narrowly vase-shaped",NA,2.9,3.6,NA,"mm",0.7,1,NA,"mm",NA,0.6,0.8,NA,"mm","4",NA,5.5,7,NA,"mm","pink",NA,NA,NA,NA,"","Mimosa_custodis"
"Mimosa longiracemosa","Mimosa_longiracemosa","Barneby_1991_Sensitivae_Censitae_treatment_0734.txt","10/7/2025 1:35",0,"subshrub","",NA,7,11,NA,"dm","","",NA,NA,NA,NA,"",NA,NA,NA,NA,"","","capitula","globose",NA,7,85,NA,"mm",NA,NA,NA,NA,"","racemose",NA,2,4,5,"cm",NA,NA,NA,NA,"","4-merous",2,2,4,5,"cm",NA,NA,NA,NA,"","collar",NA,1,1,NA,"mm",NA,NA,NA,NA,"","narrowly vase-shaped",NA,32,37,NA,"mm",7,NA,NA,"mm",NA,5,NA,NA,"mm","4",NA,7,7,NA,"mm","pink",NA,NA,NA,NA,"","Mimosa_longiracemosa"
"Mimosa nitidula","Mimosa_nitidula","Barneby_1991_Sensitivae_Censitae_treatment_0735.txt","10/7/2025 1:36",0,"subshrubs","",NA,NA,12,NA,"dm","","",NA,NA,NA,NA,"",NA,NA,NA,NA,"","","capitula","globose",NA,NA,12,NA,"dm",NA,75,75,NA,"mm","pseudoracemosa",8,8,18,18,"mm",NA,NA,NA,NA,"","4-merous",NA,NA,NA,NA,"",NA,NA,NA,NA,"","",NA,NA,NA,NA,"",NA,NA,NA,NA,"","narrowly vase-shaped",NA,35,35,NA,"mm",11,11,NA,"mm",NA,9,9,NA,"mm","4",NA,65,65,NA,"mm","pink",NA,NA,NA,NA,"","Mimosa_nitidula"
"Mimosa pseudopetiolaris","Mimosa_pseudopetiolaris","Barneby_1991_Sensitivae_Censitae_treatment_0736.txt","10/7/2025 1:37",0,"subshrubs","woody root",35,35,55,55,"dm","","",NA,NA,NA,NA,"",NA,NA,NA,NA,"","","capitula","globose",NA,6,65,NA,"mm",NA,6,65,NA,"mm","pseudoraceme",1,NA,35,NA,"cm",NA,NA,NA,NA,"","4-merous",NA,1,35,NA,"cm",NA,NA,NA,NA,"","obscurely lobulate",15,15,2,2,"mm",NA,NA,NA,NA,"","narrowly vase-shaped",21,21,25,25,"mm",9,11,11,"mm",5,5,5,5,"mm","4",NA,5,7,NA,"mm","pink",NA,NA,NA,NA,"","Mimosa_pseudopetiolaris"
"Mimosa thomista","Mimosa_thomista","Barneby_1991_Sensitivae_Censitae_treatment_0737.txt","10/7/2025 1:38",1,"subshrubs","woody root",NA,1,NA,2,"m","","",NA,NA,NA,NA,"",NA,NA,NA,NA,"","","capitula","globose",NA,8,NA,NA,"mm",8,NA,8,NA,"mm","pseudoraceme",NA,1,2,NA,"cm",NA,NA,NA,NA,"","4-merous",NA,NA,NA,NA,"",NA,NA,NA,NA,"","pappiform-paleaceous",2.5,2.5,3,3,"mm",NA,NA,NA,NA,"","narrowly funnelform",4,4,4.2,4.2,"mm",1.4,1.4,NA,"mm",0.5,0.5,0.6,0.6,"mm","4",NA,NA,NA,NA,"","",NA,NA,NA,NA,"","Mimosa_thomista"
"Mimosa pogocephala","Mimosa_pogocephala","Barneby_1991_Sensitivae_Censitae_treatment_0738.txt","10/7/2025 1:39",0,"shrubs","",NA,8,16,20,"dm","","",NA,NA,NA,NA,"",NA,NA,NA,NA,"","","capitula","globose or plumply ellipsoid",6,6,8,8,"mm",6,6,8,8,"mm","",NA,5,22,NA,"mm",NA,NA,NA,NA,"","4-merous",NA,NA,NA,NA,"",NA,NA,NA,NA,"","membranous",NA,25,4,NA,"mm",NA,NA,NA,NA,"","narrowly funnelform",NA,24,29,NA,"mm",7,9,NA,"mm",NA,6,7,NA,"mm","4",NA,5,6,NA,"mm","pink",NA,NA,NA,NA,"","Mimosa_pogocephala"
"Mimosa bombycina","Mimosa_bombycina","Barneby_1991_Sensitivae_Censitae_treatment_0739.txt","10/7/2025 1:40",0,"shrubs","",NA,NA,2,NA,"m","","",NA,NA,NA,NA,"",NA,NA,NA,NA,"","","capitula","ovoid",NA,9,10,NA,"mm",NA,NA,NA,NA,"","subcorymbiform leafy-bracteate pseudoraceme",15,NA,3,NA,"cm",NA,NA,NA,NA,"","4-merous",NA,15,3,NA,"cm",NA,NA,NA,NA,"","shallowly campanulate",NA,2,2,NA,"mm",NA,NA,NA,NA,"","subcylindric",NA,31,42,NA,"mm",8,12,NA,"mm",NA,5,6,NA,"mm","4",NA,65,NA,NA,"mm","pink",NA,NA,NA,NA,"","Mimosa_bombycina"
"Mimosa bombycina var. bombycina","Mimosa_bombycina_bombycina","Barneby_1991_Sensitivae_Censitae_treatment_0740.txt","10/7/2025 1:42",0,"","",NA,NA,NA,NA,"","","",NA,NA,NA,NA,"",NA,NA,NA,NA,"","","","",NA,NA,NA,NA,"",NA,NA,NA,NA,"","subcorymbosa",NA,NA,NA,NA,"",NA,NA,NA,NA,"","",NA,NA,NA,NA,"",NA,NA,NA,NA,"","",NA,NA,NA,NA,"",NA,NA,NA,NA,"","",NA,NA,NA,NA,"",NA,NA,NA,"",NA,NA,NA,NA,"","",NA,NA,NA,NA,"","",NA,NA,NA,NA,"","Mimosa_bombycina_bombycina"
"Mimosa bombycina var. pluriceps","Mimosa_bombycina_pluriceps","Barneby_1991_Sensitivae_Censitae_treatment_0741.txt","10/7/2025 1:43",0,"","",NA,NA,NA,NA,"","","",NA,NA,NA,NA,"",NA,NA,NA,NA,"","","capitulis","",NA,NA,NA,NA,"",NA,NA,NA,NA,"","seriatim secus caulem hornotinum dispositis numerosis",NA,NA,NA,NA,"",NA,NA,NA,NA,"","",NA,NA,NA,NA,"",NA,NA,NA,NA,"","",NA,NA,NA,NA,"",NA,NA,NA,NA,"","",NA,NA,NA,NA,"",NA,NA,NA,"",NA,NA,NA,NA,"","",NA,NA,NA,NA,"","",NA,NA,NA,NA,"","Mimosa_bombycina_pluriceps"
"Mimosa parviceps","Mimosa_parviceps","Barneby_1991_Sensitivae_Censitae_treatment_0742.txt","10/7/2025 1:44",1,"arborescent shrubs","",NA,NA,3,NA,"m","","",NA,NA,NA,NA,"",NA,NA,NA,NA,"","","capitula","globose",NA,5,6,NA,"mm",5,5,6,6,"mm","",15,20,35,NA,"mm",NA,NA,NA,NA,"","4-merous",NA,NA,NA,NA,"",NA,NA,NA,NA,"","campanulate",NA,0.2,0.3,NA,"mm",NA,NA,NA,NA,"","narrowly funnelform",NA,2.2,2.7,NA,"mm",0.8,1,NA,"mm",NA,0.5,0.6,NA,"mm","4",7,7,8,8,"mm","pink",NA,NA,NA,NA,"","Mimosa_parviceps"
"Mimosa montis-carasae","Mimosa_montiscarasae","Barneby_1991_Sensitivae_Censitae_treatment_0743.txt","10/7/2025 1:45",1,"shrubs","",NA,1,2,NA,"m","","",NA,NA,NA,NA,"",NA,NA,NA,NA,"","","capitula","subglobose",NA,7,7,NA,"mm",NA,7,7,NA,"mm","",NA,2,2.5,NA,"cm",NA,NA,NA,NA,"","4-merous",NA,NA,NA,NA,"",NA,NA,NA,NA,"","campanulate",NA,0.2,0.2,NA,"mm",NA,NA,NA,NA,"","",NA,2.5,2.8,NA,"mm",1,1,NA,"mm",NA,0.6,0.6,NA,"mm","4",NA,NA,NA,NA,"","",NA,NA,NA,NA,"","Mimosa_montiscarasae"
"Mimosa adamantina","Mimosa_adamantina","Barneby_1991_Sensitivae_Censitae_treatment_0744.txt","10/7/2025 1:46",1,"shrubs","",NA,6,30,NA,"dm","","",NA,NA,NA,NA,"",NA,NA,NA,NA,"","","capitula","globose",NA,5,6,NA,"mm",NA,5,6,NA,"mm","",1.5,5.5,7,7,"cm",NA,NA,NA,NA,"","4-merous",NA,NA,NA,NA,"",NA,NA,NA,NA,"","campanulate",0.25,0.25,0.55,0.55,"mm",NA,NA,NA,NA,"","narrowly turbinate or the bisexual ones vase-shaped",NA,2,2.8,NA,"mm",0.7,0.9,NA,"mm",0.6,0.6,0.7,0.7,"mm","4",5,5,8,8,"mm","pink",NA,NA,NA,NA,"","Mimosa_adamantina"
"Mimosa adamantina var. adamantina","Mimosa_adamantina_adamantina","Barneby_1991_Sensitivae_Censitae_treatment_0745.txt","2025-07-10T01:47:23,917",2,"shrub","",NA,1.5,3,NA,"m","","",NA,NA,NA,NA,"",NA,NA,NA,NA,"","","","",NA,NA,NA,NA,"",NA,NA,NA,NA,"","",NA,NA,NA,NA,"",NA,NA,NA,NA,"","",NA,NA,NA,NA,"",NA,NA,NA,NA,"","",NA,NA,NA,NA,"",NA,NA,NA,NA,"","",NA,NA,NA,NA,"",NA,NA,NA,"",NA,NA,NA,NA,"","",NA,NA,NA,NA,"","",NA,NA,NA,NA,"","Mimosa_adamantina_adamantina"
"Mimosa adamantina var. hebecarpa","Mimosa_adamantina_hebecarpa","Barneby_1991_Sensitivae_Censitae_treatment_0746.txt","2025-07-10T01:48:27,944",0,"","",NA,6,10,NA,"dm","","",NA,NA,NA,NA,"",NA,NA,NA,NA,"","","","",NA,NA,NA,NA,"",NA,NA,NA,NA,"","",NA,NA,NA,NA,"",NA,NA,NA,NA,"","",NA,NA,NA,NA,"",NA,NA,NA,NA,"","",NA,NA,NA,NA,"",NA,NA,NA,NA,"","",NA,NA,NA,NA,"",NA,NA,NA,"",NA,NA,NA,NA,"","",NA,NA,NA,NA,"","",NA,NA,NA,NA,"","Mimosa_adamantina_hebecarpa"
"Mimosa multiplex","Mimosa_multiplex","Barneby_1991_Sensitivae_Censitae_treatment_0747.txt","2025-07-10T01:49:33,255",0,"herbaceous","slender woody root",NA,2.5,4,NA,"dm","","",NA,NA,NA,NA,"",NA,NA,NA,NA,"","","capitula","globose",NA,4.5,6,NA,"mm",NA,NA,NA,NA,"","axillary or some distal ones shortly pseudoracemose",1.5,NA,4,NA,"cm",NA,NA,NA,NA,"","4-merous",1.5,NA,4,NA,"cm",NA,NA,NA,NA,"","",NA,0.4,0.4,NA,"mm",NA,NA,NA,NA,"","narrowly funnelform",2,2,2.4,2.4,"mm",0.6,0.9,NA,"mm",NA,0.4,0.65,NA,"mm","4",NA,3,3,NA,"mm","",NA,NA,NA,NA,"","Mimosa_multiplex"
"Mimosa ernestii","Mimosa_ernestii","Barneby_1991_Sensitivae_Censitae_treatment_0748.txt","2025-07-10T01:50:39,812",0,"shrubs","",NA,NA,2,NA,"m","espiculate at apex","leaf-stalks apex",NA,NA,NA,NA,"",NA,NA,NA,NA,"","","capitula","ovoid or globose",NA,5,5,NA,"mm",NA,NA,NA,NA,"","racemose",NA,NA,15,NA,"mm",NA,2.5,NA,NA,"mm","4-merous",NA,NA,NA,NA,"",NA,NA,NA,NA,"","campanulate",NA,0.6,0.6,NA,"mm",NA,NA,NA,NA,"","turbinate-campanulate",NA,2.2,2.2,NA,"mm",1.1,1.1,NA,"mm",NA,0.8,0.8,NA,"mm","4",NA,2,NA,NA,"mm","pink",NA,NA,NA,NA,"","Mimosa_ernestii"
"Mimosa setistipula","Mimosa_setistipula","Barneby_1991_Sensitivae_Censitae_treatment_0749.txt","2025-07-10T01:51:46,862",0,"shrubs","",NA,NA,2,NA,"m","","",NA,NA,NA,NA,"",NA,NA,NA,NA,"","","capitula","ovoid-ellipsoid",NA,1,2.5,NA,"dm",5,5,6.5,6.5,"mm","pseudoracemes",1.5,NA,3,NA,"cm",NA,NA,NA,NA,"","4-merous",1.5,NA,3,NA,"cm",NA,NA,NA,NA,"","cup or collar",NA,0.1,0.15,NA,"mm",NA,NA,NA,1.2,"mm","narrowly funnelform",NA,2.1,2.7,NA,"mm",0.9,NA,NA,"mm",NA,0.5,NA,NA,"mm","4",NA,5,6,NA,"mm","pink",NA,NA,NA,NA,"","Mimosa_setistipula"
"Mimosa coniflora","Mimosa_coniflora","Barneby_1991_Sensitivae_Censitae_treatment_0750.txt","2025-07-10T01:52:53,345",1,"shrubs","",NA,NA,2,NA,"m","","",NA,NA,NA,NA,"",NA,NA,NA,NA,"","","capitula","oblong",7,7,10,10,"mm",3.5,3.5,4,4,"mm","",NA,5,12,NA,"mm",NA,NA,NA,NA,"","4-merous",NA,NA,NA,NA,"",NA,NA,NA,NA,"","cup",0.2,0.2,0.25,0.25,"mm",NA,NA,NA,NA,"","turbinate",NA,1.8,1.8,NA,"mm",0.8,0.8,NA,"mm",0.6,0.8,0.8,NA,"mm","8",NA,5.5,7,NA,"mm","pink",NA,NA,NA,NA,"","Mimosa_coniflora"
"Mimosa congestifolia","Mimosa_congestifolia","Barneby_1991_Sensitivae_Censitae_treatment_0751.txt","2025-07-10T01:53:59,906",0,"shrubs","",1,NA,2,NA,"m","","",NA,NA,NA,NA,"",NA,NA,NA,NA,"","","capitula","ovoid-ellipsoid",NA,5.5,8,NA,"mm",NA,NA,NA,NA,"","",1.5,NA,3.5,NA,"cm",NA,NA,NA,NA,"","4-merous",NA,NA,NA,NA,"",NA,NA,NA,NA,"","",NA,NA,NA,NA,"",NA,NA,NA,NA,"","subcylindric",NA,3,3.8,NA,"mm",1,1.2,NA,"mm",NA,0.6,0.7,NA,"mm","4",NA,6.5,7.5,NA,"mm","pink",NA,NA,NA,NA,"","Mimosa_congestifolia"
"Mimosa reduviosa","Mimosa_reduviosa","Barneby_1991_Sensitivae_Censitae_treatment_0752.txt","2025-07-10T01:55:04,829",1,"shrubs","",NA,NA,1,NA,"m","","",NA,NA,NA,NA,"",NA,NA,NA,NA,"","","capitula","globose",NA,5.5,6.5,NA,"mm",NA,5.5,6.5,NA,"mm","pseudoraceme",NA,15,35,NA,"mm",NA,NA,NA,NA,"","4-merous",NA,NA,NA,NA,"",NA,NA,NA,NA,"","pappiform",1.3,1.3,1.7,1.7,"mm",NA,NA,NA,NA,"","narrowly funnelform",NA,2.2,2.7,NA,"mm",0.7,0.8,NA,"mm",NA,0.45,0.6,NA,"mm","4",NA,6,6.5,NA,"mm","vivid pink",NA,NA,NA,NA,"","Mimosa_reduviosa"
"Mimosa bocainae","Mimosa_bocainae","Barneby_1991_Sensitivae_Censitae_treatment_0753.txt","2025-07-10T01:56:08,422",0,"shrubs","",NA,NA,NA,NA,"","","",NA,NA,NA,NA,"",NA,NA,NA,NA,"","","capitula","ellipsoid",7.5,NA,12,NA,"mm",4.5,NA,5.5,NA,"mm","either simply or paniculately pseudoracemose",NA,NA,NA,NA,"mm",NA,NA,NA,NA,"","4-merous",NA,NA,NA,NA,"mm",NA,NA,NA,NA,"","shallowly campanulate",0.8,0.8,1.2,1.2,"mm",NA,NA,NA,NA,"","narrowly turbinate, subcylindric",NA,2.2,2.7,NA,"mm",0.6,0.8,NA,"mm",NA,0.5,0.6,NA,"mm","4",NA,5.5,7.5,NA,"mm","pink",NA,NA,NA,NA,"","Mimosa_bocainae"
"Mimosa lasiocephala","Mimosa_lasiocephala","Barneby_1991_Sensitivae_Censitae_treatment_0754.txt","2025-07-10T01:57:13,548",0,"","",NA,NA,NA,NA,"","","",NA,NA,NA,NA,"",NA,NA,NA,NA,"","","capitula","ovoid",NA,NA,4.5,NA,"mm",NA,4.5,NA,NA,"mm","",2.5,2.5,3,3,"cm",NA,NA,NA,NA,"","4-merous",NA,2.5,3,NA,"cm",NA,NA,NA,NA,"","",NA,NA,NA,NA,"",NA,NA,NA,NA,"","narrowly oblanceolate",NA,2,2,NA,"mm",NA,NA,NA,"",NA,NA,NA,NA,"","4",NA,NA,NA,NA,"","",NA,NA,NA,NA,"","Mimosa_lasiocephala"
"Mimosa itatiaiensis","Mimosa_itatiaiensis","Barneby_1991_Sensitivae_Censitae_treatment_0755.txt","2025-07-10T01:58:18,982",0,"shrubs or subshrubs","",NA,5,NA,NA,"dm","","",NA,NA,NA,NA,"",NA,NA,NA,NA,"","","capitula","globose or plumply ellipsoid",NA,6,7.5,NA,"mm",NA,NA,NA,NA,"","",1,NA,4,NA,"cm",NA,NA,NA,NA,"","4-merous",1,NA,4,NA,"cm",NA,NA,NA,NA,"","campanulate",0.4,0.4,0.5,0.5,"mm",NA,NA,NA,NA,"","narrowly funnelform",NA,2.5,2.8,NA,"mm",0.8,NA,NA,"mm",NA,0.5,NA,NA,"mm","4",NA,6,NA,NA,"mm","",NA,NA,NA,NA,"","Mimosa_itatiaiensis"
"Mimosa microcarpa","Mimosa_microcarpa","Barneby_1991_Sensitivae_Censitae_treatment_0756.txt","2025-07-10T01:59:25,442",0,"shrubs","",NA,1.5,2,NA,"m","","",NA,NA,NA,NA,"",NA,NA,NA,NA,"","","capitula","",NA,NA,NA,NA,"",5.5,5.5,6.5,6.5,"mm","pseudoracemoose",NA,2,8,15,"mm",NA,NA,NA,NA,"","4-merous",2,NA,8,NA,"mm",NA,NA,NA,NA,"","",NA,0.8,1.5,NA,"mm",NA,0.2,0.5,NA,"mm","turbinate or funnelform",2,NA,3.1,NA,"mm",0.7,1,1,"mm",0.5,0.5,0.7,0.7,"mm","4",NA,7.5,7.5,NA,"mm","pink",NA,NA,NA,NA,"","Mimosa_microcarpa"
"Mimosa paranapiacabae","Mimosa_paranapiacabae","Barneby_1991_Sensitivae_Censitae_treatment_0757.txt","2025-07-10T02:00:30,775",0,"shrubs","",NA,NA,2,NA,"m","","",NA,NA,NA,NA,"",NA,NA,NA,NA,"","","capitula","globose",NA,NA,NA,NA,"mm",NA,NA,NA,NA,"mm","",8,8,23,23,"mm",NA,NA,NA,NA,"","4-merous",NA,8,23,NA,"mm",NA,NA,NA,NA,"","pappiform",NA,NA,NA,NA,"mm",NA,NA,NA,NA,"","narrowly vase-shaped",NA,2.3,2.5,NA,"mm",0.8,1,NA,"mm",NA,0.45,0.6,NA,"mm","4",NA,7,7,NA,"mm","pink",NA,NA,NA,NA,"","Mimosa_paranapiacabae"
"Mimosa hilariana","Mimosa_hilariana","Barneby_1991_Sensitivae_Censitae_treatment_0758.txt","2025-07-10T02:01:37,744",0,"subshrubs","",NA,8,15,NA,"dm","present","base of each leaf-pulvinus",0.5,NA,1.3,NA,"mm",NA,NA,NA,NA,"","setaculeus","capitula","ellipsoid",NA,5,5,NA,"mm",NA,NA,NA,NA,"","",NA,NA,NA,NA,"",NA,NA,NA,NA,"","4-merous",NA,NA,NA,NA,"",NA,NA,NA,NA,"","irregularly denticulate",NA,0.7,0.7,NA,"mm",NA,NA,NA,NA,"","turbinate",1.7,1.7,2,2,"mm",0.7,0.7,NA,"mm",NA,0.4,0.5,NA,"mm","4",NA,NA,NA,NA,"","",NA,NA,NA,NA,"","Mimosa_hilariana"
"Mimosa lanata","Mimosa_lanata","Barneby_1991_Sensitivae_Censitae_treatment_0759.txt","2025-07-10T02:02:47,072",0,"subshrubs","",NA,1,1.5,NA,"m","","",NA,NA,NA,NA,"",NA,NA,NA,NA,"","","capitula","globose",NA,4.5,7.5,NA,"mm",NA,NA,NA,NA,"","solitary",1.3,2,5,NA,"cm",NA,NA,NA,NA,"","4-merous",1.3,2,5,NA,"cm",NA,NA,NA,NA,"","paleaceous-pappiform",1.3,1.3,0,1.7,"mm",NA,NA,NA,NA,"","narrowly funnelform",NA,2,2.4,NA,"mm",0.4,0.65,NA,"mm",NA,0.3,0.4,NA,"mm","4",NA,4,5,NA,"mm","pink or lilac",NA,NA,NA,NA,"","Mimosa_lanata"
"Mimosa macrocalyx","Mimosa_macrocalyx","Barneby_1991_Sensitivae_Censitae_treatment_0760.txt","2025-07-10T02:03:56,295",0,"subshrubs","",6,NA,20,NA,"dm","","",NA,NA,NA,NA,"",NA,NA,NA,NA,"","","capitula","globose",NA,3.5,4,NA,"mm",3.5,3.5,4,4,"mm","",20,20,30,30,"mm",0.2,0.2,0.2,0.2,"mm","4-merous",NA,20,30,NA,"mm",NA,0.2,0.2,NA,"mm","paleaceous",1.3,1.3,1.5,1.5,"mm",0.8,0.8,0.9,0.9,"mm","narrowly vase-shaped",1.8,1.8,2.1,2.1,"mm",0.7,0.8,0.8,"mm",0.4,0.4,0.5,0.5,"mm","4",NA,4,4.5,NA,"mm","pink",NA,NA,NA,NA,"","Mimosa_macrocalyx"
"Mimosa pedersenii","Mimosa_pedersenii","Barneby_1991_Sensitivae_Censitae_treatment_0761.txt","2025-07-10T02:05:08,870",1,"shrubs and subshrubs","",NA,NA,4,NA,"m","","",NA,NA,NA,NA,"",NA,NA,NA,NA,"","","capitula","subglobose",NA,4.5,5.5,NA,"mm",NA,4.5,5.5,NA,"mm","",2.5,2.5,5,5,"cm",NA,NA,NA,NA,"","4-merous",NA,NA,NA,NA,"",NA,NA,NA,NA,"","paleaceous-pappiform",1.1,1.1,1.8,1.8,"mm",NA,NA,NA,NA,"","narrowly vase-shaped",NA,1.8,2.1,NA,"mm",0.5,0.6,NA,"mm",NA,0.4,0.5,NA,"mm","4",NA,3.5,5,NA,"mm","pink",NA,NA,NA,NA,"","Mimosa_pedersenii"
"Mimosa reptans","Mimosa_reptans","Barneby_1991_Sensitivae_Censitae_treatment_0762.txt","2025-07-10T02:06:20,743",0,"shrublezs","",NA,4,10,NA,"dm","","",NA,NA,NA,NA,"",NA,NA,NA,NA,"","","capitula","globose or plumply ellipsoid",NA,5,4,NA,"mm",NA,5,4,NA,"mm","",2.5,3,9,NA,"cm",NA,NA,NA,NA,"","4-merous",2.5,3,9,NA,"cm",NA,NA,NA,NA,"","campanulate",NA,0.6,0.8,NA,"mm",NA,NA,NA,NA,"","narrowly vase-shaped",1.6,1.6,2.5,2.5,"mm",0.5,0.7,0.7,"mm",0.4,0.4,0.5,0.5,"mm","4",NA,3,4,NA,"mm","pink",NA,NA,NA,NA,"","Mimosa_reptans"
"Mimosa schleidenii","Mimosa_schleidenii","Barneby_1991_Sensitivae_Censitae_treatment_0763.txt","2025-07-10T02:07:29,349",1,"subshrubs","",NA,NA,NA,NA,"","","",NA,NA,NA,NA,"",NA,NA,NA,NA,"","","capitula","globose",NA,7,8,NA,"mm",NA,7,8,NA,"mm","",3,5,16,NA,"cm",NA,NA,NA,NA,"","4-merous",NA,NA,NA,NA,"",NA,NA,NA,NA,"","pappiform",NA,0.8,1,NA,"mm",NA,NA,NA,NA,"","subtubular",NA,2.6,2.9,NA,"mm",1,1.2,NA,"mm",NA,0.5,0.6,NA,"mm","4",NA,3.5,4.5,NA,"mm","pink-purple",NA,NA,NA,NA,"","Mimosa_schleidenii"
"Mimosa fachinalensis","Mimosa_fachinalensis","Barneby_1991_Sensitivae_Censitae_treatment_0764.txt","2025-07-10T02:08:35,703",1,"subshrubs","",NA,3,4,NA,"dm","","",NA,NA,NA,NA,"",NA,NA,NA,NA,"","","capitula","globose",NA,7,NA,NA,"mm",NA,7,NA,NA,"mm","",3,NA,6.5,NA,"cm",NA,NA,NA,NA,"","4-merous",NA,NA,NA,NA,"",NA,NA,NA,NA,"","paleaceous",1.5,1.5,1.8,1.8,"mm",NA,NA,NA,NA,"","subtubular",NA,2.4,3.3,NA,"mm",0.8,1,NA,"mm",NA,0.5,0.5,NA,"mm","4",NA,4,4,NA,"mm","pink",NA,NA,NA,NA,"","Mimosa_fachinalensis"
"Mimosa luciana","Mimosa_luciana","Barneby_1991_Sensitivae_Censitae_treatment_0765.txt","2025-07-10T02:09:42,059",0,"shrub","",NA,NA,NA,NA,"","","",NA,NA,NA,NA,"",NA,NA,NA,NA,"","","capitula","globose",NA,5,6,NA,"mm",NA,NA,NA,NA,"","",6,6,12,NA,"mm",NA,NA,NA,NA,"","4-merous",6,NA,12,NA,"mm",NA,NA,NA,NA,"","",NA,NA,NA,NA,"",NA,NA,NA,NA,"","narrowly vase-shaped",2,2,2.3,NA,"mm",NA,NA,NA,"",NA,NA,NA,NA,"","4",NA,4,NA,NA,"mm","pink",NA,NA,NA,NA,"","Mimosa_luciana"
"Mimosa humifusa","Mimosa_humifusa","Barneby_1991_Sensitivae_Censitae_treatment_0766.txt","2025-07-10T02:10:48,006",0,"subshrub","thick woody root",1,NA,2.5,NA,"dm","present","leaflets",0.4,0.4,0.8,0.8,"mm",NA,NA,NA,NA,"","linear-subulate","capitula","subglobose",NA,5,5,NA,"mm",NA,5,5,NA,"mm","",NA,12,23,NA,"mm",NA,NA,NA,NA,"","4-merous",NA,NA,NA,NA,"",NA,NA,NA,NA,"","pappiform",0.4,0.4,0.7,0.7,"mm",NA,NA,NA,NA,"","subtubular",1.4,NA,2.2,NA,"mm",NA,0.7,NA,"mm",0.3,NA,0.45,NA,"mm","4",NA,NA,NA,NA,"","",NA,NA,NA,NA,"","Mimosa_humifusa"
"Mimosa paupera","Mimosa_paupera","Barneby_1991_Sensitivae_Censitae_treatment_0767.txt","2025-07-10T02:11:53,337",0,"perennial herbs","branched subterranean caudex surmounting a fusiform or massive cylindric woody root",NA,1,5,7,"dm","","",NA,NA,NA,NA,"",NA,NA,NA,NA,"","","capitula","ellipsoid or subglobose",NA,NA,NA,NA,"",4.5,NA,6.5,NA,"mm","",3,3,8,9,"cm",NA,NA,NA,NA,"","4-merous",NA,NA,NA,NA,"",NA,NA,NA,NA,"","",NA,0.1,0.2,NA,"mm",NA,NA,NA,NA,"","narrowly funnelform or subcylindric",NA,1.6,2.6,NA,"mm",0.5,0.75,NA,"mm",NA,NA,NA,NA,"","4",NA,NA,NA,NA,"mm","pink-lilac",NA,NA,NA,NA,"","Mimosa_paupera"
"Mimosa paupera var. pampera","Mimosa_paupera_pampera","Barneby_1991_Sensitivae_Censitae_treatment_0768.txt","2025-07-10T02:12:55,596",0,"","",NA,NA,NA,NA,"","","",NA,NA,NA,NA,"",NA,NA,NA,NA,"","","","",NA,NA,NA,NA,"",NA,NA,NA,NA,"","",NA,NA,NA,NA,"",NA,NA,NA,NA,"","",NA,NA,NA,NA,"",NA,NA,NA,NA,"","",NA,NA,NA,NA,"",NA,NA,NA,NA,"","",NA,NA,NA,NA,"",NA,NA,NA,"",NA,NA,NA,NA,"","",NA,NA,NA,NA,"","",NA,NA,NA,NA,"","Mimosa_paupera_paupera"
"Mimosa paupera var. dives","Mimosa_paupera_dives","Barneby_1991_Sensitivae_Censitae_treatment_0769.txt","2025-07-10T02:13:59,699",0,"","",NA,NA,NA,NA,"","","",NA,NA,NA,NA,"",NA,NA,NA,NA,"","","","",NA,NA,NA,NA,"",NA,NA,NA,NA,"","",NA,NA,NA,NA,"",NA,NA,NA,NA,"","",NA,NA,NA,NA,"",NA,NA,NA,NA,"","",NA,NA,NA,NA,"",NA,NA,NA,NA,"","",NA,NA,NA,NA,"",NA,NA,NA,"",NA,NA,NA,NA,"","",NA,NA,NA,NA,"","",NA,NA,NA,NA,"","Mimosa_paupera_dives"
"Mimosa falcipinna","Mimosa_falcipinna","Barneby_1991_Sensitivae_Censitae_treatment_0770.txt","2025-07-10T02:15:07,182",1,"subshrub","xylopodium and a carrot-shaped woody root",1,2,4.5,6,"dm","","",NA,NA,NA,NA,"",NA,NA,NA,NA,"","","capitula","ovoid or subglobose",NA,6,7.5,8,"mm",NA,6,7.5,8,"mm","",3,NA,9,NA,"cm",NA,NA,NA,NA,"","4-merous",NA,NA,NA,NA,"",NA,NA,NA,NA,"","membranous collar",NA,0.1,0.15,NA,"mm",NA,NA,NA,NA,"","narrowly vase-shaped",NA,2.4,3.2,NA,"mm",0.6,0.8,NA,"mm",0.5,0.5,0.7,0.7,"mm","4",NA,6,8,NA,"mm","pink",NA,NA,NA,NA,"","Mimosa_falcipinna"
"Mimosa distans","Mimosa_distans","Barneby_1991_Sensitivae_Censitae_treatment_0771.txt","2025-07-10T02:16:22,344",1,"subshrubs and suffruticose Herbs","",1.5,3,11,15,"dm","","",NA,NA,NA,NA,"",NA,NA,NA,NA,"","","capitula","globose or plumply ellipsoid",NA,6,7,NA,"mm",NA,6,7,NA,"mm","",2,NA,6.5,7.5,"cm",NA,NA,NA,NA,"","4-merous",NA,NA,NA,NA,"",NA,NA,NA,NA,"","membranous",NA,0.15,0.25,NA,"mm",NA,NA,NA,NA,"","",2,2,3.2,3.2,"mm",0.6,1.1,1.1,"mm",0.4,0.4,0.6,0.6,"mm","4",4.5,4.5,8,8,"mm","pink",NA,NA,NA,NA,"","Mimosa_distans"
"Mimosa distans subsp. distans","Mimosa_distans_distans","Barneby_1991_Sensitivae_Censitae_treatment_0772.txt","2025-07-10T02:17:36,892",0,"","",NA,NA,NA,NA,"","","",NA,NA,NA,NA,"",NA,NA,NA,NA,"","","","",NA,NA,NA,NA,"",NA,NA,NA,NA,"","",NA,NA,NA,NA,"",NA,NA,NA,NA,"","",NA,NA,NA,NA,"",NA,NA,NA,NA,"","",NA,NA,NA,NA,"",NA,NA,NA,NA,"","",NA,NA,NA,NA,"",NA,NA,NA,"",NA,NA,NA,NA,"","",NA,NA,NA,NA,"","",NA,NA,NA,NA,"","Mimosa_distans_distans"
"Mimosa distans subsp. distans var. distans","Mimosa_distans_distans_distans","Barneby_1991_Sensitivae_Censitae_treatment_0773.txt","2025-07-10T02:18:51,163",0,"","",NA,NA,NA,NA,"","","",NA,NA,NA,NA,"",NA,NA,NA,NA,"","","","",NA,NA,NA,NA,"",NA,NA,NA,NA,"","",NA,NA,NA,NA,"",NA,NA,NA,NA,"","",NA,NA,NA,NA,"",NA,NA,NA,NA,"","",NA,NA,NA,NA,"",NA,NA,NA,NA,"","",NA,NA,NA,NA,"",NA,NA,NA,"",NA,NA,NA,NA,"","",NA,NA,NA,NA,"","",NA,NA,NA,NA,"","Mimosa_distans_distans"
"Mimosa distans subsp. distans var. neuroloma","Mimosa_distans_distans_neuroloma","Barneby_1991_Sensitivae_Censitae_treatment_0774.txt","2025-07-10T02:20:02,404",0,"","",NA,NA,NA,NA,"","","",NA,NA,NA,NA,"",NA,NA,NA,NA,"","","","",NA,NA,NA,NA,"",NA,NA,NA,NA,"","",NA,NA,NA,NA,"",NA,NA,NA,NA,"","",NA,NA,NA,NA,"",NA,NA,NA,NA,"","",NA,NA,NA,NA,"",NA,NA,NA,NA,"","",NA,NA,NA,NA,"",NA,NA,NA,"",NA,NA,NA,NA,"","",NA,NA,NA,NA,"","",NA,NA,NA,NA,"","Mimosa_distans_neuroloma"
"Mimosa distans subsp. elongata","Mimosa_distans_elongata","Barneby_1991_Sensitivae_Censitae_treatment_0775.txt","2025-07-10T02:21:11,327",0,"","",NA,NA,NA,NA,"","","",NA,NA,NA,NA,"",NA,NA,NA,NA,"","","","",NA,NA,NA,NA,"",NA,NA,NA,NA,"","",NA,NA,NA,NA,"",NA,NA,NA,NA,"","",NA,NA,NA,NA,"",NA,NA,NA,NA,"","",NA,NA,NA,NA,"",NA,NA,NA,NA,"","",NA,NA,NA,NA,"",NA,NA,NA,"",NA,NA,NA,NA,"","",NA,NA,NA,NA,"","",NA,NA,NA,NA,"","Mimosa_distans_elongata"
"Mimosa distans subsp. elongata var. elongata","Mimosa_distans_elongata_elongata","Barneby_1991_Sensitivae_Censitae_treatment_0776.txt","2025-07-10T02:22:32,237",0,"","",NA,NA,NA,NA,"","","",NA,NA,NA,NA,"",NA,NA,NA,NA,"","","","",NA,NA,NA,NA,"",NA,NA,NA,NA,"","",NA,NA,NA,NA,"",NA,NA,NA,NA,"","",NA,NA,NA,NA,"",NA,NA,NA,NA,"","",NA,NA,NA,NA,"",NA,NA,NA,NA,"","",NA,NA,NA,NA,"",NA,NA,NA,"",NA,NA,NA,NA,"","",NA,NA,NA,NA,"","",NA,NA,NA,NA,"","Mimosa_distans_elongata"
"Mimosa distans subsp. elongata var. planaltinae","Mimosa_distans_elongata_planaltinae","Barneby_1991_Sensitivae_Censitae_treatment_0777.txt","2025-07-10T02:23:44,409",0,"","",NA,NA,NA,NA,"","","",NA,NA,NA,NA,"",NA,NA,NA,NA,"","","","",NA,NA,NA,NA,"",NA,NA,NA,NA,"","",NA,NA,NA,NA,"",NA,NA,NA,NA,"","",NA,NA,NA,NA,"",NA,NA,NA,NA,"","",NA,NA,NA,NA,"",NA,NA,NA,NA,"","",NA,NA,NA,NA,"",NA,NA,NA,"",NA,NA,NA,NA,"","",NA,NA,NA,NA,"","",NA,NA,NA,NA,"","Mimosa_distans_elongata"
"Mimosa distans subsp. elongata var. paraguariensis","Mimosa_distans_elongata_paraguariensis","Barneby_1991_Sensitivae_Censitae_treatment_0778.txt","2025-07-10T02:24:52,611",0,"subshurb","",NA,2,4,NA,"dm","","",NA,NA,NA,NA,"",NA,NA,NA,NA,"","","","",NA,NA,NA,NA,"",NA,NA,NA,NA,"","",NA,NA,NA,NA,"",NA,NA,NA,NA,"","",NA,NA,NA,NA,"",NA,NA,NA,NA,"","",NA,NA,NA,NA,"",NA,NA,NA,NA,"","",NA,NA,NA,NA,"",NA,NA,NA,"",NA,NA,NA,NA,"","",NA,NA,NA,NA,"","",NA,NA,NA,NA,"","Mimosa_distans_paraguariensis"
"Mimosa distans subsp. elongata var. quadripinna","Mimosa_distans_elongata_quadripinna","Barneby_1991_Sensitivae_Censitae_treatment_0779.txt","2025-07-10T02:26:09,511",0,"","",NA,NA,NA,NA,"","","",NA,NA,NA,NA,"",NA,NA,NA,NA,"","","","",NA,NA,NA,NA,"",NA,NA,NA,NA,"","",NA,NA,NA,NA,"",NA,NA,NA,NA,"","",NA,NA,NA,NA,"",NA,NA,NA,NA,"","",NA,NA,NA,NA,"",NA,NA,NA,NA,"","",NA,NA,NA,NA,"",NA,NA,NA,"",NA,NA,NA,NA,"","",NA,NA,NA,NA,"","",NA,NA,NA,NA,"","Mimosa_distans_quadripinna"
"Mimosa distans subsp. elongata var. terezinae","Mimosa_distans_elongata_terezinae","Barneby_1991_Sensitivae_Censitae_treatment_0780.txt","2025-07-10T02:27:13,818",0,"","",NA,NA,NA,NA,"","","",NA,NA,NA,NA,"",NA,NA,NA,NA,"","","","",NA,NA,NA,NA,"",NA,NA,NA,NA,"","",NA,NA,NA,NA,"",NA,NA,NA,NA,"","",NA,NA,NA,NA,"",NA,NA,NA,NA,"","",NA,NA,NA,NA,"",NA,NA,NA,NA,"","",NA,NA,NA,NA,"",NA,NA,NA,"",NA,NA,NA,NA,"","",NA,NA,NA,NA,"","",NA,NA,NA,NA,"","Mimosa_distans_terezinae"
"Mimosa ramentacea","Mimosa_ramentacea","Barneby_1991_Sensitivae_Censitae_treatment_0781.txt","2025-07-10T02:28:19,048",0,"shrubs","",NA,1,NA,NA,"m","","",NA,NA,NA,NA,"",NA,NA,NA,NA,"","","capitula","subglobose",NA,4.5,5,NA,"mm",NA,NA,NA,NA,"","paniculate",6,6,14,14,"mm",NA,NA,NA,NA,"","4-merous",NA,NA,NA,NA,"",NA,NA,NA,NA,"","campanulate",NA,NA,NA,NA,"",NA,NA,NA,NA,"","narrowly vase-shaped",NA,2.5,2.5,NA,"mm",1,1,NA,"mm",NA,0.5,0.5,NA,"mm","4",NA,4,NA,NA,"mm","pink",NA,NA,NA,NA,"","Mimosa_ramentacea"
"Mimosa niederleinii","Mimosa_niederleinii","Barneby_1991_Sensitivae_Censitae_treatment_0782.txt","2025-07-10T02:29:23,970",1,"subshrub","",NA,NA,1,NA,"m","","",NA,NA,NA,NA,"",NA,NA,NA,NA,"","","fl-spikes","cylindric",10,12,25,NA,"mm",3.5,3.5,4,NA,"mm","",1.5,NA,3.5,NA,"cm",NA,NA,NA,NA,"","4-merous",NA,NA,NA,NA,"",NA,NA,NA,NA,"","",NA,0.4,0.7,NA,"mm",NA,NA,NA,NA,"","subtubular",1.5,1.5,2.1,2.1,"mm",0.5,0.7,0.7,"mm",0.3,0.3,0.5,0.5,"mm","4",4.5,4.5,5,5,"mm","pink",NA,NA,NA,NA,"","Mimosa_niederleinii"
"Mimosa pseudolepidota","Mimosa_pseudolepidota","Barneby_1991_Sensitivae_Censitae_treatment_0783.txt","2025-07-10T02:30:27,354",0,"","",NA,700,900,NA,"m","","",NA,NA,NA,NA,"",NA,NA,NA,NA,"","","spikes","",12,NA,17,NA,"mm",3,NA,3,NA,"mm","",NA,1,2,NA,"cm",NA,NA,NA,NA,"","",NA,1,2,NA,"cm",NA,NA,NA,NA,"","campanulate tube",NA,0.7,0.7,NA,"mm",NA,NA,NA,NA,"","",NA,1.3,1.3,NA,"mm",NA,NA,NA,"",NA,NA,NA,NA,"","",NA,NA,NA,NA,"","",NA,NA,NA,NA,"","Mimosa_pseudolepidota"
"Mimosa kuhnisteroides","Mimosa_kuhnisteroides","Barneby_1991_Sensitivae_Censitae_treatment_0784.txt","2025-07-10T02:31:31,591",1,"subshrubs","",NA,NA,1,NA,"m","","",NA,NA,NA,NA,"",NA,NA,NA,NA,"","","fl-spikes","",10,10,14,14,"mm",4,4,6,6,"mm","",NA,4.5,7.5,NA,"cm",NA,NA,NA,NA,"","4-merous",NA,NA,NA,NA,"",NA,NA,NA,NA,"","campanulate",0.7,0.7,1.1,1.1,"mm",0.4,0.4,0.7,0.7,"mm","",NA,2,2.4,NA,"mm",0.7,1,NA,"mm",NA,0.5,0.7,NA,"mm","4",NA,5.5,9.5,NA,"mm","",NA,NA,NA,NA,"","Mimosa_kuhnisteroides"
"Mimosa axillaris","Mimosa_axillaris","Barneby_1991_Sensitivae_Censitae_treatment_0785.txt","2025-07-10T02:32:38,121",0,"shrub or shrublet","",NA,NA,NA,NA,"","","",NA,NA,NA,NA,"",NA,NA,NA,NA,"","","capitula","moriform",NA,5,5.5,NA,"mm",NA,5,5.5,NA,"mm","",2.5,2.5,3.5,3.5,"cm",NA,NA,NA,NA,"","4-merous",NA,NA,NA,NA,"",NA,NA,NA,NA,"","paleaceous-pappiform",NA,1,1,NA,"mm",NA,NA,NA,NA,"","narrowly vase-shaped 4-angulate",1.8,1.8,2.3,2.3,"mm",0.65,0.8,NA,"mm",NA,0.4,0.5,NA,"mm","4",NA,4,NA,NA,"mm","pink",NA,NA,NA,NA,"","Mimosa_axillaris"
"Mimosa dryandroides","Mimosa_dryandroides","Barneby_1991_Sensitivae_Censitae_treatment_0786.txt","2025-07-10T02:33:41,814",1,"shrubs","",NA,NA,17,NA,"dm","","",NA,NA,NA,NA,"",NA,NA,NA,NA,"","","capitula","ellipsoid or shortly cylindric",7,7,15,15,"mm",5,5,5,5,"mm","",1.5,1.5,2.5,2.5,"cm",NA,NA,NA,NA,"","4-merous",NA,NA,NA,NA,"",NA,NA,NA,NA,"","paleaceous-pappiform",0.8,0.8,2,2,"mm",0.3,0.3,0.3,0.3,"mm","narrowly vase-shaped",NA,2.2,2.7,NA,"mm",0.8,1.1,NA,"mm",NA,0.6,0.8,NA,"mm","4",NA,6,8.5,NA,"mm","lilac-pink",NA,NA,NA,NA,"","Mimosa_dryandroides"
"Mimosa dryandroides var. dryandroides","Mimosa_dryandroides_dryandroides","Barneby_1991_Sensitivae_Censitae_treatment_0787.txt","2025-07-10T02:34:45,202",0,"","",1360,NA,1600,NA,"m","","",NA,NA,NA,NA,"",NA,NA,NA,NA,"","","","",NA,NA,NA,NA,"",NA,NA,NA,NA,"","",NA,NA,NA,NA,"",NA,NA,NA,NA,"","",NA,NA,NA,NA,"",NA,NA,NA,NA,"","",NA,NA,NA,NA,"",NA,NA,NA,NA,"","",NA,NA,NA,NA,"",NA,NA,NA,"",NA,NA,NA,NA,"","",NA,NA,NA,NA,"","",NA,NA,NA,NA,"","Mimosa_dryandroides_dryandroides"
"Mimosa dryandroides var. extratropica","Mimosa_dryandroides_extratropica","Barneby_1991_Sensitivae_Censitae_treatment_0788.txt","2025-07-10T02:35:47,666",2,"","",NA,NA,NA,NA,"","","",NA,NA,NA,NA,"",NA,NA,NA,NA,"","","capitulis","oblongo-cylindricis",NA,2,3,NA,"",NA,1,1.5,NA,"","",NA,NA,NA,NA,"",NA,NA,NA,NA,"","",NA,NA,NA,NA,"",NA,NA,NA,NA,"","",NA,0.8,1,NA,"mm",NA,NA,NA,NA,"","",NA,NA,NA,NA,"",NA,NA,NA,"",NA,NA,NA,NA,"","",NA,NA,NA,NA,"","",NA,NA,NA,NA,"","Mimosa_dryandroides_extratropica"
"Mimosa per-dusenii","Mimosa_perdusenii","Barneby_1991_Sensitivae_Censitae_treatment_0789.txt","2025-07-10T02:36:52,383",1,"subshrubs","",NA,6,NA,NA,"dm","","",NA,NA,NA,NA,"",NA,NA,NA,NA,"","","capitula","globose",NA,5,6,NA,"mm",NA,5,6,NA,"mm","pseudoracemose",1,NA,2.5,NA,"cm",NA,NA,NA,NA,"","4-merous",NA,NA,NA,NA,"",NA,NA,NA,NA,"","membranous",NA,0.15,0.25,NA,"mm",NA,NA,NA,NA,"","tubular or narrowly funnelform",2,2,2.7,2.7,"mm",0.7,0.8,0.8,"mm",0.4,0.4,0.5,0.5,"mm","4",3.5,3.5,4.5,4.5,"mm","pink",NA,NA,NA,NA,"","Mimosa_perdusenii"
"Mimosa dutrae","Mimosa_dutrae","Barneby_1991_Sensitivae_Censitae_treatment_0790.txt","2025-07-10T02:37:58,023",1,"herbs","rooting at random nodes",NA,NA,3,NA,"dm","","",NA,NA,NA,NA,"",NA,NA,NA,NA,"","","fl-spikes","cylindric",10,10,18,18,"mm",4,4,5,5,"mm","",4,4,11,11,"cm",NA,NA,NA,NA,"","4-merous",NA,NA,NA,NA,"",NA,NA,NA,NA,"","paleaceous",0.8,0.8,1,1,"mm",NA,NA,NA,NA,"","obovoid",2,2,2.3,2.3,"mm",1,1,NA,"mm",NA,0.75,0.75,NA,"mm","4",NA,4,4,NA,"mm","pink",NA,NA,NA,NA,"","Mimosa_dutrae"
"Mimosa widgrenii","Mimosa_widgrenii","Barneby_1991_Sensitivae_Censitae_treatment_0791.txt","2025-07-10T02:39:05,299",0,"herbs","",NA,7,10,NA,"dm","","",NA,NA,NA,NA,"",NA,NA,NA,NA,"","","capitula","globose",5,5,10,NA,"mm",5,5,6,NA,"mm","pseudoraceme",1,NA,3.5,NA,"cm",NA,NA,NA,NA,"","4-merous",1,NA,3.5,NA,"cm",NA,NA,NA,NA,"","paleaceous-pappiform",NA,NA,NA,NA,"",NA,1,1.4,NA,"mm","turbinate",NA,NA,NA,NA,"mm",0.85,1,NA,"mm",0.45,0.55,1,NA,"mm","4",NA,6,6,NA,"mm","pink",NA,NA,NA,NA,"","Mimosa_widgrenii"
"Mimosa diffusa","Mimosa_diffusa","Barneby_1991_Sensitivae_Censitae_treatment_0792.txt","2025-07-10T02:40:10,119",0,"swbshrub","",NA,NA,5,NA,"dm","","",NA,NA,NA,NA,"",NA,NA,NA,NA,"","","capitula","subglobose",NA,5.5,6,NA,"mm",NA,5.5,6,NA,"mm","",1.5,NA,3,NA,"cm",NA,NA,NA,NA,"","4-merous",1.5,NA,3,NA,"cm",NA,NA,NA,NA,"","campanulate",NA,NA,NA,NA,"mm",NA,NA,NA,NA,"","narrowly funnelform 4-angulate",NA,2.2,2.4,NA,"mm",0.7,0.7,NA,"mm",NA,0.5,0.5,NA,"mm","4",NA,3,3,NA,"mm","unknown",NA,NA,NA,NA,"","Mimosa_diffusa"
"Mimosa modesta","Mimosa_modesta","Barneby_1991_Sensitivae_Censitae_treatment_0793.txt","2025-07-10T02:41:17,196",1,"herbs","woody root-crown",1.5,NA,20,NA,"dm","","",NA,NA,NA,NA,"",NA,NA,NA,NA,"","","capitula","subspherical",NA,6,9,9.5,"mm",NA,6,9,9.5,"mm","",NA,3,12,NA,"cm",NA,NA,NA,NA,"","4-merous",NA,NA,NA,NA,"",NA,NA,NA,NA,"","",NA,NA,NA,NA,"",NA,NA,NA,NA,"","subtubular",NA,NA,NA,NA,"",0.5,0.7,NA,"mm",NA,0.4,0.55,NA,"mm","4",NA,5,8,NA,"mm","bright pink",NA,NA,NA,NA,"","Mimosa_modesta"
"Mimosa modesta var. modesta","Mimosa_modesta_modesta","Barneby_1991_Sensitivae_Censitae_treatment_0794.txt","2025-07-10T02:42:21,600",2,"","",NA,NA,NA,NA,"","","",NA,NA,NA,NA,"",NA,NA,NA,NA,"","","","",NA,NA,NA,NA,"",NA,NA,NA,NA,"","",NA,3,11,NA,"cm",NA,NA,NA,NA,"","",NA,3,11,NA,"cm",NA,NA,NA,NA,"","",NA,NA,NA,NA,"",NA,NA,NA,NA,"","",NA,2,2.9,NA,"mm",NA,NA,NA,"",NA,NA,NA,NA,"","",NA,NA,NA,NA,"","",NA,NA,NA,NA,"","Mimosa_modesta_modesta"
"Mimosa modesta var. ursinoides","Mimosa_modesta_ursinoides","Barneby_1991_Sensitivae_Censitae_treatment_0795.txt","2025-07-10T02:43:24,477",0,"","",7,600,1100,NA,"m","","",NA,NA,NA,NA,"",NA,NA,NA,NA,"","","","",NA,NA,NA,NA,"",NA,NA,NA,NA,"","",NA,4,12,NA,"cm",NA,NA,NA,NA,"","",NA,4,12,NA,"cm",NA,NA,NA,NA,"","",NA,NA,NA,NA,"",NA,NA,NA,NA,"","",NA,33.3,33.3,NA,"mm",NA,NA,NA,"",NA,NA,NA,NA,"","",NA,NA,NA,NA,"","",NA,NA,NA,NA,"","Mimosa_modesta_ursinoides"
"Mimosa honesta","Mimosa_honesta","Barneby_1991_Sensitivae_Censitae_treatment_0796.txt","2025-07-10T02:44:28,996",1,"subshrub","woody base",NA,2.5,4,NA,"dm","","",NA,NA,NA,NA,"",NA,NA,NA,NA,"","","capitula","subglobose",NA,8,10,NA,"mm",NA,8,10,NA,"mm","pseudoraceme",2,NA,5,NA,"cm",NA,NA,NA,NA,"","4-merous",NA,NA,NA,NA,"",NA,NA,NA,NA,"","pappiform",NA,2,2,NA,"mm",NA,NA,NA,NA,"","",NA,2.8,3.9,NA,"mm",0.7,1,NA,"mm",NA,NA,NA,NA,"","4",NA,4,5.3,NA,"mm","deep pink or lilac-purple",NA,NA,NA,NA,"","Mimosa_honesta"
"Mimosa skinneri","Mimosa_skinneri","Barneby_1991_Sensitivae_Censitae_treatment_0797.txt","2025-07-10T02:45:34,947",1,"short-lived perennial herbs","",NA,0.1,0.6,1,"m","","",NA,NA,NA,NA,"",NA,NA,NA,NA,"","","capitula","ellipsoid or globose",NA,NA,NA,NA,"",NA,4,6,6.5,"mm","",2,NA,7,NA,"cm",NA,NA,NA,NA,"","4-merous",NA,NA,NA,NA,"",NA,NA,NA,NA,"","",NA,0.1,0.3,NA,"mm",NA,NA,NA,NA,"","narrowly vase-shaped",1.7,1.7,2.4,2.4,"mm",NA,NA,NA,"",NA,NA,NA,NA,"","4",NA,4,6,7,"mm","pink",NA,NA,NA,NA,"","Mimosa_skinneri"
"Mimosa skinneri var. desmodioides","Mimosa_skinneri_desmodioides","Barneby_1991_Sensitivae_Censitae_treatment_0798.txt","2025-07-10T02:46:37,088",2,"","",280,NA,700,NA,"m","","",NA,NA,NA,NA,"",NA,NA,NA,NA,"","","","",NA,NA,NA,NA,"",NA,NA,NA,NA,"","",NA,NA,NA,NA,"",NA,NA,NA,NA,"","",NA,NA,NA,NA,"",NA,NA,NA,NA,"","",NA,NA,NA,NA,"",NA,NA,NA,NA,"","",NA,NA,NA,NA,"",NA,NA,NA,"",NA,NA,NA,NA,"","",NA,NA,NA,NA,"","",NA,NA,NA,NA,"","Mimosa_skinneri_desmodioides"
"Mimosa skinneri var. minima","Mimosa_skinneri_minima","Barneby_1991_Sensitivae_Censitae_treatment_0799.txt","2025-07-10T02:47:40,094",0,"","",NA,NA,NA,NA,"","","",NA,NA,NA,NA,"",NA,NA,NA,NA,"","","capitulum","",NA,NA,NA,NA,"",NA,NA,NA,NA,"","",NA,NA,NA,NA,"",NA,NA,NA,NA,"","",NA,NA,NA,NA,"",NA,NA,NA,NA,"","",NA,NA,NA,NA,"",NA,NA,NA,NA,"","",NA,NA,NA,NA,"",NA,NA,NA,"",NA,NA,NA,NA,"","",NA,NA,NA,NA,"","",NA,NA,NA,NA,"","Mimosa_skinneri_minima"
"Mimosa skinneri var. carajaram","Mimosa_skinneri_carajaram","Barneby_1991_Sensitivae_Censitae_treatment_0800.txt","2025-07-10T02:48:42,865",0,"","",NA,NA,NA,NA,"","","",NA,NA,NA,NA,"",NA,NA,NA,NA,"","","","",NA,NA,NA,NA,"",NA,NA,NA,NA,"","",NA,NA,NA,NA,"",NA,NA,NA,NA,"","",NA,NA,NA,NA,"",NA,NA,NA,NA,"","",NA,NA,NA,NA,"",NA,NA,NA,NA,"","",NA,NA,NA,NA,"",NA,NA,NA,"",NA,NA,NA,NA,"","",NA,NA,NA,NA,"","",NA,NA,NA,NA,"","Mimosa_skinneri_carajarum"
"Mimosa skinneri var. skinneri","Mimosa_skinneri_skinneri","Barneby_1991_Sensitivae_Censitae_treatment_0801.txt","2025-07-10T02:49:47,581",0,"","",NA,NA,NA,NA,"","","",NA,NA,NA,NA,"",NA,NA,NA,NA,"","","","",NA,NA,NA,NA,"",NA,NA,NA,NA,"","",NA,NA,NA,NA,"",NA,NA,NA,NA,"","",NA,NA,NA,NA,"",NA,NA,NA,NA,"","",NA,NA,NA,NA,"",NA,NA,NA,NA,"","",NA,NA,NA,NA,"",NA,NA,NA,"",NA,NA,NA,NA,"","",NA,NA,NA,NA,"","",NA,NA,NA,NA,"","Mimosa_skinneri_skinneri"
"Mimosa ursina","Mimosa_ursina","Barneby_1991_Sensitivae_Censitae_treatment_0802.txt","2025-07-10T02:50:54,975",1,"monocarpic herbs","",NA,1,6,NA,"dm","","",NA,NA,NA,NA,"",NA,NA,NA,NA,"","","capitula","",NA,NA,NA,NA,"",NA,2.5,4,NA,"mm","",7,9,22,NA,"mm",NA,NA,NA,NA,"","4-merous",NA,NA,NA,NA,"",NA,NA,NA,NA,"","cup",NA,NA,0.2,NA,"mm",NA,NA,NA,NA,"","narrowly vase-shaped",NA,1.5,2.2,NA,"mm",0.4,0.5,NA,"mm",NA,NA,NA,NA,"","4",NA,2,4,NA,"mm","pinkish",NA,NA,NA,NA,"","Mimosa_ursina"
"Mimosa viva","Mimosa_viva","Barneby_1991_Sensitivae_Censitae_treatment_0803.txt","2025-07-10T02:52:00,295",0,"herb","knotty subterranean caudex",NA,NA,NA,NA,"","","",NA,NA,NA,NA,"",NA,NA,NA,NA,"","","capitula","",NA,NA,NA,NA,"",1.5,1.5,2,2,"mm","",2,5,25,NA,"mm",NA,NA,NA,NA,"","4-merous",2,5,25,NA,"mm",NA,NA,NA,NA,"","campanulate",NA,0.3,0.45,NA,"mm",NA,0.15,0.2,NA,"mm","subtubular",1.5,1.7,2.4,NA,"mm",0.6,0.9,NA,"mm",0.4,0.4,0.4,NA,"mm","4",2.5,NA,4,NA,"mm","whitish",NA,NA,NA,NA,"","Mimosa_viva"
"","","","",NA,"","",NA,NA,NA,NA,"","","",NA,NA,NA,NA,"",NA,NA,NA,NA,"","","","",NA,NA,NA,NA,"",NA,NA,NA,NA,"","",NA,NA,NA,NA,"",NA,NA,NA,NA,"","",NA,NA,NA,NA,"",NA,NA,NA,NA,"","",NA,NA,NA,NA,"",NA,NA,NA,NA,"","",NA,NA,NA,NA,"",NA,NA,NA,"",NA,NA,NA,NA,"","",NA,NA,NA,NA,"","",NA,NA,NA,NA,"",""
"Revised","","","",NA,"","",NA,NA,NA,NA,"","","",NA,NA,NA,NA,"",NA,NA,NA,NA,"","","","",NA,NA,NA,NA,"",NA,NA,NA,NA,"","",NA,NA,NA,NA,"",NA,NA,NA,NA,"","",NA,NA,NA,NA,"",NA,NA,NA,NA,"","",NA,NA,NA,NA,"",NA,NA,NA,NA,"","",NA,NA,NA,NA,"",NA,NA,NA,"",NA,NA,NA,NA,"","",NA,NA,NA,NA,"","",NA,NA,NA,NA,"","Revised"
"Remaining - Phylogeny 1","","","",NA,"","",NA,NA,NA,NA,"","","",NA,NA,NA,NA,"",NA,NA,NA,NA,"","","","",NA,NA,NA,NA,"",NA,NA,NA,NA,"","",NA,NA,NA,NA,"",NA,NA,NA,NA,"","",NA,NA,NA,NA,"",NA,NA,NA,NA,"","",NA,NA,NA,NA,"",NA,NA,NA,NA,"","",NA,NA,NA,NA,"",NA,NA,NA,"",NA,NA,NA,NA,"","",NA,NA,NA,NA,"","",NA,NA,NA,NA,"","Remaining__Phylogeny_1"
"Phylogeny 1:       323","","","",NA,"","",NA,NA,NA,NA,"","","",NA,NA,NA,NA,"",NA,NA,NA,NA,"","","","",NA,NA,NA,NA,"",NA,NA,NA,NA,"","",NA,NA,NA,NA,"",NA,NA,NA,NA,"","",NA,NA,NA,NA,"",NA,NA,NA,NA,"","",NA,NA,NA,NA,"",NA,NA,NA,NA,"","",NA,NA,NA,NA,"",NA,NA,NA,"",NA,NA,NA,NA,"","",NA,NA,NA,NA,"","",NA,NA,NA,NA,"","drop"
"Phylogeny 1-2:    425","","","",NA,"","",NA,NA,NA,NA,"","","",NA,NA,NA,NA,"",NA,NA,NA,NA,"","","","",NA,NA,NA,NA,"",NA,NA,NA,NA,"","",NA,NA,NA,NA,"",NA,NA,NA,NA,"","",NA,NA,NA,NA,"",NA,NA,NA,NA,"","",NA,NA,NA,NA,"",NA,NA,NA,NA,"","",NA,NA,NA,NA,"",NA,NA,NA,"",NA,NA,NA,NA,"","",NA,NA,NA,NA,"","",NA,NA,NA,NA,"","drop"
"All taxa:               803","","","",NA,"","",NA,NA,NA,NA,"","","",NA,NA,NA,NA,"",NA,NA,NA,NA,"","","","",NA,NA,NA,NA,"",NA,NA,NA,NA,"","",NA,NA,NA,NA,"",NA,NA,NA,NA,"","",NA,NA,NA,NA,"",NA,NA,NA,NA,"","",NA,NA,NA,NA,"",NA,NA,NA,NA,"","",NA,NA,NA,NA,"",NA,NA,NA,"",NA,NA,NA,NA,"","",NA,NA,NA,NA,"","",NA,NA,NA,NA,"","drop"
