"species","Priority","Trait.reference","Link.to.reference","Trait.extraction.method","OBS","Habit","Height (m)","Leaf duration (evergreen/deciduous [usually not mentioned in the description])","Brachyblast presence [a proxy for leaf duration; sometimes described as ""short shoot""]","Prickles presence (are corky projections from a plant's skin, or dermal tissue.)","Stipular spines presence","stipule spine length(mm)","stipule spine width (mm)","stipule length (mm)","stipule width (mm)","Leaf length (mm)","Petiole length (mm)","Petiole extra-floral nectary presence","Rachis length (mm)","Rachis extra-floral nectary presence","Number of pinnae pairs (integer)","Pinnae length (mm)","Pinnae rachis length (mm)","Pinna extra-floral nectary presence","Number of leaflet pairs (integer)","Leaflet length (mm)","Leaflet width (mm)","Leaflet shape (text)","Leaflet base shape (text)","Leaflet apex shape (text)","Extrafloral nectary (in general)","Peduncle length (mm)","Pedicel (mm)","Inflorescence length (mm)","Infloresence main rachis length (mm)","Inflorescence width (mm)","Inflorescence shape (text)","Inflorescence arrangement / synflorescence (text)","Calyx merism (integer [sometimes not available when minute and gamosepalous])","Calyx length (mm)","Calyx lobe length (mm)","Calyx lobe width (mm)","Corolla merism (integer)","Corolla length (mm)","Corolla lobe length (mm)","Corolla lobe width (mm)","Flower color","Corolla color (text)","Number of stamens (integer)","Stamen/fillament length (mm)","Stamen color","Anther length (mm)","Anther width (mm)","Anther color","Anther gland presence","Nectary presence","Ovary length (mm)","Ovary width (mm)","Style length (mm)","Stigma shape","Fruit type (text)","Fruit length (mm)","Fruit width (mm)","Fruit thickness (mm)","Fruit shape (text)","Fruit base shape (text)","Fruit apex shape (text)","Fruit color","Number of Seeds","Seed length (mm)","Seed width (mm)","Seed thickness (mm)","Seed shape","Seed color (text)","Source used","traits scored specifically for this species","Varieties present (scored before the use of phylogeny highlighted orange)","refercence notes"
"Hydrochorea_acreana","Low","Barneby, R.C. and Grimes, J., 1996. Silk tree, guanacaste, monkey's earring: a generic system of the synandrous Mimosaceae of the Americas. Part I. Abarema, Albizia, and allies. Memoirs of the New York Botanical Garden, 74(1).","https://www.dropbox.com/s/omtdhf8ghyz5gpq/Barneby_and_Grimes-1996-Silk%20Tree%2C%20Guanacaste%2C%20Monkey%27s%20Earring%20-%20Part%20I.pdf?dl=0","automatic",NA,"tree","± 25-30",NA,NA,"no","no",NA,NA,"0",NA,NA,"40-65","yes",NA,NA,"4-5",NA,"90-150",NA,"4-6","± 35-62","16-37","acrescent distally, obtusely rhombic-ovate","inequallateral, broadly rounded","very shortly acuminate, obscurely acuminate, obtuse","yes","20-33","2.5-5",NA,"70-180",NA,"umbiliform racemes","corymbose-paniculate or umbiliform racemes",NA,"±2-4.5","0.4-.8",NA,NA,"± 4-7","1-14","0.8-0.9",NA,NA,"10-12","±12-15.5",NA,NA,NA,NA,NA,NA,"± 0.5",NA,"~13-15.5","wide at apex","pod",NA,NA,NA,NA,NA,NA,NA,NA,NA,NA,NA,NA,NA,"same","yes",NA,NA
"Abarema_cochliacarpos","Low","Barneby, R.C. and Grimes, J., 1996. Silk tree, guanacaste, monkey's earring: a generic system of the synandrous Mimosaceae of the Americas. Part I. Abarema, Albizia, and allies. Memoirs of the New York Botanical Garden, 74(1).","https://www.dropbox.com/s/omtdhf8ghyz5gpq/Barneby_and_Grimes-1996-Silk%20Tree%2C%20Guanacaste%2C%20Monkey%27s%20Earring%20-%20Part%20I.pdf?dl=1","automatic",NA,"tree, shrubs","2-30",NA,NA,NA,NA,NA,NA,"< 1.2",NA,NA,"(5-)8-30(-36)","yes",NA,NA,"2-4(-5)",NA,"30-75(-85)",NA,"3-4(-5)","25-60","14-26(-30)","obovate, obovate-elliptic, elliptic, shortly acuminute","subequilaterally cuneate","very obutse, emarginate","yes","(30-)40-115",NA,NA,NA,NA,"capitula",NA,"5","1.6-2.2(-2.8)","0.2-0.5","0.5-0.7","5","5.5-6.5","1.5-2.2","0.7-1","greenish white",NA,"20-25","13-16",NA,NA,NA,NA,NA,NA,NA,NA,NA,NA,"pod",NA,NA,NA,"undulately linear, evenly recurved into a ring, flat spiral",NA,NA,NA,"8-12","±7","±6",NA,"broadly obovoid, compressed but plump","ivory-white, brown","same","yes",NA,NA
"Jupunba_langsdorffii","Low","Barneby, R.C. and Grimes, J., 1996. Silk tree, guanacaste, monkey's earring: a generic system of the synandrous Mimosaceae of the Americas. Part I. Abarema, Albizia, and allies. Memoirs of the New York Botanical Garden, 74(1).","https://www.dropbox.com/s/omtdhf8ghyz5gpq/Barneby_and_Grimes-1996-Silk%20Tree%2C%20Guanacaste%2C%20Monkey%27s%20Earring%20-%20Part%20I.pdf?dl=2","automatic",NA,NA,NA,NA,NA,NA,NA,NA,NA,NA,NA,NA,NA,NA,NA,NA,NA,NA,NA,NA,NA,NA,NA,NA,NA,NA,NA,NA,NA,NA,NA,NA,NA,NA,NA,NA,NA,NA,NA,NA,NA,NA,NA,NA,NA,NA,NA,NA,NA,NA,NA,NA,NA,NA,NA,NA,NA,NA,NA,NA,NA,NA,NA,NA,NA,NA,NA,NA,NA,NA,NA,NA,NA,NA
"Vachellia_abyssinica","Low","Maslin, B. 2001. Flora of Australia, Mimosaceae, Acacia.",NA,"automatic",NA,NA,NA,NA,NA,NA,NA,NA,NA,NA,NA,NA,NA,NA,NA,NA,NA,NA,NA,NA,NA,NA,NA,NA,NA,NA,NA,NA,NA,NA,NA,NA,NA,NA,NA,NA,NA,NA,NA,NA,NA,NA,NA,NA,NA,NA,NA,NA,NA,NA,NA,NA,NA,NA,NA,NA,NA,NA,NA,NA,NA,NA,NA,NA,NA,NA,NA,NA,NA,NA,NA,NA,NA,NA
"Mariosousa_acatlensis","Low","Maslin, B. 2001. Flora of Australia, Mimosaceae, Acacia.",NA,"automatic",NA,NA,NA,NA,NA,NA,NA,NA,NA,NA,NA,NA,NA,NA,NA,NA,NA,NA,NA,NA,NA,NA,NA,NA,NA,NA,NA,NA,NA,NA,NA,NA,NA,NA,NA,NA,NA,NA,NA,NA,NA,NA,NA,NA,NA,NA,NA,NA,NA,NA,NA,NA,NA,NA,NA,NA,NA,NA,NA,NA,NA,NA,NA,NA,NA,NA,NA,NA,NA,NA,NA,NA,NA,NA
"Senegalia_adenocalyx","Low","Maslin, B. 2001. Flora of Australia, Mimosaceae, Acacia.",NA,"automatic",NA,NA,NA,NA,NA,NA,NA,NA,NA,NA,NA,NA,NA,NA,NA,NA,NA,NA,NA,NA,NA,NA,NA,NA,NA,NA,NA,NA,NA,NA,NA,NA,NA,NA,NA,NA,NA,NA,NA,NA,NA,NA,NA,NA,NA,NA,NA,NA,NA,NA,NA,NA,NA,NA,NA,NA,NA,NA,NA,NA,NA,NA,NA,NA,NA,NA,NA,NA,NA,NA,NA,NA,NA,NA
"Vachellia_allenii","Low","Maslin, B. 2001. Flora of Australia, Mimosaceae, Acacia.",NA,"automatic",NA,NA,NA,NA,NA,NA,NA,NA,NA,NA,NA,NA,NA,NA,NA,NA,NA,NA,NA,NA,NA,NA,NA,NA,NA,NA,NA,NA,NA,NA,NA,NA,NA,NA,NA,NA,NA,NA,NA,NA,NA,NA,NA,NA,NA,NA,NA,NA,NA,NA,NA,NA,NA,NA,NA,NA,NA,NA,NA,NA,NA,NA,NA,NA,NA,NA,NA,NA,NA,NA,NA,NA,NA,NA
"Vachellia_amythethophylla","Low","Maslin, B. 2001. Flora of Australia, Mimosaceae, Acacia.",NA,"automatic",NA,NA,NA,NA,NA,NA,NA,NA,NA,NA,NA,NA,NA,NA,NA,NA,NA,NA,NA,NA,NA,NA,NA,NA,NA,NA,NA,NA,NA,NA,NA,NA,NA,NA,NA,NA,NA,NA,NA,NA,NA,NA,NA,NA,NA,NA,NA,NA,NA,NA,NA,NA,NA,NA,NA,NA,NA,NA,NA,NA,NA,NA,NA,NA,NA,NA,NA,NA,NA,NA,NA,NA,NA,NA
"Acaciella_angustissima","Low","Maslin, B. 2001. Flora of Australia, Mimosaceae, Acacia.",NA,"automatic",NA,"shrubs, trees",NA,NA,NA,"no",NA,NA,NA,NA,"<0.5",NA,NA,"no",NA,NA,">2",NA,NA,NA,NA,"3(8)",NA,"usually linear, linear-oblong",NA,NA,NA,NA,NA,"<600",NA,NA,"racemes","capitulum like racemes",NA,NA,NA,NA,NA,NA,NA,NA,NA,NA,NA,NA,NA,NA,NA,NA,NA,NA,NA,NA,NA,NA,"legume",NA,NA,NA,"flat, linear, narrowly oblong",NA,NA,NA,NA,NA,NA,NA,"not longer than broad, lenticular in outline, almost spherical",NA,"https://www.dropbox.com/s/tu4gddsbkveteno/Rico-Arce_and_Bachman-2006-%20A%20taxonomic%20revision%20of%20Acaciella%20%28Leguminosae%2C%20Mimosoideae%29%20.pdf?dl=0","yes",NA,NA
"Senegalia_anisophylla","Low","Maslin, B. 2001. Flora of Australia, Mimosaceae, Acacia.",NA,"automatic",NA,NA,NA,NA,NA,NA,NA,NA,NA,NA,NA,NA,NA,NA,NA,NA,NA,NA,NA,NA,NA,NA,NA,NA,NA,NA,NA,NA,NA,NA,NA,NA,NA,NA,NA,NA,NA,NA,NA,NA,NA,NA,NA,NA,NA,NA,NA,NA,NA,NA,NA,NA,NA,NA,NA,NA,NA,NA,NA,NA,NA,NA,NA,NA,NA,NA,NA,NA,NA,NA,NA,NA,NA,NA
"Senegalia_asak","Low","Maslin, B. 2001. Flora of Australia, Mimosaceae, Acacia.",NA,"automatic",NA,NA,NA,NA,NA,NA,NA,NA,NA,NA,NA,NA,NA,NA,NA,NA,NA,NA,NA,NA,NA,NA,NA,NA,NA,NA,NA,NA,NA,NA,NA,NA,NA,NA,NA,NA,NA,NA,NA,NA,NA,NA,NA,NA,NA,NA,NA,NA,NA,NA,NA,NA,NA,NA,NA,NA,NA,NA,NA,NA,NA,NA,NA,NA,NA,NA,NA,NA,NA,NA,NA,NA,NA,NA
"Senegalia_ataxacantha","Low","Maslin, B. 2001. Flora of Australia, Mimosaceae, Acacia.",NA,"automatic",NA,NA,NA,NA,NA,NA,NA,NA,NA,NA,NA,NA,NA,NA,NA,NA,NA,NA,NA,NA,NA,NA,NA,NA,NA,NA,NA,NA,NA,NA,NA,NA,NA,NA,NA,NA,NA,NA,NA,NA,NA,NA,NA,NA,NA,NA,NA,NA,NA,NA,NA,NA,NA,NA,NA,NA,NA,NA,NA,NA,NA,NA,NA,NA,NA,NA,NA,NA,NA,NA,NA,NA,NA,NA
"Vachellia_bellula","Low","Maslin, B. 2001. Flora of Australia, Mimosaceae, Acacia.",NA,"automatic",NA,NA,NA,NA,NA,NA,NA,NA,NA,NA,NA,NA,NA,NA,NA,NA,NA,NA,NA,NA,NA,NA,NA,NA,NA,NA,NA,NA,NA,NA,NA,NA,NA,NA,NA,NA,NA,NA,NA,NA,NA,NA,NA,NA,NA,NA,NA,NA,NA,NA,NA,NA,NA,NA,NA,NA,NA,NA,NA,NA,NA,NA,NA,NA,NA,NA,NA,NA,NA,NA,NA,NA,NA,NA
"Senegalia_berlandieri","Low","Maslin, B. 2001. Flora of Australia, Mimosaceae, Acacia.",NA,"automatic",NA,NA,NA,NA,NA,NA,NA,NA,NA,NA,NA,NA,NA,NA,NA,NA,NA,NA,NA,NA,NA,NA,NA,NA,NA,NA,NA,NA,NA,NA,NA,NA,NA,NA,NA,NA,NA,NA,NA,NA,NA,NA,NA,NA,NA,NA,NA,NA,NA,NA,NA,NA,NA,NA,NA,NA,NA,NA,NA,NA,NA,NA,NA,NA,NA,NA,NA,NA,NA,NA,NA,NA,NA,NA
"Vachellia_biaciculata","Low","Maslin, B. 2001. Flora of Australia, Mimosaceae, Acacia.",NA,"automatic",NA,NA,NA,NA,NA,NA,NA,NA,NA,NA,NA,NA,NA,NA,NA,NA,NA,NA,NA,NA,NA,NA,NA,NA,NA,NA,NA,NA,NA,NA,NA,NA,NA,NA,NA,NA,NA,NA,NA,NA,NA,NA,NA,NA,NA,NA,NA,NA,NA,NA,NA,NA,NA,NA,NA,NA,NA,NA,NA,NA,NA,NA,NA,NA,NA,NA,NA,NA,NA,NA,NA,NA,NA,NA
"Vachellia_bilimekii","Low","Maslin, B. 2001. Flora of Australia, Mimosaceae, Acacia.",NA,"automatic",NA,NA,NA,NA,NA,NA,NA,NA,NA,NA,NA,NA,NA,NA,NA,NA,NA,NA,NA,NA,NA,NA,NA,NA,NA,NA,NA,NA,NA,NA,NA,NA,NA,NA,NA,NA,NA,NA,NA,NA,NA,NA,NA,NA,NA,NA,NA,NA,NA,NA,NA,NA,NA,NA,NA,NA,NA,NA,NA,NA,NA,NA,NA,NA,NA,NA,NA,NA,NA,NA,NA,NA,NA,NA
"Senegalia_bonariensis","Low","Maslin, B. 2001. Flora of Australia, Mimosaceae, Acacia.",NA,"automatic",NA,NA,NA,NA,NA,NA,NA,NA,NA,NA,NA,NA,NA,NA,NA,NA,NA,NA,NA,NA,NA,NA,NA,NA,NA,NA,NA,NA,NA,NA,NA,NA,NA,NA,NA,NA,NA,NA,NA,NA,NA,NA,NA,NA,NA,NA,NA,NA,NA,NA,NA,NA,NA,NA,NA,NA,NA,NA,NA,NA,NA,NA,NA,NA,NA,NA,NA,NA,NA,NA,NA,NA,NA,NA
"Vachellia_brandegeeana","Low","Maslin, B. 2001. Flora of Australia, Mimosaceae, Acacia.",NA,"automatic",NA,NA,NA,NA,NA,NA,NA,NA,NA,NA,NA,NA,NA,NA,NA,NA,NA,NA,NA,NA,NA,NA,NA,NA,NA,NA,NA,NA,NA,NA,NA,NA,NA,NA,NA,NA,NA,NA,NA,NA,NA,NA,NA,NA,NA,NA,NA,NA,NA,NA,NA,NA,NA,NA,NA,NA,NA,NA,NA,NA,NA,NA,NA,NA,NA,NA,NA,NA,NA,NA,NA,NA,NA,NA
"Senegalia_brevispica","Low","Maslin, B. 2001. Flora of Australia, Mimosaceae, Acacia.",NA,"automatic",NA,NA,NA,NA,NA,NA,NA,NA,NA,NA,NA,NA,NA,NA,NA,NA,NA,NA,NA,NA,NA,NA,NA,NA,NA,NA,NA,NA,NA,NA,NA,NA,NA,NA,NA,NA,NA,NA,NA,NA,NA,NA,NA,NA,NA,NA,NA,NA,NA,NA,NA,NA,NA,NA,NA,NA,NA,NA,NA,NA,NA,NA,NA,NA,NA,NA,NA,NA,NA,NA,NA,NA,NA,NA
"Senegalia_burkei","Low","Maslin, B. 2001. Flora of Australia, Mimosaceae, Acacia.",NA,"automatic",NA,NA,NA,NA,NA,NA,NA,NA,NA,NA,NA,NA,NA,NA,NA,NA,NA,NA,NA,NA,NA,NA,NA,NA,NA,NA,NA,NA,NA,NA,NA,NA,NA,NA,NA,NA,NA,NA,NA,NA,NA,NA,NA,NA,NA,NA,NA,NA,NA,NA,NA,NA,NA,NA,NA,NA,NA,NA,NA,NA,NA,NA,NA,NA,NA,NA,NA,NA,NA,NA,NA,NA,NA,NA
"Senegalia_intsia","Low","Maslin, B. 2001. Flora of Australia, Mimosaceae, Acacia.",NA,"automatic",NA,NA,NA,NA,NA,NA,NA,NA,NA,NA,NA,NA,NA,NA,NA,NA,NA,NA,NA,NA,NA,NA,NA,NA,NA,NA,NA,NA,NA,NA,NA,NA,NA,NA,NA,NA,NA,NA,NA,NA,NA,NA,NA,NA,NA,NA,NA,NA,NA,NA,NA,NA,NA,NA,NA,NA,NA,NA,NA,NA,NA,NA,NA,NA,NA,NA,NA,NA,NA,NA,NA,NA,NA,NA
"Senegalia_caffra","Low","Maslin, B. 2001. Flora of Australia, Mimosaceae, Acacia.",NA,"automatic",NA,NA,NA,NA,NA,NA,NA,NA,NA,NA,NA,NA,NA,NA,NA,NA,NA,NA,NA,NA,NA,NA,NA,NA,NA,NA,NA,NA,NA,NA,NA,NA,NA,NA,NA,NA,NA,NA,NA,NA,NA,NA,NA,NA,NA,NA,NA,NA,NA,NA,NA,NA,NA,NA,NA,NA,NA,NA,NA,NA,NA,NA,NA,NA,NA,NA,NA,NA,NA,NA,NA,NA,NA,NA
"Mariosousa_centralis","Low","Maslin, B. 2001. Flora of Australia, Mimosaceae, Acacia.",NA,"automatic",NA,NA,NA,NA,NA,NA,NA,NA,NA,NA,NA,NA,NA,NA,NA,NA,NA,NA,NA,NA,NA,NA,NA,NA,NA,NA,NA,NA,NA,NA,NA,NA,NA,NA,NA,NA,NA,NA,NA,NA,NA,NA,NA,NA,NA,NA,NA,NA,NA,NA,NA,NA,NA,NA,NA,NA,NA,NA,NA,NA,NA,NA,NA,NA,NA,NA,NA,NA,NA,NA,NA,NA,NA,NA
"Vachellia_chiapensis","Low","Maslin, B. 2001. Flora of Australia, Mimosaceae, Acacia.",NA,"automatic",NA,NA,NA,NA,NA,NA,NA,NA,NA,NA,NA,NA,NA,NA,NA,NA,NA,NA,NA,NA,NA,NA,NA,NA,NA,NA,NA,NA,NA,NA,NA,NA,NA,NA,NA,NA,NA,NA,NA,NA,NA,NA,NA,NA,NA,NA,NA,NA,NA,NA,NA,NA,NA,NA,NA,NA,NA,NA,NA,NA,NA,NA,NA,NA,NA,NA,NA,NA,NA,NA,NA,NA,NA,NA
"Vachellia_campeachiana","Low","Maslin, B. 2001. Flora of Australia, Mimosaceae, Acacia.",NA,"automatic",NA,NA,NA,NA,NA,NA,NA,NA,NA,NA,NA,NA,NA,NA,NA,NA,NA,NA,NA,NA,NA,NA,NA,NA,NA,NA,NA,NA,NA,NA,NA,NA,NA,NA,NA,NA,NA,NA,NA,NA,NA,NA,NA,NA,NA,NA,NA,NA,NA,NA,NA,NA,NA,NA,NA,NA,NA,NA,NA,NA,NA,NA,NA,NA,NA,NA,NA,NA,NA,NA,NA,NA,NA,NA
"Mariosousa_compacta","Low","Maslin, B. 2001. Flora of Australia, Mimosaceae, Acacia.",NA,"automatic",NA,NA,NA,NA,NA,NA,NA,NA,NA,NA,NA,NA,NA,NA,NA,NA,NA,NA,NA,NA,NA,NA,NA,NA,NA,NA,NA,NA,NA,NA,NA,NA,NA,NA,NA,NA,NA,NA,NA,NA,NA,NA,NA,NA,NA,NA,NA,NA,NA,NA,NA,NA,NA,NA,NA,NA,NA,NA,NA,NA,NA,NA,NA,NA,NA,NA,NA,NA,NA,NA,NA,NA,NA,NA
"Parasenegalia_visco","Low","Nielsen, I.C. (1992). Mimosaceae (Leguminosae-Mimosoideae). Flora Malesiana - Series 1, Spermatophyta, 11(1), 1‚Äö√Ñ√¨226.","https://www.dropbox.com/s/2hsx9hy2vv0i7m8/Nielsen-1992-Flora%20Malesiana%20Leguminosae%20Mimosoideae.pdf?dl=0","manual",NA,NA,NA,NA,NA,NA,NA,NA,NA,NA,NA,NA,NA,NA,NA,NA,NA,NA,NA,NA,NA,NA,NA,NA,NA,NA,NA,NA,NA,NA,NA,NA,NA,NA,NA,NA,NA,NA,NA,NA,NA,NA,NA,NA,NA,NA,NA,NA,NA,NA,NA,NA,NA,NA,NA,NA,NA,NA,NA,NA,NA,NA,NA,NA,NA,NA,NA,NA,NA,NA,NA,NA,NA,NA
"Acacia_confusa","Low","Maslin, B. 2001. Flora of Australia, Mimosaceae, Acacia.",NA,"automatic",NA,NA,NA,NA,NA,NA,NA,NA,NA,NA,NA,NA,NA,NA,NA,NA,NA,NA,NA,NA,NA,NA,NA,NA,NA,NA,NA,NA,NA,NA,NA,NA,NA,NA,NA,NA,NA,NA,NA,NA,NA,NA,NA,NA,NA,NA,NA,NA,NA,NA,NA,NA,NA,NA,NA,NA,NA,NA,NA,NA,NA,NA,NA,NA,NA,NA,NA,NA,NA,NA,NA,NA,NA,NA
"Vachellia_constricta","Low","Maslin, B. 2001. Flora of Australia, Mimosaceae, Acacia.",NA,"automatic",NA,NA,NA,NA,NA,NA,NA,NA,NA,NA,NA,NA,NA,NA,NA,NA,NA,NA,NA,NA,NA,NA,NA,NA,NA,NA,NA,NA,NA,NA,NA,NA,NA,NA,NA,NA,NA,NA,NA,NA,NA,NA,NA,NA,NA,NA,NA,NA,NA,NA,NA,NA,NA,NA,NA,NA,NA,NA,NA,NA,NA,NA,NA,NA,NA,NA,NA,NA,NA,NA,NA,NA,NA,NA
"Vachellia_cookii","Low","Maslin, B. 2001. Flora of Australia, Mimosaceae, Acacia.",NA,"automatic",NA,NA,NA,NA,NA,NA,NA,NA,NA,NA,NA,NA,NA,NA,NA,NA,NA,NA,NA,NA,NA,NA,NA,NA,NA,NA,NA,NA,NA,NA,NA,NA,NA,NA,NA,NA,NA,NA,NA,NA,NA,NA,NA,NA,NA,NA,NA,NA,NA,NA,NA,NA,NA,NA,NA,NA,NA,NA,NA,NA,NA,NA,NA,NA,NA,NA,NA,NA,NA,NA,NA,NA,NA,NA
"Vachellia_cornigera","Low","Maslin, B. 2001. Flora of Australia, Mimosaceae, Acacia.",NA,"automatic",NA,NA,NA,NA,NA,NA,NA,NA,NA,NA,NA,NA,NA,NA,NA,NA,NA,NA,NA,NA,NA,NA,NA,NA,NA,NA,NA,NA,NA,NA,NA,NA,NA,NA,NA,NA,NA,NA,NA,NA,NA,NA,NA,NA,NA,NA,NA,NA,NA,NA,NA,NA,NA,NA,NA,NA,NA,NA,NA,NA,NA,NA,NA,NA,NA,NA,NA,NA,NA,NA,NA,NA,NA,NA
"Mariosousa_coulteri","Low","Maslin, B. 2001. Flora of Australia, Mimosaceae, Acacia.",NA,"automatic",NA,NA,NA,NA,NA,NA,NA,NA,NA,NA,NA,NA,NA,NA,NA,NA,NA,NA,NA,NA,NA,NA,NA,NA,NA,NA,NA,NA,NA,NA,NA,NA,NA,NA,NA,NA,NA,NA,NA,NA,NA,NA,NA,NA,NA,NA,NA,NA,NA,NA,NA,NA,NA,NA,NA,NA,NA,NA,NA,NA,NA,NA,NA,NA,NA,NA,NA,NA,NA,NA,NA,NA,NA,NA
"Acacia_cracentis","Low","Maslin, B. 2001. Flora of Australia, Mimosaceae, Acacia.",NA,"automatic",NA,NA,NA,NA,NA,NA,NA,NA,NA,NA,NA,NA,NA,NA,NA,NA,NA,NA,NA,NA,NA,NA,NA,NA,NA,NA,NA,NA,NA,NA,NA,NA,NA,NA,NA,NA,NA,NA,NA,NA,NA,NA,NA,NA,NA,NA,NA,NA,NA,NA,NA,NA,NA,NA,NA,NA,NA,NA,NA,NA,NA,NA,NA,NA,NA,NA,NA,NA,NA,NA,NA,NA,NA,NA
"Senegalia_crassifolia","Low","Maslin, B. 2001. Flora of Australia, Mimosaceae, Acacia.",NA,"automatic",NA,NA,NA,NA,NA,NA,NA,NA,NA,NA,NA,NA,NA,NA,NA,NA,NA,NA,NA,NA,NA,NA,NA,NA,NA,NA,NA,NA,NA,NA,NA,NA,NA,NA,NA,NA,NA,NA,NA,NA,NA,NA,NA,NA,NA,NA,NA,NA,NA,NA,NA,NA,NA,NA,NA,NA,NA,NA,NA,NA,NA,NA,NA,NA,NA,NA,NA,NA,NA,NA,NA,NA,NA,NA
"Acaciella_tequilana_crinita","Low","Maslin, B. 2001. Flora of Australia, Mimosaceae, Acacia.",NA,"automatic",NA,NA,NA,NA,NA,NA,NA,NA,NA,NA,NA,NA,NA,NA,NA,NA,NA,NA,NA,NA,NA,NA,NA,NA,NA,NA,NA,NA,NA,NA,NA,NA,NA,NA,NA,NA,NA,NA,NA,NA,NA,NA,NA,NA,NA,NA,NA,NA,NA,NA,NA,NA,NA,NA,NA,NA,NA,NA,NA,NA,NA,NA,NA,NA,NA,NA,NA,NA,NA,NA,NA,NA,NA,NA
"Acacia_genistifolia_genistifolia","Low","Maslin, B. 2001. Flora of Australia, Mimosaceae, Acacia.",NA,"automatic",NA,NA,NA,NA,NA,NA,NA,NA,NA,NA,NA,NA,NA,NA,NA,NA,NA,NA,NA,NA,NA,NA,NA,NA,NA,NA,NA,NA,NA,NA,NA,NA,NA,NA,NA,NA,NA,NA,NA,NA,NA,NA,NA,NA,NA,NA,NA,NA,NA,NA,NA,NA,NA,NA,NA,NA,NA,NA,NA,NA,NA,NA,NA,NA,NA,NA,NA,NA,NA,NA,NA,NA,NA,NA
"Mariosousa_dolichostachya","Low","Maslin, B. 2001. Flora of Australia, Mimosaceae, Acacia.",NA,"automatic",NA,NA,NA,NA,NA,NA,NA,NA,NA,NA,NA,NA,NA,NA,NA,NA,NA,NA,NA,NA,NA,NA,NA,NA,NA,NA,NA,NA,NA,NA,NA,NA,NA,NA,NA,NA,NA,NA,NA,NA,NA,NA,NA,NA,NA,NA,NA,NA,NA,NA,NA,NA,NA,NA,NA,NA,NA,NA,NA,NA,NA,NA,NA,NA,NA,NA,NA,NA,NA,NA,NA,NA,NA,NA
"Vachellia_drepanolobium","Low","Maslin, B. 2001. Flora of Australia, Mimosaceae, Acacia.",NA,"automatic",NA,NA,NA,NA,NA,NA,NA,NA,NA,NA,NA,NA,NA,NA,NA,NA,NA,NA,NA,NA,NA,NA,NA,NA,NA,NA,NA,NA,NA,NA,NA,NA,NA,NA,NA,NA,NA,NA,NA,NA,NA,NA,NA,NA,NA,NA,NA,NA,NA,NA,NA,NA,NA,NA,NA,NA,NA,NA,NA,NA,NA,NA,NA,NA,NA,NA,NA,NA,NA,NA,NA,NA,NA,NA
"Vachellia_edgeworthii","Low","Maslin, B. 2001. Flora of Australia, Mimosaceae, Acacia.",NA,"automatic",NA,NA,NA,NA,NA,NA,NA,NA,NA,NA,NA,NA,NA,NA,NA,NA,NA,NA,NA,NA,NA,NA,NA,NA,NA,NA,NA,NA,NA,NA,NA,NA,NA,NA,NA,NA,NA,NA,NA,NA,NA,NA,NA,NA,NA,NA,NA,NA,NA,NA,NA,NA,NA,NA,NA,NA,NA,NA,NA,NA,NA,NA,NA,NA,NA,NA,NA,NA,NA,NA,NA,NA,NA,NA
"Senegalia_erubescens","Low","Maslin, B. 2001. Flora of Australia, Mimosaceae, Acacia.",NA,"automatic",NA,NA,NA,NA,NA,NA,NA,NA,NA,NA,NA,NA,NA,NA,NA,NA,NA,NA,NA,NA,NA,NA,NA,NA,NA,NA,NA,NA,NA,NA,NA,NA,NA,NA,NA,NA,NA,NA,NA,NA,NA,NA,NA,NA,NA,NA,NA,NA,NA,NA,NA,NA,NA,NA,NA,NA,NA,NA,NA,NA,NA,NA,NA,NA,NA,NA,NA,NA,NA,NA,NA,NA,NA,NA
"Senegalia_erythrocalyx","Low","Maslin, B. 2001. Flora of Australia, Mimosaceae, Acacia.",NA,"automatic",NA,NA,NA,NA,NA,NA,NA,NA,NA,NA,NA,NA,NA,NA,NA,NA,NA,NA,NA,NA,NA,NA,NA,NA,NA,NA,NA,NA,NA,NA,NA,NA,NA,NA,NA,NA,NA,NA,NA,NA,NA,NA,NA,NA,NA,NA,NA,NA,NA,NA,NA,NA,NA,NA,NA,NA,NA,NA,NA,NA,NA,NA,NA,NA,NA,NA,NA,NA,NA,NA,NA,NA,NA,NA
"Vachellia_etbaica","Low","Maslin, B. 2001. Flora of Australia, Mimosaceae, Acacia.",NA,"automatic",NA,NA,NA,NA,NA,NA,NA,NA,NA,NA,NA,NA,NA,NA,NA,NA,NA,NA,NA,NA,NA,NA,NA,NA,NA,NA,NA,NA,NA,NA,NA,NA,NA,NA,NA,NA,NA,NA,NA,NA,NA,NA,NA,NA,NA,NA,NA,NA,NA,NA,NA,NA,NA,NA,NA,NA,NA,NA,NA,NA,NA,NA,NA,NA,NA,NA,NA,NA,NA,NA,NA,NA,NA,NA
"Senegalia_gilliesii","Low","Maslin, B. 2001. Flora of Australia, Mimosaceae, Acacia.",NA,"automatic",NA,NA,NA,NA,NA,NA,NA,NA,NA,NA,NA,NA,NA,NA,NA,NA,NA,NA,NA,NA,NA,NA,NA,NA,NA,NA,NA,NA,NA,NA,NA,NA,NA,NA,NA,NA,NA,NA,NA,NA,NA,NA,NA,NA,NA,NA,NA,NA,NA,NA,NA,NA,NA,NA,NA,NA,NA,NA,NA,NA,NA,NA,NA,NA,NA,NA,NA,NA,NA,NA,NA,NA,NA,NA
"Senegalia_galpinii","Low","Maslin, B. 2001. Flora of Australia, Mimosaceae, Acacia.",NA,"automatic",NA,NA,NA,NA,NA,NA,NA,NA,NA,NA,NA,NA,NA,NA,NA,NA,NA,NA,NA,NA,NA,NA,NA,NA,NA,NA,NA,NA,NA,NA,NA,NA,NA,NA,NA,NA,NA,NA,NA,NA,NA,NA,NA,NA,NA,NA,NA,NA,NA,NA,NA,NA,NA,NA,NA,NA,NA,NA,NA,NA,NA,NA,NA,NA,NA,NA,NA,NA,NA,NA,NA,NA,NA,NA
"Senegalia_gaumeri","Low","Maslin, B. 2001. Flora of Australia, Mimosaceae, Acacia.",NA,"automatic",NA,NA,NA,NA,NA,NA,NA,NA,NA,NA,NA,NA,NA,NA,NA,NA,NA,NA,NA,NA,NA,NA,NA,NA,NA,NA,NA,NA,NA,NA,NA,NA,NA,NA,NA,NA,NA,NA,NA,NA,NA,NA,NA,NA,NA,NA,NA,NA,NA,NA,NA,NA,NA,NA,NA,NA,NA,NA,NA,NA,NA,NA,NA,NA,NA,NA,NA,NA,NA,NA,NA,NA,NA,NA
"Vachellia_gentlei","Low","Maslin, B. 2001. Flora of Australia, Mimosaceae, Acacia.",NA,"automatic",NA,NA,NA,NA,NA,NA,NA,NA,NA,NA,NA,NA,NA,NA,NA,NA,NA,NA,NA,NA,NA,NA,NA,NA,NA,NA,NA,NA,NA,NA,NA,NA,NA,NA,NA,NA,NA,NA,NA,NA,NA,NA,NA,NA,NA,NA,NA,NA,NA,NA,NA,NA,NA,NA,NA,NA,NA,NA,NA,NA,NA,NA,NA,NA,NA,NA,NA,NA,NA,NA,NA,NA,NA,NA
"Vachellia_gerrardi","Low","Maslin, B. 2001. Flora of Australia, Mimosaceae, Acacia.",NA,"automatic",NA,NA,NA,NA,NA,NA,NA,NA,NA,NA,NA,NA,NA,NA,NA,NA,NA,NA,NA,NA,NA,NA,NA,NA,NA,NA,NA,NA,NA,NA,NA,NA,NA,NA,NA,NA,NA,NA,NA,NA,NA,NA,NA,NA,NA,NA,NA,NA,NA,NA,NA,NA,NA,NA,NA,NA,NA,NA,NA,NA,NA,NA,NA,NA,NA,NA,NA,NA,NA,NA,NA,NA,NA,NA
"Vachellia_nebrownii","Low","Maslin, B. 2001. Flora of Australia, Mimosaceae, Acacia.",NA,"automatic",NA,NA,NA,NA,NA,NA,NA,NA,NA,NA,NA,NA,NA,NA,NA,NA,NA,NA,NA,NA,NA,NA,NA,NA,NA,NA,NA,NA,NA,NA,NA,NA,NA,NA,NA,NA,NA,NA,NA,NA,NA,NA,NA,NA,NA,NA,NA,NA,NA,NA,NA,NA,NA,NA,NA,NA,NA,NA,NA,NA,NA,NA,NA,NA,NA,NA,NA,NA,NA,NA,NA,NA,NA,NA
"Acaciella_glauca","Low","Maslin, B. 2001. Flora of Australia, Mimosaceae, Acacia.",NA,"automatic",NA,NA,NA,NA,NA,NA,NA,NA,NA,NA,NA,NA,NA,NA,NA,NA,NA,NA,NA,NA,NA,NA,NA,NA,NA,NA,NA,NA,NA,NA,NA,NA,NA,NA,NA,NA,NA,NA,NA,NA,NA,NA,NA,NA,NA,NA,NA,NA,NA,NA,NA,NA,NA,NA,NA,NA,NA,NA,NA,NA,NA,NA,NA,NA,NA,NA,NA,NA,NA,NA,NA,NA,NA,NA
"Vachellia_globulifera","Low","Maslin, B. 2001. Flora of Australia, Mimosaceae, Acacia.",NA,"automatic",NA,NA,NA,NA,NA,NA,NA,NA,NA,NA,NA,NA,NA,NA,NA,NA,NA,NA,NA,NA,NA,NA,NA,NA,NA,NA,NA,NA,NA,NA,NA,NA,NA,NA,NA,NA,NA,NA,NA,NA,NA,NA,NA,NA,NA,NA,NA,NA,NA,NA,NA,NA,NA,NA,NA,NA,NA,NA,NA,NA,NA,NA,NA,NA,NA,NA,NA,NA,NA,NA,NA,NA,NA,NA
"Senegalia_polyphylla","Low","Maslin, B. 2001. Flora of Australia, Mimosaceae, Acacia.",NA,"automatic",NA,NA,NA,NA,NA,NA,NA,NA,NA,NA,NA,NA,NA,NA,NA,NA,NA,NA,NA,NA,NA,NA,NA,NA,NA,NA,NA,NA,NA,NA,NA,NA,NA,NA,NA,NA,NA,NA,NA,NA,NA,NA,NA,NA,NA,NA,NA,NA,NA,NA,NA,NA,NA,NA,NA,NA,NA,NA,NA,NA,NA,NA,NA,NA,NA,NA,NA,NA,NA,NA,NA,NA,NA,NA
"Senegalia_goetzei","Low","Maslin, B. 2001. Flora of Australia, Mimosaceae, Acacia.",NA,"automatic",NA,NA,NA,NA,NA,NA,NA,NA,NA,NA,NA,NA,NA,NA,NA,NA,NA,NA,NA,NA,NA,NA,NA,NA,NA,NA,NA,NA,NA,NA,NA,NA,NA,NA,NA,NA,NA,NA,NA,NA,NA,NA,NA,NA,NA,NA,NA,NA,NA,NA,NA,NA,NA,NA,NA,NA,NA,NA,NA,NA,NA,NA,NA,NA,NA,NA,NA,NA,NA,NA,NA,NA,NA,NA
"Acaciella_goldmanii","Low","Maslin, B. 2001. Flora of Australia, Mimosaceae, Acacia.",NA,"automatic",NA,NA,NA,NA,NA,NA,NA,NA,NA,NA,NA,NA,NA,NA,NA,NA,NA,NA,NA,NA,NA,NA,NA,NA,NA,NA,NA,NA,NA,NA,NA,NA,NA,NA,NA,NA,NA,NA,NA,NA,NA,NA,NA,NA,NA,NA,NA,NA,NA,NA,NA,NA,NA,NA,NA,NA,NA,NA,NA,NA,NA,NA,NA,NA,NA,NA,NA,NA,NA,NA,NA,NA,NA,NA
"Senegalia_gourmaensis","Low","Maslin, B. 2001. Flora of Australia, Mimosaceae, Acacia.",NA,"automatic",NA,NA,NA,NA,NA,NA,NA,NA,NA,NA,NA,NA,NA,NA,NA,NA,NA,NA,NA,NA,NA,NA,NA,NA,NA,NA,NA,NA,NA,NA,NA,NA,NA,NA,NA,NA,NA,NA,NA,NA,NA,NA,NA,NA,NA,NA,NA,NA,NA,NA,NA,NA,NA,NA,NA,NA,NA,NA,NA,NA,NA,NA,NA,NA,NA,NA,NA,NA,NA,NA,NA,NA,NA,NA
"Acacia_x_grayana","Low","Maslin, B. 2001. Flora of Australia, Mimosaceae, Acacia.",NA,"automatic",NA,NA,NA,NA,NA,NA,NA,NA,NA,NA,NA,NA,NA,NA,NA,NA,NA,NA,NA,NA,NA,NA,NA,NA,NA,NA,NA,NA,NA,NA,NA,NA,NA,NA,NA,NA,NA,NA,NA,NA,NA,NA,NA,NA,NA,NA,NA,NA,NA,NA,NA,NA,NA,NA,NA,NA,NA,NA,NA,NA,NA,NA,NA,NA,NA,NA,NA,NA,NA,NA,NA,NA,NA,NA
"Senegalia_greggii","Low","Maslin, B. 2001. Flora of Australia, Mimosaceae, Acacia.",NA,"automatic",NA,NA,NA,NA,NA,NA,NA,NA,NA,NA,NA,NA,NA,NA,NA,NA,NA,NA,NA,NA,NA,NA,NA,NA,NA,NA,NA,NA,NA,NA,NA,NA,NA,NA,NA,NA,NA,NA,NA,NA,NA,NA,NA,NA,NA,NA,NA,NA,NA,NA,NA,NA,NA,NA,NA,NA,NA,NA,NA,NA,NA,NA,NA,NA,NA,NA,NA,NA,NA,NA,NA,NA,NA,NA
"Vachellia_haematoxylon","Low","Maslin, B. 2001. Flora of Australia, Mimosaceae, Acacia.",NA,"automatic",NA,NA,NA,NA,NA,NA,NA,NA,NA,NA,NA,NA,NA,NA,NA,NA,NA,NA,NA,NA,NA,NA,NA,NA,NA,NA,NA,NA,NA,NA,NA,NA,NA,NA,NA,NA,NA,NA,NA,NA,NA,NA,NA,NA,NA,NA,NA,NA,NA,NA,NA,NA,NA,NA,NA,NA,NA,NA,NA,NA,NA,NA,NA,NA,NA,NA,NA,NA,NA,NA,NA,NA,NA,NA
"Vachellia_harmandiana","Low","Maslin, B. 2001. Flora of Australia, Mimosaceae, Acacia.",NA,"automatic",NA,NA,NA,NA,NA,NA,NA,NA,NA,NA,NA,NA,NA,NA,NA,NA,NA,NA,NA,NA,NA,NA,NA,NA,NA,NA,NA,NA,NA,NA,NA,NA,NA,NA,NA,NA,NA,NA,NA,NA,NA,NA,NA,NA,NA,NA,NA,NA,NA,NA,NA,NA,NA,NA,NA,NA,NA,NA,NA,NA,NA,NA,NA,NA,NA,NA,NA,NA,NA,NA,NA,NA,NA,NA
"Acaciella_hartwegii","Low","Maslin, B. 2001. Flora of Australia, Mimosaceae, Acacia.",NA,"automatic",NA,NA,NA,NA,NA,NA,NA,NA,NA,NA,NA,NA,NA,NA,NA,NA,NA,NA,NA,NA,NA,NA,NA,NA,NA,NA,NA,NA,NA,NA,NA,NA,NA,NA,NA,NA,NA,NA,NA,NA,NA,NA,NA,NA,NA,NA,NA,NA,NA,NA,NA,NA,NA,NA,NA,NA,NA,NA,NA,NA,NA,NA,NA,NA,NA,NA,NA,NA,NA,NA,NA,NA,NA,NA
"Senegalia_hayesii","Low","Maslin, B. 2001. Flora of Australia, Mimosaceae, Acacia.",NA,"automatic",NA,NA,NA,NA,NA,NA,NA,NA,NA,NA,NA,NA,NA,NA,NA,NA,NA,NA,NA,NA,NA,NA,NA,NA,NA,NA,NA,NA,NA,NA,NA,NA,NA,NA,NA,NA,NA,NA,NA,NA,NA,NA,NA,NA,NA,NA,NA,NA,NA,NA,NA,NA,NA,NA,NA,NA,NA,NA,NA,NA,NA,NA,NA,NA,NA,NA,NA,NA,NA,NA,NA,NA,NA,NA
"Vachellia_hebeclada","Low","Maslin, B. 2001. Flora of Australia, Mimosaceae, Acacia.",NA,"automatic",NA,NA,NA,NA,NA,NA,NA,NA,NA,NA,NA,NA,NA,NA,NA,NA,NA,NA,NA,NA,NA,NA,NA,NA,NA,NA,NA,NA,NA,NA,NA,NA,NA,NA,NA,NA,NA,NA,NA,NA,NA,NA,NA,NA,NA,NA,NA,NA,NA,NA,NA,NA,NA,NA,NA,NA,NA,NA,NA,NA,NA,NA,NA,NA,NA,NA,NA,NA,NA,NA,NA,NA,NA,NA
"Senegalia_hecatophylla","Low","Maslin, B. 2001. Flora of Australia, Mimosaceae, Acacia.",NA,"automatic",NA,NA,NA,NA,NA,NA,NA,NA,NA,NA,NA,NA,NA,NA,NA,NA,NA,NA,NA,NA,NA,NA,NA,NA,NA,NA,NA,NA,NA,NA,NA,NA,NA,NA,NA,NA,NA,NA,NA,NA,NA,NA,NA,NA,NA,NA,NA,NA,NA,NA,NA,NA,NA,NA,NA,NA,NA,NA,NA,NA,NA,NA,NA,NA,NA,NA,NA,NA,NA,NA,NA,NA,NA,NA
"Vachellia_hindsii","Low","Maslin, B. 2001. Flora of Australia, Mimosaceae, Acacia.",NA,"automatic",NA,NA,NA,NA,NA,NA,NA,NA,NA,NA,NA,NA,NA,NA,NA,NA,NA,NA,NA,NA,NA,NA,NA,NA,NA,NA,NA,NA,NA,NA,NA,NA,NA,NA,NA,NA,NA,NA,NA,NA,NA,NA,NA,NA,NA,NA,NA,NA,NA,NA,NA,NA,NA,NA,NA,NA,NA,NA,NA,NA,NA,NA,NA,NA,NA,NA,NA,NA,NA,NA,NA,NA,NA,NA
"Vachellia_hockii","Low","Maslin, B. 2001. Flora of Australia, Mimosaceae, Acacia.",NA,"automatic",NA,NA,NA,NA,NA,NA,NA,NA,NA,NA,NA,NA,NA,NA,NA,NA,NA,NA,NA,NA,NA,NA,NA,NA,NA,NA,NA,NA,NA,NA,NA,NA,NA,NA,NA,NA,NA,NA,NA,NA,NA,NA,NA,NA,NA,NA,NA,NA,NA,NA,NA,NA,NA,NA,NA,NA,NA,NA,NA,NA,NA,NA,NA,NA,NA,NA,NA,NA,NA,NA,NA,NA,NA,NA
"Acacia_omalophylla","Low","Maslin, B. 2001. Flora of Australia, Mimosaceae, Acacia.",NA,"automatic",NA,NA,NA,NA,NA,NA,NA,NA,NA,NA,NA,NA,NA,NA,NA,NA,NA,NA,NA,NA,NA,NA,NA,NA,NA,NA,NA,NA,NA,NA,NA,NA,NA,NA,NA,NA,NA,NA,NA,NA,NA,NA,NA,NA,NA,NA,NA,NA,NA,NA,NA,NA,NA,NA,NA,NA,NA,NA,NA,NA,NA,NA,NA,NA,NA,NA,NA,NA,NA,NA,NA,NA,NA,NA
"Senegalia_pennata","Low","Maslin, B. 2001. Flora of Australia, Mimosaceae, Acacia.",NA,"automatic",NA,NA,NA,NA,NA,NA,NA,NA,NA,NA,NA,NA,NA,NA,NA,NA,NA,NA,NA,NA,NA,NA,NA,NA,NA,NA,NA,NA,NA,NA,NA,NA,NA,NA,NA,NA,NA,NA,NA,NA,NA,NA,NA,NA,NA,NA,NA,NA,NA,NA,NA,NA,NA,NA,NA,NA,NA,NA,NA,NA,NA,NA,NA,NA,NA,NA,NA,NA,NA,NA,NA,NA,NA,NA
"Vachellia_eburnea","Low","Maslin, B. 2001. Flora of Australia, Mimosaceae, Acacia.",NA,"automatic",NA,NA,NA,NA,NA,NA,NA,NA,NA,NA,NA,NA,NA,NA,NA,NA,NA,NA,NA,NA,NA,NA,NA,NA,NA,NA,NA,NA,NA,NA,NA,NA,NA,NA,NA,NA,NA,NA,NA,NA,NA,NA,NA,NA,NA,NA,NA,NA,NA,NA,NA,NA,NA,NA,NA,NA,NA,NA,NA,NA,NA,NA,NA,NA,NA,NA,NA,NA,NA,NA,NA,NA,NA,NA
"Senegalia_interior","Low","Maslin, B. 2001. Flora of Australia, Mimosaceae, Acacia.",NA,"automatic",NA,NA,NA,NA,NA,NA,NA,NA,NA,NA,NA,NA,NA,NA,NA,NA,NA,NA,NA,NA,NA,NA,NA,NA,NA,NA,NA,NA,NA,NA,NA,NA,NA,NA,NA,NA,NA,NA,NA,NA,NA,NA,NA,NA,NA,NA,NA,NA,NA,NA,NA,NA,NA,NA,NA,NA,NA,NA,NA,NA,NA,NA,NA,NA,NA,NA,NA,NA,NA,NA,NA,NA,NA,NA
"Senegalia_intsia","Low","Maslin, B. 2001. Flora of Australia, Mimosaceae, Acacia.",NA,"automatic",NA,NA,NA,NA,NA,NA,NA,NA,NA,NA,NA,NA,NA,NA,NA,NA,NA,NA,NA,NA,NA,NA,NA,NA,NA,NA,NA,NA,NA,NA,NA,NA,NA,NA,NA,NA,NA,NA,NA,NA,NA,NA,NA,NA,NA,NA,NA,NA,NA,NA,NA,NA,NA,NA,NA,NA,NA,NA,NA,NA,NA,NA,NA,NA,NA,NA,NA,NA,NA,NA,NA,NA,NA,NA
"Acacia_koa","Low","Maslin, B. 2001. Flora of Australia, Mimosaceae, Acacia.",NA,"automatic",NA,NA,NA,NA,NA,NA,NA,NA,NA,NA,NA,NA,NA,NA,NA,NA,NA,NA,NA,NA,NA,NA,NA,NA,NA,NA,NA,NA,NA,NA,NA,NA,NA,NA,NA,NA,NA,NA,NA,NA,NA,NA,NA,NA,NA,NA,NA,NA,NA,NA,NA,NA,NA,NA,NA,NA,NA,NA,NA,NA,NA,NA,NA,NA,NA,NA,NA,NA,NA,NA,NA,NA,NA,NA
"Acacia_koa","Low","Maslin, B. 2001. Flora of Australia, Mimosaceae, Acacia.",NA,"automatic",NA,NA,NA,NA,NA,NA,NA,NA,NA,NA,NA,NA,NA,NA,NA,NA,NA,NA,NA,NA,NA,NA,NA,NA,NA,NA,NA,NA,NA,NA,NA,NA,NA,NA,NA,NA,NA,NA,NA,NA,NA,NA,NA,NA,NA,NA,NA,NA,NA,NA,NA,NA,NA,NA,NA,NA,NA,NA,NA,NA,NA,NA,NA,NA,NA,NA,NA,NA,NA,NA,NA,NA,NA,NA
"Senegalia_kraussiana","Low","Maslin, B. 2001. Flora of Australia, Mimosaceae, Acacia.",NA,"automatic",NA,NA,NA,NA,NA,NA,NA,NA,NA,NA,NA,NA,NA,NA,NA,NA,NA,NA,NA,NA,NA,NA,NA,NA,NA,NA,NA,NA,NA,NA,NA,NA,NA,NA,NA,NA,NA,NA,NA,NA,NA,NA,NA,NA,NA,NA,NA,NA,NA,NA,NA,NA,NA,NA,NA,NA,NA,NA,NA,NA,NA,NA,NA,NA,NA,NA,NA,NA,NA,NA,NA,NA,NA,NA
"Senegalia_kuhlmannii","Low","Maslin, B. 2001. Flora of Australia, Mimosaceae, Acacia.",NA,"automatic",NA,NA,NA,NA,NA,NA,NA,NA,NA,NA,NA,NA,NA,NA,NA,NA,NA,NA,NA,NA,NA,NA,NA,NA,NA,NA,NA,NA,NA,NA,NA,NA,NA,NA,NA,NA,NA,NA,NA,NA,NA,NA,NA,NA,NA,NA,NA,NA,NA,NA,NA,NA,NA,NA,NA,NA,NA,NA,NA,NA,NA,NA,NA,NA,NA,NA,NA,NA,NA,NA,NA,NA,NA,NA
"Senegalia_laeta","Low","Maslin, B. 2001. Flora of Australia, Mimosaceae, Acacia.",NA,"automatic",NA,NA,NA,NA,NA,NA,NA,NA,NA,NA,NA,NA,NA,NA,NA,NA,NA,NA,NA,NA,NA,NA,NA,NA,NA,NA,NA,NA,NA,NA,NA,NA,NA,NA,NA,NA,NA,NA,NA,NA,NA,NA,NA,NA,NA,NA,NA,NA,NA,NA,NA,NA,NA,NA,NA,NA,NA,NA,NA,NA,NA,NA,NA,NA,NA,NA,NA,NA,NA,NA,NA,NA,NA,NA
"Vachellia_lahai","Low","Maslin, B. 2001. Flora of Australia, Mimosaceae, Acacia.",NA,"automatic",NA,NA,NA,NA,NA,NA,NA,NA,NA,NA,NA,NA,NA,NA,NA,NA,NA,NA,NA,NA,NA,NA,NA,NA,NA,NA,NA,NA,NA,NA,NA,NA,NA,NA,NA,NA,NA,NA,NA,NA,NA,NA,NA,NA,NA,NA,NA,NA,NA,NA,NA,NA,NA,NA,NA,NA,NA,NA,NA,NA,NA,NA,NA,NA,NA,NA,NA,NA,NA,NA,NA,NA,NA,NA
"Vachellia_leucophloea","Low","Nielsen, I.C. (1992). Mimosaceae (Leguminosae-Mimosoideae). Flora Malesiana - Series 1, Spermatophyta, 11(1), 1‚Äö√Ñ√¨226.","https://www.dropbox.com/s/2hsx9hy2vv0i7m8/Nielsen-1992-Flora%20Malesiana%20Leguminosae%20Mimosoideae.pdf?dl=1","manual",NA,NA,NA,NA,NA,NA,NA,NA,NA,NA,NA,NA,NA,NA,NA,NA,NA,NA,NA,NA,NA,NA,NA,NA,NA,NA,NA,NA,NA,NA,NA,NA,NA,NA,NA,NA,NA,NA,NA,NA,NA,NA,NA,NA,NA,NA,NA,NA,NA,NA,NA,NA,NA,NA,NA,NA,NA,NA,NA,NA,NA,NA,NA,NA,NA,NA,NA,NA,NA,NA,NA,NA,NA,NA
"Senegalia_macilenta","Low","Maslin, B. 2001. Flora of Australia, Mimosaceae, Acacia.",NA,"automatic",NA,NA,NA,NA,NA,NA,NA,NA,NA,NA,NA,NA,NA,NA,NA,NA,NA,NA,NA,NA,NA,NA,NA,NA,NA,NA,NA,NA,NA,NA,NA,NA,NA,NA,NA,NA,NA,NA,NA,NA,NA,NA,NA,NA,NA,NA,NA,NA,NA,NA,NA,NA,NA,NA,NA,NA,NA,NA,NA,NA,NA,NA,NA,NA,NA,NA,NA,NA,NA,NA,NA,NA,NA,NA
"Senegalia_macrostachya","Low","Maslin, B. 2001. Flora of Australia, Mimosaceae, Acacia.",NA,"automatic",NA,NA,NA,NA,NA,NA,NA,NA,NA,NA,NA,NA,NA,NA,NA,NA,NA,NA,NA,NA,NA,NA,NA,NA,NA,NA,NA,NA,NA,NA,NA,NA,NA,NA,NA,NA,NA,NA,NA,NA,NA,NA,NA,NA,NA,NA,NA,NA,NA,NA,NA,NA,NA,NA,NA,NA,NA,NA,NA,NA,NA,NA,NA,NA,NA,NA,NA,NA,NA,NA,NA,NA,NA,NA
"Mariosousa_mammifera","Low","Maslin, B. 2001. Flora of Australia, Mimosaceae, Acacia.",NA,"automatic",NA,NA,NA,NA,NA,NA,NA,NA,NA,NA,NA,NA,NA,NA,NA,NA,NA,NA,NA,NA,NA,NA,NA,NA,NA,NA,NA,NA,NA,NA,NA,NA,NA,NA,NA,NA,NA,NA,NA,NA,NA,NA,NA,NA,NA,NA,NA,NA,NA,NA,NA,NA,NA,NA,NA,NA,NA,NA,NA,NA,NA,NA,NA,NA,NA,NA,NA,NA,NA,NA,NA,NA,NA,NA
"Vachellia_mayana","Low","Maslin, B. 2001. Flora of Australia, Mimosaceae, Acacia.",NA,"automatic",NA,NA,NA,NA,NA,NA,NA,NA,NA,NA,NA,NA,NA,NA,NA,NA,NA,NA,NA,NA,NA,NA,NA,NA,NA,NA,NA,NA,NA,NA,NA,NA,NA,NA,NA,NA,NA,NA,NA,NA,NA,NA,NA,NA,NA,NA,NA,NA,NA,NA,NA,NA,NA,NA,NA,NA,NA,NA,NA,NA,NA,NA,NA,NA,NA,NA,NA,NA,NA,NA,NA,NA,NA,NA
"Senegalia_mellifera","Low","Maslin, B. 2001. Flora of Australia, Mimosaceae, Acacia.",NA,"automatic",NA,NA,NA,NA,NA,NA,NA,NA,NA,NA,NA,NA,NA,NA,NA,NA,NA,NA,NA,NA,NA,NA,NA,NA,NA,NA,NA,NA,NA,NA,NA,NA,NA,NA,NA,NA,NA,NA,NA,NA,NA,NA,NA,NA,NA,NA,NA,NA,NA,NA,NA,NA,NA,NA,NA,NA,NA,NA,NA,NA,NA,NA,NA,NA,NA,NA,NA,NA,NA,NA,NA,NA,NA,NA
"Mariosousa_millefolia","Low","Maslin, B. 2001. Flora of Australia, Mimosaceae, Acacia.",NA,"automatic",NA,NA,NA,NA,NA,NA,NA,NA,NA,NA,NA,NA,NA,NA,NA,NA,NA,NA,NA,NA,NA,NA,NA,NA,NA,NA,NA,NA,NA,NA,NA,NA,NA,NA,NA,NA,NA,NA,NA,NA,NA,NA,NA,NA,NA,NA,NA,NA,NA,NA,NA,NA,NA,NA,NA,NA,NA,NA,NA,NA,NA,NA,NA,NA,NA,NA,NA,NA,NA,NA,NA,NA,NA,NA
"Senegalia_monacantha","Low","Maslin, B. 2001. Flora of Australia, Mimosaceae, Acacia.",NA,"automatic",NA,NA,NA,NA,NA,NA,NA,NA,NA,NA,NA,NA,NA,NA,NA,NA,NA,NA,NA,NA,NA,NA,NA,NA,NA,NA,NA,NA,NA,NA,NA,NA,NA,NA,NA,NA,NA,NA,NA,NA,NA,NA,NA,NA,NA,NA,NA,NA,NA,NA,NA,NA,NA,NA,NA,NA,NA,NA,NA,NA,NA,NA,NA,NA,NA,NA,NA,NA,NA,NA,NA,NA,NA,NA
"Vachellia_myrmecophila","Low","Maslin, B. 2001. Flora of Australia, Mimosaceae, Acacia.",NA,"automatic",NA,NA,NA,NA,NA,NA,NA,NA,NA,NA,NA,NA,NA,NA,NA,NA,NA,NA,NA,NA,NA,NA,NA,NA,NA,NA,NA,NA,NA,NA,NA,NA,NA,NA,NA,NA,NA,NA,NA,NA,NA,NA,NA,NA,NA,NA,NA,NA,NA,NA,NA,NA,NA,NA,NA,NA,NA,NA,NA,NA,NA,NA,NA,NA,NA,NA,NA,NA,NA,NA,NA,NA,NA,NA
"Vachellia_vernicosa","Low","Maslin, B. 2001. Flora of Australia, Mimosaceae, Acacia.",NA,"automatic",NA,NA,NA,NA,NA,NA,NA,NA,NA,NA,NA,NA,NA,NA,NA,NA,NA,NA,NA,NA,NA,NA,NA,NA,NA,NA,NA,NA,NA,NA,NA,NA,NA,NA,NA,NA,NA,NA,NA,NA,NA,NA,NA,NA,NA,NA,NA,NA,NA,NA,NA,NA,NA,NA,NA,NA,NA,NA,NA,NA,NA,NA,NA,NA,NA,NA,NA,NA,NA,NA,NA,NA,NA,NA
"Senegalia_nigrescens","Low","Maslin, B. 2001. Flora of Australia, Mimosaceae, Acacia.",NA,"automatic",NA,NA,NA,NA,NA,NA,NA,NA,NA,NA,NA,NA,NA,NA,NA,NA,NA,NA,NA,NA,NA,NA,NA,NA,NA,NA,NA,NA,NA,NA,NA,NA,NA,NA,NA,NA,NA,NA,NA,NA,NA,NA,NA,NA,NA,NA,NA,NA,NA,NA,NA,NA,NA,NA,NA,NA,NA,NA,NA,NA,NA,NA,NA,NA,NA,NA,NA,NA,NA,NA,NA,NA,NA,NA
"Senegalia_occidentalis","Low","Maslin, B. 2001. Flora of Australia, Mimosaceae, Acacia.",NA,"automatic",NA,NA,NA,NA,NA,NA,NA,NA,NA,NA,NA,NA,NA,NA,NA,NA,NA,NA,NA,NA,NA,NA,NA,NA,NA,NA,NA,NA,NA,NA,NA,NA,NA,NA,NA,NA,NA,NA,NA,NA,NA,NA,NA,NA,NA,NA,NA,NA,NA,NA,NA,NA,NA,NA,NA,NA,NA,NA,NA,NA,NA,NA,NA,NA,NA,NA,NA,NA,NA,NA,NA,NA,NA,NA
"Vachellia_oerfota","Low","Maslin, B. 2001. Flora of Australia, Mimosaceae, Acacia.",NA,"automatic",NA,NA,NA,NA,NA,NA,NA,NA,NA,NA,NA,NA,NA,NA,NA,NA,NA,NA,NA,NA,NA,NA,NA,NA,NA,NA,NA,NA,NA,NA,NA,NA,NA,NA,NA,NA,NA,NA,NA,NA,NA,NA,NA,NA,NA,NA,NA,NA,NA,NA,NA,NA,NA,NA,NA,NA,NA,NA,NA,NA,NA,NA,NA,NA,NA,NA,NA,NA,NA,NA,NA,NA,NA,NA
"Vachellia_origena","Low","Maslin, B. 2001. Flora of Australia, Mimosaceae, Acacia.",NA,"automatic",NA,NA,NA,NA,NA,NA,NA,NA,NA,NA,NA,NA,NA,NA,NA,NA,NA,NA,NA,NA,NA,NA,NA,NA,NA,NA,NA,NA,NA,NA,NA,NA,NA,NA,NA,NA,NA,NA,NA,NA,NA,NA,NA,NA,NA,NA,NA,NA,NA,NA,NA,NA,NA,NA,NA,NA,NA,NA,NA,NA,NA,NA,NA,NA,NA,NA,NA,NA,NA,NA,NA,NA,NA,NA
"Vachellia_pacensis","Low","Maslin, B. 2001. Flora of Australia, Mimosaceae, Acacia.",NA,"automatic",NA,NA,NA,NA,NA,NA,NA,NA,NA,NA,NA,NA,NA,NA,NA,NA,NA,NA,NA,NA,NA,NA,NA,NA,NA,NA,NA,NA,NA,NA,NA,NA,NA,NA,NA,NA,NA,NA,NA,NA,NA,NA,NA,NA,NA,NA,NA,NA,NA,NA,NA,NA,NA,NA,NA,NA,NA,NA,NA,NA,NA,NA,NA,NA,NA,NA,NA,NA,NA,NA,NA,NA,NA,NA
"Senegalia_micrantha","Low","Maslin, B. 2001. Flora of Australia, Mimosaceae, Acacia.",NA,"automatic",NA,NA,NA,NA,NA,NA,NA,NA,NA,NA,NA,NA,NA,NA,NA,NA,NA,NA,NA,NA,NA,NA,NA,NA,NA,NA,NA,NA,NA,NA,NA,NA,NA,NA,NA,NA,NA,NA,NA,NA,NA,NA,NA,NA,NA,NA,NA,NA,NA,NA,NA,NA,NA,NA,NA,NA,NA,NA,NA,NA,NA,NA,NA,NA,NA,NA,NA,NA,NA,NA,NA,NA,NA,NA
"Senegalia_peninsularis","Low","Maslin, B. 2001. Flora of Australia, Mimosaceae, Acacia.",NA,"automatic",NA,NA,NA,NA,NA,NA,NA,NA,NA,NA,NA,NA,NA,NA,NA,NA,NA,NA,NA,NA,NA,NA,NA,NA,NA,NA,NA,NA,NA,NA,NA,NA,NA,NA,NA,NA,NA,NA,NA,NA,NA,NA,NA,NA,NA,NA,NA,NA,NA,NA,NA,NA,NA,NA,NA,NA,NA,NA,NA,NA,NA,NA,NA,NA,NA,NA,NA,NA,NA,NA,NA,NA,NA,NA
"Senegalia_pentagona","Low","Maslin, B. 2001. Flora of Australia, Mimosaceae, Acacia.",NA,"automatic",NA,NA,NA,NA,NA,NA,NA,NA,NA,NA,NA,NA,NA,NA,NA,NA,NA,NA,NA,NA,NA,NA,NA,NA,NA,NA,NA,NA,NA,NA,NA,NA,NA,NA,NA,NA,NA,NA,NA,NA,NA,NA,NA,NA,NA,NA,NA,NA,NA,NA,NA,NA,NA,NA,NA,NA,NA,NA,NA,NA,NA,NA,NA,NA,NA,NA,NA,NA,NA,NA,NA,NA,NA,NA
"Vachellia_permixta","Low","Maslin, B. 2001. Flora of Australia, Mimosaceae, Acacia.",NA,"automatic",NA,NA,NA,NA,NA,NA,NA,NA,NA,NA,NA,NA,NA,NA,NA,NA,NA,NA,NA,NA,NA,NA,NA,NA,NA,NA,NA,NA,NA,NA,NA,NA,NA,NA,NA,NA,NA,NA,NA,NA,NA,NA,NA,NA,NA,NA,NA,NA,NA,NA,NA,NA,NA,NA,NA,NA,NA,NA,NA,NA,NA,NA,NA,NA,NA,NA,NA,NA,NA,NA,NA,NA,NA,NA
"Senegalia_persiciflora","Low","Maslin, B. 2001. Flora of Australia, Mimosaceae, Acacia.",NA,"automatic",NA,NA,NA,NA,NA,NA,NA,NA,NA,NA,NA,NA,NA,NA,NA,NA,NA,NA,NA,NA,NA,NA,NA,NA,NA,NA,NA,NA,NA,NA,NA,NA,NA,NA,NA,NA,NA,NA,NA,NA,NA,NA,NA,NA,NA,NA,NA,NA,NA,NA,NA,NA,NA,NA,NA,NA,NA,NA,NA,NA,NA,NA,NA,NA,NA,NA,NA,NA,NA,NA,NA,NA,NA,NA
"Senegalia_pervillei","Low","Maslin, B. 2001. Flora of Australia, Mimosaceae, Acacia.",NA,"automatic",NA,NA,NA,NA,NA,NA,NA,NA,NA,NA,NA,NA,NA,NA,NA,NA,NA,NA,NA,NA,NA,NA,NA,NA,NA,NA,NA,NA,NA,NA,NA,NA,NA,NA,NA,NA,NA,NA,NA,NA,NA,NA,NA,NA,NA,NA,NA,NA,NA,NA,NA,NA,NA,NA,NA,NA,NA,NA,NA,NA,NA,NA,NA,NA,NA,NA,NA,NA,NA,NA,NA,NA,NA,NA
"Senegalia_picachensis","Low","Maslin, B. 2001. Flora of Australia, Mimosaceae, Acacia.",NA,"automatic",NA,NA,NA,NA,NA,NA,NA,NA,NA,NA,NA,NA,NA,NA,NA,NA,NA,NA,NA,NA,NA,NA,NA,NA,NA,NA,NA,NA,NA,NA,NA,NA,NA,NA,NA,NA,NA,NA,NA,NA,NA,NA,NA,NA,NA,NA,NA,NA,NA,NA,NA,NA,NA,NA,NA,NA,NA,NA,NA,NA,NA,NA,NA,NA,NA,NA,NA,NA,NA,NA,NA,NA,NA,NA
"Vachellia_planifrons","Low","Maslin, B. 2001. Flora of Australia, Mimosaceae, Acacia.",NA,"automatic",NA,NA,NA,NA,NA,NA,NA,NA,NA,NA,NA,NA,NA,NA,NA,NA,NA,NA,NA,NA,NA,NA,NA,NA,NA,NA,NA,NA,NA,NA,NA,NA,NA,NA,NA,NA,NA,NA,NA,NA,NA,NA,NA,NA,NA,NA,NA,NA,NA,NA,NA,NA,NA,NA,NA,NA,NA,NA,NA,NA,NA,NA,NA,NA,NA,NA,NA,NA,NA,NA,NA,NA,NA,NA
"Piptadenia_trisperma","Low","Maslin, B. 2001. Flora of Australia, Mimosaceae, Acacia.",NA,"automatic",NA,NA,NA,NA,NA,NA,NA,NA,NA,NA,NA,NA,NA,NA,NA,NA,NA,NA,NA,NA,NA,NA,NA,NA,NA,NA,NA,NA,NA,NA,NA,NA,NA,NA,NA,NA,NA,NA,NA,NA,NA,NA,NA,NA,NA,NA,NA,NA,NA,NA,NA,NA,NA,NA,NA,NA,NA,NA,NA,NA,NA,NA,NA,NA,NA,NA,NA,NA,NA,NA,NA,NA,NA,NA
"Senegalia_pluricapitata","Low","Nielsen, I.C. (1992). Mimosaceae (Leguminosae-Mimosoideae). Flora Malesiana - Series 1, Spermatophyta, 11(1), 1‚Äö√Ñ√¨226.","https://www.dropbox.com/s/2hsx9hy2vv0i7m8/Nielsen-1992-Flora%20Malesiana%20Leguminosae%20Mimosoideae.pdf?dl=2","manual",NA,NA,NA,NA,NA,NA,NA,NA,NA,NA,NA,NA,NA,NA,NA,NA,NA,NA,NA,NA,NA,NA,NA,NA,NA,NA,NA,NA,NA,NA,NA,NA,NA,NA,NA,NA,NA,NA,NA,NA,NA,NA,NA,NA,NA,NA,NA,NA,NA,NA,NA,NA,NA,NA,NA,NA,NA,NA,NA,NA,NA,NA,NA,NA,NA,NA,NA,NA,NA,NA,NA,NA,NA,NA
"Senegalia_polyacantha","Low","Maslin, B. 2001. Flora of Australia, Mimosaceae, Acacia.",NA,"automatic",NA,NA,NA,NA,NA,NA,NA,NA,NA,NA,NA,NA,NA,NA,NA,NA,NA,NA,NA,NA,NA,NA,NA,NA,NA,NA,NA,NA,NA,NA,NA,NA,NA,NA,NA,NA,NA,NA,NA,NA,NA,NA,NA,NA,NA,NA,NA,NA,NA,NA,NA,NA,NA,NA,NA,NA,NA,NA,NA,NA,NA,NA,NA,NA,NA,NA,NA,NA,NA,NA,NA,NA,NA,NA
"Parasenegalia_visco","Low","Maslin, B. 2001. Flora of Australia, Mimosaceae, Acacia.",NA,"automatic",NA,NA,NA,NA,NA,NA,NA,NA,NA,NA,NA,NA,NA,NA,NA,NA,NA,NA,NA,NA,NA,NA,NA,NA,NA,NA,NA,NA,NA,NA,NA,NA,NA,NA,NA,NA,NA,NA,NA,NA,NA,NA,NA,NA,NA,NA,NA,NA,NA,NA,NA,NA,NA,NA,NA,NA,NA,NA,NA,NA,NA,NA,NA,NA,NA,NA,NA,NA,NA,NA,NA,NA,NA,NA
"Acaciella_villosa","Low","Maslin, B. 2001. Flora of Australia, Mimosaceae, Acacia.",NA,"automatic",NA,NA,NA,NA,NA,NA,NA,NA,NA,NA,NA,NA,NA,NA,NA,NA,NA,NA,NA,NA,NA,NA,NA,NA,NA,NA,NA,NA,NA,NA,NA,NA,NA,NA,NA,NA,NA,NA,NA,NA,NA,NA,NA,NA,NA,NA,NA,NA,NA,NA,NA,NA,NA,NA,NA,NA,NA,NA,NA,NA,NA,NA,NA,NA,NA,NA,NA,NA,NA,NA,NA,NA,NA,NA
"Senegalia_praecox","Low","Maslin, B. 2001. Flora of Australia, Mimosaceae, Acacia.",NA,"automatic",NA,NA,NA,NA,NA,NA,NA,NA,NA,NA,NA,NA,NA,NA,NA,NA,NA,NA,NA,NA,NA,NA,NA,NA,NA,NA,NA,NA,NA,NA,NA,NA,NA,NA,NA,NA,NA,NA,NA,NA,NA,NA,NA,NA,NA,NA,NA,NA,NA,NA,NA,NA,NA,NA,NA,NA,NA,NA,NA,NA,NA,NA,NA,NA,NA,NA,NA,NA,NA,NA,NA,NA,NA,NA
"Vachellia_pringlei","Low","Maslin, B. 2001. Flora of Australia, Mimosaceae, Acacia.",NA,"automatic",NA,NA,NA,NA,NA,NA,NA,NA,NA,NA,NA,NA,NA,NA,NA,NA,NA,NA,NA,NA,NA,NA,NA,NA,NA,NA,NA,NA,NA,NA,NA,NA,NA,NA,NA,NA,NA,NA,NA,NA,NA,NA,NA,NA,NA,NA,NA,NA,NA,NA,NA,NA,NA,NA,NA,NA,NA,NA,NA,NA,NA,NA,NA,NA,NA,NA,NA,NA,NA,NA,NA,NA,NA,NA
"Vachellia_pseudofistula","Low","Maslin, B. 2001. Flora of Australia, Mimosaceae, Acacia.",NA,"automatic",NA,NA,NA,NA,NA,NA,NA,NA,NA,NA,NA,NA,NA,NA,NA,NA,NA,NA,NA,NA,NA,NA,NA,NA,NA,NA,NA,NA,NA,NA,NA,NA,NA,NA,NA,NA,NA,NA,NA,NA,NA,NA,NA,NA,NA,NA,NA,NA,NA,NA,NA,NA,NA,NA,NA,NA,NA,NA,NA,NA,NA,NA,NA,NA,NA,NA,NA,NA,NA,NA,NA,NA,NA,NA
"Vachellia_reficiens","Low","Maslin, B. 2001. Flora of Australia, Mimosaceae, Acacia.",NA,"automatic",NA,NA,NA,NA,NA,NA,NA,NA,NA,NA,NA,NA,NA,NA,NA,NA,NA,NA,NA,NA,NA,NA,NA,NA,NA,NA,NA,NA,NA,NA,NA,NA,NA,NA,NA,NA,NA,NA,NA,NA,NA,NA,NA,NA,NA,NA,NA,NA,NA,NA,NA,NA,NA,NA,NA,NA,NA,NA,NA,NA,NA,NA,NA,NA,NA,NA,NA,NA,NA,NA,NA,NA,NA,NA
"Vachellia_rehmanniana","Low","Maslin, B. 2001. Flora of Australia, Mimosaceae, Acacia.",NA,"automatic",NA,NA,NA,NA,NA,NA,NA,NA,NA,NA,NA,NA,NA,NA,NA,NA,NA,NA,NA,NA,NA,NA,NA,NA,NA,NA,NA,NA,NA,NA,NA,NA,NA,NA,NA,NA,NA,NA,NA,NA,NA,NA,NA,NA,NA,NA,NA,NA,NA,NA,NA,NA,NA,NA,NA,NA,NA,NA,NA,NA,NA,NA,NA,NA,NA,NA,NA,NA,NA,NA,NA,NA,NA,NA
"Senegalia_reniformis","Low","Maslin, B. 2001. Flora of Australia, Mimosaceae, Acacia.",NA,"automatic",NA,NA,NA,NA,NA,NA,NA,NA,NA,NA,NA,NA,NA,NA,NA,NA,NA,NA,NA,NA,NA,NA,NA,NA,NA,NA,NA,NA,NA,NA,NA,NA,NA,NA,NA,NA,NA,NA,NA,NA,NA,NA,NA,NA,NA,NA,NA,NA,NA,NA,NA,NA,NA,NA,NA,NA,NA,NA,NA,NA,NA,NA,NA,NA,NA,NA,NA,NA,NA,NA,NA,NA,NA,NA
"Vachellia_rigidula","Low","Maslin, B. 2001. Flora of Australia, Mimosaceae, Acacia.",NA,"automatic",NA,NA,NA,NA,NA,NA,NA,NA,NA,NA,NA,NA,NA,NA,NA,NA,NA,NA,NA,NA,NA,NA,NA,NA,NA,NA,NA,NA,NA,NA,NA,NA,NA,NA,NA,NA,NA,NA,NA,NA,NA,NA,NA,NA,NA,NA,NA,NA,NA,NA,NA,NA,NA,NA,NA,NA,NA,NA,NA,NA,NA,NA,NA,NA,NA,NA,NA,NA,NA,NA,NA,NA,NA,NA
"Senegalia_polyphylla","Low","Maslin, B. 2001. Flora of Australia, Mimosaceae, Acacia.",NA,"automatic",NA,NA,NA,NA,NA,NA,NA,NA,NA,NA,NA,NA,NA,NA,NA,NA,NA,NA,NA,NA,NA,NA,NA,NA,NA,NA,NA,NA,NA,NA,NA,NA,NA,NA,NA,NA,NA,NA,NA,NA,NA,NA,NA,NA,NA,NA,NA,NA,NA,NA,NA,NA,NA,NA,NA,NA,NA,NA,NA,NA,NA,NA,NA,NA,NA,NA,NA,NA,NA,NA,NA,NA,NA,NA
"Vachellia_robusta","Low","Maslin, B. 2001. Flora of Australia, Mimosaceae, Acacia.",NA,"automatic",NA,NA,NA,NA,NA,NA,NA,NA,NA,NA,NA,NA,NA,NA,NA,NA,NA,NA,NA,NA,NA,NA,NA,NA,NA,NA,NA,NA,NA,NA,NA,NA,NA,NA,NA,NA,NA,NA,NA,NA,NA,NA,NA,NA,NA,NA,NA,NA,NA,NA,NA,NA,NA,NA,NA,NA,NA,NA,NA,NA,NA,NA,NA,NA,NA,NA,NA,NA,NA,NA,NA,NA,NA,NA
"Senegalia_roemeriana","Low","Maslin, B. 2001. Flora of Australia, Mimosaceae, Acacia.",NA,"automatic",NA,NA,NA,NA,NA,NA,NA,NA,NA,NA,NA,NA,NA,NA,NA,NA,NA,NA,NA,NA,NA,NA,NA,NA,NA,NA,NA,NA,NA,NA,NA,NA,NA,NA,NA,NA,NA,NA,NA,NA,NA,NA,NA,NA,NA,NA,NA,NA,NA,NA,NA,NA,NA,NA,NA,NA,NA,NA,NA,NA,NA,NA,NA,NA,NA,NA,NA,NA,NA,NA,NA,NA,NA,NA
"Acaciella_rosei","Low","Maslin, B. 2001. Flora of Australia, Mimosaceae, Acacia.",NA,"automatic",NA,NA,NA,NA,NA,NA,NA,NA,NA,NA,NA,NA,NA,NA,NA,NA,NA,NA,NA,NA,NA,NA,NA,NA,NA,NA,NA,NA,NA,NA,NA,NA,NA,NA,NA,NA,NA,NA,NA,NA,NA,NA,NA,NA,NA,NA,NA,NA,NA,NA,NA,NA,NA,NA,NA,NA,NA,NA,NA,NA,NA,NA,NA,NA,NA,NA,NA,NA,NA,NA,NA,NA,NA,NA
"Senegalia_rovumae","Low","Maslin, B. 2001. Flora of Australia, Mimosaceae, Acacia.",NA,"automatic",NA,NA,NA,NA,NA,NA,NA,NA,NA,NA,NA,NA,NA,NA,NA,NA,NA,NA,NA,NA,NA,NA,NA,NA,NA,NA,NA,NA,NA,NA,NA,NA,NA,NA,NA,NA,NA,NA,NA,NA,NA,NA,NA,NA,NA,NA,NA,NA,NA,NA,NA,NA,NA,NA,NA,NA,NA,NA,NA,NA,NA,NA,NA,NA,NA,NA,NA,NA,NA,NA,NA,NA,NA,NA
"Mariosousa_russelliana","Low","Maslin, B. 2001. Flora of Australia, Mimosaceae, Acacia.",NA,"automatic",NA,NA,NA,NA,NA,NA,NA,NA,NA,NA,NA,NA,NA,NA,NA,NA,NA,NA,NA,NA,NA,NA,NA,NA,NA,NA,NA,NA,NA,NA,NA,NA,NA,NA,NA,NA,NA,NA,NA,NA,NA,NA,NA,NA,NA,NA,NA,NA,NA,NA,NA,NA,NA,NA,NA,NA,NA,NA,NA,NA,NA,NA,NA,NA,NA,NA,NA,NA,NA,NA,NA,NA,NA,NA
"Vachellia_schaffneri","Low","Maslin, B. 2001. Flora of Australia, Mimosaceae, Acacia.",NA,"automatic",NA,NA,NA,NA,NA,NA,NA,NA,NA,NA,NA,NA,NA,NA,NA,NA,NA,NA,NA,NA,NA,NA,NA,NA,NA,NA,NA,NA,NA,NA,NA,NA,NA,NA,NA,NA,NA,NA,NA,NA,NA,NA,NA,NA,NA,NA,NA,NA,NA,NA,NA,NA,NA,NA,NA,NA,NA,NA,NA,NA,NA,NA,NA,NA,NA,NA,NA,NA,NA,NA,NA,NA,NA,NA
"Vachellia_schottii","Low","Maslin, B. 2001. Flora of Australia, Mimosaceae, Acacia.",NA,"automatic",NA,NA,NA,NA,NA,NA,NA,NA,NA,NA,NA,NA,NA,NA,NA,NA,NA,NA,NA,NA,NA,NA,NA,NA,NA,NA,NA,NA,NA,NA,NA,NA,NA,NA,NA,NA,NA,NA,NA,NA,NA,NA,NA,NA,NA,NA,NA,NA,NA,NA,NA,NA,NA,NA,NA,NA,NA,NA,NA,NA,NA,NA,NA,NA,NA,NA,NA,NA,NA,NA,NA,NA,NA,NA
"Senegalia_schweinfurthii","Low","Maslin, B. 2001. Flora of Australia, Mimosaceae, Acacia.",NA,"automatic",NA,NA,NA,NA,NA,NA,NA,NA,NA,NA,NA,NA,NA,NA,NA,NA,NA,NA,NA,NA,NA,NA,NA,NA,NA,NA,NA,NA,NA,NA,NA,NA,NA,NA,NA,NA,NA,NA,NA,NA,NA,NA,NA,NA,NA,NA,NA,NA,NA,NA,NA,NA,NA,NA,NA,NA,NA,NA,NA,NA,NA,NA,NA,NA,NA,NA,NA,NA,NA,NA,NA,NA,NA,NA
"Senegalia_senegal","Low","Maslin, B. 2001. Flora of Australia, Mimosaceae, Acacia.",NA,"automatic",NA,NA,NA,NA,NA,NA,NA,NA,NA,NA,NA,NA,NA,NA,NA,NA,NA,NA,NA,NA,NA,NA,NA,NA,NA,NA,NA,NA,NA,NA,NA,NA,NA,NA,NA,NA,NA,NA,NA,NA,NA,NA,NA,NA,NA,NA,NA,NA,NA,NA,NA,NA,NA,NA,NA,NA,NA,NA,NA,NA,NA,NA,NA,NA,NA,NA,NA,NA,NA,NA,NA,NA,NA,NA
"Vachellia_seyal","Low","Maslin, B. 2001. Flora of Australia, Mimosaceae, Acacia.",NA,"automatic",NA,NA,NA,NA,NA,NA,NA,NA,NA,NA,NA,NA,NA,NA,NA,NA,NA,NA,NA,NA,NA,NA,NA,NA,NA,NA,NA,NA,NA,NA,NA,NA,NA,NA,NA,NA,NA,NA,NA,NA,NA,NA,NA,NA,NA,NA,NA,NA,NA,NA,NA,NA,NA,NA,NA,NA,NA,NA,NA,NA,NA,NA,NA,NA,NA,NA,NA,NA,NA,NA,NA,NA,NA,NA
"Acacia_terminalis","Low","Maslin, B. 2001. Flora of Australia, Mimosaceae, Acacia.",NA,"automatic",NA,NA,NA,NA,NA,NA,NA,NA,NA,NA,NA,NA,NA,NA,NA,NA,NA,NA,NA,NA,NA,NA,NA,NA,NA,NA,NA,NA,NA,NA,NA,NA,NA,NA,NA,NA,NA,NA,NA,NA,NA,NA,NA,NA,NA,NA,NA,NA,NA,NA,NA,NA,NA,NA,NA,NA,NA,NA,NA,NA,NA,NA,NA,NA,NA,NA,NA,NA,NA,NA,NA,NA,NA,NA
"Acacia_simplex","Low","Maslin, B. 2001. Flora of Australia, Mimosaceae, Acacia.",NA,"automatic",NA,NA,NA,NA,NA,NA,NA,NA,NA,NA,NA,NA,NA,NA,NA,NA,NA,NA,NA,NA,NA,NA,NA,NA,NA,NA,NA,NA,NA,NA,NA,NA,NA,NA,NA,NA,NA,NA,NA,NA,NA,NA,NA,NA,NA,NA,NA,NA,NA,NA,NA,NA,NA,NA,NA,NA,NA,NA,NA,NA,NA,NA,NA,NA,NA,NA,NA,NA,NA,NA,NA,NA,NA,NA
"Acacia_simplex","Low","Maslin, B. 2001. Flora of Australia, Mimosaceae, Acacia.",NA,"automatic",NA,NA,NA,NA,NA,NA,NA,NA,NA,NA,NA,NA,NA,NA,NA,NA,NA,NA,NA,NA,NA,NA,NA,NA,NA,NA,NA,NA,NA,NA,NA,NA,NA,NA,NA,NA,NA,NA,NA,NA,NA,NA,NA,NA,NA,NA,NA,NA,NA,NA,NA,NA,NA,NA,NA,NA,NA,NA,NA,NA,NA,NA,NA,NA,NA,NA,NA,NA,NA,NA,NA,NA,NA,NA
"Parasenegalia_skleroxyla","Low","Maslin, B. 2001. Flora of Australia, Mimosaceae, Acacia.",NA,"automatic",NA,NA,NA,NA,NA,NA,NA,NA,NA,NA,NA,NA,NA,NA,NA,NA,NA,NA,NA,NA,NA,NA,NA,NA,NA,NA,NA,NA,NA,NA,NA,NA,NA,NA,NA,NA,NA,NA,NA,NA,NA,NA,NA,NA,NA,NA,NA,NA,NA,NA,NA,NA,NA,NA,NA,NA,NA,NA,NA,NA,NA,NA,NA,NA,NA,NA,NA,NA,NA,NA,NA,NA,NA,NA
"Vachellia_sphaerocephala","Low","Maslin, B. 2001. Flora of Australia, Mimosaceae, Acacia.",NA,"automatic",NA,NA,NA,NA,NA,NA,NA,NA,NA,NA,NA,NA,NA,NA,NA,NA,NA,NA,NA,NA,NA,NA,NA,NA,NA,NA,NA,NA,NA,NA,NA,NA,NA,NA,NA,NA,NA,NA,NA,NA,NA,NA,NA,NA,NA,NA,NA,NA,NA,NA,NA,NA,NA,NA,NA,NA,NA,NA,NA,NA,NA,NA,NA,NA,NA,NA,NA,NA,NA,NA,NA,NA,NA,NA
"Vachellia_stuhlmannii","Low","Maslin, B. 2001. Flora of Australia, Mimosaceae, Acacia.",NA,"automatic",NA,NA,NA,NA,NA,NA,NA,NA,NA,NA,NA,NA,NA,NA,NA,NA,NA,NA,NA,NA,NA,NA,NA,NA,NA,NA,NA,NA,NA,NA,NA,NA,NA,NA,NA,NA,NA,NA,NA,NA,NA,NA,NA,NA,NA,NA,NA,NA,NA,NA,NA,NA,NA,NA,NA,NA,NA,NA,NA,NA,NA,NA,NA,NA,NA,NA,NA,NA,NA,NA,NA,NA,NA,NA
"Senegalia_subangulata","Low","Maslin, B. 2001. Flora of Australia, Mimosaceae, Acacia.",NA,"automatic",NA,NA,NA,NA,NA,NA,NA,NA,NA,NA,NA,NA,NA,NA,NA,NA,NA,NA,NA,NA,NA,NA,NA,NA,NA,NA,NA,NA,NA,NA,NA,NA,NA,NA,NA,NA,NA,NA,NA,NA,NA,NA,NA,NA,NA,NA,NA,NA,NA,NA,NA,NA,NA,NA,NA,NA,NA,NA,NA,NA,NA,NA,NA,NA,NA,NA,NA,NA,NA,NA,NA,NA,NA,NA
"Vachellia_swazica","Low","Maslin, B. 2001. Flora of Australia, Mimosaceae, Acacia.",NA,"automatic",NA,NA,NA,NA,NA,NA,NA,NA,NA,NA,NA,NA,NA,NA,NA,NA,NA,NA,NA,NA,NA,NA,NA,NA,NA,NA,NA,NA,NA,NA,NA,NA,NA,NA,NA,NA,NA,NA,NA,NA,NA,NA,NA,NA,NA,NA,NA,NA,NA,NA,NA,NA,NA,NA,NA,NA,NA,NA,NA,NA,NA,NA,NA,NA,NA,NA,NA,NA,NA,NA,NA,NA,NA,NA
"Acacia_aculeatissima","Low","Maslin, B. 2001. Flora of Australia, Mimosaceae, Acacia.",NA,"automatic",NA,NA,NA,NA,NA,NA,NA,NA,NA,NA,NA,NA,NA,NA,NA,NA,NA,NA,NA,NA,NA,NA,NA,NA,NA,NA,NA,NA,NA,NA,NA,NA,NA,NA,NA,NA,NA,NA,NA,NA,NA,NA,NA,NA,NA,NA,NA,NA,NA,NA,NA,NA,NA,NA,NA,NA,NA,NA,NA,NA,NA,NA,NA,NA,NA,NA,NA,NA,NA,NA,NA,NA,NA,NA
"Acaciella_tequilana","Low","Maslin, B. 2001. Flora of Australia, Mimosaceae, Acacia.",NA,"automatic",NA,NA,NA,NA,NA,NA,NA,NA,NA,NA,NA,NA,NA,NA,NA,NA,NA,NA,NA,NA,NA,NA,NA,NA,NA,NA,NA,NA,NA,NA,NA,NA,NA,NA,NA,NA,NA,NA,NA,NA,NA,NA,NA,NA,NA,NA,NA,NA,NA,NA,NA,NA,NA,NA,NA,NA,NA,NA,NA,NA,NA,NA,NA,NA,NA,NA,NA,NA,NA,NA,NA,NA,NA,NA
"Vachellia_tomentosa","Low","Nielsen, I.C. (1992). Mimosaceae (Leguminosae-Mimosoideae). Flora Malesiana - Series 1, Spermatophyta, 11(1), 1‚Äö√Ñ√¨226.","https://www.dropbox.com/s/2hsx9hy2vv0i7m8/Nielsen-1992-Flora%20Malesiana%20Leguminosae%20Mimosoideae.pdf?dl=3","manual",NA,NA,NA,NA,NA,NA,NA,NA,NA,NA,NA,NA,NA,NA,NA,NA,NA,NA,NA,NA,NA,NA,NA,NA,NA,NA,NA,NA,NA,NA,NA,NA,NA,NA,NA,NA,NA,NA,NA,NA,NA,NA,NA,NA,NA,NA,NA,NA,NA,NA,NA,NA,NA,NA,NA,NA,NA,NA,NA,NA,NA,NA,NA,NA,NA,NA,NA,NA,NA,NA,NA,NA,NA,NA
"Vachellia_tortilis","Low","Maslin, B. 2001. Flora of Australia, Mimosaceae, Acacia.",NA,"automatic",NA,NA,NA,NA,NA,NA,NA,NA,NA,NA,NA,NA,NA,NA,NA,NA,NA,NA,NA,NA,NA,NA,NA,NA,NA,NA,NA,NA,NA,NA,NA,NA,NA,NA,NA,NA,NA,NA,NA,NA,NA,NA,NA,NA,NA,NA,NA,NA,NA,NA,NA,NA,NA,NA,NA,NA,NA,NA,NA,NA,NA,NA,NA,NA,NA,NA,NA,NA,NA,NA,NA,NA,NA,NA
"Acaciella_villosa","Low","Maslin, B. 2001. Flora of Australia, Mimosaceae, Acacia.",NA,"automatic",NA,NA,NA,NA,NA,NA,NA,NA,NA,NA,NA,NA,NA,NA,NA,NA,NA,NA,NA,NA,NA,NA,NA,NA,NA,NA,NA,NA,NA,NA,NA,NA,NA,NA,NA,NA,NA,NA,NA,NA,NA,NA,NA,NA,NA,NA,NA,NA,NA,NA,NA,NA,NA,NA,NA,NA,NA,NA,NA,NA,NA,NA,NA,NA,NA,NA,NA,NA,NA,NA,NA,NA,NA,NA
"Parasenegalia_visco","Low","Maslin, B. 2001. Flora of Australia, Mimosaceae, Acacia.",NA,"automatic",NA,NA,NA,NA,NA,NA,NA,NA,NA,NA,NA,NA,NA,NA,NA,NA,NA,NA,NA,NA,NA,NA,NA,NA,NA,NA,NA,NA,NA,NA,NA,NA,NA,NA,NA,NA,NA,NA,NA,NA,NA,NA,NA,NA,NA,NA,NA,NA,NA,NA,NA,NA,NA,NA,NA,NA,NA,NA,NA,NA,NA,NA,NA,NA,NA,NA,NA,NA,NA,NA,NA,NA,NA,NA
"Mariosousa_heterophylla","Low","Maslin, B. 2001. Flora of Australia, Mimosaceae, Acacia.",NA,"automatic",NA,NA,NA,NA,NA,NA,NA,NA,NA,NA,NA,NA,NA,NA,NA,NA,NA,NA,NA,NA,NA,NA,NA,NA,NA,NA,NA,NA,NA,NA,NA,NA,NA,NA,NA,NA,NA,NA,NA,NA,NA,NA,NA,NA,NA,NA,NA,NA,NA,NA,NA,NA,NA,NA,NA,NA,NA,NA,NA,NA,NA,NA,NA,NA,NA,NA,NA,NA,NA,NA,NA,NA,NA,NA
"Senegalia_wrightii","Low","Maslin, B. 2001. Flora of Australia, Mimosaceae, Acacia.",NA,"automatic",NA,NA,NA,NA,NA,NA,NA,NA,NA,NA,NA,NA,NA,NA,NA,NA,NA,NA,NA,NA,NA,NA,NA,NA,NA,NA,NA,NA,NA,NA,NA,NA,NA,NA,NA,NA,NA,NA,NA,NA,NA,NA,NA,NA,NA,NA,NA,NA,NA,NA,NA,NA,NA,NA,NA,NA,NA,NA,NA,NA,NA,NA,NA,NA,NA,NA,NA,NA,NA,NA,NA,NA,NA,NA
"Vachellia_xanthophloea","Low","Maslin, B. 2001. Flora of Australia, Mimosaceae, Acacia.",NA,"automatic",NA,NA,NA,NA,NA,NA,NA,NA,NA,NA,NA,NA,NA,NA,NA,NA,NA,NA,NA,NA,NA,NA,NA,NA,NA,NA,NA,NA,NA,NA,NA,NA,NA,NA,NA,NA,NA,NA,NA,NA,NA,NA,NA,NA,NA,NA,NA,NA,NA,NA,NA,NA,NA,NA,NA,NA,NA,NA,NA,NA,NA,NA,NA,NA,NA,NA,NA,NA,NA,NA,NA,NA,NA,NA
"Acaciella_bicolor","High","Arce, M. D. L. R., & Bachman, S. (2006, December). A taxonomic revision of Acaciella (Leguminosae, Mimosoideae). In Anales del Jard‚àö‚â†n Bot‚àö¬∞nico de Madrid (Vol. 63, No. 2, pp. 189-244).","https://www.dropbox.com/s/tu4gddsbkveteno/Rico-Arce_and_Bachman-2006-%20A%20taxonomic%20revision%20of%20Acaciella%20%28Leguminosae%2C%20Mimosoideae%29%20.pdf?dl=0","manual",NA,"shrub, perennial herb","<= 4",NA,NA,"no","no","5",NA,"5",NA,"45-80(-120)","(13-) 30-40","no","15-50(-80)","no","3-10","20-60(-90)",NA,"no","15-32","6-15","2-6(-8)","narrowly elliptic","oblique","rounded, slightly mucronate","no","10-15","2",NA,NA,"≤15",NA,NA,"5","1",NA,NA,"5","2.5",NA,NA,"white",NA,NA,"6-7",NA,NA,NA,NA,NA,"yes",NA,NA,NA,NA,"legume","60-65","10-14","3","flat, straight","acute","acute",NA,"6-12",NA,NA,NA,NA,NA,"Same","yes","—","found"
"Acaciella_chamelensis","High","Arce, M. D. L. R., & Bachman, S. (2006, December). A taxonomic revision of Acaciella (Leguminosae, Mimosoideae). In Anales del Jard‚àö‚â†n Bot‚àö¬∞nico de Madrid (Vol. 63, No. 2, pp. 189-244).","https://www.dropbox.com/s/tu4gddsbkveteno/Rico-Arce_and_Bachman-2006-%20A%20taxonomic%20revision%20of%20Acaciella%20%28Leguminosae%2C%20Mimosoideae%29%20.pdf?dl=0","manual",NA,"shrub","6",NA,NA,"no","no","7",NA,"7",NA,"<=150","30-65","no","<=85","no","2-4","60-85",NA,"no","6-10","8-22","4-7","elliptic","acute","acute","no","10-15","1-1.5","<= 200",NA,NA,"capitulum-like raceme","clusters of 2-4 capitulum-like racemes on a main axis","5","1-1.3",NA,NA,"5","2.5",NA,NA,"white",NA,NA,"4.5",NA,NA,NA,NA,"no","yes","1",NA,NA,NA,"legume","45-50","15-18","3","flat, straight","rounded","acute",NA,"6-8",NA,NA,NA,NA,NA,"same","yes","—",NA
"Acaciella_goldmanii","High","Arce, M. D. L. R., & Bachman, S. (2006, December). A taxonomic revision of Acaciella (Leguminosae, Mimosoideae). In Anales del Jard‚àö‚â†n Bot‚àö¬∞nico de Madrid (Vol. 63, No. 2, pp. 189-244).","https://www.dropbox.com/s/tu4gddsbkveteno/Rico-Arce_and_Bachman-2006-%20A%20taxonomic%20revision%20of%20Acaciella%20%28Leguminosae%2C%20Mimosoideae%29%20.pdf?dl=0","manual",NA,"shrub","<= 3",NA,NA,"no","no","2.25","<= 1","2.25","<= 1","30-90","13-30","no","20-35","no","(3) 4-5","(25) 30-55",NA,"no","14-28","6-12","(0.8) 1-1.5","narrowly oblong","rounded","acute","no","15-17","0.6-0.7 (0.8)","13",NA,NA,"raceme","clusters of 2 racemes in branch axils","5","0.6",NA,NA,"5","2",NA,NA,"white",NA,NA,"3.5",NA,NA,NA,NA,"no","yes","1.2",NA,NA,NA,"legume","45-47 (60)","(8)-10","2","flat, straight","acute","acute",NA,"4-6","3.7-4.6","2.4-3.7","1.4-1.8","widely elliptic",NA,"same","yes","—",NA
"Acaciella_painteri","High","Arce, M. D. L. R., & Bachman, S. (2006, December). A taxonomic revision of Acaciella (Leguminosae, Mimosoideae). In Anales del Jard‚àö‚â†n Bot‚àö¬∞nico de Madrid (Vol. 63, No. 2, pp. 189-244).","https://www.dropbox.com/s/tu4gddsbkveteno/Rico-Arce_and_Bachman-2006-%20A%20taxonomic%20revision%20of%20Acaciella%20%28Leguminosae%2C%20Mimosoideae%29%20.pdf?dl=0","manual",NA,"shrub","<= 5",NA,NA,"no","no","3-3.5 (4)",NA,"3-3.5 (4)",NA,"55-150 (180)","20-45","no","10-30","no","3-9","40-55 (80)",NA,"no","(16) 34-40 (58)","4.5-7 (12)","1.2-2 (3)","linear-oblong","oblique","round-acute","no","7-10","0.7-1",NA,"85-250",NA,"raceme","consisting of axillary and terminal racemes, consisting of clusters 2-3, racemes axillary or terminal, usually on a main axis","5","1",NA,NA,"5","2.3-2.5",NA,NA,"white",NA,NA,"4.5",NA,NA,NA,NA,"no","yes","1.2",NA,NA,NA,"legume","(37)40(50)","7-9","2-3","flat straight","acute","acute",NA,"8","3-4.5","3-4.6","1.5-2.3","spherical, circular in outline",NA,"same","yes","yes",NA
"Adenanthera_intermedia","High","Nielsen, I.C. (1992). Mimosaceae (Leguminosae-Mimosoideae). Flora Malesiana - Series 1, Spermatophyta, 11(1), 1‚Äö√Ñ√¨226.","https://www.dropbox.com/s/2hsx9hy2vv0i7m8/Nielsen-1992-Flora%20Malesiana%20Leguminosae%20Mimosoideae.pdf?dl=4","manual",NA,"tree","≤ 19",NA,NA,"no","no","0","0","0","0",NA,"1-2",NA,"100-210","no","2-3 (4)","(30) 50-150",NA,"no","(3) 4-6","15-50","9-30","unequal-sided, elliptic, ovate-elliptic, (very) broadly cuneate, (very) broadly rounded","± symmetrical","rounded-mucronulate, truncate-emarginate",NA,NA,"1 (3)","100-150",NA,NA,"raceme",NA,"5","0.5",NA,NA,"5","2.4-3.5",NA,NA,NA,NA,"10","4",NA,"0.5",NA,NA,NA,NA,"3",NA,"0.6-0.7",NA,"pod","100-180","9-20",NA,"strap shaped, usually falcate prior to dehiscence and spirally contorted after, often slightly constricted between the seeds",NA,NA,"dark brown","10-11","6-8","5-6","3-4","± irregularly obovoid-ellipsoid, biconvex","glossy red with black spot.","same","yes",NA,NA
"Adenanthera_malayana","High","Nielsen, I.C. (1992). Mimosaceae (Leguminosae-Mimosoideae). Flora Malesiana - Series 1, Spermatophyta, 11(1), 1‚Äö√Ñ√¨226.","https://www.dropbox.com/s/2hsx9hy2vv0i7m8/Nielsen-1992-Flora%20Malesiana%20Leguminosae%20Mimosoideae.pdf?dl=5","manual",NA,"tree","45",NA,NA,"no","no","0","0","0","0",NA,NA,NA,"55-190","no","2-3","(30) 45-120",NA,"no","(2) 3-5","18-50 (80)","10-40 (50)","very often slightly unequal-sided, elliptic-ovate, elliptic-suborbicular, mucronulate","slightly asymmetrically cuneate","acute-rhombid, very broadly rhombid, emarginate, truncate, often slightly emarginate, mucronulate",NA,NA,"1","80-150",NA,NA,"raceme",NA,"5","0.5-0.8","0.2-0.3",NA,"5","2.5-3",NA,NA,NA,"whitish, turning yellow","10","3.5-4.5","whitish turning yellow","0.5",NA,NA,NA,NA,"1.5-2",NA,"± 0.75-2",NA,"pod","± 80-150",NA,NA,"contorted into a spiral prior to dehiscence, gradually narrowing into the inconspicuous stalk, slightly sinuate between the seeds",NA,NA,"purpelish black","± 10-12","6-8","± 4-7","± 2-4.5","obovoid, ellipsoid, orbicular, biconvex, suborbicular","glossy red and black, distal black spot","same","yes",NA,NA
"Adenanthera_microsperma","High","Nielsen, I.C. (1992). Mimosaceae (Leguminosae-Mimosoideae). Flora Malesiana - Series 1, Spermatophyta, 11(1), 1‚Äö√Ñ√¨226.","https://www.dropbox.com/s/2hsx9hy2vv0i7m8/Nielsen-1992-Flora%20Malesiana%20Leguminosae%20Mimosoideae.pdf?dl=6","manual",NA,"tree","≤ 30",NA,NA,"no","no","0","0","0","0",NA,NA,NA,"120-210","no","3-5 (6)","57-110",NA,"no","(4) 5-9","10-27","6-18","asymmetricaly ovate-oblong, oblong-obovate, sub-trapezoid, often emmarginate, mucronulate","partly cuneate, partly rounded","rounded, truncate",NA,NA,"1.5-3","65-115 (250)",NA,NA,"raceme",NA,"5","0.5-0.75",NA,NA,"5","2.5-3.5",NA,NA,NA,NA,"10","3-4.5",NA,"0.5",NA,NA,NA,NA,"1.6-2.2",NA,"1-1.5",NA,"pod","≤ 150","8-12",NA,"densely spirally contorted before dehiscence",NA,NA,"brown to dark brown","6-10","5.5-7 (8)","4.5-7","4","suborbicular, ellipsoid, broadly obovoid","bright scarlet red","same","yes",NA,NA
"Adenopodia_oaxacana","High","Brenan, J. P. M. (1986). The genus Adenopodia (Leguminosae). Kew bulletin, 73-90.","https://www.dropbox.com/s/0y3q00tu5g2v01q/Brenan-1986-The_genus_adenopodia.pdf?dl=0","manual",NA,"climbing shrub, tree",NA,NA,NA,"yes",NA,NA,NA,NA,NA,NA,"25-80","yes","40-140","yes","6-10","40-95",NA,"yes","8-18","5-15","2-8","elliptic, oblong","asymmetrically rounded","rounded, obtuse","yes",NA,NA,NA,NA,NA,"spike","panicle",NA,"0.5-0.7","0.1",NA,"5",NA,"0.8-1.3",NA,NA,NA,NA,"2.8-3.3",NA,"0.5","0.25",NA,NA,NA,"0.25",NA,"1.5",NA,"pod","70-140","13-17",NA,"oblong","rounded","rounded, apiculate",NA,NA,"8-9","6",NA,NA,"light brown","same","yes",NA,NA
"Adenopodia_scelerata","High","Brenan, J. P. M. (1986). The genus Adenopodia (Leguminosae). Kew bulletin, 73-90.","https://www.dropbox.com/s/0y3q00tu5g2v01q/Brenan-1986-The_genus_adenopodia.pdf?dl=0","manual",NA,"climbing shrub","80",NA,NA,"yes",NA,"2-4",NA,"2-4",NA,NA,"25-100","yes","40-110","yes","4-10","30-80",NA,"yes","7-18","4-15","2.5-5 (7)","elliptic, oblong-elliptic","rounded, narrowed","rounded, obtuse","yes","8-20",NA,NA,NA,NA,"spike","paniculately aggregated",NA,"0.8-1","0.1",NA,NA,NA,"1.5-2",NA,NA,NA,NA,NA,NA,"0.4-0.6",NA,NA,NA,NA,"1",NA,NA,NA,"pod","100-150","32-35",NA,"oblong, slightly curved",NA,NA,NA,NA,NA,NA,"5-7",NA,NA,"same","yes",NA,NA
"Adenopodia_spicata","High","Brenan, J. P. M. (1986). The genus Adenopodia (Leguminosae). Kew bulletin, 73-90.","https://www.dropbox.com/s/0y3q00tu5g2v01q/Brenan-1986-The_genus_adenopodia.pdf?dl=0","manual",NA,"climbing shrub, scrambling shrub","6",NA,NA,"yes",NA,"5-7",NA,"5-7",NA,NA,"30-90","yes","30-135","yes","(3) 4-7","30-90",NA,"yes","7-13","(9) 12-18 (25)","(3) 5-7 (13)","oblong-elliptic","asymmetrically narrowed","rounded, often slightly emarginate","yes","8-35",NA,NA,NA,NA,"spike","often paniculately aggregated, solitary or few in a cluster",NA,"1-1.2","0.1",NA,NA,NA,"1",NA,NA,NA,NA,NA,NA,"0.5-0.7",NA,NA,NA,NA,"2",NA,NA,NA,"pod","(50) 80-130","(13) 18-30 (37)",NA,NA,NA,NA,NA,NA,"7-10","5-7",NA,"obovate-elliptic","deep brown","same","yes",NA,NA
"Alantsilodendron_mahafalense","High","du Puy, D. J., Labat, J. N., Rabevohitra, R., Villiers, J. F., Bosser, J., & Moat, J. (2002). The leguminosae of Madagascar. The Leguminosae of Madagascar.","https://www.dropbox.com/scl/fi/zscyucen3zz8f2xy16sad/duPuy_etal-2002-Alantsilodendron.pdf?rlkey=bqobcctcalzvtgoc7z70gj2v0&dl=0","manual",NA,"shrub","4",NA,"yes",NA,NA,NA,NA,"2",NA,NA,"10-15","yes","6-9","yes","1-2","7-15",NA,"yes","2-6","≤7","≤5","broadly elliptic, oblong, broadly oblong-obovate","broadly rounded, slightly cordate","broadly rounded, notched","yes","20-25",NA,NA,NA,NA,"head",NA,NA,"1-1.5",NA,NA,NA,"3-3.25",NA,NA,"white, cream",NA,NA,"0.6-1.6",NA,"0.6",NA,NA,"no",NA,"1",NA,NA,NA,"pod",NA,NA,NA,NA,NA,NA,NA,NA,NA,NA,NA,NA,NA,"same","yes",NA,NA
"Albizia_adianthifolia","Low","Capuron, R. (1970). Contribution to the forest flora of Madgascar: notes on Albizia spp. Adansonia, 11(2), 357-82.",NA,"manual",NA,"tree","≤20",NA,NA,NA,NA,NA,NA,NA,NA,NA,"24-70","yes","(30-)55-140","yes","4-8",NA,NA,NA,"(4-)6-15","7-20","4-8(-11)","obliquely rhombic-quadrate, rhombic-oblong","rounded, not auriculate","usually obtuse, mucronate, sometimes subacute","yes","24-45(-60)","0.5-1",NA,NA,NA,"pedunculate",NA,NA,"2.5-5",NA,NA,NA,"6-10","2-3",NA,"whitish",NA,NA,"20-32",NA,NA,NA,NA,NA,NA,"±2.5",NA,NA,NA,"pod","(75-)90-190","19-34",NA,"oblong",NA,NA,"pale brown",NA,"7-9.5","6.5-8.5",NA,"flattened",NA,"https://plants.jstor.org/compilation/albizia.adianthifolia","yes",NA,NA
"Osodendron_altissimum","Low","Brenan, J.P.M. (1970). Flora Zambesiaca 3(1): 1-153. Royal Botanic Gardens, Kew","https://plants.jstor.org/search?filter=name&so=ps_group_by_genus_species+asc&Query=Albizia+altissima",NA,"Two references in the link, as Cathormium altissimum",NA,NA,NA,NA,NA,NA,NA,NA,NA,NA,NA,NA,NA,NA,NA,NA,NA,NA,NA,NA,NA,NA,NA,NA,NA,NA,NA,NA,NA,NA,NA,NA,NA,NA,NA,NA,NA,NA,NA,NA,NA,NA,NA,NA,NA,NA,NA,NA,NA,NA,NA,NA,NA,NA,NA,NA,NA,NA,NA,NA,NA,NA,NA,NA,NA,NA,NA,NA,NA,NA,NA,NA,NA
"Albizia_amara","Low",NA,NA,NA,NA,"tree","1.5-12(-15)","deciduous",NA,"no",NA,NA,NA,NA,NA,NA,NA,NA,NA,NA,"4-46(-56)",NA,NA,NA,"12-48","2-5(-7.5)","0.5-1.5(-2.5)","oblong, linear",NA,"symmetrical, obtuse, sometimes subacute",NA,NA,NA,NA,NA,NA,NA,NA,NA,"1-2",NA,NA,NA,"3.5-7",NA,NA,"white, flushed pink",NA,NA,"5-12",NA,NA,NA,NA,NA,NA,NA,NA,NA,NA,"pod","100-280","20-50",NA,"oblong",NA,NA,"brown",NA,NA,NA,NA,NA,NA,"https://www.worldfloraonline.org/taxon/wfo-0000180283","yes",NA,NA
"Albizia_androyensis","Low","Du Puy, D.J., Labat, N.-N., Rabevohitra, R., Villiers, J.-F., Bosser, J. & Moat, J. (2002). The Leguminosae of Madagascar: 1-737. Royal Botanic Gardens, Kew","https://www.dropbox.com/scl/fi/7mex6eu31wfg3j3my249g/duPuy_etal-2002-Albizia.pdf?rlkey=6gog1zx83cotv2oef09ig44n0&dl=0",NA,NA,NA,NA,NA,NA,NA,NA,NA,NA,NA,NA,NA,NA,NA,NA,NA,NA,NA,NA,NA,NA,NA,NA,NA,NA,NA,NA,NA,NA,NA,NA,NA,NA,NA,NA,NA,NA,NA,NA,NA,NA,NA,NA,NA,NA,NA,NA,NA,NA,NA,NA,NA,NA,NA,NA,NA,NA,NA,NA,NA,NA,NA,NA,NA,NA,NA,NA,NA,NA,NA,NA,NA,NA,NA
"Albizia_anthelmintica","Low",NA,NA,NA,NA,"shrubs, tree",NA,"deciduous",NA,NA,NA,NA,NA,NA,NA,NA,NA,NA,NA,NA,"1-2(-4)",NA,NA,NA,"1-4(-5)","(7-)10-36(-42)","(4-)6-31","obliquely obovate, suborbicular",NA,"mucronate",NA,NA,"0.5-5.5",NA,NA,NA,NA,NA,NA,"3-5",NA,NA,NA,"6-12",NA,NA,"pale greenish",NA,NA,"~15-20","white",NA,NA,NA,NA,NA,NA,NA,NA,NA,"pod","70-180","15-29",NA,"oblong",NA,NA,"straw-coloured",NA,NA,NA,NA,NA,NA,"https://plants.jstor.org/compilation/Albizia.anthelmintica","yes",NA,NA
"Albizia_antunesiana","Low",NA,NA,NA,NA,"tree","≤12",NA,NA,NA,NA,NA,NA,NA,NA,NA,"30-85",NA,"0-130",NA,"1-4",NA,NA,NA,"4-9","(16-)23-50","8-28","oblique, ovate, rhombic-ovate, elliptic-oblong",NA,"usually rounded, slightly emarginate",NA,"36-80","≤2",NA,NA,NA,NA,NA,NA,"(3-)2.5-5.5",NA,NA,NA,"5.5-11","≤4",NA,NA,NA,NA,"15-30",NA,NA,NA,NA,NA,NA,"±2",NA,NA,NA,"pod","110-160(-230)","25-44(-46)",NA,"oblong",NA,NA,NA,NA,NA,NA,"±7-9","flattened",NA,"https://plants.jstor.org/compilation/albizia.antunesiana?searchUri=","yes",NA,NA
"Albizia_arenicola","Low","Du Puy, D.J., Labat, N.-N., Rabevohitra, R., Villiers, J.-F., Bosser, J. & Moat, J. (2002). The Leguminosae of Madagascar: 1-737. Royal Botanic Gardens, Kew.","https://www.dropbox.com/scl/fi/7mex6eu31wfg3j3my249g/duPuy_etal-2002-Albizia.pdf?rlkey=6gog1zx83cotv2oef09ig44n0&dl=1",NA,NA,NA,NA,NA,NA,NA,NA,NA,NA,NA,NA,NA,NA,NA,NA,NA,NA,NA,NA,NA,NA,NA,NA,NA,NA,NA,NA,NA,NA,NA,NA,NA,NA,NA,NA,NA,NA,NA,NA,NA,NA,NA,NA,NA,NA,NA,NA,NA,NA,NA,NA,NA,NA,NA,NA,NA,NA,NA,NA,NA,NA,NA,NA,NA,NA,NA,NA,NA,NA,NA,NA,NA,NA,NA
"Albizia_atakataka","Low","Du Puy, D.J., Labat, N.-N., Rabevohitra, R., Villiers, J.-F., Bosser, J. & Moat, J. (2002). The Leguminosae of Madagascar: 1-737. Royal Botanic Gardens, Kew.","https://www.dropbox.com/scl/fi/7mex6eu31wfg3j3my249g/duPuy_etal-2002-Albizia.pdf?rlkey=6gog1zx83cotv2oef09ig44n0&dl=2",NA,NA,NA,NA,NA,NA,NA,NA,NA,NA,NA,NA,NA,NA,NA,NA,NA,NA,NA,NA,NA,NA,NA,NA,NA,NA,NA,NA,NA,NA,NA,NA,NA,NA,NA,NA,NA,NA,NA,NA,NA,NA,NA,NA,NA,NA,NA,NA,NA,NA,NA,NA,NA,NA,NA,NA,NA,NA,NA,NA,NA,NA,NA,NA,NA,NA,NA,NA,NA,NA,NA,NA,NA,NA,NA
"Albizia_aurisparsa","Low","Du Puy, D.J., Labat, N.-N., Rabevohitra, R., Villiers, J.-F., Bosser, J. & Moat, J. (2002). The Leguminosae of Madagascar: 1-737. Royal Botanic Gardens, Kew.","https://www.dropbox.com/scl/fi/7mex6eu31wfg3j3my249g/duPuy_etal-2002-Albizia.pdf?rlkey=6gog1zx83cotv2oef09ig44n0&dl=3",NA,NA,NA,NA,NA,NA,NA,NA,NA,NA,NA,NA,NA,NA,NA,NA,NA,NA,NA,NA,NA,NA,NA,NA,NA,NA,NA,NA,NA,NA,NA,NA,NA,NA,NA,NA,NA,NA,NA,NA,NA,NA,NA,NA,NA,NA,NA,NA,NA,NA,NA,NA,NA,NA,NA,NA,NA,NA,NA,NA,NA,NA,NA,NA,NA,NA,NA,NA,NA,NA,NA,NA,NA,NA,NA
"Albizia_bernieri","Low","Du Puy, D.J., Labat, N.-N., Rabevohitra, R., Villiers, J.-F., Bosser, J. & Moat, J. (2002). The Leguminosae of Madagascar: 1-737. Royal Botanic Gardens, Kew.","https://www.dropbox.com/scl/fi/7mex6eu31wfg3j3my249g/duPuy_etal-2002-Albizia.pdf?rlkey=6gog1zx83cotv2oef09ig44n0&dl=4",NA,NA,NA,NA,NA,NA,NA,NA,NA,NA,NA,NA,NA,NA,NA,NA,NA,NA,NA,NA,NA,NA,NA,NA,NA,NA,NA,NA,NA,NA,NA,NA,NA,NA,NA,NA,NA,NA,NA,NA,NA,NA,NA,NA,NA,NA,NA,NA,NA,NA,NA,NA,NA,NA,NA,NA,NA,NA,NA,NA,NA,NA,NA,NA,NA,NA,NA,NA,NA,NA,NA,NA,NA,NA,NA
"Albizia_boinensis","Low","Du Puy, D.J., Labat, N.-N., Rabevohitra, R., Villiers, J.-F., Bosser, J. & Moat, J. (2002). The Leguminosae of Madagascar: 1-737. Royal Botanic Gardens, Kew.","https://www.dropbox.com/scl/fi/7mex6eu31wfg3j3my249g/duPuy_etal-2002-Albizia.pdf?rlkey=6gog1zx83cotv2oef09ig44n0&dl=5",NA,NA,NA,NA,NA,NA,NA,NA,NA,NA,NA,NA,NA,NA,NA,NA,NA,NA,NA,NA,NA,NA,NA,NA,NA,NA,NA,NA,NA,NA,NA,NA,NA,NA,NA,NA,NA,NA,NA,NA,NA,NA,NA,NA,NA,NA,NA,NA,NA,NA,NA,NA,NA,NA,NA,NA,NA,NA,NA,NA,NA,NA,NA,NA,NA,NA,NA,NA,NA,NA,NA,NA,NA,NA,NA
"Albizia_carrii","Low","Nielsen, I.C. (1992). Mimosaceae (Leguminosae-Mimosoideae). Flora Malesiana - Series 1, Spermatophyta, 11(1), 1‚Äö√Ñ√¨226.","https://www.dropbox.com/s/2hsx9hy2vv0i7m8/Nielsen-1992-Flora%20Malesiana%20Leguminosae%20Mimosoideae.pdf?dl=7","manual",NA,"tree","≤ 30","semi-deciduous",NA,NA,NA,NA,NA,"1-2",NA,"45-100 (120)",NA,NA,"45-160","yes","2-6",NA,NA,"yes","6-10 (12)","(10) 15-25 (30)","(5) 7-10 (13)","asymmetrically elliptic-oblong","obliquely half cuneate, half rounded","rounded, obtuse, often emarginate","yes","25-50","4-6",NA,NA,NA,"pedunculate flowers","pedunculate flowers bearing corymbs","5","3-3.5","~0.5",NA,"5","~7","~3",NA,NA,NA,"numerous","≤ 25","white",NA,NA,NA,NA,NA,"~3",NA,NA,NA,"pod","120-240","30-50",NA,"oblong, straight, flat",NA,NA,"dark brown",NA,"9-11","5-7","3","oblong-ellipsoid, biconvex","dark brown","same","yes",NA,"found"
"Albizia_chevalieri","Low","Wu, Z. & Raven, P.H. (eds.) (2010). Flora of China 10: 1-642. Science Press (Beijing) & Missouri Botanical Garden Press (St. Louis).",NA,NA,"Kew?",NA,NA,NA,NA,NA,NA,NA,NA,NA,NA,NA,NA,NA,NA,NA,NA,NA,NA,NA,NA,NA,NA,NA,NA,NA,NA,NA,NA,NA,NA,NA,NA,NA,NA,NA,NA,NA,NA,NA,NA,NA,NA,NA,NA,NA,NA,NA,NA,NA,NA,NA,NA,NA,NA,NA,NA,NA,NA,NA,NA,NA,NA,NA,NA,NA,NA,NA,NA,NA,NA,NA,NA,NA
"Albizia_commiphoroides","Low","Du Puy, D.J., Labat, N.-N., Rabevohitra, R., Villiers, J.-F., Bosser, J. & Moat, J. (2002). The Leguminosae of Madagascar: 1-737. Royal Botanic Gardens, Kew.","https://www.dropbox.com/scl/fi/7mex6eu31wfg3j3my249g/duPuy_etal-2002-Albizia.pdf?rlkey=6gog1zx83cotv2oef09ig44n0&dl=0",NA,NA,NA,NA,NA,NA,NA,NA,NA,NA,NA,NA,NA,NA,NA,NA,NA,NA,NA,NA,NA,NA,NA,NA,NA,NA,NA,NA,NA,NA,NA,NA,NA,NA,NA,NA,NA,NA,NA,NA,NA,NA,NA,NA,NA,NA,NA,NA,NA,NA,NA,NA,NA,NA,NA,NA,NA,NA,NA,NA,NA,NA,NA,NA,NA,NA,NA,NA,NA,NA,NA,NA,NA,NA,NA
"Hydrochorea_elegans","Low",NA,NA,NA,NA,"shrubs, tree",NA,NA,NA,"no",NA,NA,NA,NA,NA,NA,NA,"yes",NA,NA,"1-15",NA,NA,NA,"2-33",NA,NA,"rhombic-ovate, rhombic-lanceolate, rhombic-oblong, rhombic-obovate, ovate, elliptic, oblong, lanceolate or oblanceolate",NA,NA,"yes",NA,NA,NA,NA,NA,"capitula, racemes","umbelliform capitula, corymbiform racemes","5-8",NA,NA,NA,"5-8","8-10",NA,NA,NA,"pinkish, reddish, yellowish, whitish","(10-)12-60(-75)",NA,"white, greenish, roseate",NA,NA,NA,NA,NA,NA,NA,NA,NA,NA,NA,NA,NA,NA,NA,NA,NA,NA,NA,NA,NA,NA,NA,"https://phytokeys.pensoft.net/article/82775/","yes",NA,NA
"Albizia_forbesii","Low",NA,NA,NA,NA,"tree","≤20",NA,NA,NA,NA,NA,NA,NA,NA,NA,"6-20(-28)",NA,"5-38",NA,"2-7",NA,NA,"yes","6-16","3.5-8","1.5-4","obliquely oblong, oblong-elliptic, obovate",NA,"rounded, subacute, mucronate","yes","20-55",NA,NA,NA,NA,NA,NA,NA,"3-4",NA,NA,NA,"5-8(-9)","≤2.5",NA,"creamy-white",NA,NA,"10-15",NA,NA,NA,NA,NA,NA,"2-3",NA,NA,NA,"pod","90-180","32-50",NA,"oblong",NA,NA,"dark brown, reddish-brown",NA,"11-12","1.5-6.5",NA,"oblong-ellipsoid, slightly flattened",NA,"https://plants.jstor.org/compilation/albizia.forbesii","yes",NA,NA
"Albizia_glaberrima","Low",NA,NA,NA,NA,"tree","9-24",NA,NA,NA,NA,NA,NA,NA,NA,NA,NA,NA,NA,NA,"1-3(-4)",NA,NA,NA,"3-6(-8)","18-70(-90)","9-33(-40)","obliquely rhombic-ovate, rarely rhombic-obovate, slightly falcate-oblong, asymmetrically elliptic",NA,"obtuse",NA,NA,"1.5-7",NA,NA,NA,NA,NA,NA,"1.5-2.5(-3)",NA,NA,NA,"3-5.5",NA,NA,"white, whitish",NA,NA,"6-10",NA,NA,NA,NA,NA,NA,NA,NA,NA,NA,"pod","120-260","30-42",NA,NA,NA,NA,"usually brown",NA,"9-11","6-7",NA,"flattened",NA,"https://plants.jstor.org/compilation/albizia.glaberrima","yes",NA,NA
"Albizia_grandibracteata","Low",NA,NA,NA,NA,"tree","6-30","deciduous",NA,NA,NA,NA,NA,NA,NA,NA,NA,NA,NA,NA,"(1-)2-3",NA,NA,NA,"3-6","29-72(-100)","16-32(-42)","obliquely rhombic, obovate","not auricled, scarcely auricled","acute, sometimes subacute",NA,"7-18","0.25-0.75",NA,NA,NA,NA,NA,NA,"3-5",NA,NA,NA,"7-10",NA,NA,NA,"pink, white",NA,NA,"pink, red",NA,NA,NA,NA,NA,NA,NA,NA,NA,"pod","70-150","15-30",NA,"oblong",NA,NA,NA,NA,"8-11","6.5-8",NA,"flattened",NA,"https://plants.jstor.org/compilation/Albizia.grandibracteata","yes",NA,NA
"Albizia_greveana","Low","Du Puy, D.J., Labat, N.-N., Rabevohitra, R., Villiers, J.-F., Bosser, J. & Moat, J. (2002). The Leguminosae of Madagascar: 1-737. Royal Botanic Gardens, Kew.","https://www.dropbox.com/scl/fi/7mex6eu31wfg3j3my249g/duPuy_etal-2002-Albizia.pdf?rlkey=6gog1zx83cotv2oef09ig44n0&dl=0",NA,NA,NA,NA,NA,NA,NA,NA,NA,NA,NA,NA,NA,NA,NA,NA,NA,NA,NA,NA,NA,NA,NA,NA,NA,NA,NA,NA,NA,NA,NA,NA,NA,NA,NA,NA,NA,NA,NA,NA,NA,NA,NA,NA,NA,NA,NA,NA,NA,NA,NA,NA,NA,NA,NA,NA,NA,NA,NA,NA,NA,NA,NA,NA,NA,NA,NA,NA,NA,NA,NA,NA,NA,NA,NA
"Pseudosamanea_guachapele","Low","Sushil has a copy (downloaded a paper that describes the Pseudosamanea guachapele (kunth) Harms which is a synonym",NA,NA,NA,"tree","20-30",NA,NA,NA,NA,NA,NA,NA,NA,NA,NA,NA,NA,NA,"2-(4-5)-6",NA,NA,NA,NA,NA,NA,NA,NA,NA,NA,NA,NA,NA,NA,NA,"pedunculate, umbellate",NA,"5","6-7",NA,NA,"5","9-10",NA,NA,"white, creamy",NA,NA,NA,NA,NA,NA,NA,NA,NA,NA,NA,NA,NA,"pod","150-200","25-35",NA,"thin, flat, widely oblong-linear",NA,NA,NA,"12-13","8-9","4.5-5.5",NA,"ovate, laterally compressed","whitish","same","yes",NA,NA
"Albizia_gummifera","Low",NA,NA,NA,NA,"tree","≤30",NA,NA,NA,NA,NA,NA,NA,NA,NA,NA,NA,NA,NA,"5-7(-8)",NA,NA,NA,"9-16","10-20(-25)","4-8(-13)","obliquely rhombic-quadrate, rhombic-subfalcate",NA,"obtuse, acute",NA,"6-7","0.25-0.75(-1)",NA,NA,NA,NA,NA,NA,"2.5-5",NA,NA,NA,"6.5-12",NA,NA,NA,NA,NA,NA,"white, crimson",NA,NA,NA,NA,NA,NA,NA,NA,NA,"pod","(80-)100-210","20-34(-40)",NA,"oblong, flat",NA,NA,"pale brown, reddish-brown, purplish",NA,"9-12","10",NA,"flattened",NA,"https://plants.jstor.org/compilation/albizia.gummifera","yes",NA,NA
"Albizia_harveyi","Low",NA,NA,NA,NA,"tree","≤15","deciduous",NA,NA,NA,NA,NA,NA,NA,NA,"8-30",NA,"24-90(150)",NA,"6-22",NA,NA,NA,"(6-)12-28","2-6","0.5-1.5","falcate",NA,"asymmetric, acute",NA,"15-40",NA,NA,NA,NA,"pedunculate","globose",NA,NA,NA,NA,NA,NA,NA,NA,"creamy-white",NA,NA,"≤20",NA,NA,NA,NA,NA,NA,NA,NA,NA,NA,"pod","≤180",NA,NA,"flattened, narrow",NA,NA,"brown",NA,NA,NA,NA,NA,NA,"https://plants.jstor.org/compilation/albizia.harveyi","yes",NA,NA
"Albizia_kalkora","Low","Wu, Z. & Raven, P.H. (eds.) (2010). Flora of China 10: 1-642. Science Press (Beijing) & Missouri Botanical Garden Press (St. Louis).",NA,NA,"Kew?",NA,NA,NA,NA,NA,NA,NA,NA,NA,NA,NA,NA,NA,NA,NA,NA,NA,NA,NA,NA,NA,NA,NA,NA,NA,NA,NA,NA,NA,NA,NA,NA,NA,NA,NA,NA,NA,NA,NA,NA,NA,NA,NA,NA,NA,NA,NA,NA,NA,NA,NA,NA,NA,NA,NA,NA,NA,NA,NA,NA,NA,NA,NA,NA,NA,NA,NA,NA,NA,NA,NA,NA,NA
"Albizia_kostermansii","Low","Nielsen, I.C. (1992). Mimosaceae (Leguminosae-Mimosoideae). Flora Malesiana - Series 1, Spermatophyta, 11(1), 1‚Äö√Ñ√¨226.","https://www.dropbox.com/s/2hsx9hy2vv0i7m8/Nielsen-1992-Flora%20Malesiana%20Leguminosae%20Mimosoideae.pdf?dl=8","manual",NA,"tree","30",NA,NA,NA,NA,NA,NA,"4-7","1.4-2.1",NA,NA,"yes","150-270",NA,"16-25","27-80",NA,NA,"17-47","(2.5) 4-6","0.8-1.3",NA,"strongly asymmetrically truncate","acute","yes","(10) 15-17 25",NA,NA,NA,NA,"pedunculate glomerules","pedunculate glomerules aggregated into terminal, shortly, tomentose panicles","5","1.8-2","0.1-0.2",NA,"5","5.5-6.2","1.5-2",NA,"white",NA,NA,"~15",NA,NA,NA,NA,NA,NA,"~2",NA,NA,NA,"pod","105","19",NA,"flat, straight, oblong",NA,NA,"dark brown",NA,"5.3","3","1","(elliptic) oblong, flattened","brown","same","yes",NA,"found"
"Albizia_lebbekoides","Low","Nielsen, I.C. (1992). Mimosaceae (Leguminosae-Mimosoideae). Flora Malesiana - Series 1, Spermatophyta, 11(1), 1‚Äö√Ñ√¨226.","https://www.dropbox.com/s/2hsx9hy2vv0i7m8/Nielsen-1992-Flora%20Malesiana%20Leguminosae%20Mimosoideae.pdf?dl=9","manual",NA,"tree","≤ 32",NA,NA,NA,NA,NA,NA,"1.5-2",NA,NA,NA,NA,"50-150","yes","(2) 3-7","40-120",NA,"yes","(5) 10-25","7-20 (27)","2.5-6 (14)","asymmetrically (elliptic) oblong, lanceolate, subfalcate","obliquely half rounded, half cuneate","rounded, acute","yes","10-30",NA,NA,NA,NA,"pedunculate glomerules","pedunculate glomerules aggregated into terminal and axillary puberulous to shortly tomentose panicles","5","1-1.5","~0.25",NA,"5","4-5","~1",NA,NA,"pale green",NA,"~6","white",NA,NA,NA,NA,NA,"1-1.5",NA,NA,NA,"pod","85-150","16-20 (28)",NA,"flat, straight, slightly curved, oblong",NA,NA,"dark brown",NA,"~7","~5","~1.5","obovate, suborbicular, flattened",NA,"same","yes",NA,"found"
"Albizia_mahalao","Low","Du Puy, D.J., Labat, N.-N., Rabevohitra, R., Villiers, J.-F., Bosser, J. & Moat, J. (2002). The Leguminosae of Madagascar: 1-737. Royal Botanic Gardens, Kew.","https://www.dropbox.com/scl/fi/7mex6eu31wfg3j3my249g/duPuy_etal-2002-Albizia.pdf?rlkey=6gog1zx83cotv2oef09ig44n0&dl=0",NA,NA,NA,NA,NA,NA,NA,NA,NA,NA,NA,NA,NA,NA,NA,NA,NA,NA,NA,NA,NA,NA,NA,NA,NA,NA,NA,NA,NA,NA,NA,NA,NA,NA,NA,NA,NA,NA,NA,NA,NA,NA,NA,NA,NA,NA,NA,NA,NA,NA,NA,NA,NA,NA,NA,NA,NA,NA,NA,NA,NA,NA,NA,NA,NA,NA,NA,NA,NA,NA,NA,NA,NA,NA,NA
"Albizia_mainaea","Low",NA,NA,NA,NA,"tree","≤15",NA,NA,NA,NA,NA,NA,"≤4",NA,NA,NA,NA,NA,NA,NA,NA,NA,NA,"4-14","4-23","3-11",NA,NA,NA,NA,NA,NA,NA,NA,NA,"racemes","pedunculate globose heads",NA,"4",NA,NA,NA,"10",NA,NA,NA,NA,NA,NA,"white, rose, purple",NA,NA,NA,NA,NA,NA,NA,NA,NA,"pod","80-150","~25",NA,"elliptic-oblong",NA,NA,NA,NA,NA,NA,NA,"broadly oblong",NA,"https://botany.cz/en/albizia-mainaea/","yes",NA,NA
"Albizia_malacophylla","Low",NA,NA,NA,NA,"tree","≤6",NA,NA,NA,NA,NA,NA,NA,NA,NA,NA,NA,NA,NA,"2-8",NA,NA,NA,"4-15","10-35(-40)","4-22(-30)","±obliquely oblong-elliptic, obovate-elliptic, sometimes nearly oblong",NA,"rounded, mucronulate, slightly emarginate",NA,NA,NA,NA,NA,NA,NA,NA,NA,"3-5",NA,NA,NA,"5-7",NA,NA,NA,NA,NA,"20-25",NA,NA,NA,NA,NA,NA,NA,NA,NA,NA,"pod","100-210","20-40",NA,"oblong",NA,NA,NA,NA,NA,NA,NA,NA,NA,"https://plants.jstor.org/compilation/albizia.malacophylla","yes",NA,NA
"Albizia_masikororum","Low","Du Puy, D.J., Labat, N.-N., Rabevohitra, R., Villiers, J.-F., Bosser, J. & Moat, J. (2002). The Leguminosae of Madagascar: 1-737. Royal Botanic Gardens, Kew.","https://www.dropbox.com/scl/fi/7mex6eu31wfg3j3my249g/duPuy_etal-2002-Albizia.pdf?rlkey=6gog1zx83cotv2oef09ig44n0&dl=0",NA,NA,NA,NA,NA,NA,NA,NA,NA,NA,NA,NA,NA,NA,NA,NA,NA,NA,NA,NA,NA,NA,NA,NA,NA,NA,NA,NA,NA,NA,NA,NA,NA,NA,NA,NA,NA,NA,NA,NA,NA,NA,NA,NA,NA,NA,NA,NA,NA,NA,NA,NA,NA,NA,NA,NA,NA,NA,NA,NA,NA,NA,NA,NA,NA,NA,NA,NA,NA,NA,NA,NA,NA,NA,NA
"Albizia_myriophylla","Low","Nielsen, I.C. (1992). Mimosaceae (Leguminosae-Mimosoideae). Flora Malesiana - Series 1, Spermatophyta, 11(1), 1‚Äö√Ñ√¨226.","https://www.dropbox.com/s/2hsx9hy2vv0i7m8/Nielsen-1992-Flora%20Malesiana%20Leguminosae%20Mimosoideae.pdf?dl=10","manual",NA,"shrub, climber",NA,NA,NA,"yes",NA,NA,NA,"2-3",NA,NA,NA,"yes","100-150","yes","8-20","35-55",NA,"yes","25-60","4-8","0.8-2","narrowly oblong, linear","asymmetrically truncate","rounded, broadly acute","yes","≤ 15",NA,NA,NA,NA,"pedunculate glomerules","pedunculate glomerules aggregated into terminal, tomentose panicles","5","~0.75","~0.25",NA,"5","3.5-5.5","1-2",NA,NA,NA,NA,NA,"white",NA,NA,NA,NA,NA,"~1",NA,NA,NA,"pod","~140","~25",NA,"oblong, flat",NA,NA,"yellowish, brownish",NA,"6.5","5","1.5","orbicular, obovate, slightly biconvex",NA,"same","yes",NA,NA
"Hydrochorea_obliquifoliolata","Low",NA,NA,NA,NA,"tree","≤30",NA,NA,NA,NA,NA,NA,"2-3",NA,NA,"(15-)20-35(-45)","yes",NA,NA,"(1-)2(-3)",NA,NA,NA,"(3-)5-7(-8)","(14-)22-48(-55)","(6-)11-18(-25)","rhomboid, often distinctly curved towards pinna apices, asymmetrically elliptic","asymmetrically obtuse, slightly oblique, oblique","rounded, shallowly emarginate, emarginate, sometimes mucronulate","yes","40-80(-120)","2-6",NA,NA,NA,"capitula","umbelliform capitula","5","~3-5","0.5","0.5","5","~5-9","2-3","2",NA,"green, greenish white","20-30","~21-25","white, pale green",NA,NA,"pale yellowish green",NA,NA,"~3",NA,NA,NA,"pod","(37-)55-96","12-14",NA,"falcate, weakly articulated","often tapering inot a stipe",NA,"dark brown, black","(3-)6-12","~6.5","~4.5","~0.5","elliptic","darker brown","https://phytokeys.pensoft.net/article/82775/","yes",NA,NA
"Albizia_odoratissima","Low",NA,NA,NA,NA,"tree","≤30","deciduous",NA,NA,NA,NA,NA,NA,NA,NA,NA,NA,"200-300","yes","2-8","50-130",NA,"yes","14-40","18-25","5-12","oblong","oblique","obtuse, apiculate","yes",NA,NA,NA,NA,NA,NA,NA,NA,"1-1.5",NA,NA,NA,NA,NA,NA,"white",NA,NA,"12-20",NA,NA,NA,NA,NA,NA,NA,NA,NA,"terminal","pod","150-200","25-37",NA,"flat, strap-shaped",NA,"rounded, rostrate","reddish-brown, dark brown","6-12",NA,NA,NA,"oblong, orbicular, compressed",NA,"https://indiabiodiversity.org/species/show/245365","yes",NA,NA
"Hydrochorea_pedicellaris","Low",NA,NA,NA,NA,"shrubs, trees",NA,NA,NA,"no",NA,NA,NA,NA,NA,NA,NA,NA,NA,NA,"6-17",NA,NA,NA,"10-33",NA,NA,"rhombic-ovate, rhombic-lanceolate, rhombic-oblong, rhombic-obovate, ovate, elliptic, oblong, lanceolate or oblanceolate",NA,NA,NA,NA,NA,NA,NA,NA,"capitula, racemes","umbelliform capitula, corymbiform racemes","5-8",NA,NA,NA,"5-8","≤7.5",NA,NA,NA,NA,"(10-)12-60(-75)",NA,"white, greenish, roseate",NA,NA,NA,NA,NA,NA,NA,NA,NA,NA,NA,NA,NA,NA,NA,NA,NA,NA,NA,NA,NA,NA,NA,"https://phytokeys.pensoft.net/article/82775/","yes",NA,NA
"Pseudalbizzia_pistaciifolia","Low","Barneby, R.C. and Grimes, J., 1996. Silk tree, guanacaste, monkey's earring: a generic system of the synandrous Mimosaceae of the Americas. Part I. Abarema, Albizia, and allies. Memoirs of the New York Botanical Garden, 74(1).","https://www.dropbox.com/s/omtdhf8ghyz5gpq/Barneby_and_Grimes-1996-Silk%20Tree%2C%20Guanacaste%2C%20Monkey%27s%20Earring%20-%20Part%20I.pdf?dl=3","automatic",NA,NA,NA,NA,NA,NA,NA,NA,NA,NA,NA,NA,NA,NA,NA,NA,NA,NA,NA,NA,NA,NA,NA,NA,NA,NA,NA,NA,NA,NA,NA,NA,NA,NA,NA,NA,NA,NA,NA,NA,NA,NA,NA,NA,NA,NA,NA,NA,NA,NA,NA,NA,NA,NA,NA,NA,NA,NA,NA,NA,NA,NA,NA,NA,NA,NA,NA,NA,NA,NA,NA,NA,NA,NA
"Albizia_polyphylla","Low","Du Puy, D.J., Labat, N.-N., Rabevohitra, R., Villiers, J.-F., Bosser, J. & Moat, J. (2002). The Leguminosae of Madagascar: 1-737. Royal Botanic Gardens, Kew.","https://www.dropbox.com/scl/fi/7mex6eu31wfg3j3my249g/duPuy_etal-2002-Albizia.pdf?rlkey=6gog1zx83cotv2oef09ig44n0&dl=0",NA,NA,NA,NA,NA,NA,NA,NA,NA,NA,NA,NA,NA,NA,NA,NA,NA,NA,NA,NA,NA,NA,NA,NA,NA,NA,NA,NA,NA,NA,NA,NA,NA,NA,NA,NA,NA,NA,NA,NA,NA,NA,NA,NA,NA,NA,NA,NA,NA,NA,NA,NA,NA,NA,NA,NA,NA,NA,NA,NA,NA,NA,NA,NA,NA,NA,NA,NA,NA,NA,NA,NA,NA,NA,NA
"Samanea_saman","Low","Barneby, R.C. and Grimes, J., 1996. Silk tree, guanacaste, monkey's earring: a generic system of the synandrous Mimosaceae of the Americas. Part I. Abarema, Albizia, and allies. Memoirs of the New York Botanical Garden, 74(1).","https://www.dropbox.com/s/omtdhf8ghyz5gpq/Barneby_and_Grimes-1996-Silk%20Tree%2C%20Guanacaste%2C%20Monkey%27s%20Earring%20-%20Part%20I.pdf?dl=4","automatic",NA,"tree","≤60","evergreen",NA,NA,NA,NA,NA,NA,NA,"250-400",NA,NA,NA,NA,"2-6",NA,NA,"yes","6-16",NA,NA,NA,NA,NA,"yes",NA,NA,NA,NA,NA,NA,NA,NA,NA,NA,NA,NA,NA,NA,NA,"pinkish-green",NA,NA,NA,NA,NA,NA,NA,NA,NA,NA,NA,NA,NA,"pod","200-300",NA,NA,"flat",NA,NA,"black","several","~10",NA,NA,"oblong","reddish-brown","https://ntbg.org/database/plants/detail/samanea-saman","yes",NA,NA
"Albizia_saponaria","Low","Nielsen, I.C. (1992). Mimosaceae (Leguminosae-Mimosoideae). Flora Malesiana - Series 1, Spermatophyta, 11(1), 1‚Äö√Ñ√¨226.","https://www.dropbox.com/s/2hsx9hy2vv0i7m8/Nielsen-1992-Flora%20Malesiana%20Leguminosae%20Mimosoideae.pdf?dl=11","manual",NA,"tree","≤ 15-30 (42.5)",NA,NA,NA,NA,NA,NA,"3.5-10","0.8-3",NA,NA,NA,"(25) 50-145 (190)","yes","1-2 (3)","8-115",NA,NA,"1-3(4)","(10) 24-115 (140)","(13) 23-105","ovate (elliptic), broadly obovate, ± unequal-sided","broadly cuneate, rounded","obtuse, rounded, acuminate, rarely mucronulate","yes","≤ 30",NA,NA,NA,NA,"pedunculate glomerules","pedunculate glomerules aggregated into terminal, puberulose or tomentellous panicles","5","(1) 1.5-2.5","0.2 (0.5)",NA,"5","(4.5) 5-6 (7.1)","1.5-2.5",NA,"creamy-yellow",NA,NA,NA,"creamy-white",NA,NA,NA,NA,NA,"~1-2",NA,NA,NA,"pod","110-220","(25) 35-50",NA,"oblong, flattened",NA,NA,"reddish brown, grey-brown",NA,"7-10","4-6","~1","elliptic, ovate-elliptic, flattened","brownish","same","yes",NA,NA
"Albizia_schimperiana","Low",NA,NA,NA,NA,"tree","5-23(-30)",NA,NA,NA,NA,NA,NA,NA,NA,NA,NA,NA,NA,NA,"2-7",NA,NA,NA,"6-21(-23)","7-21(-30)","3.5-8.5(-16)","obliquely oblong, rhombic, falcate-oblong",NA,"acute, rounded, mucronulate",NA,NA,"2-6",NA,NA,NA,"pedicellate",NA,NA,"1.5-2.5",NA,NA,NA,"4-7.5",NA,NA,"white, pale yellow",NA,NA,"7-12",NA,NA,NA,NA,NA,NA,NA,NA,NA,NA,"pod","180-340","(20-)28-59",NA,"oblong",NA,NA,"brown",NA,"9-11","6.5-8",NA,"flattened",NA,"https://plants.jstor.org/compilation/albizia.schimperiana","yes",NA,NA
"Albizia_splendens","Low","Nielsen, I.C. (1992). Mimosaceae (Leguminosae-Mimosoideae). Flora Malesiana - Series 1, Spermatophyta, 11(1), 1‚Äö√Ñ√¨226.","https://www.dropbox.com/s/2hsx9hy2vv0i7m8/Nielsen-1992-Flora%20Malesiana%20Leguminosae%20Mimosoideae.pdf?dl=12","manual",NA,"tree","≤ 30 (50)",NA,NA,NA,NA,NA,NA,NA,NA,NA,"10-30","yes",NA,NA,"1","20-65",NA,"yes","1-3","55-110 (170)","35-55 (110)","unequal-sided, ovate, elliptic, ovate-elliptic","± asymmetrically cuneate, rounded","obtusely acuminate","yes","≤ 20",NA,NA,NA,NA,"pedunculate glomerules",NA,"5","2-2.5","0.2",NA,"5","6-8","2.5-3",NA,NA,"greenish white",NA,NA,"white",NA,NA,NA,NA,NA,"~3",NA,NA,NA,"pod","180-300","35-50",NA,"straight, slightly curved, often slightly twisted, flat, sometimes slightly constricted between the seeds",NA,NA,"black, blacklish brown",NA,"13-16","10-14","4-5.5","often irregular, ovoid, broadly ellipsoid (obovoid), biconvex","brown","same","yes",NA,NA
"Albizia_tanganyicensis","Low",NA,NA,NA,NA,"tree","9-20","deciduous",NA,NA,NA,NA,NA,NA,NA,NA,NA,NA,NA,NA,"3-7",NA,NA,NA,"7-13","11-55",NA,"slightly asymmetric, obovate-elliptic, ovate-oblong",NA,NA,NA,NA,NA,NA,NA,NA,NA,NA,NA,NA,NA,NA,NA,"7-11",NA,NA,NA,"pale green",NA,"15-40","white, greenish",NA,NA,NA,NA,NA,NA,NA,NA,NA,"pod","100-350",NA,NA,"oblong",NA,NA,"more or less glossy brown",NA,NA,NA,NA,NA,NA,"https://www.zambiaflora.com/speciesdata/species.php?species_id=125720","yes",NA,NA
"Albizia_tulearensis","Low","Du Puy, D.J., Labat, N.-N., Rabevohitra, R., Villiers, J.-F., Bosser, J. & Moat, J. (2002). The Leguminosae of Madagascar: 1-737. Royal Botanic Gardens, Kew.","https://www.dropbox.com/scl/fi/7mex6eu31wfg3j3my249g/duPuy_etal-2002-Albizia.pdf?rlkey=6gog1zx83cotv2oef09ig44n0&dl=0",NA,NA,NA,NA,NA,NA,NA,NA,NA,NA,NA,NA,NA,NA,NA,NA,NA,NA,NA,NA,NA,NA,NA,NA,NA,NA,NA,NA,NA,NA,NA,NA,NA,NA,NA,NA,NA,NA,NA,NA,NA,NA,NA,NA,NA,NA,NA,NA,NA,NA,NA,NA,NA,NA,NA,NA,NA,NA,NA,NA,NA,NA,NA,NA,NA,NA,NA,NA,NA,NA,NA,NA,NA,NA,NA
"Albizia_versicolor","Low",NA,NA,NA,NA,"tree","≤18",NA,NA,NA,NA,NA,NA,NA,NA,NA,"30-75","yes","0-180",NA,"1-3(-5)",NA,NA,"yes","2-5(-6)","15-67","(10-)15-45","broadly obovate, obliquely obovate, obovate-oblong, suborbicular",NA,"rounded, often mucronate, sometimes subacute, emarginate","yes","20-60",NA,NA,NA,NA,NA,NA,NA,"4.5-7",NA,NA,NA,"7-12",NA,NA,"creamy-white",NA,NA,"25-40",NA,NA,NA,NA,NA,NA,"~3",NA,NA,NA,"pod","80-220","(22-)30-55",NA,"oblong",NA,NA,"chestnut-brown, reddish-brown, purplish",NA,"9-13","8-11",NA,"flattened",NA,"https://plants.jstor.org/compilation/albizia.versicolor","yes",NA,NA
"Albizia_viridis","Low","Du Puy, D.J., Labat, N.-N., Rabevohitra, R., Villiers, J.-F., Bosser, J. & Moat, J. (2002). The Leguminosae of Madagascar: 1-737. Royal Botanic Gardens, Kew.","https://www.dropbox.com/scl/fi/7mex6eu31wfg3j3my249g/duPuy_etal-2002-Albizia.pdf?rlkey=6gog1zx83cotv2oef09ig44n0&dl=0",NA,NA,NA,NA,NA,NA,NA,NA,NA,NA,NA,NA,NA,NA,NA,NA,NA,NA,NA,NA,NA,NA,NA,NA,NA,NA,NA,NA,NA,NA,NA,NA,NA,NA,NA,NA,NA,NA,NA,NA,NA,NA,NA,NA,NA,NA,NA,NA,NA,NA,NA,NA,NA,NA,NA,NA,NA,NA,NA,NA,NA,NA,NA,NA,NA,NA,NA,NA,NA,NA,NA,NA,NA,NA,NA
"Albizia_zygia","Low",NA,NA,NA,NA,"tree","≤25",NA,NA,NA,NA,NA,NA,NA,NA,NA,NA,NA,NA,NA,"(1-)2-4(-4)",NA,NA,NA,"2-5(-6)","29-72","16-43","obliquely rhombic, obovate","not auricled","obtuse, rarely subacute",NA,NA,"0.25-0.5(-0.75)",NA,NA,NA,NA,NA,NA,"2-4",NA,NA,NA,"6-9(-10)",NA,NA,NA,"white, pink",NA,"10-18","red",NA,NA,NA,NA,NA,NA,NA,NA,NA,"pod","100-180","20-40",NA,"oblong, flat, somewhat transversely plicate",NA,NA,NA,NA,"7.5-10","6.5-8.5",NA,"flattened",NA,"https://www.worldfloraonline.org/taxon/wfo-0000173024","yes",NA,NA
"Anadenanthera_peregrina","High","Altschul, S., 1964. A taxonomic study of the genus Anadenanthera. Contributions from the Gray Herbarium of Harvard University, (193), pp.3-65.","https://www.dropbox.com/s/uemiflrxhh482s3/Altschul-1964-A_taxonomic_study_of_the_genus_Anadenanthera.pdf?dl=0","manual",NA,"tree","3-27","semi-deciduous",NA,NA,"no",NA,NA,NA,NA,"120-300",NA,"yes",NA,NA,"10-30","20-50",NA,NA,"25-80","2-8","0.5-1.5","linear, oblong, lanceolate, straight, falcate","oblique, truncate","acute, acuminate, apiculate","yes","15-40",NA,NA,NA,"10-18","globose-capitate",NA,"5","0.5-3",NA,NA,"5","2-3.5",NA,NA,NA,"off-white, flesh tone, pale rufous, sometimes dark at the tips in specimens","10","5-8","off-white, golden red",NA,NA,NA,"no",NA,NA,NA,NA,NA,"legume","50-350","10-30",NA,"straight, falcate, oblongish, elongate","attenuate, obtuse,","mucronate, acuminate, cuspidate",NA,"8-16",NA,"10-20",NA,"orbicular, suborbicular","dark chestnut brown, black","Same","yes","—","found"
"Archidendron_borneense","High","Nielsen, I.C. (1992). Mimosaceae (Leguminosae-Mimosoideae). Flora Malesiana - Series 1, Spermatophyta, 11(1), 1‚Äö√Ñ√¨226.","https://www.dropbox.com/s/2hsx9hy2vv0i7m8/Nielsen-1992-Flora%20Malesiana%20Leguminosae%20Mimosoideae.pdf?dl=13","manual",NA,"tree, shrub","≤ 12",NA,NA,NA,"no",NA,NA,NA,NA,NA,NA,NA,"(30) 60-105 (120)","yes","1-2","20-130",NA,NA,"(1) 2-5","50-180","25-100","equal sided, very unequal sided, usually obliquely ovate, obovate, broadly elliptic, subtrapezoid (-lanceolate)","broadly cuneate, rounded","acuminate (-caudate)","yes",NA,"≤ 4",NA,NA,NA,"pedunculate umbels","pedunculate umbels aggregated in panicles","5","1-2","≤ 0.2",NA,"5","5-7","2-3",NA,NA,"cream",NA,"≤ 20","cream",NA,NA,NA,NA,NA,NA,NA,NA,NA,"pod",NA,"± 35",NA,"curved into a circle before dehiscence, densely spirally contorted after dehiscence, slightly sinuate between seed,",NA,NA,"reddish to orange",NA,"± 9","± 7","± 4","ellipsoid, compressed","black","same","yes",NA,NA
"Archidendron_chevalieri","High","???? Nielsen, I., Baretta‚Äö√Ñ√¨Kuipers, T., & Guinet, P. (1984). The genus Archidendron (Leguminosae‚Äö√Ñ√¨Mimosoideae). Nordic Journal of Botany, 4(6), 770-770.","https://www.dropbox.com/s/09ftgkdv7ep7wk4/Nielsen-1984-The_genus_Archidendron.pdf?dl=0","manual",NA,"tree","~3.5",NA,NA,NA,NA,NA,NA,NA,NA,NA,"~2-5.5","yes","~106-125","yes","2",NA,NA,NA,"2","80-270","80-135","elliptic-ovate-obovate","cuneate, rarely asymmetric","acuminate","yes","11-20",NA,NA,"~115",NA,"panicled, pedunculate","terminal or axillary, narrow panicled, peduncle","5","2.5-3",NA,NA,"5","~5",NA,NA,"white",NA,"46","15",NA,NA,NA,"yellow",NA,NA,NA,NA,"~15",NA,"legume","50-150","30-40",NA,"slightly curved, straight, cylindric",NA,NA,NA,"4-7","~30","~27",NA,"shortly cylindrical, turbinate","brown","https://www.researchgate.net/publication/318362028_Archidendron_chevalieri_Kosterm_IC_Nielsen_Leguminosae_Mimosoideae-A_New_Record_to_India_from_Arunachal_Pradesh","yes",NA,NA
"Archidendron_clypearia","High","Nielsen, I.C. (1992). Mimosaceae (Leguminosae-Mimosoideae). Flora Malesiana - Series 1, Spermatophyta, 11(1), 1‚Äö√Ñ√¨226.","https://www.dropbox.com/s/2hsx9hy2vv0i7m8/Nielsen-1992-Flora%20Malesiana%20Leguminosae%20Mimosoideae.pdf?dl=14","manual",NA,"shrub, much branched tree","≤ 22",NA,NA,NA,"no",NA,NA,NA,NA,NA,NA,NA,"≤ 300","yes","(2) 3-14","20-150",NA,NA,"4-29","3.5-115","1.5-45","unequal sided, (ovate-) trapezoid, oblong","asymmetrical cuneate","acuminate","yes",NA,"1-4.5",NA,NA,NA,"terminal, consisting of peduculate umbels or corymbs","terminal, consisting of peduculate umbels or corymbs aggreagted into panicles","5","1- ±3",NA,NA,"5","4-11","2-3",NA,NA,"creamy white, yellow",NA,"≤ ± 13","creamy white, yellow",NA,NA,NA,NA,NA,NA,NA,NA,NA,"pod","≤ 200","10",NA,"flattened, spirally twisted, somewhat sinuate between the seeds",NA,NA,"orange yellowish",NA,"6-10","6-9","6-7","ovoid, ellipsoid","black","same","yes",NA,NA
"Archidendron_cockburnii","High","Nielsen, I.C. (1992). Mimosaceae (Leguminosae-Mimosoideae). Flora Malesiana - Series 1, Spermatophyta, 11(1), 1‚Äö√Ñ√¨226.","https://www.dropbox.com/s/2hsx9hy2vv0i7m8/Nielsen-1992-Flora%20Malesiana%20Leguminosae%20Mimosoideae.pdf?dl=15","manual",NA,"tree","≤ 40",NA,NA,NA,"no",NA,NA,NA,NA,NA,NA,NA,"30-160","yes","1","60-140",NA,NA,"2, 3","40-150","20-70","unequal-sided, elliptic-lanceolate, lanceolate","asymmetrical cuneate","acuminate, sometime mucronulate","yes",NA,"≤ 1",NA,NA,NA,"terminal, consisting of peduculate glomerules (or umbels)","terminal, consisting of peduculate glomerules (or umbels) aggregated into panicles","5","3.5-4.8","0.3-0.5",NA,"5","7-11.2","2.5-5",NA,NA,NA,NA,"≤ 30",NA,NA,NA,NA,NA,NA,NA,NA,NA,NA,"pod","140-250","15-22",NA,"spirally contorted, only slightly sinuate between seeds",NA,NA,"ferrugineous, chocolate-brown",NA,"15-16","8-12","6","ellipsoid, slightly compressed","black","same","yes",NA,NA
"Archidendron_ellipticum","High","Nielsen, I.C. (1992). Mimosaceae (Leguminosae-Mimosoideae). Flora Malesiana - Series 1, Spermatophyta, 11(1), 1‚Äö√Ñ√¨226.","https://www.dropbox.com/s/2hsx9hy2vv0i7m8/Nielsen-1992-Flora%20Malesiana%20Leguminosae%20Mimosoideae.pdf?dl=16","manual",NA,"tree, shrub","≤ 9-20",NA,NA,NA,"no",NA,NA,NA,NA,NA,NA,NA,"40-150","yes","(1) 2","± 50-150",NA,"yes","2-4","35-300 (370)","30-130 (185)","ovate, ovate-elliptic, elliptic, obovate-elliptic, ± equal sided","symmetrically rounded, broadly cuneate, cordate","shortly acuminate, obtusely acuminate","yes",NA,NA,NA,NA,NA,"terminal and axillary at the distal leaves, consisting of pedunculate glomerules","terminal and axillary at the distal leaves, consisting of pedunculate glomerules aggregated into panicles","5","1.5-5","0.5-1",NA,"5","4.5-9","2-4",NA,NA,"yellow, yellowish green",NA,"± 6","white",NA,NA,NA,NA,NA,NA,NA,NA,NA,"pod",NA,"4.5-8",NA,"curved into a circle, not sinuate, often spirally twisted after dehiscence",NA,NA,"yellowish, red-brown",NA,"17-21","10-15",NA,"ellipsoid","black with a blusih bloom","same","yes",NA,NA
"Archidendron_glabrum","High","Nielsen, I.C. (1992). Mimosaceae (Leguminosae-Mimosoideae). Flora Malesiana - Series 1, Spermatophyta, 11(1), 1‚Äö√Ñ√¨226.","https://www.dropbox.com/s/2hsx9hy2vv0i7m8/Nielsen-1992-Flora%20Malesiana%20Leguminosae%20Mimosoideae.pdf?dl=17","manual",NA,"shrub, tree","± 7",NA,NA,NA,"no",NA,NA,NA,NA,NA,NA,NA,"240-650","yes","2-4","(60) 100-500",NA,"yes","2-6","40-225","35-90 (140)","unequal-sided, ovate, elliptic, ovate-lanceolate","narrowly cuneate, broadly cuneate","acuminate","yes",NA,"18-27","200-700",NA,NA,"long, slender, racemes",NA,"5","2-3 (4)","≤ 1",NA,"5","6-9","2-4",NA,NA,"pale green, greenish green",NA,"15-20","white",NA,NA,NA,NA,NA,NA,NA,NA,NA,"pod","80-240",NA,NA,"spirally contorted, usually moniliform, separated by necks",NA,NA,"brown",NA,"8-11","8-10",NA,"ellipsoid, slightly compressed","black, bluish-black","same","yes",NA,NA
"Archidendron_glomeriflorum","High","???? Nielsen, I., Baretta‚Äö√Ñ√¨Kuipers, T., & Guinet, P. (1984). The genus Archidendron (Leguminosae‚Äö√Ñ√¨Mimosoideae). Nordic Journal of Botany, 4(6), 770-770.","https://www.dropbox.com/s/09ftgkdv7ep7wk4/Nielsen-1984-The_genus_Archidendron.pdf?dl=0","manual",NA,"tree, shrub","≤5",NA,NA,NA,NA,NA,NA,NA,NA,NA,NA,NA,"≤80","yes","1-2","20-60",NA,"yes","2-4","30-100","10-35","ovate, elliptic-lanceolate, sub-trapezoid","rounded, broadly cuneate, slightly asymmetrical","acuminate","yes","≤30",NA,NA,NA,NA,"pedunculate",NA,NA,"~1.3","~0.3",NA,NA,"~4","2-2.5",NA,NA,NA,NA,NA,NA,NA,NA,NA,NA,NA,"~2",NA,NA,NA,"pod","≤120","10(-20)",NA,"compressed, contorted, forming a semi-circleto a circle",NA,NA,"red-brownish",NA,"~10",NA,NA,"ellipsoid","bluish-black","https://www.worldfloraonline.org/taxon/wfo-0000199803","yes",NA,NA
"Archidendron_jiringa","High","Nielsen, I.C. (1992). Mimosaceae (Leguminosae-Mimosoideae). Flora Malesiana - Series 1, Spermatophyta, 11(1), 1‚Äö√Ñ√¨226.","https://www.dropbox.com/s/2hsx9hy2vv0i7m8/Nielsen-1992-Flora%20Malesiana%20Leguminosae%20Mimosoideae.pdf?dl=18","manual",NA,"shrub, tree","≤ 21",NA,NA,NA,"no",NA,NA,NA,NA,NA,"20-70","yes",NA,NA,"1","≤ 200",NA,NA,"2, 3","55-250","24-70","equal sided, very unequal sided, ovate-elliptic, oblong","± asymmetrically rounded, broadly cuneate","obtusely acuminate","yes",NA,NA,NA,NA,NA,"consisting of glomerules or small spikes","consisting of glomerules or small spikes aggregated into panicles","5","1-2","0.2-0.3",NA,"5","4-5","± 2",NA,NA,NA,NA,"8-10",NA,NA,NA,NA,NA,NA,NA,NA,NA,NA,"pod","200-250","52",NA,"falcate, twisted in a wide spiral, contorted into a circle, deeply lobed into the seeds into the ventral suture, most often divided quite down to the thickened to the doral suture, segments being separted by necks",NA,NA,"greyish, dark brown, dark purple",NA,NA,"28-35","10-15","orbicular, biconvex","dark brown","same","yes",NA,NA
"Archidendron_palauense","High","Nielsen, I.C. (1992). Mimosaceae (Leguminosae-Mimosoideae). Flora Malesiana - Series 1, Spermatophyta, 11(1), 1‚Äö√Ñ√¨226.","https://www.dropbox.com/s/2hsx9hy2vv0i7m8/Nielsen-1992-Flora%20Malesiana%20Leguminosae%20Mimosoideae.pdf?dl=19","manual",NA,"tree","≤ 26",NA,NA,NA,"no",NA,NA,NA,NA,NA,"11-85","yes",NA,NA,"1","28-133",NA,NA,"(1) 2-4","(40) 50-175","(18) 23-85","± unequal-sided, ovate, obovate-elliptic, oblanceolate, lanceolate","± cuneate, subattenuate, often asymmetric","obtusely acuminate","yes",NA,NA,NA,NA,NA,"terminal and axillary at the distal leaves, consisting of pedunculate glomerules","terminal and axillary at the distal leaves, consisting of pedunculate glomerules aggregated into panicles","5","1.5-2.5","0.2-0.5",NA,"5","(4) 5-5.5","± 2-2.5",NA,NA,"greenish white",NA,"8","white",NA,NA,NA,NA,NA,NA,NA,NA,NA,"pod","±150-200","18-24",NA,"loosely twisted, sinuate between the seeds",NA,NA,"orange, red, becoming brown when old",NA,"≤ 16","≤ 12","≤10","ellipsoid, slightly flattened","purpllish black","same","yes",NA,NA
"Archidendron_ptenopum","High","Nielsen, I.C. (1992). Mimosaceae (Leguminosae-Mimosoideae). Flora Malesiana - Series 1, Spermatophyta, 11(1), 1‚Äö√Ñ√¨226.","https://www.dropbox.com/s/2hsx9hy2vv0i7m8/Nielsen-1992-Flora%20Malesiana%20Leguminosae%20Mimosoideae.pdf?dl=20","manual",NA,"tree","9-13.5",NA,NA,NA,NA,"± 7",NA,"± 7",NA,NA,NA,NA,"30-50","yes","1","50-170",NA,"yes","1-3","63-180","37-85","unewual-sided, ovate, ovate-elliptic, oblong-elliptic","obliquely subcordate","shortly bluntly acuminate","yes",NA,"4-5",NA,NA,NA,"consisting of simple or once-branched pedunculate umbles or corymbs",NA,"5","3",NA,NA,"5","9-12.5","5-7",NA,NA,"greenish cream",NA,"15-17","white",NA,NA,NA,NA,NA,NA,NA,NA,NA,"pod",NA,NA,NA,"curved into a circle, only slightly sinuate along the dorsal suture",NA,NA,"reddish",NA,NA,NA,NA,NA,NA,"same","yes",NA,NA
"Archidendron_robinsonii","High","???? Nielsen, I., Baretta‚Äö√Ñ√¨Kuipers, T., & Guinet, P. (1984). The genus Archidendron (Leguminosae‚Äö√Ñ√¨Mimosoideae). Nordic Journal of Botany, 4(6), 770-770.","https://www.dropbox.com/s/09ftgkdv7ep7wk4/Nielsen-1984-The_genus_Archidendron.pdf?dl=0","manual",NA,"tree","8-9",NA,NA,NA,NA,NA,NA,NA,NA,NA,"20-60","yes",NA,NA,"1",NA,"60-110",NA,"3","50-140(-200)","30-50(-100)","elliptic, lanceolate","cuneate, acute, symmetric, not symmetric","acuminate","yes","10-15",NA,NA,NA,NA,"panicled head",NA,NA,"4.5-7",NA,NA,NA,"(9-)12-15","4-5",NA,NA,NA,NA,NA,NA,NA,NA,NA,NA,NA,NA,NA,NA,NA,"legume","100-200","30-35",NA,"straight, cylindric",NA,NA,NA,"≤7","~25","~25",NA,"turbinate","brown","http://www.efloras.org/florataxon.aspx?flora_id=2&taxon_id=242303972","yes",NA,NA
"Archidendron_scutiferum","High","Nielsen, I.C. (1992). Mimosaceae (Leguminosae-Mimosoideae). Flora Malesiana - Series 1, Spermatophyta, 11(1), 1‚Äö√Ñ√¨226.","https://www.dropbox.com/s/2hsx9hy2vv0i7m8/Nielsen-1992-Flora%20Malesiana%20Leguminosae%20Mimosoideae.pdf?dl=21","manual",NA,"tree, shrub","≤ 20",NA,NA,NA,"no",NA,NA,NA,NA,NA,"15-95","yes",NA,NA,"1","45-180",NA,NA,"2,3 (4)","(43) 60-240","20-98","±equal-sided ovate-elliptic, broadly elliptic, lanceolate","asymmetrical cuneate","acuminate with obtuse ti[","yes",NA,NA,NA,NA,NA,"consisting of pedunculate glomerules","consisting of pedunculate glomerules, aggregated into panicles","5","1.2-2.5","0.2-0.5",NA,"5","4-6","2-2.8",NA,NA,"greenish white",NA,"5-10","white",NA,NA,NA,NA,NA,NA,NA,NA,NA,"pod","≤ 400","(18) 25-38",NA,"contorted (halfway or) completely sinuate along the ventral suture",NA,NA,"yellowish red, pink, scarlet",NA,"13-18","9-10",NA,"ellipsoid, orbicular","steel-blue","same","yes",NA,NA
"Archidendron_triplinervium","High","Nielsen, I.C. (1992). Mimosaceae (Leguminosae-Mimosoideae). Flora Malesiana - Series 1, Spermatophyta, 11(1), 1‚Äö√Ñ√¨226.","https://www.dropbox.com/s/2hsx9hy2vv0i7m8/Nielsen-1992-Flora%20Malesiana%20Leguminosae%20Mimosoideae.pdf?dl=22","manual",NA,"tree, shrub","4.5-10 (26)",NA,NA,NA,"no",NA,NA,NA,NA,NA,NA,NA,"15-75","yes","1","35-135",NA,NA,"2 (3)","(40) 75-180","(25) 45-85","± unequal-sided, ovate-elliptic, obovate-elliptic (lanceolate)","symmetrically rounded, broadly cuneate","obtusely acuminate-caudate","yes",NA,"< 1",NA,NA,NA,"consisting of pedunculate glomerules","consisting of pedunculate glomerules aggregated into panicles","5","(1.5) 2.4-4.5","0.1-0.8",NA,"5","6-10","(2.5) 3-4",NA,NA,"yellowish green, white",NA,"± 25","white",NA,NA,NA,NA,NA,NA,NA,NA,NA,"pod",NA,"60-100",NA,"curved into a circle, not sinuate",NA,NA,"red, brownish",NA,"± 15","± 10",NA,"ellipsoid, slightly flattened","bluish black","same","yes",NA,NA
"Archidendron_utile","High","???? Nielsen, I., Baretta‚Äö√Ñ√¨Kuipers, T., & Guinet, P. (1984). The genus Archidendron (Leguminosae‚Äö√Ñ√¨Mimosoideae). Nordic Journal of Botany, 4(6), 770-770.","https://www.dropbox.com/s/09ftgkdv7ep7wk4/Nielsen-1984-The_genus_Archidendron.pdf?dl=0","manual",NA,"shrubs, rarely trees","1-2",NA,NA,NA,NA,NA,NA,NA,NA,NA,NA,"yes",NA,"yes","2,3","100-180",NA,NA,"4-7","20-90","15-40","oblong-rhombic","obtuse, acute","obtuse, mucronate","yes",NA,NA,NA,NA,NA,"panicled head",NA,NA,"1.5-3",NA,NA,NA,"6-8","~1.5",NA,"white",NA,NA,NA,NA,NA,NA,NA,NA,NA,NA,NA,NA,NA,"legume","60-100","10-13",NA,"falcate",NA,NA,"red-brown",NA,"~10",NA,NA,"suborbicular","black","http://www.efloras.org/florataxon.aspx?flora_id=2&taxon_id=242303976","yes",NA,NA
"Archidendropsis_fournieri","High","Leroy, J.-F. & Mackee, H.S. (eds.) (1983). Flore de la Nouvelle-Calédonie et Dépendances 12: 1-139. Muséum National d'Histoire Naturelle, Paris.","https://www.biodiversitylibrary.org/item/278371#page/72/mode/1up","manual","French - Leo",NA,NA,NA,NA,NA,NA,NA,NA,NA,NA,NA,NA,NA,NA,NA,NA,NA,NA,NA,NA,NA,NA,NA,NA,NA,NA,NA,NA,NA,NA,NA,NA,NA,NA,NA,NA,NA,NA,NA,NA,NA,NA,NA,NA,NA,NA,NA,NA,NA,NA,NA,NA,NA,NA,NA,NA,NA,NA,NA,NA,NA,NA,NA,NA,NA,NA,NA,NA,NA,NA,NA,NA,NA
"Archidendropsis_granulosa","High","Nielsen, I., Guinet, P. and Baretta‚Äö√Ñ√¨Kuipers, T. (1983). Studies in the Malesian, Australian and Pacific Ingeae (Leguminosae ‚Äö√Ñ√¨ Mimosoideae): the genera Archidendropsis, Wallaceodendron,Paraserianthes, Pararchidendron and Serianthes (parts 1 and 2). Bulletin du Museum national d‚Äö√Ñ√¥histoire naturelle Paris, ser 4, 5 Sect. B, Adansonia 3 & 4, 303‚Äö√Ñ√¨329, 335‚Äö√Ñ√¨360.","https://www.biodiversitylibrary.org/item/278371#page/91/mode/1up","manual","French - Leo",NA,NA,NA,NA,NA,NA,NA,NA,NA,NA,NA,NA,NA,NA,NA,NA,NA,NA,NA,NA,NA,NA,NA,NA,NA,NA,NA,NA,NA,NA,NA,NA,NA,NA,NA,NA,NA,NA,NA,NA,NA,NA,NA,NA,NA,NA,NA,NA,NA,NA,NA,NA,NA,NA,NA,NA,NA,NA,NA,NA,NA,NA,NA,NA,NA,NA,NA,NA,NA,NA,NA,NA,NA
"Aubrevillea_kerstingii","High","Bull. Soc. Bot. France 80: 466 (1933)","Bull. Soc. Bot. France 80: 466 (1933)",NA,"French","tree",NA,NA,NA,NA,NA,NA,NA,NA,NA,NA,"40",NA,"60-90",NA,"5-8",NA,NA,NA,"16-30","10-20","2-4","narrowly oblong","subrounded-asymmetrical","rounded-subemarginate, submucronate",NA,NA,"≤0.7-1.3",NA,NA,NA,"racemes","Spiciform racemes",NA,"0.7-1",NA,NA,NA,"2.5-3",NA,NA,NA,NA,"8-10",NA,NA,NA,NA,NA,NA,NA,NA,NA,NA,NA,"pod","120","30",NA,"oblong","tapered","rounded",NA,"1-2",NA,NA,NA,"flattened",NA,"https://www.worldfloraonline.org/taxon/wfo-0000211914;jsessionid=8603E7179CDC8FFBC4F6C2209CE07065","yes",NA,NA
"Calliandra_brevicaulis","Low","Barneby, R., 1998. Calliandra. Silk tree, Guanacaste, Monkeys Earring. A generic system for the Synandrous Mimosaceae of the Americas. Mem. New York Bot. Gard, 74(3), pp.1-223.","https://www.dropbox.com/s/osc2b3ab0ux39zq/Barneby-1998-Silk%20Tree%2C%20Guanacaste%2C%20Monkey%27s%20Earring%20-%20Part%20III.pdf?dl=0","automatic",NA,"herbaceous subshrubs, subherbaceous subshrubs",NA,NA,NA,NA,NA,NA,NA,"2-5.5 (7)","0.5-2.2 (2.5)",NA,"(40) 60-130",NA,"25-75 (80)",NA,"(2) 3-8",NA,NA,NA,"20-42","(3.3) 3.5-7.5","0.75-1.9","subequilong except at very ends of rachis","narrowly lance-oblong, obtuseangulate","acute, mucronulate",NA,"25-105","5-26",NA,NA,NA,"capiula cymose-umbilliform",NA,"5-7","3-5.2 (6)","(0.4) 0.8-1.4",NA,"5-7","(8.2) 9-14","± 2.5-4.5",NA,NA,NA,"34-44","45-60 (70)",NA,NA,NA,NA,"no",NA,NA,NA,NA,NA,"pod","50-90","6-12",NA,NA,NA,NA,NA,NA,NA,NA,NA,NA,NA,"same","yes",NA,NA
"Calliandra_houstoniana_calothyrsus","Low","Barneby, R., 1998. Calliandra. Silk tree, Guanacaste, Monkeys Earring. A generic system for the Synandrous Mimosaceae of the Americas. Mem. New York Bot. Gard, 74(3), pp.1-223.","https://www.dropbox.com/s/osc2b3ab0ux39zq/Barneby-1998-Silk%20Tree%2C%20Guanacaste%2C%20Monkey%27s%20Earring%20-%20Part%20III.pdf?dl=0","automatic",NA,"subshrubs, shrubs, trees","1.5-6 (8)",NA,NA,NA,NA,NA,NA,"± 3-9","1-2.5",NA,"8-34 (40)",NA,NA,NA,"(5) 6-24 (31)",NA,"(18) 20-100 (140)",NA,"24-65 (69)","(2.5) 3-10 (11)","(0.4) 0.6-2.4 (2.7)","linear, narrowly linear-lanceolate, straight, incurved distally, less often sigmoid-falcate","truncate, subacutely auriculate, obtusely auriculate","acute, acuminate, obtuse mucronulate",NA,"2-13 (16)","0.7-8",NA,NA,NA,"condensed capitulum, umbelliform capitula","pseudoracemes of condensed or umbelliform capitula","5 (6-7)","(1) 1.2-3.6 (4.5)","0.3-1.6 (3)",NA,"5","(6.5) 7-12 (13)","(3) 4-7 (8)",NA,"brown, bronze, black, of mixed colors",NA,"36-76 (100)","40-70 (80)","usually crimson-scarlet, sometimes pale crimson, sometimes bicolored, pink-crimson",NA,NA,NA,NA,"yes",NA,NA,NA,NA,"pod","(60) 70-120 (160)","(9) 12-20 (23)",NA,NA,NA,NA,"brown, mixed brown and white","more than 8 per pods","± 7","4-7",NA,"elliptic-obovate, broadly obovate","light brown, often dark-mottled, dark-speckled","same","yes",NA,NA
"Calliandra_laxa_stipulacea","Low","Barneby, R., 1998. Calliandra. Silk tree, Guanacaste, Monkeys Earring. A generic system for the Synandrous Mimosaceae of the Americas. Mem. New York Bot. Gard, 74(3), pp.1-223.","https://www.dropbox.com/s/osc2b3ab0ux39zq/Barneby-1998-Silk%20Tree%2C%20Guanacaste%2C%20Monkey%27s%20Earring%20-%20Part%20III.pdf?dl=0","automatic",NA,"shrubs","2-15",NA,"yes",NA,NA,NA,NA,"2.5-8 (10)","1-3",NA,"(8) 10-34",NA,NA,NA,"3-5 (6)",NA,"(40) 45-105",NA,"(8) 9-16 (18)","(8) 10-21 (23)","(2.5) 3-8","subequilong, slightly accrescent distally, slightlly decrescent distally, oblong, olong-elliptic, ovate-oblong, broad-linear","shalllowly semicordeate, inequallaterally rounded","broadly obtuse, less often deltately subacute",NA,"20-60 (65)","0.3-1.2",NA,NA,NA,"incipiently umbelliform capitula",NA,"5","1.4-2.6 (3)","0.3-0.55 (0.8)",NA,"5","4.5-8.5",NA,NA,"greenish-white, yellowish, red-tinged",NA,"(8) 10-18","26-41","pink, crimson",NA,NA,NA,NA,NA,NA,NA,NA,NA,"pod","90-160 (170)","11-16 (17)",NA,NA,NA,NA,"brownish",NA,"± 10-14","5.5-10.5",NA,NA,"brown",NA,NA,NA,NA
"Calliandropsis_nervosa","High","Barneby, R., 1998. Calliandra. Silk tree, Guanacaste, Monkeys Earring. A generic system for the Synandrous Mimosaceae of the Americas. Mem. New York Bot. Gard, 74(3), pp.1-223.","https://www.dropbox.com/s/osc2b3ab0ux39zq/Barneby-1998-Silk%20Tree%2C%20Guanacaste%2C%20Monkey%27s%20Earring%20-%20Part%20III.pdf?dl=0","automatic",NA,"shrub","<= 1",NA,"yes","no","no","2",NA,"2",NA,NA,"(0.5) 1-2","yes","0",NA,"1","13",NA,"yes","(5) 6-9 (11)","3-5","0.5-1",NA,"oblique","acute, usually mucronulate",NA,"(0.5) 1-7 (14)",NA,NA,NA,NA,NA,NA,NA,"1-3",NA,NA,NA,"2.5-5",NA,NA,NA,NA,"5","6-8 (12)","white, pink","1",NA,NA,"no",NA,"1.5",NA,"9-11 (14)","tubular","pod","35-60","4-6",NA,"rostrate",NA,"acute",NA,"1-5","30-50","20-35",NA,NA,"dark brown","Calliandropsis: A New Genus of Leguminosae: Mimosoideae from Mexico Author(s): H. M. Hernández and Ph. Guinet
Source: Kew Bulletin , 1990, Vol. 45, No. 4 (1990), pp. 609-620
Published by: Springer on behalf of Royal Botanic Gardens, Kew
Stable URL: https://www.jstor.org/stable/4113866","yes","no data in WCVP of its existence","found but could not get the pdf"
"Calpocalyx_aubrevillei","High","Bull. Soc. Bot. France 80: 467 (1933)","Bull. Soc. Bot. France 80: 467 (1933)","manual","Leo",NA,NA,NA,NA,NA,NA,NA,NA,NA,NA,NA,NA,NA,NA,NA,NA,NA,NA,NA,NA,NA,NA,NA,NA,NA,NA,NA,NA,NA,NA,NA,NA,NA,NA,NA,NA,NA,NA,NA,NA,NA,NA,NA,NA,NA,NA,NA,NA,NA,NA,NA,NA,NA,NA,NA,NA,NA,NA,NA,NA,NA,NA,NA,NA,NA,NA,NA,NA,NA,NA,NA,NA,NA
"Calpocalyx_brevibracteatus","High","Mém. Soc. Bot. France 8: 155 (1912)","Mém. Soc. Bot. France 8: 155 (1912)","manual","Leo",NA,NA,NA,NA,NA,NA,NA,NA,NA,NA,NA,NA,NA,NA,NA,NA,NA,NA,NA,NA,NA,NA,NA,NA,NA,NA,NA,NA,NA,NA,NA,NA,NA,NA,NA,NA,NA,NA,NA,NA,NA,NA,NA,NA,NA,NA,NA,NA,NA,NA,NA,NA,NA,NA,NA,NA,NA,NA,NA,NA,NA,NA,NA,NA,NA,NA,NA,NA,NA,NA,NA,NA,NA
"Calpocalyx_cauliflorus","High","First published in Bull. Misc. Inform. Kew 1933: 172 (1933)","First published in Bull. Misc. Inform. Kew 1933: 172 (1933)","manual",NA,NA,NA,NA,NA,NA,NA,NA,NA,NA,NA,NA,NA,NA,NA,NA,NA,NA,NA,NA,NA,NA,NA,NA,NA,NA,NA,NA,NA,NA,NA,NA,NA,NA,NA,NA,NA,NA,NA,NA,NA,NA,NA,NA,NA,NA,NA,NA,NA,NA,NA,NA,NA,NA,NA,NA,NA,NA,NA,NA,NA,NA,NA,NA,NA,NA,NA,NA,NA,NA,NA,NA,NA,NA
"Calpocalyx_dinklagei","High","H.G.A.Engler & K.A.E.Prantl, Nat. Pflanzenfam., Nachtr. 1: 191 (1897)","H.G.A.Engler & K.A.E.Prantl, Nat. Pflanzenfam., Nachtr. 1: 191 (1897)","manual",NA,NA,NA,NA,NA,NA,NA,NA,NA,NA,NA,NA,NA,NA,NA,NA,NA,NA,NA,NA,NA,NA,NA,NA,NA,NA,NA,NA,NA,NA,NA,NA,NA,NA,NA,NA,NA,NA,NA,NA,NA,NA,NA,NA,NA,NA,NA,NA,NA,NA,NA,NA,NA,NA,NA,NA,NA,NA,NA,NA,NA,NA,NA,NA,NA,NA,NA,NA,NA,NA,NA,NA,NA,NA
"Osodendron_altissimum","High",NA,NA,NA,NA,"tree, shrubs","5-35",NA,NA,"no",NA,NA,NA,"2-8","1-1.8",NA,"13-25","yes","(18-)45-110(-145)","yes","(3-)5-7(-8)",NA,"(24-)35-80(-102)","yes","(7-)13-20(-25)","(4-)7-14(-18)","(1.5-)3-4","inequilaterally hastate, weakly sigmoid, weakly rhombic","oblique","acute, sometimes obtuse, sometimes apiculate","yes","18-32","~0.5",NA,NA,NA,"capitula",NA,"5","2-3.2","~0.5","~0.5","5","5-7.5",NA,NA,"pale green","greenish-white","20-25","~12-17",NA,NA,NA,"yellow",NA,NA,"~3",NA,NA,NA,"pod","(100-)180-290(-300)","(8-)11-17","2-6","spirally-curved, twisted, coiled lomentiform pod",NA,NA,NA,"(3-)9-20(-23)","5-7.5","4-6","1.5-2","plano-compressed, nearly round, slightly elliptic","chestnut brown","https://phytokeys.pensoft.net/article/82821/","yes",NA,NA
"Cathormion_umbellatum","High","Nielsen, I.C. (1992). Mimosaceae (Leguminosae-Mimosoideae). Flora Malesiana - Series 1, Spermatophyta, 11(1), 1‚Äö√Ñ√¨226.","https://www.dropbox.com/s/2hsx9hy2vv0i7m8/Nielsen-1992-Flora%20Malesiana%20Leguminosae%20Mimosoideae.pdf?dl=25","manual",NA,"tree","4-22",NA,NA,NA,"yes","± 1",NA,"± 1",NA,NA,NA,"yes","40-50","yes","1, 2, (3)","50-125",NA,"yes","(3) 5-8","(8) 13-35","(3) 6-20","obliquely ovate, (sub)trapezoid, terminal pair obliquely obovate","asymmetrical cuneate, half rounded, half truncate","broadly rounded, slightly emarginate","yes","20-40","1.5-5",NA,NA,NA,"composed of axillary pedunculate corymbs",NA,"5-10","1.5-2.5","0.3-0.5",NA,"5","3-6.5","1.5-1.8",NA,NA,NA,"numerous","± 15",NA,NA,NA,NA,NA,NA,NA,NA,NA,NA,"pod","≤ 200","19-25","19-25 (32)","± rounded, thick, straight, curved, ± moniliform",NA,NA,"dark brown, black",NA,"11-15","8-12","2-2.1","elliptic-(ob)ovoid","chestnut-brown with a light chestnut areole","same","yes",NA,NA
"Chidlowia_sanguinea","High","Bull. Misc. Inform. Kew 1932: 101 (1932)","https://www.jstor.org/stable/4113372?casa_token=Bsw-33HOOO8AAAAA%3A16El9Kl7CN83SpXmu0SEIP0Ot8uaHW5vXqQ7WKxDosZfkOIxeR6jNU0ke1nA4gtoZ1P5dlle6HfhDMoKj2Duxg-xm_F-K0_bOfczw-jqJvhyaLjSCIf81A",NA,NA,"tree",NA,NA,NA,NA,NA,NA,NA,NA,NA,"250","≤ 2.5",NA,NA,NA,NA,NA,NA,NA,NA,"40-120","20-50","unequal-sided, ovate, oblong-elliptic, obovate-elliptic,","very broadly cuneate, narrowly cuneate, rounded, more or less oblique, upper side larger","abruptly long-acuminate, acute, mucronulate",NA,NA,"3-3.5","± 250",NA,NA,"panicles",NA,"5","2",NA,NA,"5","6-7",NA,NA,"wine-red",NA,"10","25",NA,"1.5",NA,NA,NA,"yes","4-5",NA,"≥ 20","capitate","legume","≤ 450","≤ 55",NA,"becoming spirally twisted",NA,NA,"dark brown","≤ 9-10","23","20","4","finely pitted, abruptly contracted to the narrowly eccentric hilum","shining red-brown","https://www.jstor.org/stable/4113372?casa_token=Bsw-33HOOO8AAAAA%3A16El9Kl7CN83SpXmu0SEIP0Ot8uaHW5vXqQ7WKxDosZfkOIxeR6jNU0ke1nA4gtoZ1P5dlle6HfhDMoKj2Duxg-xm_F-K0_bOfczw-jqJvhyaLjSCIf81A&seq=2","yes",NA,NA
"Cojoba_arborea_arborea","High","Barneby, R.C. and Grimes, J., 1997. Silk tree, Monkey's earring: A generic system for the synandrous Mimosaceae of the Americas. Part II. Pithecellobium, Cojoba and Zygia. Mem. New York Bot. Gard, 74, pp.1-149.","https://www.dropbox.com/s/yc7hfzvtq7278xn/Barneby_and_Grimes-1997-Silk%20Tree%2C%20Guanacaste%2C%20Monkey%27s%20Earring%20-%20Part%20II.pdf?dl=0","automatic",NA,"tree","35 (60)",NA,NA,NA,NA,NA,NA,NA,NA,"(90) 100-280","± 15-45 (70)","yes","50-100",NA,"3-18 (22)",NA,NA,NA,"(11) 13-42 (50)","(6.5) 7-15 (17)","(1.5) 1.6-5","inequilaterally lanceolate, narrowly oblong, obtuse, deltatly subacute, more often acuminate","shallowly semicordate-auriculate",NA,"yes","(20) 30-80",NA,NA,NA,NA,"capitula",NA,"5","1.8-3.6 (3.9)","0.05-0.3 (0.6)",NA,"5","(5.5) 6.4-8.8 (10.5)","(0.3) 0.5-1.4",NA,NA,NA,"20-42","10-15.5 (17.5)",NA,NA,NA,NA,NA,"no",NA,NA,NA,NA,"pod","80-180 (220)","5.5-14",NA,"subcyliindric, moniliform, undulately linear, pinched between seeds into narrow isthmi, gently falcate, strongly falcate, often randomly twisted",NA,NA,NA,"7-14","6-13 (18)","5.5-11",NA,"plumply ellipsoid, only a trifle compressed","lustrous black","same","yes","no","found"
"Cojoba_graciliflora","High","Barneby, R.C. and Grimes, J., 1997. Silk tree, Monkey's earring: A generic system for the synandrous Mimosaceae of the Americas. Part II. Pithecellobium, Cojoba and Zygia. Mem. New York Bot. Gard, 74, pp.1-149.","https://www.dropbox.com/s/yc7hfzvtq7278xn/Barneby_and_Grimes-1997-Silk%20Tree%2C%20Guanacaste%2C%20Monkey%27s%20Earring%20-%20Part%20II.pdf?dl=1","automatic",NA,"shrubs, tree","< 1-15",NA,NA,NA,NA,NA,NA,"1.5-5",NA,NA,"9-33","yes",NA,NA,"(1) 2-5","55-150",NA,NA,"7-18","14-41","4-20","falcately lance-elliptic, asymmetrically lance-elliptic, lance-ovate, ovate-elliptic","inequalaterally broadly attenuate, somewhat semicordate, distally accrescent","broadly accute, rounded","yes","30-76",NA,NA,NA,NA,"capitula",NA,"5","2.5-5","0.25-0.75",NA,"5","9-16","0.75-2",NA,NA,NA,"21-35","10-25",NA,NA,NA,NA,NA,NA,NA,NA,NA,NA,"pod","120-190",NA,NA,"moniliform, submoniliform",NA,NA,NA,"4-15","9-11","6-7","6-7","ellipsoid, ovoid-ellipsoid, only rarely somewhat mutually compressed",NA,"same","yes",NA,"found"
"Cojoba_catenata","High","Barneby, R.C. and Grimes, J., 1997. Silk tree, Monkey's earring: A generic system for the synandrous Mimosaceae of the Americas. Part II. Pithecellobium, Cojoba and Zygia. Mem. New York Bot. Gard, 74, pp.1-149.","https://www.dropbox.com/s/yc7hfzvtq7278xn/Barneby_and_Grimes-1997-Silk%20Tree%2C%20Guanacaste%2C%20Monkey%27s%20Earring%20-%20Part%20II.pdf?dl=2","automatic",NA,"shrubs, tree","≤ 15",NA,NA,NA,NA,NA,NA,"0.6-1.25",NA,NA,"(4) 10-60","yes",NA,NA,"1",NA,"22-80",NA,"(1) 1.5-6","80-130","20-60","distally accrescent, ovate, obovate, asymmetrically obelliptic","inequalateral semi cordate, broadly attenuate","rounded, accuminate","yes","14-180",NA,NA,NA,NA,"capitula",NA,"4-5","2.25-4","0.1-0.5",NA,"4-5","9.5-20","0.75-2.5",NA,"red-brown, golden-brown",NA,"19-54","19-35",NA,NA,NA,NA,NA,"no",NA,NA,NA,NA,"pod","180","10",NA,"undulately linear-submoniliform, moniliform",NA,NA,"dark seal-brown, minutely golden-brown","± 5-11","14-15","5.5-7",NA,"ellipsoid, strap-shaped","shiny dark-brown, black","same","yes",NA,"found"
"Cylicodiscus_gabunensis","High","H.G.A.Engler & K.A.E.Prantl, Nat. Pflanzenfam., Nachtr. 1: 192 (1897)","H.G.A.Engler & K.A.E.Prantl, Nat. Pflanzenfam., Nachtr. 1: 192 (1897)",NA,NA,"tree","60-96",NA,NA,NA,NA,NA,NA,NA,NA,NA,NA,NA,"20-25",NA,"1",NA,NA,NA,NA,"50-100","30-50","ovate",NA,"rather long-acuminate",NA,NA,NA,NA,NA,NA,NA,NA,NA,"<=1",NA,NA,NA,"2",NA,NA,NA,NA,NA,NA,NA,NA,NA,NA,"yes",NA,NA,NA,NA,NA,"pod","<=914.4","44.45",NA,NA,NA,NA,NA,NA,"(>=)76.2",NA,NA,NA,NA,"Flora of West Tropical Africa","yes",NA,NA
"Mezcala_balsensis","High","Luckow, M. (1993). Monograph of Desmanthus (leguminosae-mimosoideae). Systematic Botany Monographs, 1-166.","https://www.dropbox.com/scl/fi/38i3q8xq1ygqwxlh9k9zi/Luckow-1993-Monograph-of-Desmanthus-Leguminosae-Mimosoideae.pdf?dl=0&rlkey=3uvesp54ptx7nbo4zpd0fae8a","manual",NA,NA,NA,NA,NA,NA,NA,NA,NA,NA,NA,NA,NA,NA,NA,NA,NA,NA,NA,NA,NA,NA,NA,NA,NA,NA,NA,NA,NA,NA,NA,NA,NA,NA,NA,NA,NA,NA,NA,NA,NA,NA,NA,NA,NA,NA,NA,NA,NA,NA,NA,NA,NA,NA,NA,NA,NA,NA,NA,NA,NA,NA,NA,NA,NA,NA,NA,NA,NA,NA,NA,NA,NA,NA
"Desmanthus_bicornutus","High","Luckow, M. (1993). Monograph of Desmanthus (leguminosae-mimosoideae). Systematic Botany Monographs, 1-166.","https://www.dropbox.com/scl/fi/38i3q8xq1ygqwxlh9k9zi/Luckow-1993-Monograph-of-Desmanthus-Leguminosae-Mimosoideae.pdf?dl=0&rlkey=3uvesp54ptx7nbo4zpd0fae8a","manual",NA,"herb","1.5-3",NA,NA,"no","no",NA,NA,"(1.2)3-6(7.8)",NA,"90-180","3-11",NA,"34-100",NA,"6-14(17)","15-46",NA,"yes","20-45","2.7-5.4(6.3)","0.7-1.3","linear, slightly falcate","oblique-rounded","acute, obtuse","yes","15-37",NA,"8-17",NA,NA,"head",NA,"5","0.5-3.2","0.25-0.5",NA,"5","1.5-4.5",NA,NA,NA,"white, pale green","(8) 10 (11)","2.5-11","white",NA,NA,NA,"no",NA,"1.9-2.5",NA,"4-8",NA,"pod, legume","46-100","2.7-4.5",NA,"linear, straight, curved inward, curved more often outward",NA,"baring an acuminate to attenuate beak","dark warm brown","7-22","2.5-3.7","2-2.8(3.6)",NA,"ovate, rhomboidal","brown","same","yes",NA,NA
"Desmanthus_covillei","High","Luckow, M. (1993). Monograph of Desmanthus (leguminosae-mimosoideae). Systematic Botany Monographs, 1-166.","https://www.dropbox.com/scl/fi/38i3q8xq1ygqwxlh9k9zi/Luckow-1993-Monograph-of-Desmanthus-Leguminosae-Mimosoideae.pdf?dl=0&rlkey=3uvesp54ptx7nbo4zpd0fae8a","manual",NA,"shrub","0.5-2.5","drought-decideous",NA,"no","no",NA,NA,"1.5-3.5",NA,"20-50","5-15",NA,"6-25",NA,"1-3(4)","14-41",NA,"yes","8-17","4.1-8(9)","1-2.5","broadly obovate","oblique, square","obtuse, rounded","yes","10-23",NA,"9-23",NA,NA,"head borne on peduncle",NA,"5","1-3.8","0.2-0.5",NA,"5","2-5.6",NA,NA,NA,"white, pale green","10","6.5-17","white",NA,NA,NA,"no",NA,"2-2.7",NA,"6.9-10",NA,"pod, legume","55-130","2.7-4.1",NA,"linear, slightly arcuate",NA,"acute, rarely with a short beak","brown","10-32","3.8-4.9","2-2.6",NA,"square, rhomboidal, dorsoventrally flattened","deep reddish brown","same","yes",NA,NA
"Desmanthus_fruticosus","High","Luckow, M. (1993). Monograph of Desmanthus (leguminosae-mimosoideae). Systematic Botany Monographs, 1-166.","https://www.dropbox.com/scl/fi/38i3q8xq1ygqwxlh9k9zi/Luckow-1993-Monograph-of-Desmanthus-Leguminosae-Mimosoideae.pdf?dl=0&rlkey=3uvesp54ptx7nbo4zpd0fae8a","manual",NA,"shrub, small tree","1-4","drought-decideous",NA,"no","no",NA,NA,"1.6-4.7(6)",NA,"6-15","10-30",NA,"16-50",NA,"2-9","27-40",NA,"yes","9-20","6-12.5","1.5-3.7","oblong","oblique, square","rounded, minutely apiculate","yes","13-40",NA,"12-23",NA,NA,"heads, very short spikes",NA,"5","1-4.8","0.25-0.5",NA,"5","2.3-5.8",NA,NA,NA,"white, pale green","(8) 10 (11)","6-20","white",NA,NA,NA,"no",NA,"2-4",NA,"2.4-10.4",NA,"pod, legume","45-110","4.3-6.5",NA,"linear-oblong, straight, slightly curved",NA,"acute, rarely acuminate","light brown","12-26","3.5-5.5","2.5-4",NA,"ovate, flattened","reddish brown","same","yes",NA,NA
"Desmanthus_leptophyllus","High","Luckow, M. (1993). Monograph of Desmanthus (leguminosae-mimosoideae). Systematic Botany Monographs, 1-166.","https://www.dropbox.com/scl/fi/38i3q8xq1ygqwxlh9k9zi/Luckow-1993-Monograph-of-Desmanthus-Leguminosae-Mimosoideae.pdf?dl=0&rlkey=3uvesp54ptx7nbo4zpd0fae8a","manual",NA,"shrubs","0.4-3",NA,NA,"no","no",NA,NA,"3.3-9.5",NA,"44-110","3-14",NA,"11-52",NA,"4-8","16-39",NA,"yes","16-36","2.1-5.7","0.5-1","narrowly linear","oblique, square","acute, attenuate","yes","8-27",NA,"5-9",NA,NA,"heads",NA,"5","0.7-3.7","0.3-0.9",NA,"5","1.5-5",NA,NA,NA,"green with red or purple tips","10","0.5-8.7","white",NA,NA,NA,"no",NA,"1.5-3.1",NA,"3.3-6.5",NA,"pod, legume","55-85","3.2-4.9",NA,"linear, recurved",NA,"usually attenuate to form a short beak, rarely acute","reddish brown, nearly black","11-26","2.4-3.1","1.7-2.4",NA,"ovate, flattened","red brown, gold brown","same","yes",NA,NA
"Desmanthus_oligospermus","High","Luckow, M. (1993). Monograph of Desmanthus (leguminosae-mimosoideae). Systematic Botany Monographs, 1-166.","https://www.dropbox.com/scl/fi/38i3q8xq1ygqwxlh9k9zi/Luckow-1993-Monograph-of-Desmanthus-Leguminosae-Mimosoideae.pdf?dl=0&rlkey=3uvesp54ptx7nbo4zpd0fae8a","manual",NA,"shrub","≤ 0.3",NA,NA,"no","no",NA,NA,"1.5-2.5",NA,"15-30","3-10",NA,"5-25",NA,"1-3","9-23",NA,"yes","5-12","2.7-4.5","0.9-1.7","oblong, obovate","oblique-rounded","rounded","yes","10-40",NA,"4-7",NA,NA,"head borne on peduncle",NA,"5","0.5-1","0.15-0.3",NA,"5","0.85-2.35",NA,NA,NA,"white, pale green","5","2.5-6","white",NA,NA,NA,"no",NA,"0.65-1.25",NA,"1-2.5",NA,"legume, pod","5.5-7.5","2-2.6",NA,"ovate-lanceolate",NA,"acute","dark brown","1 (2)","2.7-3.6","1.3-1.7",NA,"longitudinally inserted, ovate","dark brown","same","yes",NA,NA
"Desmanthus_painteri","High","Luckow, M. (1993). Monograph of Desmanthus (leguminosae-mimosoideae). Systematic Botany Monographs, 1-166.","https://www.dropbox.com/scl/fi/38i3q8xq1ygqwxlh9k9zi/Luckow-1993-Monograph-of-Desmanthus-Leguminosae-Mimosoideae.pdf?dl=0&rlkey=3uvesp54ptx7nbo4zpd0fae8a","manual",NA,"herb","≤ 0.7",NA,NA,"no","no",NA,NA,"1.5-5",NA,"25-70","2-5.2",NA,"15-46",NA,"2-6 (8)","12-30",NA,"yes","10-20","2-5.3","0.7-1.4","narrowly elliptic, slightly falcate","oblique-rounded","acute","yes","20-55",NA,"7-11",NA,NA,"head borne on peduncle, very short spike",NA,"5","0.6-3","0.25-0.5",NA,"5","1-4",NA,NA,NA,"white, pale green, green with red tips, green with purple tips","(9) 10 (12)","4-7","white",NA,NA,NA,"no",NA,"1.5-2.5",NA,"3.5-5.5",NA,"legume, pod","2.5-4","3.5-5.5",NA,"linear, straight",NA,"obtuse, more often apiculate with a short beak","dark purple black","8-15","2.8-3.5","2-2.7",NA,"obliquely inserted, rhomboid, ovate, 4-angled, flattened","dark brown, nearly black","same","yes",NA,NA
"Desmanthus_paspalaceus","High","Luckow, M. (1993). Monograph of Desmanthus (leguminosae-mimosoideae). Systematic Botany Monographs, 1-166.","https://www.dropbox.com/scl/fi/38i3q8xq1ygqwxlh9k9zi/Luckow-1993-Monograph-of-Desmanthus-Leguminosae-Mimosoideae.pdf?dl=0&rlkey=3uvesp54ptx7nbo4zpd0fae8a","manual",NA,"herb","0.3-1.2",NA,NA,"no","no",NA,NA,"2-4.3",NA,"48-73","3-15",NA,"9-35",NA,"1-4","25-51","6-12","yes","23-54","2.6-4.5","0.8-1.6","oblong","rounded-oblique, square-oblique","obtuse, rounded","yes","15-65",NA,"8-11",NA,NA,"head borne on peduncle",NA,"5","0.6-3.4","0.3-0.8",NA,"5","1.1-4.5",NA,NA,NA,"white, pale green with white margines, green with red tips","10","1.5-8.5","white",NA,NA,NA,"no",NA,"1.7-3.3",NA,"3.4-5.3",NA,"legume, pod","40-80","2.5-3.8",NA,"linear, straight",NA,"obtuse, attenuate with a beak",NA,"14-32","2-2.8","1.7-2.1",NA,"obliquely inserted, rhomboid, ovate, 4-angled, flattened","red, golden-brown","same","yes",NA,NA
"Desmanthus_pumilus","High","Luckow, M. (1993). Monograph of Desmanthus (leguminosae-mimosoideae). Systematic Botany Monographs, 1-166.","https://www.dropbox.com/scl/fi/38i3q8xq1ygqwxlh9k9zi/Luckow-1993-Monograph-of-Desmanthus-Leguminosae-Mimosoideae.pdf?dl=0&rlkey=3uvesp54ptx7nbo4zpd0fae8a","manual",NA,"herb","0.6",NA,NA,NA,NA,NA,NA,"2.5-4",NA,"35-82","2-6",NA,"22-52",NA,"2-9","13-32",NA,"yes","13-20","2.2-5.7","0.6-1.7","narrowly elliptic, slightly falcate","oblique-rounded","acute","yes","15-40",NA,NA,NA,NA,"head",NA,"5","0.7-3","0.2-0.3",NA,NA,"1.2-3.7",NA,NA,NA,"white, pale green, green with red or purple tips","(8-)10(-11)","3.5-8.8","white, pale pink",NA,NA,NA,"no",NA,"1.1-2.5",NA,"2.7-5.1",NA,"pod","20-35","50-70",NA,"oblong, falcate",NA,"obtuse, apiculate","dark brown, light brown","4-10","2.9-3.8","1.7-2.6",NA,"ovate, rhombic, flattened","red-brown","same","yes",NA,NA
"Desmanthus_bicornutus","High","Luckow, M. (1993). Monograph of Desmanthus (leguminosae-mimosoideae). Systematic Botany Monographs, 1-166.","https://www.dropbox.com/scl/fi/38i3q8xq1ygqwxlh9k9zi/Luckow-1993-Monograph-of-Desmanthus-Leguminosae-Mimosoideae.pdf?dl=0&rlkey=3uvesp54ptx7nbo4zpd0fae8a","manual",NA,"herb","1.5-3",NA,NA,"no","no",NA,NA,"1.2-7.8",NA,"90-180","3-11",NA,"34-100",NA,"6-14 (17)","15-46",NA,"yes","20-45","2.7-5.4 (6.3)","0.7-1.3","linear, slightly falcate","oblique-rounded","acute, obtuse","yes","15-50",NA,"8-17",NA,NA,"racemose",NA,"5","0.5-3.2","0.25-0.50",NA,"5","1.5-4.5",NA,NA,NA,"white, pale green","(8) 10 (11)","2.5-11","white",NA,NA,NA,"no",NA,"1.9-2.5",NA,"4-5",NA,"legume, pod","46-100","(1.8) 2.7-4.5",NA,"linear, straight, curved inward, curved more often outward",NA,"acuminate, attenuate","dark warm brown","7-22","2.5-3.7","2-2.8 (3.6)",NA,"obliquely inserted, rarely longitudinally inserted, ovate, rhomboidal","brown","same","yes",NA,NA
"Desmanthus_virgatus","High","Luckow, M. (1993). Monograph of Desmanthus (leguminosae-mimosoideae). Systematic Botany Monographs, 1-166.","https://www.dropbox.com/scl/fi/38i3q8xq1ygqwxlh9k9zi/Luckow-1993-Monograph-of-Desmanthus-Leguminosae-Mimosoideae.pdf?dl=0&rlkey=3uvesp54ptx7nbo4zpd0fae8a","manual",NA,"herb","1.5",NA,NA,"no","no",NA,NA,"2.1-9",NA,"24-80","1-5",NA,"7-36",NA,"2-5","11-30",NA,"yes","11-23","2.4-7","0.7-1.6","linear-oblong","square-oblique","rounded, acute","yes","6-52",NA,"3-10",NA,NA,"head borne on peduncle",NA,NA,"0.6-3","0.2-1",NA,"5","1.5-4.0",NA,NA,NA,"white, pale green with white margines, green with red tips, green with purple tips","(5) 10","1.7-7.5","white",NA,NA,NA,"no",NA,"1.5-2.4",NA,"1.9-4.4",NA,"legume, pod","22-88","25-40",NA,"linear, straight, slightly falcate",NA,"acute, rarely attenuate","reddish brown, nearly black","9-27","2.1-2.9","1.4-2.7",NA,"obliquely inserted, ovate, flattened","red-brown, golden-brown","same","yes",NA,NA
"Entada_elephantina","High",NA,NA,NA,NA,"geoxylic suffrutex",NA,NA,NA,NA,NA,NA,NA,NA,NA,NA,"13-36(-80)",NA,"3.5-13.5(17.5)",NA,"2-17",NA,NA,NA,"(7-)12-45(-55)","(4-)5-10(-15)","(0.3-)0.5-2(-2.5)","linear, linear-oblong","oblique","acute, rarely obtuse, sometimes asymmetric, mucronulate",NA,NA,"1.5","(20-)40-80(-120)",NA,NA,"raceme","axillary spiciform raceme usually confined to the lower part of the stem",NA,"1.75",NA,NA,NA,"2.75-3.75",NA,NA,"cream-coloured, yellow, yellowish-white",NA,NA,"6.5",NA,NA,NA,NA,NA,NA,NA,NA,NA,NA,"craspedium","(50-)95-150(-210)","30-57",NA,"laterally compressed, straight, slightly curved",NA,NA,NA,NA,"18-26","13-18","6-13","ellipsoid",NA,"https://phytokeys.pensoft.net/article/76790/","yes",NA,NA
"Entada_goetzei","High",NA,NA,NA,NA,"shrub, tree","1-4(-7)","deciduous",NA,NA,NA,NA,NA,NA,NA,NA,"10-50(-75)",NA,"60-200(-455)",NA,"3-30(-41)","18-90",NA,NA,"9-40(-48)","3.5-12(-22)","0.7-0.8(-2.75)","linear-oblong, narrowly oblong","oblique","acute, rounded, mucronate",NA,NA,"1","(20-)50-200(-230)",NA,NA,"raceme","spiciform raceme",NA,"1.5-1.75",NA,NA,NA,"2.5-3",NA,NA,"yellowish-white, sometimes tinged pink, purple",NA,NA,"4.5",NA,NA,NA,NA,NA,NA,NA,NA,NA,NA,"craspedium","(150-)200-300(-440)","13-22(-30)",NA,"straight, curved",NA,NA,NA,NA,"11-20","9-18","7-12","ellipsoid, lenticular",NA,"https://phytokeys.pensoft.net/article/76790/","yes",NA,NA
"Entada_rangei","High",NA,NA,NA,NA,"shrub, tree","1-6",NA,NA,NA,NA,NA,NA,NA,NA,NA,"(6-)15-35",NA,"(5-)100-170(-254)",NA,"(2-)15-27(-42)","(14-)20-35(-68)",NA,NA,"(17-)27-40(-50)","3-7.5","0.4-1.2","linear-oblong, linear","oblique","obtuse, acute, asymmetric, often mucronate",NA,NA,"1","(40-)60-140(-180)",NA,NA,"raceme","axillary spiciform raceme usually confined to the lower part of the stem",NA,"1",NA,NA,NA,"3-3.75",NA,NA,"ywllowish-white, golden yellow, cream-coloured",NA,NA,"5",NA,NA,NA,NA,NA,NA,NA,NA,NA,NA,"craspedium","85-305","18-225",NA,"laterally compressed, straight, slightly curved",NA,NA,NA,NA,"13-15","9-12",NA,"ellipsoid",NA,"https://phytokeys.pensoft.net/article/76790/","yes",NA,NA
"Enterolobium_barnebianum","High","MESQUITA, A.D.L., 1990. Revis‚àö¬£o taxon√ã√Ö√Æica do g‚àö‚Ñ¢nero Enterolobium Mart.(Mimosoideae) para a regi‚àö¬£o Neotropical.",NA,"manual","Leo",NA,NA,NA,NA,NA,NA,NA,NA,NA,NA,NA,NA,NA,NA,NA,NA,NA,NA,NA,NA,NA,NA,NA,NA,NA,NA,NA,NA,NA,NA,NA,NA,NA,NA,NA,NA,NA,NA,NA,NA,NA,NA,NA,NA,NA,NA,NA,NA,NA,NA,NA,NA,NA,NA,NA,NA,NA,NA,NA,NA,NA,NA,NA,NA,NA,NA,NA,NA,NA,NA,NA,NA,NA
"Enterolobium_contortisiliquum","High","MESQUITA, A.D.L., 1990. Revis‚àö¬£o taxon√ã√Ö√Æica do g‚àö‚Ñ¢nero Enterolobium Mart.(Mimosoideae) para a regi‚àö¬£o Neotropical.",NA,"manual","Leo",NA,NA,NA,NA,NA,NA,NA,NA,NA,NA,NA,NA,NA,NA,NA,NA,NA,NA,NA,NA,NA,NA,NA,NA,NA,NA,NA,NA,NA,NA,NA,NA,NA,NA,NA,NA,NA,NA,NA,NA,NA,NA,NA,NA,NA,NA,NA,NA,NA,NA,NA,NA,NA,NA,NA,NA,NA,NA,NA,NA,NA,NA,NA,NA,NA,NA,NA,NA,NA,NA,NA,NA,NA
"Enterolobium_cyclocarpum","High","MESQUITA, A.D.L., 1990. Revis‚àö¬£o taxon√ã√Ö√Æica do g‚àö‚Ñ¢nero Enterolobium Mart.(Mimosoideae) para a regi‚àö¬£o Neotropical.",NA,"manual","Leo",NA,NA,NA,NA,NA,NA,NA,NA,NA,NA,NA,NA,NA,NA,NA,NA,NA,NA,NA,NA,NA,NA,NA,NA,NA,NA,NA,NA,NA,NA,NA,NA,NA,NA,NA,NA,NA,NA,NA,NA,NA,NA,NA,NA,NA,NA,NA,NA,NA,NA,NA,NA,NA,NA,NA,NA,NA,NA,NA,NA,NA,NA,NA,NA,NA,NA,NA,NA,NA,NA,NA,NA,NA
"Enterolobium_gummiferum","High","MESQUITA, A.D.L., 1990. Revis‚àö¬£o taxon√ã√Ö√Æica do g‚àö‚Ñ¢nero Enterolobium Mart.(Mimosoideae) para a regi‚àö¬£o Neotropical.",NA,"manual","Leo",NA,NA,NA,NA,NA,NA,NA,NA,NA,NA,NA,NA,NA,NA,NA,NA,NA,NA,NA,NA,NA,NA,NA,NA,NA,NA,NA,NA,NA,NA,NA,NA,NA,NA,NA,NA,NA,NA,NA,NA,NA,NA,NA,NA,NA,NA,NA,NA,NA,NA,NA,NA,NA,NA,NA,NA,NA,NA,NA,NA,NA,NA,NA,NA,NA,NA,NA,NA,NA,NA,NA,NA,NA
"Enterolobium_gummiferum","High","MESQUITA, A.D.L., 1990. Revis‚àö¬£o taxon√ã√Ö√Æica do g‚àö‚Ñ¢nero Enterolobium Mart.(Mimosoideae) para a regi‚àö¬£o Neotropical.",NA,"manual","Leo",NA,NA,NA,NA,NA,NA,NA,NA,NA,NA,NA,NA,NA,NA,NA,NA,NA,NA,NA,NA,NA,NA,NA,NA,NA,NA,NA,NA,NA,NA,NA,NA,NA,NA,NA,NA,NA,NA,NA,NA,NA,NA,NA,NA,NA,NA,NA,NA,NA,NA,NA,NA,NA,NA,NA,NA,NA,NA,NA,NA,NA,NA,NA,NA,NA,NA,NA,NA,NA,NA,NA,NA,NA
"Robrichia_schomburgkii","High","MESQUITA, A.D.L., 1990. Revis‚àö¬£o taxon√ã√Ö√Æica do g‚àö‚Ñ¢nero Enterolobium Mart.(Mimosoideae) para a regi‚àö¬£o Neotropical.",NA,"manual","Leo",NA,NA,NA,NA,NA,NA,NA,NA,NA,NA,NA,NA,NA,NA,NA,NA,NA,NA,NA,NA,NA,NA,NA,NA,NA,NA,NA,NA,NA,NA,NA,NA,NA,NA,NA,NA,NA,NA,NA,NA,NA,NA,NA,NA,NA,NA,NA,NA,NA,NA,NA,NA,NA,NA,NA,NA,NA,NA,NA,NA,NA,NA,NA,NA,NA,NA,NA,NA,NA,NA,NA,NA,NA
"Enterolobium_timbouva","High","MESQUITA, A.D.L., 1990. Revis‚àö¬£o taxon√ã√Ö√Æica do g‚àö‚Ñ¢nero Enterolobium Mart.(Mimosoideae) para a regi‚àö¬£o Neotropical.",NA,"manual","Leo",NA,NA,NA,NA,NA,NA,NA,NA,NA,NA,NA,NA,NA,NA,NA,NA,NA,NA,NA,NA,NA,NA,NA,NA,NA,NA,NA,NA,NA,NA,NA,NA,NA,NA,NA,NA,NA,NA,NA,NA,NA,NA,NA,NA,NA,NA,NA,NA,NA,NA,NA,NA,NA,NA,NA,NA,NA,NA,NA,NA,NA,NA,NA,NA,NA,NA,NA,NA,NA,NA,NA,NA,NA
"Faidherbia_albida","High","Rev. Bot. Appl. Agric. Trop. 14: 876 (1934)","Rev. Bot. Appl. Agric. Trop. 14: 876 (1934)",NA,NA,"tree","≤30",NA,NA,NA,NA,NA,NA,"~20",NA,NA,NA,NA,NA,NA,"3-10",NA,NA,NA,"6-23","3.5-9","0.7-3","large",NA,NA,NA,NA,NA,"40-140",NA,NA,"spike","slender","5","1-1.7",NA,NA,"5","3-3.5",NA,NA,"creamy white",NA,NA,NA,NA,NA,NA,NA,NA,NA,NA,NA,NA,NA,"pod","≤250","≤50",NA,"curled, twisted",NA,NA,"bright orange, reddish-brown","10-29","10","6",NA,"ovoid","dark brown","https://apps.worldagroforestry.org/treedb2/speciesprofile.php?Spid=1","yes",NA,NA
"Falcataria_falcata","High","Barneby, R.C. and Grimes, J., 1996. Silk tree, guanacaste, monkey's earring: a generic system of the synandrous Mimosaceae of the Americas. Part I. Abarema, Albizia, and allies. Memoirs of the New York Botanical Garden, 74(1).","https://www.dropbox.com/s/omtdhf8ghyz5gpq/Barneby_and_Grimes-1996-Silk%20Tree%2C%20Guanacaste%2C%20Monkey%27s%20Earring%20-%20Part%20I.pdf?dl=5","automatic",NA,"tree","15-35",NA,NA,"no","no","3-5.5",NA,"3-5.5",NA,NA,"2-6.5","yes",NA,NA,"(6) 7-11 (12)",NA,"<= 70-110","yes","15-25",NA,NA,NA,NA,NA,"yes",NA,"0",NA,NA,NA,"spikes","panicle of spikes","5 (6)","2.2-2.9","15-40",NA,"5 (6)","6-7.2","2.4-4","1.4-2.1",NA,NA,"84-148","14-18",NA,NA,NA,NA,NA,NA,NA,NA,NA,NA,"pod","75-115","16-21",NA,"broad-linear, planocompressed, apiculate","cuneatly contracted",NA,"greenish, fuscous","10-15","±6","3",NA,"compressed-eltipsoid","dull brown","same","yes",NA,"found"
"Fillaeopsis_discophora","High","Bot. Jahrb. Syst. 26: 259 (1899)","Bot. Jahrb. Syst. 26: 259 (1899)",NA,"German",NA,NA,NA,NA,NA,NA,NA,NA,NA,NA,NA,NA,NA,NA,NA,NA,NA,NA,NA,NA,NA,NA,NA,NA,NA,NA,NA,NA,NA,NA,NA,NA,NA,NA,NA,NA,NA,NA,NA,NA,NA,NA,NA,NA,NA,NA,NA,NA,NA,NA,NA,NA,NA,NA,NA,NA,NA,NA,NA,NA,NA,NA,NA,NA,NA,NA,NA,NA,NA,NA,NA,NA,NA
"Gagnebina_commersoniana","High","Du Puy, D.J., Labat, N.-N., Rabevohitra, R., Villiers, J.-F., Bosser, J. & Moat, J. (2002). The Leguminosae of Madagascar: 1-737. Royal Botanic Gardens, Kew.","https://www.dropbox.com/scl/fi/lb54bxa5zfdqvaq5dz48o/duPuy_etal-2002-Gagnebina.pdf?rlkey=h9h6qmvtudjrvwawhq956kbcm&dl=0",NA,NA,"shrub","3",NA,NA,NA,NA,NA,NA,NA,NA,NA,"10-45","yes","6-65",NA,"3-16","5-17",NA,NA,"10-35","2","0.3",NA,"broadly rounded","very shortly round, acute","yes","5-10",NA,NA,NA,NA,"spike","solitary or paired spikes",NA,"~0.4",NA,NA,NA,"1.3",NA,NA,"pale yellow",NA,"10","1.8-3",NA,NA,NA,NA,"yes",NA,"0.6-0.75",NA,"3","tubular","pod","11-35","4-5",NA,"narrowly oblong, oblong, margins not winged, margins very narrowly winged","stipitate","obtuse, acute",NA,NA,"3","1.5",NA,"ovate, oblong","olive brown","same","yes",NA,NA
"Gagnebina_microcephala","High","Du Puy, D.J., Labat, N.-N., Rabevohitra, R., Villiers, J.-F., Bosser, J. & Moat, J. (2002). The Leguminosae of Madagascar: 1-737. Royal Botanic Gardens, Kew.","https://www.dropbox.com/scl/fi/lb54bxa5zfdqvaq5dz48o/duPuy_etal-2002-Gagnebina.pdf?rlkey=h9h6qmvtudjrvwawhq956kbcm&dl=0",NA,NA,"shrub","3",NA,NA,NA,NA,NA,NA,NA,NA,NA,"6.5-10","yes","7-40","yes","3-10","3-15",NA,NA,"7-22","≤1.5","≤0.5","oblong, slightly curved","broadly rounded","shortly rounded, acute","yes","5-10","0.3-0.4",NA,NA,NA,"raceme","solitary or clusters of racemes upto 3",NA,"0.5-0.6",NA,NA,NA,"1.75-2",NA,NA,"white, pale pink",NA,NA,"3.5-6.5",NA,NA,NA,NA,"yes",NA,"0.6",NA,"2.75","tubular","pod","20-36","4-5.5",NA,"oblong, flat, margins very narrowly winged","cuneate, long-stipitate","obtuse, apiculate","dark brown",NA,"~3","~1.75",NA,NA,"brown","same","yes",NA,NA
"Gagnebina_pterocarpa","High","Bull. Mens. Soc. Linn. Paris 1: 354 (1883)",NA,NA,NA,"shrub, tree","≤3",NA,NA,NA,NA,NA,NA,NA,NA,NA,NA,NA,NA,NA,NA,"(20-)30-40(-60)",NA,NA,NA,"2-5.5","0.75-1.5","oblong",NA,NA,NA,NA,NA,"30-50",NA,NA,"spike","arranged in a terminal paniculate inflorescence or rarely clustered and axillary",NA,NA,NA,NA,NA,NA,NA,NA,"white",NA,NA,NA,NA,NA,NA,NA,NA,NA,NA,NA,NA,NA,"pod","25-60","15-20",NA,"straight, flattened, narrowly oblong",NA,NA,NA,NA,"3.5-4","2-3",NA,"flat, ovate, oblong",NA,"https://www.jstor.org/stable/4120306?casa_token=dERpNK6mWysAAAAA%3AAd8TWwtokAp67AYyRQNktf9QpQBXd_PknGizC_KFBifVnsNMi9zgMshTtynskLhIHZ2LOnCdcgVMsC6jNDT-K1C9ouV0PDs_YHFq36A3R-TUDGndzRU","yes",NA,NA
"Inga_adenophylla","Low","Pennington, T.D., 1997. The genus Inga: botany. Royal Botanic Gardens Kew.",NA,"automatic",NA,"tree",NA,NA,NA,NA,NA,NA,NA,"5-11",NA,NA,"15-30",NA,"65-170","yes",NA,NA,NA,NA,"5-6","29-140","10-60","elliptic, obovate, lanceolate","rounded, obtuse","acute, rounded","yes","40-80","0-0.5",NA,NA,NA,"spike","axillary, a congested spike",NA,NA,"1.5-2.5",NA,NA,NA,"3-4",NA,NA,NA,"45-50","~25",NA,NA,NA,NA,NA,NA,NA,NA,NA,NA,"legume","90-170","10-20",NA,"cylinfrical, straight","obtuse, rounded","obtuse, rounded",NA,NA,NA,NA,NA,NA,NA,"same","yes",NA,NA
"Inga_affinis","Low","Pennington, T.D., 1997. The genus Inga: botany. Royal Botanic Gardens Kew.",NA,"automatic",NA,NA,NA,NA,NA,NA,NA,NA,NA,NA,NA,NA,NA,NA,NA,NA,NA,NA,NA,NA,NA,NA,NA,NA,NA,NA,NA,NA,NA,NA,NA,NA,NA,NA,NA,NA,NA,NA,NA,NA,NA,NA,NA,NA,NA,NA,NA,NA,NA,NA,NA,NA,NA,NA,NA,NA,NA,NA,NA,NA,NA,NA,NA,NA,NA,NA,NA,NA,NA,NA,NA,NA,NA,NA
"Inga_alba","Low","Pennington, T.D., 1997. The genus Inga: botany. Royal Botanic Gardens Kew.",NA,"automatic",NA,"tree",NA,NA,NA,NA,NA,NA,NA,"2-4",NA,NA,"13-30",NA,"50-135","yes",NA,NA,NA,NA,"(3-)4-5(-6)","25-100(-155)","7-77","elliptic, lanceolate, slightly asymmetrical","acute, rounded","acute, narrowly attenuate","yes","4-20",NA,NA,NA,NA,"spike","axillary, often clustered on short leafless axillary shoots, congested spike",NA,NA,"~0.25",NA,NA,NA,"0.5-1",NA,NA,NA,"25-45","4.5-6",NA,NA,NA,NA,NA,NA,NA,NA,NA,NA,"legume","60-250","14-20(-35)","4-9","convex, straight, curved","tapered","rounded",NA,NA,"~14","~10",NA,NA,NA,"same","yes",NA,NA
"Osodendron_altissimum","Low","Pennington, T.D., 1997. The genus Inga: botany. Royal Botanic Gardens Kew.",NA,"automatic",NA,NA,NA,NA,NA,NA,NA,NA,NA,NA,NA,NA,NA,NA,NA,NA,NA,NA,NA,NA,NA,NA,NA,NA,NA,NA,NA,NA,NA,NA,NA,NA,NA,NA,NA,NA,NA,NA,NA,NA,NA,NA,NA,NA,NA,NA,NA,NA,NA,NA,NA,NA,NA,NA,NA,NA,NA,NA,NA,NA,NA,NA,NA,NA,NA,NA,NA,NA,NA,NA,NA,NA,NA,NA
"Jupunba_brachystachya","Low","Pennington, T.D., 1997. The genus Inga: botany. Royal Botanic Gardens Kew.",NA,"automatic",NA,"tree",NA,NA,NA,NA,NA,NA,NA,"1-3",NA,NA,"3-17",NA,"10-40","yes",NA,NA,NA,NA,"(1-)2","(35-)60-160","20-60","elliptic, broadly elliptic, oblanceolate, broadyly lanceolate","acute, rounded, asymmetrical","acute, narrowly attenuate","yes","1-23",NA,NA,NA,NA,"spike","axillary and bleow the leaves, often clustered, a lax spike",NA,NA,"~0.25",NA,NA,NA,"~2",NA,NA,NA,"22-40","10-18",NA,NA,NA,NA,NA,NA,NA,NA,NA,NA,"legume","35-205","20-23","2-7","flate, curved","rounded","rounded",NA,NA,NA,NA,NA,NA,NA,"same","yes",NA,NA
"Inga_macrophylla","Low","Pennington, T.D., 1997. The genus Inga: botany. Royal Botanic Gardens Kew.",NA,"automatic",NA,"tree",NA,NA,NA,NA,NA,NA,NA,"7-20",NA,NA,"(32-)45-65",NA,"100-170","yes",NA,NA,NA,NA,"(2-)3-4","78-270","45-140","broadly elliptic","rounded","narrowly attenuate","yes","20-80",NA,NA,NA,NA,"spike","axillary, often clustered around the apex inthe axils of undeveloped leaves, solitary or paired, a congested spike",NA,NA,"2-10",NA,NA,NA,"3-6",NA,NA,NA,"65-100","25-35",NA,NA,NA,NA,NA,NA,NA,NA,NA,NA,"legume","200-450","25-45","7-17","quadrangular, straight, slightly curved","rounded,obtuse","rounded, obtuse",NA,NA,NA,NA,NA,NA,NA,"same","yes",NA,NA
"Inga_acrocephala","Low","Pennington, T.D., 1997. The genus Inga: botany. Royal Botanic Gardens Kew.",NA,"automatic",NA,"tree",NA,NA,NA,NA,NA,NA,NA,"2-6",NA,NA,"20-38",NA,"82-160","yes",NA,NA,NA,NA,"3-5","95-250","40-88","elliptic","acute, narrowly cuneate","narrowly attenuate",NA,"20-55","0-2",NA,NA,NA,"spike, raceme","clustered on short leafless axillary shoots, a congested spike or raceme",NA,NA,"~0.5",NA,NA,NA,"1-2",NA,NA,NA,"30-50","8-9",NA,NA,NA,NA,NA,NA,NA,NA,NA,NA,"legume","180-320","35-42","10-15","flat, slighlty convex, straight, curved","acute, obtuse, often asymmetrical","rounded, sometimes long-tapering",NA,NA,NA,NA,NA,NA,NA,"same","yes",NA,NA
"Inga_ornata","Low","Pennington, T.D., 1997. The genus Inga: botany. Royal Botanic Gardens Kew.",NA,"automatic",NA,"tree",NA,NA,NA,NA,NA,NA,NA,"4-9",NA,NA,"20-30",NA,"70-100","yes",NA,NA,NA,NA,"5-9","40-140","15-40(-70)","elliptic, lanceolate","rounded, truncate, rounded","acute","yes","20-55","0-5",NA,NA,NA,"spike, raceme","axillary, solitary or paired, acongested spike or raceme",NA,NA,"2-4",NA,NA,NA,"~4",NA,NA,NA,"100-125","30-45",NA,NA,NA,NA,NA,NA,NA,NA,NA,NA,"legume","150-300","8-15",NA,"cylindrical, straight, spirally twisted","rounded","acute",NA,NA,NA,NA,NA,NA,NA,"same","yes",NA,NA
"Inga_crassiflora","Low","Pennington, T.D., 1997. The genus Inga: botany. Royal Botanic Gardens Kew.",NA,"automatic",NA,NA,NA,NA,NA,NA,NA,NA,NA,NA,NA,NA,NA,NA,NA,NA,NA,NA,NA,NA,NA,NA,NA,NA,NA,NA,NA,NA,NA,NA,NA,NA,NA,NA,NA,NA,NA,NA,NA,NA,NA,NA,NA,NA,NA,NA,NA,NA,NA,NA,NA,NA,NA,NA,NA,NA,NA,NA,NA,NA,NA,NA,NA,NA,NA,NA,NA,NA,NA,NA,NA,NA,NA,NA
"Inga_oerstediana","Low","Pennington, T.D., 1997. The genus Inga: botany. Royal Botanic Gardens Kew.",NA,"automatic",NA,"tree",NA,NA,NA,NA,NA,NA,NA,"2-3",NA,NA,"12-65",NA,"60-210","yes",NA,NA,NA,NA,"3-4","35-200","20-110","broadly elliptic, obovate, elliptic","obtuse, rounded, truncate","rounded, obtuse, acute, shortly attenuate, narrowly attenuate","yes","20-70",NA,NA,NA,NA,"spike","axillary, often clustered at the apex, or in the axils of undeveloped leaves on axillary shoots, a congested spike",NA,NA,"0.5-1",NA,NA,NA,"2-3",NA,NA,NA,"60-110","15-20",NA,NA,NA,NA,NA,NA,NA,NA,NA,NA,"legume","(120-)200-300","10-15",NA,"sub-cylindrical, quadrangular, straight, slightly curved","tapered","tapered",NA,NA,"8-15","7-10",NA,NA,NA,"same","yes",NA,NA
"Inga_feuillei","Low","Pennington, T.D., 1997. The genus Inga: botany. Royal Botanic Gardens Kew.",NA,"automatic",NA,"tree",NA,NA,NA,NA,NA,NA,NA,"5-10",NA,NA,"15-25",NA,"45-90","yes",NA,NA,NA,NA,"4-5","43-110","17-50","elliptic, ovate","rounded, cordate","acute, attenuate, narrowly attenuate","yes","30-100",NA,NA,NA,NA,"spike","axillary, solitary or paired, a congested spike",NA,NA,"1.5-2",NA,NA,NA,"2.5-3",NA,NA,NA,"65-75","20-22",NA,NA,NA,NA,NA,NA,NA,NA,NA,NA,"legume","250-400","50-60","15-25","flat, quadrangular, straight","tapered","rounded",NA,NA,NA,NA,NA,NA,NA,"same","yes",NA,NA
"Inga_flexuosa","Low","Pennington, T.D., 1997. The genus Inga: botany. Royal Botanic Gardens Kew.",NA,"automatic",NA,"tree",NA,NA,NA,NA,NA,NA,NA,"~3",NA,NA,"10-22",NA,"70-120","yes",NA,NA,NA,NA,"4-6","24-100","10-45","elliptic, lanceolate","acute, obtuse, asymmetrical, rounded, truncate","narrowly attenuate, acute, sometimes mucronate","yes","25-45",NA,NA,NA,NA,"spike","axillary, a congested spike",NA,NA,"~1",NA,NA,NA,"~2",NA,NA,NA,"70-75","~10",NA,NA,NA,NA,NA,NA,NA,NA,NA,NA,"legume","90-160","20-22","3-6","flat, straight","tapered","rounded",NA,NA,NA,NA,NA,NA,NA,"same","yes",NA,NA
"Inga_coruscans","Low","Pennington, T.D., 1997. The genus Inga: botany. Royal Botanic Gardens Kew.",NA,"automatic",NA,"tree",NA,NA,NA,NA,NA,NA,NA,"6-10",NA,NA,"5-20",NA,"20-100","yes",NA,NA,NA,NA,"2-3","72-150(-230)","35-70(-110)","elliptic, ovate","narrowly attenuate, acute","shortly attenuate, narrowly attenuate","yes","8-25",NA,NA,NA,NA,"spike","Inflorescence axillary, congested spike",NA,NA,"~0.25",NA,NA,NA,"~0.75",NA,NA,NA,"20-25","~5",NA,NA,NA,NA,NA,NA,NA,NA,NA,NA,"legume","100-160","17-28","5-7","slightly convex, straight","obtuse","obtuse",NA,NA,"13-19","9-10",NA,NA,NA,"same","yes",NA,NA
"Inga_meissneriana","Low","Pennington, T.D., 1997. The genus Inga: botany. Royal Botanic Gardens Kew.",NA,"automatic",NA,NA,NA,NA,NA,NA,NA,NA,NA,NA,NA,NA,NA,NA,NA,NA,NA,NA,NA,NA,NA,NA,NA,NA,NA,NA,NA,NA,NA,NA,NA,NA,NA,NA,NA,NA,NA,NA,NA,NA,NA,NA,NA,NA,NA,NA,NA,NA,NA,NA,NA,NA,NA,NA,NA,NA,NA,NA,NA,NA,NA,NA,NA,NA,NA,NA,NA,NA,NA,NA,NA,NA,NA,NA
"Inga_paterno","Low","Pennington, T.D., 1997. The genus Inga: botany. Royal Botanic Gardens Kew.",NA,"automatic",NA,NA,NA,NA,NA,NA,NA,NA,NA,NA,NA,NA,NA,NA,NA,NA,NA,NA,NA,NA,NA,NA,NA,NA,NA,NA,NA,NA,NA,NA,NA,NA,NA,NA,NA,NA,NA,NA,NA,NA,NA,NA,NA,NA,NA,NA,NA,NA,NA,NA,NA,NA,NA,NA,NA,NA,NA,NA,NA,NA,NA,NA,NA,NA,NA,NA,NA,NA,NA,NA,NA,NA,NA,NA
"Inga_nobilis_nobilis","Low","Pennington, T.D., 1997. The genus Inga: botany. Royal Botanic Gardens Kew.",NA,"automatic",NA,NA,NA,NA,NA,NA,NA,NA,NA,NA,NA,NA,NA,NA,NA,NA,NA,NA,NA,NA,NA,NA,NA,NA,NA,NA,NA,NA,NA,NA,NA,NA,NA,NA,NA,NA,NA,NA,NA,NA,NA,NA,NA,NA,NA,NA,NA,NA,NA,NA,NA,NA,NA,NA,NA,NA,NA,NA,NA,NA,NA,NA,NA,NA,NA,NA,NA,NA,NA,NA,NA,NA,NA,NA
"Inga_nobilis_quaternata","Low","Pennington, T.D., 1997. The genus Inga: botany. Royal Botanic Gardens Kew.",NA,"automatic",NA,"tree",NA,NA,NA,NA,NA,NA,NA,"3-13",NA,NA,"5-24",NA,"35-250","yes",NA,NA,NA,NA,"(3-)4-5","40-200","17-80","elliptic, oblong-elliptic, oblanceolate, ovate, lanceolate","acute, narrowly cuneate, obtuse, less frequently cordate","shortly attenuate, narrowly attenuate, acute","yes","5-80","0-17",NA,NA,NA,"capitulum, umbel",NA,NA,NA,"0.5-1.5",NA,NA,NA,"1-2.5(-3)",NA,NA,NA,"35-60","12-20",NA,NA,NA,NA,NA,NA,NA,NA,NA,NA,"legume","80-150(-200)","14-31","7-10(-15)","convex, almost cylindrical, straight, slightly curved","rounded, obtuse","rounded, obtuse",NA,NA,"~16","~8",NA,NA,NA,"same","yes",NA,NA
"Inga_chrysantha","Low","Pennington, T.D., 1997. The genus Inga: botany. Royal Botanic Gardens Kew.",NA,"automatic",NA,"tree",NA,NA,NA,NA,NA,NA,NA,"3-4",NA,NA,"13-25",NA,"80-152","yes",NA,NA,NA,NA,"4-6","60-160","16-42","oblong-elliptic, elliptic, lanceolate, ovate","acute, rounded, obtuse","narrowly attenuate","yes","40-60",NA,NA,NA,NA,"spike","axillary and clustered at the shoot apex in the axils of undeveloped leaves, a congested spike",NA,NA,NA,NA,NA,NA,"3-3.5",NA,NA,NA,"40-50","~15",NA,NA,NA,NA,NA,NA,NA,NA,NA,NA,"legume","250-400","30-35","6-8","flate, curved, sometimes strongly curved","acute","rounded",NA,NA,NA,NA,NA,NA,NA,"same","yes",NA,NA
"Inga_flexuosa","Low","Pennington, T.D., 1997. The genus Inga: botany. Royal Botanic Gardens Kew.",NA,"automatic",NA,"tree",NA,NA,NA,NA,NA,NA,NA,"~3",NA,NA,"10-22",NA,"70-120","yes",NA,NA,NA,NA,"4-6","24-100","10-45","elliptic, lanceolate","acute, obtuse, asymmetrical, rounded, truncate","narrowly attenuate, acute, sometimes mucronate","yes","25-45",NA,NA,NA,NA,"spike","axillary, a congested spike",NA,NA,"~1",NA,NA,NA,"~2",NA,NA,NA,"70-75","~10",NA,NA,NA,NA,NA,NA,NA,NA,NA,NA,"legume","90-160","20-22","3-6","flat, straight","tapered","rounded",NA,NA,NA,NA,NA,NA,NA,"same","yes",NA,NA
"Inga_marginata","Low","Pennington, T.D., 1997. The genus Inga: botany. Royal Botanic Gardens Kew.",NA,"automatic",NA,"tree",NA,NA,NA,NA,NA,NA,NA,"2-15",NA,NA,"5-20",NA,"12-55","yes",NA,NA,NA,NA,"2-3","36-200","11-70","usually elliptic, occasionally oblanceolate, sometimes asymmetrical","acute, rounded","narrowly attenuate",NA,"6-30(-40)",NA,NA,NA,NA,"spike","Inflorescence axillary, solitary, clustered, spikate",NA,NA,"0.25-0.5",NA,NA,NA,"0.75-1",NA,NA,NA,"35-45(-60)","5-8",NA,NA,NA,NA,NA,NA,NA,NA,NA,NA,"legume","70-125","9-16","6-9","convex, straight, slightly curved, swollen around the seeds, constricted between the seeds",NA,NA,NA,NA,"~10","~7","~4",NA,NA,"same","yes",NA,NA
"Inga_barbourii","Low","Pennington, T.D., 1997. The genus Inga: botany. Royal Botanic Gardens Kew.",NA,"automatic",NA,"tree",NA,NA,NA,NA,NA,NA,NA,"2-4",NA,NA,"5-15",NA,"27-110","yes",NA,NA,NA,NA,"3-8","18-95","9-30","elliptic, lanceolate, ovate","obtuse, rounded, asymmetrical","narrowly attenuate, often mucronate","yes","20-60",NA,NA,NA,NA,"spike","axillary, a congested to loose spike",NA,NA,"0.25-0.5",NA,NA,NA,"~1.5",NA,NA,NA,"40-50","9-10",NA,NA,NA,NA,NA,NA,NA,NA,NA,NA,"legume","60-150","15-20","5-8","convex, straight","rounded","rounded",NA,NA,NA,NA,NA,NA,NA,"same","yes",NA,NA
"Inga_uraguensis","Low","Pennington, T.D., 1997. The genus Inga: botany. Royal Botanic Gardens Kew.",NA,"automatic",NA,NA,NA,NA,NA,NA,NA,NA,NA,NA,NA,NA,NA,NA,NA,NA,NA,NA,NA,NA,NA,NA,NA,NA,NA,NA,NA,NA,NA,NA,NA,NA,NA,NA,NA,NA,NA,NA,NA,NA,NA,NA,NA,NA,NA,NA,NA,NA,NA,NA,NA,NA,NA,NA,NA,NA,NA,NA,NA,NA,NA,NA,NA,NA,NA,NA,NA,NA,NA,NA,NA,NA,NA,NA
"Inga_ursi","Low","Pennington, T.D., 1997. The genus Inga: botany. Royal Botanic Gardens Kew.",NA,"automatic",NA,"tree",NA,NA,NA,NA,NA,NA,NA,"3-4",NA,NA,"22-26",NA,"65-100","yes",NA,NA,NA,NA,"5-6","45-150","13-58","narrowly elliptic, oblong-elliptic, lanceolate, ovate","rounded, truncate, rounded","acute, narrowly attenuate, attenuate","yes","30-40",NA,NA,NA,NA,"spike","axillary, a congested spike",NA,NA,"2-3",NA,NA,NA,"4-5",NA,NA,NA,"~90","20-25",NA,NA,NA,NA,NA,NA,NA,NA,NA,NA,"legume","200-300","12","18","strongly curved, coiled",NA,NA,NA,NA,NA,NA,NA,NA,NA,"same","yes",NA,NA
"Jacqueshuberia_amplifoliola","High","Bot. Mus. Leafl. 18: 150 (1958)","Bot. Mus. Leafl. 18: 150 (1958)",NA,NA,NA,NA,NA,NA,NA,NA,NA,NA,NA,NA,NA,NA,NA,NA,NA,NA,NA,NA,NA,NA,NA,NA,NA,NA,NA,NA,NA,NA,NA,NA,NA,NA,NA,NA,NA,NA,NA,NA,NA,NA,NA,NA,NA,NA,NA,NA,NA,NA,NA,NA,NA,NA,NA,NA,NA,NA,NA,NA,NA,NA,NA,NA,NA,NA,NA,NA,NA,NA,NA,NA,NA,NA,NA
"Jacqueshuberia_brevipes","High","Mem. New York Bot. Gard. 64: 203 (1990)","Mem. New York Bot. Gard. 64: 203 (1990)",NA,NA,NA,NA,NA,NA,NA,NA,NA,NA,NA,NA,NA,NA,NA,NA,NA,NA,NA,NA,NA,NA,NA,NA,NA,NA,NA,NA,NA,NA,NA,NA,NA,NA,NA,NA,NA,NA,NA,NA,NA,NA,NA,NA,NA,NA,NA,NA,NA,NA,NA,NA,NA,NA,NA,NA,NA,NA,NA,NA,NA,NA,NA,NA,NA,NA,NA,NA,NA,NA,NA,NA,NA,NA,NA
"Jacqueshuberia_loretensis","High","Brittonia 37: 294 (1985)","https://www.jstor.org/stable/7222fc05-589c-3b20-be66-8b529970b7fb?casa_token=ymqh6Q-n8Y0AAAAA%3AiGGBTCNO9nJHLJc495bOhWma3ZDgrJBiD5e9ucvrq9HTCRCfWvgXuKaVzJYPBas1g_kKYJoIntduYZdpFVsuDA3OIAfPGC0FsHTneMkFUjga5elWp2Y&seq=4",NA,NA,"Tree","20",NA,NA,NA,NA,NA,NA,NA,NA,NA,"70-105",NA,"310-380",NA,NA,NA,"70-140",NA,"28-48","9-11","2-3","oblong","inequilateral with upper side accute and shorter lower side rounded","attenuate but obtuse",NA,NA,"18-25",NA,NA,NA,"Terminal","compound-racemose","5","3.5-7",NA,NA,NA,"8.5-8",NA,NA,NA,"red",NA,"26-55","red","5-5.3","1.5-2",NA,NA,NA,"5-5.5","1-1.5","31-33",NA,NA,NA,NA,NA,NA,NA,NA,NA,NA,NA,NA,NA,NA,NA,"https://www.jstor.org/stable/7222fc05-589c-3b20-be66-8b529970b7fb?casa_token=ymqh6Q-n8Y0AAAAA%3AiGGBTCNO9nJHLJc495bOhWma3ZDgrJBiD5e9ucvrq9HTCRCfWvgXuKaVzJYPBas1g_kKYJoIntduYZdpFVsuDA3OIAfPGC0FsHTneMkFUjga5elWp2Y&seq=4","yes",NA,NA
"Lemurodendron_capuronii","High","Du Puy, D.J., Labat, N.-N., Rabevohitra, R., Villiers, J.-F., Bosser, J. & Moat, J. (2002). The Leguminosae of Madagascar: 1-737. Royal Botanic Gardens, Kew.","https://www.dropbox.com/scl/fi/f12m42nnkcwtg3ialox4p/duPuy_etal-2022-Lemurodendron.pdf?rlkey=f52uwp1s9y857bfjb3ou2bk9f&dl=0",NA,NA,"tree","30",NA,NA,NA,NA,NA,NA,NA,NA,NA,"15-35",NA,"(0)10-30","yes","(1)2","25-85",NA,NA,"2-4","15-35","8-16","obovate, slightly asymmetrical, slightly falcate","wedge shape, rather asymmetrical (more tapering on the proximal margin)","broadly rounded, notched, subtruncate, mucronate","yes",NA,NA,NA,NA,NA,"spike","panicle",NA,"~1.25-1.5",NA,NA,NA,"~3.3-4",NA,NA,NA,NA,"≤10(12)","~4.5-7",NA,NA,NA,NA,"yes",NA,"~2",NA,"3-4","tubular, flared","pod","(80)150-350","20-25",NA,"narrowly oblong-elliptic, straight, almost straight","cuneate","obtuse, acute","blackish","~10","(30)35-50","16-24",NA,"broadly winged, oblong",NA,"same","yes",NA,NA
"Leucaena_collinsii","High","Hughes, C., 1998. Monograph of Leucaena (Leguminosae-Mimosoideae).","https://www.dropbox.com/s/l1qqwpmyhbm5tyu/Hughes-1998-Monograph-of-Leucaena.pdf?dl=0","manual",NA,"tree","10-15 (-20)",NA,"no","no","no","3.2-4",NA,"3.2-4",NA,"(70-) 140-200 (-230)","(11-) 14-28","yes","37-170","yes","(5) 6-16",NA,NA,"yes","25-56","3.7-7","1-1.9","broadly linear","rounded, truncate","acuminate","yes","(14-) 16-21",NA,NA,NA,"9-24","capitula",NA,"5","1.9-3.9",NA,NA,"5","3-4.9",NA,NA,NA,"pale whitish green","10","7.8-12","white",NA,NA,"white",NA,NA,"1.6-2.3",NA,"4.2-10.5",NA,"pod","110-185","(7) 10-19",NA,"linear-oblong, oblong, sometimes with short beak, narrowly planocompressed",NA,"acuminate, sometimes obtuse",NA,"9-20","6.5-8.8","4-6.2",NA,"compressed, circular, ovoid","deep chesnut-brown","same","yes",NA,NA
"Leucaena_cuspidata","High","Hughes, C., 1998. Monograph of Leucaena (Leguminosae-Mimosoideae).","https://www.dropbox.com/s/l1qqwpmyhbm5tyu/Hughes-1998-Monograph-of-Leucaena.pdf?dl=1","manual",NA,"tree","2-4 (-6)",NA,"no","no","no","4.9-6",NA,"4.9-6",NA,"(170-) 180-220","26-30",NA,"80-150","yes","(9-) 11-16 (-18)",NA,NA,"yes","(38-) 40-45 (-50)","(5-) 5.2-6.6","1.5-2.3","linear-oblong, acuminate","strongly asymmetrically truncate","cuspidate, the cusp sometimes strongly curved towards apex of pinnae","yes","26-36",NA,NA,NA,"13-16","capitula",NA,"5","2.5-3",NA,NA,"5","3.8-4.2",NA,NA,NA,"pale green","10","5.5-7.5","pale creamy white",NA,NA,"cream, cream-white",NA,NA,"2",NA,"6.5-8","tubular","pod","(100-) 140-220 (-280)","20-30",NA,"linear-oblong, slightly falcate, compressed","acute","acute","mid to dark reddish brown","13-15","9.4-11.8","8.1-10.6",NA,"compressed, circular, ovoid","deep chesnut-brown","same","yes",NA,NA
"Leucaena_diversifolia","High","Hughes, C., 1998. Monograph of Leucaena (Leguminosae-Mimosoideae).","https://www.dropbox.com/s/l1qqwpmyhbm5tyu/Hughes-1998-Monograph-of-Leucaena.pdf?dl=2","manual",NA,"tree","5-18 (-20)",NA,"no","no","no","3.4-4.4",NA,"3.4-4.4",NA,"(170-) 190-240 (-280)","(16-) 18-23 (-30)",NA,"(120-) 160-190 (-230)","yes","(14) 16-24 (28)",NA,NA,"yes","(43) 48-58 (62)","(2.9) 4-5.5 (7)","(0.6) 0.8-1 (1.2)","linear-oblong, strongly asymmetric","cordate, cuneate, strongly asymmetric","acute","yes","(12) 17-23",NA,NA,NA,"11-15","capitula",NA,"5","(1.5) 1.7-2 (2.6)",NA,NA,"5","3.4-4.1 (4.4)",NA,NA,NA,"pale green with lobe tips strongly tinged reddish","10","(4) 5.5-7.2 (8.5)","white, sometimes tinged pink, occasionally bright scarlet",NA,NA,"pale cream-white, pale pink, bright shocking pink, occasionally brighe scarlet",NA,NA,"(1.5) 1.8-2.1 (2.2)",NA,"(7.4) 8-9.8","narrow funnelform","pod","(70) 100-130 (155)","(11) 13-16 (17)",NA,"narrowly linear-oblong, flat, usually with a short straight or recurved point, flat","acute","acute","dark brown, reddish brown","(6) 10-18 (20)","2.7-3.4","4.3-5.5",NA,"narrowly oblong, slightly compressed","dark glossy chesnut-brown","same","yes",NA,NA
"Leucaena_esculenta","High","Hughes, C., 1998. Monograph of Leucaena (Leguminosae-Mimosoideae).","https://www.dropbox.com/s/l1qqwpmyhbm5tyu/Hughes-1998-Monograph-of-Leucaena.pdf?dl=3","manual",NA,"tree","(3) 10-15 (20)",NA,"no","no","no","3.9-4.8",NA,"3.9-4.8",NA,"(150) 200-400 (440)","17-20","yes","300-350","yes","(25) 30-40 (60)",NA,NA,"yes","(55) 60-75 (85)","3.5-6.6","0.9-1","asymmetric, linear, acute, subacute",NA,NA,"yes","25-30",NA,NA,NA,"25-28","capitula",NA,"5","2.6-4",NA,NA,"5","4.2-5.5",NA,NA,NA,"pale greenish white","10","12-13.8","white",NA,NA,"pale yellow-green",NA,NA,"1.5-1.6",NA,"12-13","narrow tubular","pod","(100) 150-250 (300)","23-26",NA,"oblong, linear-oblong, acuminate, narrowly planocompressed",NA,NA,"mid-orange-brown","(few) 15-20","9.1-10.9","7-9",NA,"compressed, flattened, circular, ovoid","deep chesnut-brown","same","yes",NA,NA
"Leucaena_lanceolata","High","Hughes, C., 1998. Monograph of Leucaena (Leguminosae-Mimosoideae).","https://www.dropbox.com/s/l1qqwpmyhbm5tyu/Hughes-1998-Monograph-of-Leucaena.pdf?dl=4","manual",NA,"tree","5-15 (20)",NA,"no","no","no","4-4.3",NA,"4-4.3",NA,"(100) 150-250 (350)","15-28","yes","50-160",NA,"2-5",NA,NA,"yes","3-6","16-70","8-35","slightly assymetrical, broadly elliptic, broadly elliptic-ovate, abruptly apiculate","obtuse","obtuse, acute, occasionally rounded","yes","8-15",NA,NA,NA,"(15) 20-40","capitula",NA,"5","3.7-4.1",NA,NA,"5","4.8-5.3",NA,NA,NA,"pale whitish green","10","7.1-9.9","white, cream-white",NA,NA,"cream-white",NA,NA,"2.4-2.6",NA,"7-8.4","narrow tubular","pod","100-300 (370)","13-32",NA,"oblong, linear-oblong, acute, sometimes with a short beak, narrowly planocompressed",NA,"obtuse, rounded","pale, dark orange-brown","13-18","6.3-11.1","3.8-8.7",NA,"compressed, circular, ovoid","deep chesnut-brown","same","yes",NA,NA
"Leucaena_x_mixtec","High","Hughes, C., 1998. Monograph of Leucaena (Leguminosae-Mimosoideae).","https://www.dropbox.com/s/l1qqwpmyhbm5tyu/Hughes-1998-Monograph-of-Leucaena.pdf?dl=5","manual",NA,"tree","10-20 (25)",NA,"no","no","no",NA,NA,NA,NA,"(200) 220-280 (300)","22-28","yes","130-200 (220)","yes","9-14",NA,NA,"yes","24-31","9-14","1.9-2.7","slightly assymetric, linear","rounded","acute, acuminate","yes","24-33",NA,NA,NA,"24-26","capitula",NA,"5","2.8-3.3",NA,NA,"5","4.8-5.4",NA,NA,NA,"pale whitish green","10","9-11","white",NA,NA,"white",NA,NA,"3",NA,"10-12","terminal tubular","pod",NA,NA,NA,NA,NA,NA,NA,"this is a hybrid species so for fruit and seeds they have almost always absent or misformed, seeds lacking, this hybrid is highly sterile",NA,NA,NA,NA,NA,"same","yes",NA,NA
"Leucaena_pueblana","High","Hughes, C., 1998. Monograph of Leucaena (Leguminosae-Mimosoideae).","https://www.dropbox.com/s/l1qqwpmyhbm5tyu/Hughes-1998-Monograph-of-Leucaena.pdf?dl=6","manual",NA,"tree","5-10",NA,"no","no","no","5.1-5.4",NA,"5.1-5.4",NA,"(130) 150-170 (190)","12-16","yes","90-150","yes","(10) 16-20 (22)",NA,NA,"yes","(30) 40-55","4.7-5.8","0.9-1.1","slightly assymetric, linear","rounded, truncate","rounded","yes","21-27",NA,NA,NA,"18-25","capitula",NA,"5","3.6-4",NA,NA,"5","4.7-5.2",NA,NA,NA,"pale whitish green","10","11.4-13","white",NA,NA,"pale cream-white",NA,NA,"1.4-1.6",NA,"11.6-12.7","terminal narrow-tubular","pod","(100) 130-150","13-35",NA,"linear, sometimes with a short beak, compressed",NA,"acute","rich orange-brown","12-16","7.5-8","5.8-6.1",NA,"compressed, circular, ovoid, slightly rhomboid","deep chesnut-brown","same","yes",NA,NA
"Leucaena_pulverulenta","High","Hughes, C., 1998. Monograph of Leucaena (Leguminosae-Mimosoideae).","https://www.dropbox.com/s/l1qqwpmyhbm5tyu/Hughes-1998-Monograph-of-Leucaena.pdf?dl=7","manual",NA,"tree","5-18 (20)",NA,"no","no","no","2.3-2.5",NA,"2.3-2.5",NA,"180-220","27-35",NA,"110-170","yes","(12) 14-16 (18)",NA,NA,"yes","(55) 61-69 (75)","(4) 4.4-4.9 (5.2)","0.8-1","oblong, entire","slightly acute",NA,"yes","25-35",NA,NA,NA,"15-20","capitula",NA,"5","1.3-1.6",NA,NA,"5","3.8-4.1",NA,NA,NA,"pale green","10","5.5-6.3","pale cream-white",NA,NA,"pale cream-white",NA,NA,"1.7-1.8",NA,"6.2-6.8","narrow-funnelform","pod","(120) 140-180 (210)","(14) 16-23 (24)",NA,"narrowly linear-oblong, usually with a short straight or recurved point, narrowly planocompressed","acute","rounded","dark brown","16-24 (26)","6.5-7.9","3.2-4.2",NA,"narrowly oblong, slightly compressed","dark glossy chesnut-brown","same","yes",NA,NA
"Leucaena_retusa","High","Hughes, C., 1998. Monograph of Leucaena (Leguminosae-Mimosoideae).","https://www.dropbox.com/s/l1qqwpmyhbm5tyu/Hughes-1998-Monograph-of-Leucaena.pdf?dl=8","manual",NA,"tree","2-5 (8)",NA,"no","no","no","7.3-7.5",NA,"7.3-7.5",NA,"(150) 180-250","40-50",NA,"70-90","yes","(2) 3-4 (5)",NA,NA,"yes","(4) 5-6 (8)","(15) 20-26 (30)","(8) 10-12 (15)","weakly asymmetric, obliquely obovate, elliptic-lanceloate, rounded, apiculate, rarely slightly retuse-apiculate, entire","obliquely rounded, cuneate, asymmetric",NA,"yes","25-90",NA,NA,NA,"20-25","capitula",NA,"5","4.2-4.5",NA,NA,"5","5.4-6.6",NA,NA,NA,"pale yellow-green","10","12-13.5","bright yellow",NA,NA,"yellow",NA,NA,"2",NA,"12.5-14","tubular","pod","(120) 160-200 (250)","11-13",NA,"linear, sometimes slightly falcate, straight, acuminate, compressed","cuneate",NA,"mid- to reddish brown","13-15","7.3-8.5","4.8-6.5",NA,"rhoboidal","deep chesnut-brown","same","yes",NA,NA
"Leucaena_trichodes","High","Hughes, C., 1998. Monograph of Leucaena (Leguminosae-Mimosoideae).","https://www.dropbox.com/s/l1qqwpmyhbm5tyu/Hughes-1998-Monograph-of-Leucaena.pdf?dl=9","manual",NA,"tree, shrub","(1) 3-10 (15)",NA,"no","no","no","2.8-3.1",NA,"2.8-3.1",NA,"130-220 (290)","(16) 20-40 (50)",NA,"65-13","yes","2-3 (4)",NA,NA,"yes","(1) 2-4 (6)","(22) 28-60 (118)","(10) 15-50 (71)","very slightly asymmetric, ovate-elliptic, sometimes rounded, entire","acute, cuneate","variably acute, varily obtuse","yes","(6) 10-18",NA,NA,NA,"8-12","capitula",NA,"5","1.3-2.6",NA,NA,"5","2.3-3.3",NA,NA,NA,"pale green","10","4-6.3","creamy white",NA,NA,"cream-white",NA,NA,"1.1-1.8",NA,"4.5-6 (7.4)","narrow-funnelform","pod","(70) 110-180","18-24",NA,"linear-oblong, flattened","cuneate","often with a short beak, cuneate","mid- reddish-orange-brown","10-14","6.1-8.2","4-5.8",NA,"compressed, elliptic, circular","deep chesnut-brown","same","yes",NA,NA
"Lysiloma_acapulcense","High","Barneby, R.C. and Grimes, J., 1996. Silk tree, guanacaste, monkey's earring: a generic system of the synandrous Mimosaceae of the Americas. Part I. Abarema, Albizia, and allies. Memoirs of the New York Botanical Garden, 74(1).","https://www.dropbox.com/s/omtdhf8ghyz5gpq/Barneby_and_Grimes-1996-Silk%20Tree%2C%20Guanacaste%2C%20Monkey%27s%20Earring%20-%20Part%20I.pdf?dl=6","automatic",NA,"tree","4-12 (20)",NA,NA,"no","no","5-13",NA,"5-13",NA,"(72) 94-170 (190)","11-20 (25)","yes","(59) 85-135 (156)","yes","(9) 11-17 (20)",NA,NA,"yes","(28) 39-55 (65)","(2.5) 3.8-5.8 (8)","0.5-1 (1.2)","narrowly linear, sometimes falcate towards the apex","base strongly asymmetric with the midrib frequently at the anterior margin","obtuse, occasionally acute","yes","42-62","0.2-0.5","(18) 39-56 (75)",NA,NA,NA,NA,NA,"1.5-2",NA,NA,NA,"±3-4",NA,NA,NA,"pale green, yellow",NA,NA,"cream white",NA,NA,"yellow",NA,NA,NA,NA,NA,NA,"pod","80-155 (230)","22-35 (54)",NA,"often twisted, the margins sinuate","base obtuse, base acute","acute, rostrate, rarely obtuse.","shiny brown",NA,NA,NA,NA,NA,NA,"Lysiloma (Leguminosae: Mimosoideae) in Mesoamerica
Author(s): S. W. Gale and T. D. Pennington
Source: Kew Bulletin , 2004, Vol. 59, No. 3 (2004), pp. 453-467 Published by: Springer on behalf of Royal Botanic Gardens, Kew
Stable URL: https://www.jstor.org/stable/4110952","yes","—","found"
"Lysiloma_candidum","High","Barneby, R.C. and Grimes, J., 1996. Silk tree, guanacaste, monkey's earring: a generic system of the synandrous Mimosaceae of the Americas. Part I. Abarema, Albizia, and allies. Memoirs of the New York Botanical Garden, 74(1).","https://www.dropbox.com/s/omtdhf8ghyz5gpq/Barneby_and_Grimes-1996-Silk%20Tree%2C%20Guanacaste%2C%20Monkey%27s%20Earring%20-%20Part%20I.pdf?dl=7","automatic",NA,"tree",NA,NA,NA,NA,NA,NA,NA,NA,NA,NA,NA,NA,NA,NA,"1-2",NA,NA,NA,"4-7 (9)",NA,"6-12",NA,NA,NA,NA,NA,NA,NA,NA,NA,"short bracteate pseudoracemes",NA,NA,NA,NA,NA,NA,NA,NA,NA,NA,NA,NA,NA,NA,NA,NA,NA,NA,NA,NA,NA,NA,NA,"craspedium",NA,NA,NA,NA,NA,NA,"livid, purplish-brown, purplish-green",NA,NA,NA,NA,NA,NA,"same","yes","—","found"
"Lysiloma_divaricatum","High","Barneby, R.C. and Grimes, J., 1996. Silk tree, guanacaste, monkey's earring: a generic system of the synandrous Mimosaceae of the Americas. Part I. Abarema, Albizia, and allies. Memoirs of the New York Botanical Garden, 74(1).","https://www.dropbox.com/s/omtdhf8ghyz5gpq/Barneby_and_Grimes-1996-Silk%20Tree%2C%20Guanacaste%2C%20Monkey%27s%20Earring%20-%20Part%20I.pdf?dl=8","automatic",NA,"tree","15","deciduous, semi-deciduous",NA,"no","no","3-7",NA,"3-7",NA,"(40) 50-90 (123)","9-18(23)","yes","34-75 (103)","yes","5-11",NA,NA,"yes","(17) 23-36 (47)","(2) 3-7 (11)","0.5-1.8 (2.2)","linear-oblong","weakly asymmetric","slightly falcate, acute, occasionally obtuse","yes","17-33",NA,"1-2",NA,NA,"spicate-racemose (amentiform), spherical capitate, hemispherical-umbellulate",NA,NA,"1.5-2",NA,NA,NA,"±0.75-4",NA,NA,NA,NA,"12-32","7-16 (20)","whitish","0.15-0.25",NA,NA,NA,NA,NA,NA,NA,NA,"pod","(70) 95-150","10-22 (32)",NA,"often twisted, margins usually parallel, rarely sinuate","acute","acute, rostrate","brown, dark purplish black",NA,NA,NA,NA,NA,NA,"Same and Lysiloma (Leguminosae: Mimosoideae) in Mesoamerica
","yes","—","found"
"Lysiloma_divaricatum","High","Barneby, R.C. and Grimes, J., 1996. Silk tree, guanacaste, monkey's earring: a generic system of the synandrous Mimosaceae of the Americas. Part I. Abarema, Albizia, and allies. Memoirs of the New York Botanical Garden, 74(1).","https://www.dropbox.com/s/omtdhf8ghyz5gpq/Barneby_and_Grimes-1996-Silk%20Tree%2C%20Guanacaste%2C%20Monkey%27s%20Earring%20-%20Part%20I.pdf?dl=9","automatic",NA,NA,NA,NA,NA,NA,NA,NA,NA,NA,NA,NA,NA,NA,NA,NA,NA,NA,NA,NA,NA,NA,NA,NA,NA,NA,NA,NA,NA,NA,NA,NA,NA,NA,NA,NA,NA,NA,NA,NA,NA,NA,NA,NA,NA,NA,NA,NA,NA,NA,NA,NA,NA,NA,NA,NA,NA,NA,NA,NA,NA,NA,NA,NA,NA,NA,NA,NA,NA,NA,NA,"see note","—","found"
"Lysiloma_tergeminum","High","Barneby, R.C. and Grimes, J., 1996. Silk tree, guanacaste, monkey's earring: a generic system of the synandrous Mimosaceae of the Americas. Part I. Abarema, Albizia, and allies. Memoirs of the New York Botanical Garden, 74(1).","https://www.dropbox.com/s/omtdhf8ghyz5gpq/Barneby_and_Grimes-1996-Silk%20Tree%2C%20Guanacaste%2C%20Monkey%27s%20Earring%20-%20Part%20I.pdf?dl=10","automatic",NA,"tree",NA,NA,NA,NA,NA,NA,NA,NA,NA,NA,NA,NA,NA,NA,"1-2","±35-70",NA,NA,"1.5",NA,NA,"ovate, rotund",NA,NA,NA,NA,NA,"35-65",NA,NA,"densely capitulate, amentiform, narrowly cylindric",NA,NA,NA,NA,NA,NA,NA,NA,NA,NA,NA,NA,NA,NA,NA,NA,NA,NA,NA,NA,NA,NA,NA,"craspedium",NA,NA,NA,NA,NA,NA,"pale green, light tan",NA,NA,NA,NA,NA,NA,"same and Lysiloma (Leguminosae: Mimosoideae) in Mesoamerica
Author(s): S. W. Gale and T. D. Pennington
Source: Kew Bulletin , 2004, Vol. 59, No. 3 (2004), pp. 453-467 Published by: Springer on behalf of Royal Botanic Gardens, Kew
Stable URL: https://www.jstor.org/stable/4110952","yes","—","found"
"Lysiloma_watsonii","High","Barneby, R.C. and Grimes, J., 1996. Silk tree, guanacaste, monkey's earring: a generic system of the synandrous Mimosaceae of the Americas. Part I. Abarema, Albizia, and allies. Memoirs of the New York Botanical Garden, 74(1).","https://www.dropbox.com/s/omtdhf8ghyz5gpq/Barneby_and_Grimes-1996-Silk%20Tree%2C%20Guanacaste%2C%20Monkey%27s%20Earring%20-%20Part%20I.pdf?dl=11","automatic",NA,"tree",NA,NA,NA,NA,NA,NA,NA,NA,NA,NA,NA,NA,NA,NA,"5-9",NA,NA,NA,"30-50","5-7.5 (9)","1.7-3",NA,NA,NA,NA,NA,NA,"3-8",NA,NA,"capituliform, suborbicular",NA,NA,NA,NA,NA,NA,NA,NA,NA,NA,NA,NA,NA,NA,NA,NA,NA,NA,NA,NA,NA,NA,NA,"craspedium",NA,NA,NA,NA,NA,NA,"livid, purplish-brown, purplish-green",NA,NA,NA,NA,NA,NA,"same","yes",NA,"found"
"Mimosa_dolens_acerba","Low","Barneby, R.C., 1991. Sensitivae Censitae: a description of the genus Mimosa Linnaeus (Mimosaceae) in the New World (Vol. 65).",NA,"automatic",NA,NA,NA,NA,NA,"no",NA,NA,NA,"4-11(-13)","0.4-1.5",NA,"(3-)5-30(-35)",NA,NA,NA,NA,NA,"35-105(-120)",NA,"(11-)16-25","5-20","(1.6-)2-6.5",NA,NA,NA,NA,"5-35(-40)",NA,NA,NA,NA,"capitula",NA,NA,"0-0.2",NA,NA,NA,NA,NA,NA,NA,NA,NA,NA,NA,NA,NA,NA,NA,NA,NA,NA,NA,NA,NA,NA,NA,NA,NA,NA,NA,NA,NA,NA,NA,NA,NA,NA,"same",NA,"yes",NA
"Mimosa_antioquensis","Low","Barneby, R.C., 1991. Sensitivae Censitae: a description of the genus Mimosa Linnaeus (Mimosaceae) in the New World (Vol. 65).",NA,"automatic",NA,"shrubs","2-8",NA,NA,"yes",NA,NA,NA,"1-6","0.2-0.4",NA,"70-200",NA,NA,NA,"(7-)8-16",NA,NA,NA,"24-44","3-6(-7)","0.5-1.3","linear, narrowly oblong","obtuseangulate","obtuse, deltately subacute, straight, subfalcate",NA,"10-14",NA,NA,NA,NA,"capitula",NA,"5","±0.4-1",NA,NA,"5","1.9-2.7","0.6-0.9","0.2-0.4",NA,NA,NA,NA,NA,NA,NA,NA,NA,NA,NA,NA,NA,NA,"pod","(40-)45-130","(6-)7-13",NA,"broad-linear, almost linear, plano-compressed body",NA,NA,NA,"(6-)8-20","±6","±3.6",NA,"oblong-obovate","brown","same","yes",NA,NA
"Mimosa_benthamii","Low","Barneby, R.C., 1991. Sensitivae Censitae: a description of the genus Mimosa Linnaeus (Mimosaceae) in the New World (Vol. 65).",NA,"automatic",NA,"shrubs","2-7",NA,NA,"yes",NA,NA,NA,"3-10",NA,NA,"(50-)60-160",NA,NA,NA,"8-30",NA,"40-60",NA,"12-25","2.5-7","1.2-3.5","obliquely ovate, oblong-elliptic, lanceolate, abruptly apiculate",NA,NA,NA,NA,NA,NA,NA,NA,"spikes",NA,"(4-)5(-6)","1.1-1.7","0.1-0.25",NA,"(4-)5(-6)","1.7-3.3","0.8-1.1",NA,NA,NA,NA,"3-6","pink",NA,NA,NA,NA,NA,NA,NA,NA,NA,"pod","40-70","5-7",NA,"linear, gently curved, strongly curved",NA,NA,NA,"6-11",NA,NA,NA,NA,NA,"same","yes",NA,NA
"Mimosa_distachya_distachya","Low","Barneby, R.C., 1991. Sensitivae Censitae: a description of the genus Mimosa Linnaeus (Mimosaceae) in the New World (Vol. 65).",NA,"automatic",NA,"shrubs","4","drought-deciduous",NA,"yes",NA,NA,NA,"(1-)1.5-3.5","0.2-0.7",NA,"(7-)10-35",NA,NA,NA,"2-4(-5)",NA,"6-24",NA,"3-6(-7)","3.5-12","2-6(-7)","plane",NA,NA,NA,"(15-)20-90",NA,NA,NA,NA,"spikes, racemes",NA,"5","0.4-1.2","0.1-0.3",NA,"5","2.1-3","0.9-1.5",NA,NA,NA,"10","3-6","white, pale pink",NA,NA,NA,NA,NA,NA,NA,NA,NA,"pod","(13-)17-60","5-8.5",NA,"broad-linear, gently recurved body",NA,NA,NA,"(4-)5-9(-11)",NA,NA,NA,NA,NA,"same","yes",NA,NA
"Mimosa_brevispicata","Low","Barneby, R.C., 1991. Sensitivae Censitae: a description of the genus Mimosa Linnaeus (Mimosaceae) in the New World (Vol. 65).",NA,"automatic",NA,NA,NA,NA,NA,NA,NA,NA,NA,NA,NA,NA,NA,NA,NA,NA,NA,NA,NA,NA,NA,NA,NA,NA,NA,NA,NA,NA,NA,NA,NA,NA,NA,NA,NA,NA,NA,NA,NA,NA,NA,NA,NA,NA,NA,NA,NA,NA,NA,NA,NA,NA,NA,NA,NA,NA,NA,NA,NA,NA,NA,NA,NA,NA,NA,NA,NA,NA,NA,NA,NA,NA,NA,NA
"Mimosa_tricephala_tricephala","Low","Barneby, R.C., 1991. Sensitivae Censitae: a description of the genus Mimosa Linnaeus (Mimosaceae) in the New World (Vol. 65).",NA,"automatic",NA,"shrubs, treelets",NA,NA,NA,"yes",NA,NA,NA,NA,NA,NA,"3-32",NA,NA,NA,"1",NA,"10-90(-100)",NA,"7-14","7-14","(2-)3-6","obliquely ovate, oblong-elliptic, linear-oblong, obtuse-mucronulate, acute",NA,NA,NA,NA,NA,NA,NA,NA,"pseudoraceme",NA,NA,NA,NA,NA,NA,NA,NA,NA,NA,NA,NA,NA,NA,NA,NA,NA,NA,NA,NA,NA,NA,NA,NA,NA,NA,NA,NA,NA,NA,NA,NA,NA,NA,NA,NA,NA,"same","yes",NA,NA
"Mimosa_acantholoba_eurycarpa","Low","Barneby, R.C., 1991. Sensitivae Censitae: a description of the genus Mimosa Linnaeus (Mimosaceae) in the New World (Vol. 65).",NA,"automatic",NA,"shrubs","(1-)2-7",NA,NA,"yes",NA,NA,NA,"1-4","0.25-0.5",NA,"6-25(-35)",NA,NA,NA,"7-15(-26)",NA,"(12-)15-42(-55)",NA,"(15-)18-40","±2.5-8","(0.6-)0.7-1.8(-2)","linear, linear-elliptic","obtusangulate","obtuse, deltately apiculate",NA,"5-24",NA,NA,NA,NA,"capitula",NA,"5","0.45-1.4",NA,NA,"5","2.2-3.2","0.7-1.3","0.6-0.8",NA,NA,NA,"(3.5-)4-5.5(-6)","white, pinkish",NA,NA,NA,NA,NA,NA,NA,NA,NA,"pod","35-80","10-23",NA,"elliptic, oblong-elliptic",NA,NA,NA,"4-8","4.6-5.2","3-3.7",NA,NA,NA,"same","yes",NA,NA
"Mimosa_debilis_debilis","Low","Barneby, R.C., 1991. Sensitivae Censitae: a description of the genus Mimosa Linnaeus (Mimosaceae) in the New World (Vol. 65).",NA,"automatic",NA,"herbs, subshrubs",NA,NA,NA,"yes",NA,NA,NA,"(2.5-)3.5-8","0.7-2",NA,"(6-)10-65(-70)",NA,NA,NA,"1",NA,"4-20",NA,NA,"20-65","(6-)7-23(-30)","broadly obovate, oblanceolate","semicordate","obtuse mucronulate, deltate-apiculate",NA,"5-20(-22)",NA,NA,NA,NA,"capitula","conelike capitula or moriform in praefloration","4","0.15-0.4",NA,NA,"4","2-2.6","0.5-0.7","0.4-0.6",NA,NA,"4","4-7.5","lilac-pink, rose-pink, magenta-pink",NA,NA,NA,NA,NA,NA,NA,NA,NA,"pod","10-18(-20)","3-4.7(-5)",NA,"oblong-elliptic, broadly linear",NA,NA,NA,"2-4","2.3-3.5","1.8-3",NA,NA,"fawn-brown","same","yes",NA,NA
"Mimosa_hystricina","Low","Barneby, R.C., 1991. Sensitivae Censitae: a description of the genus Mimosa Linnaeus (Mimosaceae) in the New World (Vol. 65).",NA,"automatic",NA,NA,NA,NA,NA,NA,NA,NA,NA,NA,NA,NA,"(15-)20-40",NA,NA,NA,"4-7(-8)",NA,"15-35(-45)",NA,"(10-)11-16(-18)","(3-)3.5-8","1-2.2(-2.4)","sharply apiculate",NA,NA,NA,"50-120",NA,NA,NA,NA,NA,NA,NA,NA,NA,NA,NA,NA,NA,NA,NA,NA,NA,NA,NA,NA,NA,NA,NA,NA,NA,NA,NA,NA,"pod","20-45",NA,NA,NA,NA,NA,NA,NA,NA,NA,NA,NA,NA,"same","yes",NA,NA
"Mimosa_polyantha","Low","Barneby, R.C., 1991. Sensitivae Censitae: a description of the genus Mimosa Linnaeus (Mimosaceae) in the New World (Vol. 65).",NA,"automatic",NA,"shrubs","1-3.5","xeromorphic, drought-deciduous","yes","yes",NA,NA,NA,"2-5",NA,NA,"30-150",NA,NA,NA,"(1-)2-7(-8)",NA,"10-35(-50)",NA,"7-18(-24)","(2.2-)3-7(-9)",NA,"narrowly oblong, oblong-elliptic, obutse, commonly apiculate",NA,NA,NA,NA,"0-0.3",NA,NA,NA,"spike",NA,"4-5","0.4-0.7(-0.9)",NA,NA,"4-5","2.6-3.1",NA,NA,NA,NA,NA,"3.5-7.5","white, liliac",NA,NA,NA,NA,NA,NA,NA,NA,NA,"pod","(25-)30-55(-60)","(7-)8-12",NA,"oblong, broad-linear","cuneate","abruptly cuspidate",NA,"(4-)5-8",NA,NA,NA,NA,NA,"same","yes",NA,NA
"Mimosa_somnians_lasiocarpa","Low","Barneby, R.C., 1991. Sensitivae Censitae: a description of the genus Mimosa Linnaeus (Mimosaceae) in the New World (Vol. 65).",NA,"automatic",NA,"subshrubs, shrubs, treelets",NA,NA,NA,"no",NA,NA,NA,NA,NA,NA,"2-12(-20)",NA,NA,NA,"(4-)5-11(-12)",NA,"(15-)20-45(-55)",NA,"(18-)20-40","(2.5-)3-7(-7.5)","0.45-1.3(-1.6)",NA,NA,NA,NA,NA,NA,NA,NA,NA,"capitula","conelike or moriform",NA,"0.25-0.7",NA,NA,NA,NA,NA,NA,NA,NA,NA,NA,NA,NA,NA,NA,NA,NA,NA,NA,NA,NA,"pod","25-50","3-4.5(-5)",NA,NA,NA,NA,NA,"(6-)7-12(-14)",NA,NA,NA,NA,NA,"same","yes",NA,NA
"Mimosa_latidens","Low","Barneby, R.C., 1991. Sensitivae Censitae: a description of the genus Mimosa Linnaeus (Mimosaceae) in the New World (Vol. 65).",NA,"automatic",NA,NA,NA,NA,NA,NA,NA,NA,NA,NA,NA,NA,"20-45",NA,NA,NA,"1-3",NA,"5-13",NA,"5-9(-10)","2.5-6.5","0.6-1.7",NA,NA,NA,NA,"20-45(-75)",NA,NA,NA,NA,"capitula",NA,NA,NA,NA,NA,NA,NA,NA,NA,NA,NA,NA,NA,NA,NA,NA,NA,NA,NA,NA,NA,NA,NA,"pod","(30-)35-65","±3.5",NA,NA,NA,NA,NA,"8-12",NA,NA,NA,NA,NA,"same","yes",NA,NA
"Mimosa_distachya_laxiflora","Low","Barneby, R.C., 1991. Sensitivae Censitae: a description of the genus Mimosa Linnaeus (Mimosaceae) in the New World (Vol. 65).",NA,"automatic",NA,"shrubs","4","drought-deciduous",NA,"yes",NA,NA,NA,NA,NA,NA,NA,NA,NA,NA,NA,NA,"6-24",NA,NA,"3.5-12","2-6(-7)",NA,NA,NA,NA,NA,NA,NA,NA,NA,NA,NA,NA,"0.4-12",NA,NA,NA,NA,NA,NA,NA,NA,NA,NA,NA,NA,NA,NA,NA,NA,NA,NA,NA,NA,"pod",NA,NA,NA,NA,NA,NA,NA,"(4-)5-9(-11)",NA,NA,NA,NA,NA,"same","yes",NA,NA
"Mimosa_rhododactyla_malacocarpa","Low","Barneby, R.C., 1991. Sensitivae Censitae: a description of the genus Mimosa Linnaeus (Mimosaceae) in the New World (Vol. 65).",NA,"automatic",NA,"shrubs","2-7",NA,NA,"yes",NA,NA,NA,"3-10",NA,NA,"(50-)60-160",NA,NA,NA,"8-30",NA,"20-45",NA,"12-25","2.5-7","1.2-3.5","lanceolate",NA,NA,NA,NA,NA,NA,NA,NA,"spikes",NA,"(4-)5(-6)","0.4-1","0.1-0.25",NA,"(4-)5(-6)","1.7-3.3","0.8-1.1",NA,NA,NA,NA,"3-6","pink",NA,NA,NA,NA,NA,NA,NA,NA,NA,"pod","40-70","5-7",NA,"linear, gently curved, strongly curved",NA,NA,NA,"6-11",NA,NA,NA,NA,NA,"same","yes",NA,NA
"Mimosa_martindelcampoi","Low","Barneby, R.C., 1991. Sensitivae Censitae: a description of the genus Mimosa Linnaeus (Mimosaceae) in the New World (Vol. 65).",NA,"automatic",NA,"shrubs",NA,NA,NA,NA,NA,NA,NA,"1-2.5",NA,NA,"(3-)4-18",NA,NA,NA,"1",NA,"20-60",NA,"2","±20-40","15-28","obliquely obovate, reniform, broadly obtuse","often cuneately contracted, wrinkled",NA,NA,"13-25",NA,NA,NA,NA,"capitula","moriform, pyriform","4-5","0.8-1","±0.1",NA,"4-5","2.6-3.6",NA,NA,"pink",NA,NA,"3-4.5","pink",NA,NA,NA,NA,NA,NA,NA,NA,NA,"pod","(20-)35-50","9-12",NA,"broad-linear, gently decurved","contractedinto a stipe","cuspidate",NA,"(3-)4-8",NA,NA,NA,NA,NA,"same","yes",NA,NA
"Mimosa_velloziana","Low","Barneby, R.C., 1991. Sensitivae Censitae: a description of the genus Mimosa Linnaeus (Mimosaceae) in the New World (Vol. 65).",NA,"automatic",NA,"shrubs","2.5","subherbaceous",NA,"yes",NA,NA,NA,"3-6","(0.8-)1-2.4",NA,"25-70(-80)",NA,NA,NA,"1",NA,"(8-)10-22",NA,NA,"(25-)30-65","10-30(-32)","very obliquely lance-ovate, dimidiately lance-ovate, elliptic","cordate on proximal side, cuneate on distal one","deltate, triangular, short-acuminate",NA,"6-17(-22)",NA,NA,NA,NA,"capitula",NA,"4","0.25-0.4",NA,NA,"4","1.9-2.7","0.55-0.7","0.4-0.55",NA,NA,NA,"3.5-5.5","lilac, pink, sometimes fading whitish",NA,NA,NA,NA,NA,NA,NA,NA,NA,"pod","(16-)20-42","8-11(-13)",NA,"plano-compressed, narrowly oblong, broad-linear","abruptly contracted into a stipe","contracted into a slender beak",NA,"(1-)2-5","4-5.5","3-4.3",NA,"compressed-obovoid","brown","same","yes",NA,NA
"Mimosa_mellii","Low","Barneby, R.C., 1991. Sensitivae Censitae: a description of the genus Mimosa Linnaeus (Mimosaceae) in the New World (Vol. 65).",NA,"automatic",NA,"shrubs, treelets",NA,NA,NA,"yes",NA,NA,NA,NA,NA,NA,"3-32",NA,NA,NA,"1",NA,"10-90(-100)",NA,"13-23","7-14","(2-)3-6","obliquely ovate, oblong-elliptic, linear-oblong, obtuse-mucronulate, acute",NA,NA,NA,NA,NA,NA,NA,NA,"pseudoraceme",NA,NA,NA,NA,NA,NA,NA,NA,NA,NA,NA,NA,NA,NA,NA,NA,NA,NA,NA,NA,NA,NA,NA,NA,NA,NA,NA,NA,NA,NA,NA,NA,NA,NA,NA,NA,NA,"same","yes",NA,NA
"Mimosa_dolens_anisitsii","Low","Barneby, R.C., 1991. Sensitivae Censitae: a description of the genus Mimosa Linnaeus (Mimosaceae) in the New World (Vol. 65).",NA,"automatic",NA,NA,NA,"herbaceous",NA,"no",NA,NA,NA,NA,NA,NA,"5-20(-40",NA,NA,NA,NA,NA,"60-130",NA,"7-11(-12)","20-40","11-20","broadly ovate-elliptic",NA,NA,NA,NA,NA,NA,NA,NA,"capitula",NA,NA,NA,NA,NA,NA,"±3.5-4.5",NA,NA,NA,NA,NA,NA,NA,NA,NA,NA,NA,NA,NA,NA,NA,NA,NA,NA,NA,NA,NA,NA,NA,NA,NA,NA,NA,NA,NA,NA,"same","yes",NA,NA
"Mimosa_caerulea","Low","Barneby, R.C., 1991. Sensitivae Censitae: a description of the genus Mimosa Linnaeus (Mimosaceae) in the New World (Vol. 65).",NA,"automatic",NA,"shrubs, treelets","1-6","herbaceous",NA,"yes",NA,NA,NA,NA,NA,NA,"3-110",NA,NA,NA,"2",NA,NA,NA,"(4-)5-10",NA,NA,NA,NA,NA,NA,NA,NA,NA,NA,NA,"pseudoraceme",NA,NA,"<0.7",NA,NA,NA,NA,NA,NA,NA,NA,NA,NA,NA,NA,NA,NA,NA,NA,NA,NA,NA,NA,"pod",NA,NA,NA,NA,NA,NA,NA,"(1-)2-4",NA,NA,NA,NA,NA,"same","yes",NA,NA
"Mimosa_myriadenia","Low","Barneby, R.C., 1991. Sensitivae Censitae: a description of the genus Mimosa Linnaeus (Mimosaceae) in the New World (Vol. 65).",NA,"automatic",NA,"vines, shrubs","1-2",NA,NA,"yes",NA,NA,NA,"0.8-3.5","0.25-0.55",NA,"13-45","yes",NA,NA,"5-33",NA,"25-70(-80)",NA,"8-40","3-15","0.7-8","linear-oblong, rhombic-oblong, acute, rounded, mucronulate, obtuse, obliquely oblanceolate, obvate","subequilateral, strongly inequilateral",NA,NA,"30-70","0.1-0.45",NA,NA,NA,"raceme",NA,"5","0.5-0.7","0.1-0.3",NA,"5","1.3-1.8","0.7-0.9","0.5-0.7",NA,"white","5","1.2-2.5(-3)","white","0.45-0.55",NA,NA,NA,NA,NA,NA,NA,NA,"pod","(50-)55-100","10-17(-19)",NA,"linear-oblong, straight, nearly straight","abruptly contracted inot a stipe",NA,NA,"(8-)9-12(-14)","3.7-4.6","2.5-3.1",NA,"compressed-obovoid",NA,"same","yes",NA,NA
"Mimosa_tricephala_nelsonii","Low","Barneby, R.C., 1991. Sensitivae Censitae: a description of the genus Mimosa Linnaeus (Mimosaceae) in the New World (Vol. 65).",NA,"automatic",NA,"shrubs, treelets",NA,NA,NA,NA,NA,NA,NA,NA,NA,NA,NA,NA,NA,NA,NA,NA,NA,NA,NA,NA,NA,NA,NA,NA,NA,NA,NA,NA,NA,NA,NA,NA,NA,NA,NA,NA,NA,NA,NA,NA,NA,NA,NA,NA,NA,NA,NA,NA,NA,NA,NA,NA,NA,NA,NA,NA,NA,NA,NA,NA,NA,NA,NA,NA,NA,NA,NA,NA,NA,NA,NA,NA
"Mimosa_neptunioides","Low","Barneby, R.C., 1991. Sensitivae Censitae: a description of the genus Mimosa Linnaeus (Mimosaceae) in the New World (Vol. 65).",NA,"automatic",NA,"subshrubs",NA,NA,NA,"no",NA,NA,NA,"4-11","3-5.5",NA,"(3-)5-21",NA,NA,NA,"2-4",NA,"2-5(-6)",NA,"14-23(-25)","4-8.5","1-1.8","linear-oblong, linear-lanceolate, abruptly acute, straight","ontusangulate",NA,NA,"(10-)20-50(-70)",NA,"(8-)9-15",NA,"5-7","capitula",NA,"4","0.4-0.5","0.15-0.5",NA,"4","2.2-3","0.85-1.1","0.8-0.9",NA,NA,"8","7-8.5","pink",NA,NA,NA,NA,NA,NA,NA,NA,NA,"pod","(8-)12-22","3-3.5",NA,"linear-oblong",NA,NA,NA,"(2-)3-6","2-2.2","2",NA,"subvertically basipetal lentiform",NA,"same","yes",NA,NA
"Mimosa_quadrivalvis_nuttallii","Low","Barneby, R.C., 1991. Sensitivae Censitae: a description of the genus Mimosa Linnaeus (Mimosaceae) in the New World (Vol. 65).",NA,"automatic",NA,"herbs",NA,"herbaceous",NA,NA,NA,NA,NA,NA,NA,NA,"(15-)20-40",NA,NA,NA,"4-7(-8)",NA,"15-35(-45)",NA,"(10-)11-16(-18)","(3-)3.5-8","1-2.2(-2.4)","sharply apiculate",NA,NA,NA,"(20-)30-85(-100)",NA,NA,NA,NA,"capitula",NA,NA,NA,NA,NA,NA,NA,NA,NA,NA,NA,NA,NA,NA,NA,NA,NA,NA,NA,NA,NA,NA,NA,"pod","55-120",NA,NA,NA,NA,NA,NA,NA,NA,NA,NA,NA,NA,"same","yes",NA,NA
"Senegalia_modesta","Low","Barneby, R.C., 1991. Sensitivae Censitae: a description of the genus Mimosa Linnaeus (Mimosaceae) in the New World (Vol. 65).",NA,"automatic",NA,"trees, treelets","3-7",NA,NA,NA,NA,NA,NA,"1-2.5(-3)",NA,NA,"25-35(-40)",NA,NA,NA,"2-4",NA,"12-25",NA,"1-2","(20-)25-52","(17-)20-42","broadly obliquely obovate, suborbicular","rounded, subcordate, cuneate","broadly obtuse",NA,"5-13(-15)",NA,NA,NA,NA,"capitula",NA,"3","0.6-0.9",NA,NA,"3","2.1-2.8","1.2-1.5","0.8-1.1",NA,NA,"6","4-5","white",NA,NA,NA,NA,NA,NA,NA,NA,NA,"pod","60-90","12-15(-16.5)",NA,"broadly plano-compressed","contracted into a stipe","abruptly apiculate","papery yellowish, purplish-brown",NA,"±6.5-7.5","5",NA,"discoid","smooth brown","same","yes",NA,NA
"Mimosa_distachya_oligacantha","Low","Barneby, R.C., 1991. Sensitivae Censitae: a description of the genus Mimosa Linnaeus (Mimosaceae) in the New World (Vol. 65).",NA,"automatic",NA,"shrubs","4","drought-deciduous",NA,"yes",NA,NA,NA,"(1-)1.5-3.5","0.2-0.7",NA,"(7-)10-35",NA,NA,NA,"2-4(-5)",NA,"6-35",NA,"3-6(-7)","3.5-12","2-6(-7)","plane",NA,NA,NA,"(15)-20-90",NA,NA,NA,NA,"spike, raceme",NA,"5","1-1.4","0.1-0.3",NA,"5","2.1-3","0.9-1.5",NA,NA,NA,"10","3-6","white, pale pink",NA,NA,NA,NA,NA,NA,NA,NA,NA,"pod","(13-)17-60","5-8.5",NA,"stipitate",NA,NA,NA,"(2-)3-5",NA,NA,NA,"nearly straight",NA,"same","yes",NA,NA
"Mimosa_paludosa","Low","Barneby, R.C., 1991. Sensitivae Censitae: a description of the genus Mimosa Linnaeus (Mimosaceae) in the New World (Vol. 65).",NA,"automatic",NA,"shrubs, treelets","1.5-5",NA,NA,"yes",NA,NA,NA,"4-11(-15)","0.8-2(-2.5)",NA,"10-45(-60)",NA,NA,NA,"(4-)6-21(-24)","7-18",NA,NA,"22-40(-42)","3.5-8.5","0.8-2.2(-3)","narrowly oblong obtuse, abruptly acute, obtuse-apiculate",NA,NA,NA,"15-35(-60)",NA,NA,NA,NA,"capitula",NA,"4","1.3-2.7",NA,NA,"4","(2.5-)3-5.4","(0.8-)0.9-1.4",NA,NA,NA,"8","6.5-14.5","pink",NA,NA,NA,NA,NA,NA,NA,NA,NA,"pod","(25-)30-70(-80)","(5.5-)6-12(-13)",NA,"linear, linear-oblong, straight, subincurved","cuneately contracted into a stout stipe","cuneatly contracted into a subulate beak",NA,"(3-)5-12(-13)","3.5-4.7(-5)","2.8-4",NA,"transverse, obliquely basipetal, plumply ovoid","brown","same","yes",NA,NA
"Mimosa_quadrivalvis_paucijuga","Low","Barneby, R.C., 1991. Sensitivae Censitae: a description of the genus Mimosa Linnaeus (Mimosaceae) in the New World (Vol. 65).",NA,"automatic",NA,"herbs",NA,"herbaceous",NA,NA,NA,NA,NA,"(1-)1.5-9","0.2-0.7",NA,"20-45",NA,NA,NA,"1-3",NA,"5-13",NA,"5-9(-10)","2.5-6.5","0.6-1.7","linear, linear-oblong, linear-oblanceolate, oblong-elliptic","obtusangulate","acute, obtuse, mucronulate, sharply apiculate",NA,"2-4.5(-7.5)",NA,NA,NA,NA,"capitula",NA,"(4-)5-6","0.3-0.6",NA,NA,"(4-)5-6","(1.8-)2-4.3","0.6-1.7","0.6-0.85",NA,NA,NA,"2.5-9(-10)","pink, purplish-pink, sometimes fading whitish",NA,NA,NA,NA,NA,NA,NA,NA,NA,"pod","(30-)35-65","±3.5",NA,"linear, narrowly oblong, straight, gently curved, bluntly quadrangular, compressed-quadrangular","contracted into a stout neck","shortly apiculate",NA,"8-12","(3-)3.3-6(-9)","2-3(-3.5)",NA,"oblong-elliptic","brown, livid-brown, black","same","yes",NA,NA
"Mimosa_pauli","Low","Barneby, R.C., 1991. Sensitivae Censitae: a description of the genus Mimosa Linnaeus (Mimosaceae) in the New World (Vol. 65).",NA,"automatic",NA,"shrubs","±2",NA,NA,"yes",NA,NA,NA,"3-11","0.5-0.9",NA,"10-35",NA,NA,NA,"4-8",NA,"30-75",NA,"(9-)11-16","7-12.5","2-3.7(-4.4)","narrowly oblong, deltately acuminate","deeply semicordate",NA,NA,"45-95","0.25",NA,NA,NA,"spike",NA,"5","1.5-1.9","±0.4",NA,"5","3.1-3.5","±1.5","0.7",NA,NA,"10","±5","purple",NA,NA,NA,NA,NA,NA,NA,NA,NA,"pod","35-50","3",NA,"narrowly linear, almost straight, long-attenuate",NA,NA,NA,"5-8","±3","1.8",NA,NA,"brown","same","yes",NA,NA
"Mimosa_platycarpa","Low","Barneby, R.C., 1991. Sensitivae Censitae: a description of the genus Mimosa Linnaeus (Mimosaceae) in the New World (Vol. 65).",NA,"automatic",NA,"shrubs, trees","(1-)2-7",NA,NA,"yes",NA,NA,NA,"1-4","0.25-0.5",NA,"6-25(-35)",NA,NA,NA,"7-15(-26)",NA,"(12-)15-42(-55)",NA,"(15-)18-34(-40)","(2-)2.6-7(-8)","(0.6-)0.7-1.8(-2)","linear, linear-elliptic","obtusangulate","obtuse, deltately apiculate",NA,"5-24",NA,NA,NA,NA,"capitula",NA,"(4-)5","0.45-0.9",NA,NA,"(4-)5","2.2-3.2","0.7-1.3","0.6-0.8",NA,NA,NA,"(3.5-)4-5.5(-6)","white, pale pink",NA,NA,NA,NA,NA,NA,NA,NA,NA,"pod","35-80","16-23",NA,"broadly elliptic","cuneately contracted into a stipe","abruptly cuneately contracted inot an erect cusp",NA,"4-8","4.6-5.2","3-3.7",NA,NA,NA,"same","yes",NA,NA
"Mimosa_latidens","Low","Barneby, R.C., 1991. Sensitivae Censitae: a description of the genus Mimosa Linnaeus (Mimosaceae) in the New World (Vol. 65).",NA,"automatic",NA,NA,NA,NA,NA,NA,NA,NA,NA,NA,NA,NA,"20-45",NA,NA,NA,"1-3",NA,"5-13",NA,"5-9(-10)","2.5-6.5","0.6-1.7",NA,NA,NA,NA,"20-45(-75)",NA,NA,NA,NA,"capitula",NA,NA,NA,NA,NA,NA,NA,NA,NA,NA,NA,NA,NA,NA,NA,NA,NA,NA,NA,NA,NA,NA,NA,"pod","(30-)35-65","±3.5",NA,NA,NA,NA,NA,"8-12",NA,NA,NA,NA,NA,"same","yes",NA,NA
"Mimosa_distachya_distachya","Low","Barneby, R.C., 1991. Sensitivae Censitae: a description of the genus Mimosa Linnaeus (Mimosaceae) in the New World (Vol. 65).",NA,"automatic",NA,"shrubs","4","drought-deciduous",NA,"yes",NA,NA,NA,"(1-)1.5-3.5","0.2-0.7",NA,"(7-)10-35",NA,NA,NA,"2-4(-5)",NA,"6-24",NA,"3-6(-7)","3.5-12","2-6(-7)","plane",NA,NA,NA,"(15)-20-90",NA,NA,NA,NA,"spike, raceme",NA,"5","0.4-1.2","0.1-0.3",NA,"5","2.1-3","0.9-1.5",NA,NA,NA,"10","3-6","white, pale pink",NA,NA,NA,NA,NA,NA,NA,NA,NA,"pod","(13-)17-60","5-8.5",NA,"stipitate",NA,NA,NA,"(4-)5-9(-11)",NA,NA,NA,"nearly straight",NA,"same","yes",NA,NA
"Mimosa_rhodocarpa","Low","Barneby, R.C., 1991. Sensitivae Censitae: a description of the genus Mimosa Linnaeus (Mimosaceae) in the New World (Vol. 65).",NA,"automatic",NA,NA,NA,NA,NA,NA,NA,NA,NA,NA,NA,NA,NA,NA,NA,NA,NA,NA,NA,NA,NA,NA,NA,NA,NA,NA,NA,NA,NA,NA,NA,NA,NA,NA,NA,NA,NA,NA,NA,NA,NA,NA,NA,NA,NA,NA,NA,NA,NA,NA,NA,NA,NA,NA,NA,NA,NA,NA,NA,NA,NA,NA,NA,NA,NA,NA,NA,NA,NA,NA,NA,NA,NA,NA
"Mimosa_similis","Low","Barneby, R.C., 1991. Sensitivae Censitae: a description of the genus Mimosa Linnaeus (Mimosaceae) in the New World (Vol. 65).",NA,"automatic",NA,NA,NA,NA,NA,NA,NA,NA,NA,NA,NA,NA,NA,NA,NA,NA,NA,NA,NA,NA,NA,NA,NA,NA,NA,NA,NA,NA,NA,NA,NA,NA,NA,NA,NA,NA,NA,NA,NA,NA,NA,NA,NA,NA,NA,NA,NA,NA,NA,NA,NA,NA,NA,NA,NA,NA,NA,NA,NA,NA,NA,NA,NA,NA,NA,NA,NA,NA,NA,NA,NA,NA,NA,NA
"Mimosa_biuncifera","Low","Barneby, R.C., 1991. Sensitivae Censitae: a description of the genus Mimosa Linnaeus (Mimosaceae) in the New World (Vol. 65).",NA,"automatic",NA,NA,NA,NA,NA,NA,NA,NA,NA,NA,NA,NA,NA,NA,NA,NA,NA,NA,NA,NA,NA,NA,NA,NA,NA,NA,NA,NA,NA,NA,NA,NA,NA,NA,NA,NA,NA,NA,NA,NA,NA,NA,NA,NA,NA,NA,NA,NA,NA,NA,NA,NA,NA,NA,NA,NA,NA,NA,NA,NA,NA,NA,NA,NA,NA,NA,NA,NA,NA,NA,NA,NA,NA,NA
"Mimosa_texana_texana","Low","Barneby, R.C., 1991. Sensitivae Censitae: a description of the genus Mimosa Linnaeus (Mimosaceae) in the New World (Vol. 65).",NA,"automatic",NA,"shrubs","2",NA,"yes","yes",NA,NA,NA,"1-3(-4)",NA,NA,"2-7(-9)",NA,NA,NA,"1-4",NA,"5-11",NA,"3-7","(1.5-)2-4.5",NA,"oblong, oblong-elliptic",NA,NA,NA,"6-20",NA,NA,NA,NA,"capitula",NA,"5","1-1.6",NA,NA,"5",NA,NA,NA,NA,NA,NA,"(2-)3-4.5",NA,NA,NA,NA,NA,NA,NA,NA,NA,NA,"pod","18-35","4.5-6",NA,"linear, linear-oblong, gently recurved, straight",NA,NA,NA,"3-7",NA,NA,NA,NA,NA,"same","yes",NA,NA
"Mimosa_tricephala_xanti","Low","Barneby, R.C., 1991. Sensitivae Censitae: a description of the genus Mimosa Linnaeus (Mimosaceae) in the New World (Vol. 65).",NA,"automatic",NA,NA,NA,NA,NA,NA,NA,NA,NA,NA,NA,NA,NA,NA,NA,NA,NA,NA,NA,NA,NA,NA,NA,NA,NA,NA,NA,NA,NA,NA,NA,NA,NA,NA,NA,NA,NA,NA,NA,NA,NA,NA,NA,NA,NA,NA,NA,NA,NA,NA,NA,NA,NA,NA,NA,NA,NA,NA,NA,NA,NA,NA,NA,NA,NA,NA,NA,NA,NA,NA,NA,NA,NA,NA
"Neptunia_lutea","High","Windler, D. R. (1966). A revision of the genus Neptunia (Leguminosae). Australian Journal of Botany, 14(3), 379-420.","https://www.dropbox.com/scl/fi/9tvmpnwafi5yqteiq79fz/Windler-1966-A_revision_of_the_genus_Neptunia.pdf?dl=0&rlkey=zii8j7y20w6u6qajb6bq17w4k","manual",NA,"herb","≤ 2.4",NA,NA,NA,NA,NA,NA,"2-4","1-1.9",NA,"10-40","no","1-2","no","(2) 3-6 (11)",NA,NA,NA,"8-23","3-8","1-3","oblong, obtuse, broadlyy acute, rarely acute, asymmetrical",NA,NA,"no","23-125",NA,"9-20",NA,NA,"pedunculate spike, cylindrical",NA,"5","1.2-2.5","0.4-0.8",NA,"5","2.1-4.0",NA,NA,NA,"yellow","10","6.1-8.5 (10)","yellow","0.8-1",NA,"yellow","yes",NA,"1-1.6",NA,NA,"truncate, concave","legume","25-50","12-17",NA,"broadly oblong, flat",NA,NA,NA,"4-9","4-5","< 4-5",NA,"orbicular, compressed","dark brown","same","yes",NA,NA
"Neptunia_oleracea","High","Windler, D. R. (1966). A revision of the genus Neptunia (Leguminosae). Australian Journal of Botany, 14(3), 379-420.","https://www.dropbox.com/scl/fi/9tvmpnwafi5yqteiq79fz/Windler-1966-A_revision_of_the_genus_Neptunia.pdf?dl=0&rlkey=zii8j7y20w6u6qajb6bq17w4k","manual",NA,NA,NA,NA,NA,NA,NA,NA,NA,NA,NA,NA,NA,NA,NA,NA,NA,NA,NA,NA,NA,NA,NA,NA,NA,NA,NA,NA,NA,NA,NA,NA,NA,NA,NA,NA,NA,NA,NA,NA,NA,NA,NA,NA,NA,NA,NA,NA,NA,NA,NA,NA,NA,NA,NA,NA,NA,NA,NA,NA,NA,NA,NA,NA,NA,NA,NA,NA,NA,NA,NA,NA,NA,NA
"Neptunia_oleracea","High","Windler, D. R. (1966). A revision of the genus Neptunia (Leguminosae). Australian Journal of Botany, 14(3), 379-420.","https://www.dropbox.com/scl/fi/9tvmpnwafi5yqteiq79fz/Windler-1966-A_revision_of_the_genus_Neptunia.pdf?dl=0&rlkey=zii8j7y20w6u6qajb6bq17w4k","manual",NA,"herb","≤ 1.5",NA,NA,NA,NA,NA,NA,"5.5-15","3-5",NA,"20-68","no","2-5","no","2-3 (4)",NA,NA,NA,"8-20","5-18","1.5-3.5","broad, oblong, obtuse, broadly acute, occasionally mucronulate, asymmetrical",NA,NA,"no","50-200 (300)",NA,NA,NA,NA,"pedunculate spike",NA,"5","0.9-3","0.3-0.7",NA,"5","2.2-4.3",NA,NA,NA,NA,"10","5.1-16","white, yellow","0.7-0.9",NA,"yellow","no",NA,"1.2-2",NA,NA,"truncate, concave","legume","19-28","0.8-1",NA,"broadly oblong, flat",NA,NA,NA,"4-8","4-5.1","2.7-3.5",NA,"ovoid, compressed","brown","same","yes",NA,NA
"Neptunia_plena","High","Windler, D. R. (1966). A revision of the genus Neptunia (Leguminosae). Australian Journal of Botany, 14(3), 379-420.","https://www.dropbox.com/scl/fi/9tvmpnwafi5yqteiq79fz/Windler-1966-A_revision_of_the_genus_Neptunia.pdf?dl=0&rlkey=zii8j7y20w6u6qajb6bq17w4k","manual",NA,"herb","≤ 2",NA,NA,NA,NA,NA,NA,"4-12","3-6.5",NA,"10-40","yes","1.5-5.5",NA,"2-4 (5)",NA,NA,NA,"9-38","4-14 (18)","1-3 (3.5)","oblong, obtuse, broadly aacute, occasionally mucronulate, asymmetrical",NA,NA,"yes","20-130 (170)",NA,NA,"10-18",NA,"pedunculate spike",NA,"5","0.9-3","0.3-0.6",NA,"5","2.1-5",NA,NA,NA,"yellow","10","6.5-16","white, yellow","1-1.2",NA,"yellow","yes",NA,"1.8-2.3",NA,NA,"truncate, concave","legume","15-55","7-11",NA,"oblong, flat, rounded",NA,NA,NA,"8-20","4-4.1","2.2-2.3",NA,"ovoid,compressed","brown","same","yes",NA,NA
"Neptunia_pubescens","High","Windler, D. R. (1966). A revision of the genus Neptunia (Leguminosae). Australian Journal of Botany, 14(3), 379-420.","https://www.dropbox.com/scl/fi/9tvmpnwafi5yqteiq79fz/Windler-1966-A_revision_of_the_genus_Neptunia.pdf?dl=0&rlkey=zii8j7y20w6u6qajb6bq17w4k","manual",NA,"herb","2",NA,NA,NA,NA,NA,NA,"4-10","1.5-3.5",NA,"1-3.2","no","1-4","no","2-5(6)",NA,NA,NA,"14-43","2.3-8.5","0.8-2","oblong, obtuse, broadly acute, asymmetrical",NA,NA,NA,"2.5-10.5",NA,NA,NA,NA,"spike",NA,"5","1-2.8","0.3-1",NA,"5","1.7-4",NA,NA,NA,"green","10","4.2-8.5","yellow-white","0.6-0.7",NA,"yellow","yes",NA,"0.8-1.5",NA,NA,"truncate, concave","legume","10-42","6-16",NA,"oblong, flat",NA,NA,NA,"4-11","4-4.2","2.5-2.9",NA,"ovoid, compressed","dark brown","same","yes",NA,"same"
"Newtonia_buchananii","High","Brenan, J.P.M. (1970). Flora Zambesiaca 3(1): 1-153. Royal Botanic Gardens, Kew.","https://plants.jstor.org/stable/10.5555/al.ap.flora.ftea000617?searchUri=si%3D26%26ff%3Dps_repository_name_str__ps_collection_name_str%26fq%3DcHNfdHlwZTooIlJlZmVyZW5jZSBTb3VyY2VzIik%253D%26q0%3Dnewtonia%26c1%3DAND%26c2%3DAND%26c3%3DAND%26c4%3DAND%26c5%3DAND%26c6%3DAND%26scope%3Dplants%26filter%3Dfree_text%26so%3Dps_group_by_genus_species+asc%26asf%3Dtrue","manual",NA,"tree","10-40",NA,NA,NA,NA,NA,NA,NA,NA,NA,NA,NA,NA,"yes","(7)12-23",NA,NA,NA,"(24)38-67","2-6(9)",NA,"±falcate",NA,NA,"yes",NA,NA,"35-190",NA,NA,"spike",NA,NA,NA,NA,NA,NA,NA,NA,NA,NA,NA,NA,NA,NA,NA,NA,NA,"yes",NA,NA,NA,NA,NA,"pod","100-320","13-25",NA,NA,NA,NA,NA,NA,"41-74","9-21",NA,NA,NA,"same","yes",NA,"same"
"Newtonia_hildebrandtii","High","Brenan, J.P.M. (1970). Flora Zambesiaca 3(1): 1-153. Royal Botanic Gardens, Kew.","https://plants.jstor.org/stable/10.5555/al.ap.flora.fz1984?searchUri=si%3D26%26ff%3Dps_repository_name_str__ps_collection_name_str%26fq%3DcHNfdHlwZTooIlJlZmVyZW5jZSBTb3VyY2VzIik%253D%26q0%3Dnewtonia%26c1%3DAND%26c2%3DAND%26c3%3DAND%26c4%3DAND%26c5%3DAND%26c6%3DAND%26scope%3Dplants%26filter%3Dfree_text%26so%3Dps_group_by_genus_species+asc%26asf%3Dtrue","manual",NA,"tree","25",NA,NA,NA,NA,NA,NA,NA,NA,"20-80",NA,NA,NA,"yes","4-7",NA,NA,NA,"6-19(27)","3-11","1-3","±linear-oblong, oblong",NA,NA,"yes",NA,NA,"40-90",NA,NA,"spikes",NA,NA,NA,NA,NA,NA,NA,NA,NA,"white, creamy",NA,NA,NA,NA,NA,NA,NA,"no",NA,NA,NA,NA,NA,"pod","90-300","14-26",NA,NA,NA,NA,NA,NA,"36-57","13-21",NA,NA,NA,"same","yes",NA,"same"
"Newtonia_leucocarpa","High","Fl. Congo Belge 3: 214 (1952)",NA,"manual","Kew?",NA,NA,NA,NA,NA,NA,NA,NA,NA,NA,NA,NA,NA,NA,NA,NA,NA,NA,NA,NA,NA,NA,NA,NA,NA,NA,NA,NA,NA,NA,NA,NA,NA,NA,NA,NA,NA,NA,NA,NA,NA,NA,NA,NA,NA,NA,NA,NA,NA,NA,NA,NA,NA,NA,NA,NA,NA,NA,NA,NA,NA,NA,NA,NA,NA,NA,NA,NA,NA,NA,NA,NA,NA
"Newtonia_paucijuga","High","Brenan, J. P. M. (1959). Mimosoideae. In: Fl. Trop. East Africa. Hubbard & Milne-Redhead ou https://www.biodiversitylibrary.org/item/714#page/469/mode/1up","https://plants.jstor.org/stable/10.5555/al.ap.flora.ftea000618?searchUri=si%3D51%26ff%3Dps_repository_name_str__ps_collection_name_str%26fq%3DcHNfdHlwZTooIlJlZmVyZW5jZSBTb3VyY2VzIik%253D%26q0%3Dnewtonia%26c1%3DAND%26c2%3DAND%26c3%3DAND%26c4%3DAND%26c5%3DAND%26c6%3DAND%26scope%3Dplants%26filter%3Dfree_text%26so%3Dps_group_by_genus_species+asc%26asf%3Dtrue","manual",NA,"tree","≤ 30",NA,NA,NA,NA,NA,NA,NA,NA,NA,NA,NA,NA,"yes","1-2",NA,NA,"yes","(1-)2-3","8-70","5-39","obovate, elliptic",NA,"rounded","yes",NA,NA,"30-100",NA,NA,"spike","paniculate spikes",NA,NA,NA,NA,NA,NA,NA,NA,NA,NA,NA,NA,NA,NA,NA,NA,"no",NA,NA,NA,NA,NA,"pod","230-600","(18-)23-31",NA,NA,NA,NA,NA,NA,"70-88","17-23",NA,NA,NA,"same","yes",NA,"same"
"Parapiptadenia_excelsa","High","de Lima, M. P. M., & de Lima, H. C. (1984). Parapiptadenia Brenam (Leguminosae-Mimosoideae)—Estudo taxonômico das espécies brasileiras. Rodriguésia, 23-30.","https://www.dropbox.com/scl/fi/umnf9nk3hc93jxt4wu656/Lima-Lima-1984-Parapiptadenia_Brenan-Estudo_taxonomico_das_especies_brasileiras.pdf?rlkey=o8e6d5x2cjd12ev0mry22k6fp&dl=0","manual","Leo",NA,NA,NA,NA,NA,NA,NA,NA,NA,NA,NA,NA,NA,NA,NA,NA,NA,NA,NA,NA,NA,NA,NA,NA,NA,NA,NA,NA,NA,NA,NA,NA,NA,NA,NA,NA,NA,NA,NA,NA,NA,NA,NA,NA,NA,NA,NA,NA,NA,NA,NA,NA,NA,NA,NA,NA,NA,NA,NA,NA,NA,NA,NA,NA,NA,NA,NA,NA,NA,NA,NA,NA,NA
"Parapiptadenia_rigida","High","de Lima, M. P. M., & de Lima, H. C. (1984). Parapiptadenia Brenam (Leguminosae-Mimosoideae)—Estudo taxonômico das espécies brasileiras. Rodriguésia, 23-30.","https://www.dropbox.com/scl/fi/umnf9nk3hc93jxt4wu656/Lima-Lima-1984-Parapiptadenia_Brenan-Estudo_taxonomico_das_especies_brasileiras.pdf?rlkey=o8e6d5x2cjd12ev0mry22k6fp&dl=0","manual","Leo",NA,NA,NA,NA,NA,NA,NA,NA,NA,NA,NA,NA,NA,NA,NA,NA,NA,NA,NA,NA,NA,NA,NA,NA,NA,NA,NA,NA,NA,NA,NA,NA,NA,NA,NA,NA,NA,NA,NA,NA,NA,NA,NA,NA,NA,NA,NA,NA,NA,NA,NA,NA,NA,NA,NA,NA,NA,NA,NA,NA,NA,NA,NA,NA,NA,NA,NA,NA,NA,NA,NA,NA,NA
"Pararchidendron_pruinosum","High","Nielsen, I.C. (1992). Mimosaceae (Leguminosae-Mimosoideae). Flora Malesiana - Series 1, Spermatophyta, 11(1), 1‚Äö√Ñ√¨226.","https://www.dropbox.com/s/2hsx9hy2vv0i7m8/Nielsen-1992-Flora%20Malesiana%20Leguminosae%20Mimosoideae.pdf?dl=26","manual",NA,"tree, shrub","6-30",NA,NA,"no","no","1-3.5",NA,"1-3.5",NA,NA,"20-70","yes","20-160","yes","(1) 2-3 (4)","(25) 30-133",NA,"yes","3-5 (7)","(10) 20-84","(3) 7-42","unequal-sided, asymmetrically ovate, obovate, elliptic, ovate-rhomboid, subtrapezoid(-lanceolate)","asymmetrical cuneate, half cuneate, half rounded","rounded, acuminate, obtuse, strongly acuminate, acute, mucronulate","yes","40-90","4-5",NA,NA,NA,"consisting of axillary pedunculate corymbs",NA,"5","1-2","0.1-1.5",NA,"5","5.2-7","0.5-1 (2)",NA,NA,"yellowish green","numerous","12","white, cream",NA,NA,NA,NA,NA,"1-2.5",NA,NA,NA,"pod",NA,NA,NA,"± sinuate between the seeds, forming a circle",NA,NA,"yellowish, brown",NA,"4-8","3-4.5",NA,"ellipsoid, obovate, subglobose","glossy black","same","yes",NA,NA
"Parkia_cachimboensis","High","Hopkins, H.C., 1986. Parkia (Leguminosae: Mimosoideae). Flora Neotropica, pp.1-123.","https://www.dropbox.com/s/fctowqkve0br5xh/Hopkins-1986-FLORA%20NEOTROPICA%2043%20Parkia.pdf?dl=0","manual",NA,"tree, shrub","5",NA,NA,NA,NA,NA,NA,NA,NA,"≤ 200",NA,"yes",NA,NA,"3-8",NA,NA,NA,"25-35","13-26","3-6","oblong, somewhat sigmoid",NA,"obtuse, rounded, retuse","yes","10-70 (-110)",NA,"≤ 200",NA,NA,"capitula, compound infloroscence, capitula clavate with basal staminodial fringe absent or only weakly developed",NA,NA,"4-9","1.5",NA,NA,"6-11","1.5-3",NA,NA,NA,NA,NA,NA,NA,NA,NA,NA,NA,NA,NA,NA,NA,"pod","(45) 80-140","25-50",NA,"oblong",NA,NA,NA,"6-15","12-15","6.5-8.5","4-4.5",NA,"black","same","yes",NA,NA
"Parkia_discolor","High","Hopkins, H.C., 1986. Parkia (Leguminosae: Mimosoideae). Flora Neotropica, pp.1-123.","https://www.dropbox.com/s/fctowqkve0br5xh/Hopkins-1986-FLORA%20NEOTROPICA%2043%20Parkia.pdf?dl=0","manual",NA,"tree","15",NA,NA,NA,NA,NA,NA,NA,NA,"≤ 250",NA,"yes",NA,NA,"2-8",NA,NA,NA,"20-36","10-26","2.5-7","oblong, somewhat sigmoid","weakly auriculate, stongly auriculate","rounded, obtuse","yes","40-120",NA,"40-120",NA,NA,"capitula, biglobos with basal staminoidal fringe, apically obovoid,",NA,NA,"5-9","~ 0.5",NA,NA,"6-10.5","0.5-1",NA,NA,NA,NA,NA,NA,NA,NA,NA,NA,NA,NA,NA,NA,NA,"pod","110-230","28-50",NA,"oblong",NA,NA,NA,"9-15 (-18)","14.5-17","5-7.5","4-5",NA,"black","same","yes",NA,NA
"Parkia_filicoidea","High","Hopkins, H.C., 1986. Parkia (Leguminosae: Mimosoideae). Flora Neotropica, pp.1-123.","https://www.dropbox.com/s/fctowqkve0br5xh/Hopkins-1986-FLORA%20NEOTROPICA%2043%20Parkia.pdf?dl=1","manual",NA,"tree","8-30",NA,NA,NA,NA,NA,NA,NA,NA,NA,NA,NA,NA,NA,"4-14",NA,NA,NA,"11-17","20-30",NA,"oblong, slightly curved",NA,"rounded",NA,NA,NA,"≤80",NA,NA,NA,NA,NA,NA,NA,NA,NA,NA,NA,NA,"bright red",NA,NA,NA,NA,NA,NA,NA,NA,NA,NA,NA,NA,NA,"pod","300-600",NA,NA,"narrow between the seeds",NA,NA,"dark brown-purple",NA,NA,NA,NA,NA,"black","chrome-extension://efaidnbmnnnibpcajpcglclefindmkaj/https://apps.worldagroforestry.org/usefultrees/pdflib/Parkia_filicoidea_UGA.pdf","yes",NA,NA
"Parkia_nitida","High","Hopkins, H.C., 1986. Parkia (Leguminosae: Mimosoideae). Flora Neotropica, pp.1-123.","https://www.dropbox.com/s/fctowqkve0br5xh/Hopkins-1986-FLORA%20NEOTROPICA%2043%20Parkia.pdf?dl=2","manual",NA,"tree","± 40",NA,NA,NA,NA,NA,NA,NA,NA,"≤ 280",NA,"yes",NA,NA,"3-9 (-12)",NA,NA,NA,"21-35 (-47)","(8.5-) 10-25","2.5-6.5","oblong","weakly auriculate, stongly auriculate","rounded, retuse","yes","25-160",NA,"700",NA,NA,"capitula, biglobos with basal staminoidal fringe, apical parts ellipsoid, apical parts obovoid",NA,NA,"5.5-15","0.5-1.5",NA,NA,"6.5-16","0.5-3.5",NA,NA,NA,NA,NA,NA,NA,NA,NA,NA,NA,NA,NA,NA,NA,"pod","200-400","(33-) 40-55 (-60)",NA,"strap shaped, often falcate",NA,NA,NA,"20 (-23)","17-22","8-11","5.5- 8.5",NA,"black","same","yes",NA,NA
"Parkia_panurensis","High","Hopkins, H.C., 1986. Parkia (Leguminosae: Mimosoideae). Flora Neotropica, pp.1-123.","https://www.dropbox.com/s/fctowqkve0br5xh/Hopkins-1986-FLORA%20NEOTROPICA%2043%20Parkia.pdf?dl=3","manual",NA,"tree","18-35",NA,NA,NA,NA,NA,NA,NA,NA,"≤ 300",NA,"yes",NA,NA,"6-15",NA,NA,NA,"28-41","7-13","1.5-3","sigmoidally curved","ofter strongly auriculate","acute, obtuse","yes","50-260",NA,"45-70",NA,NA,"capitula, biglobos with basal staminoidal fringe, apical parts spherical, apical parts ellipsoid",NA,NA,"6.5-11","1",NA,NA,"8-14","0.5-2",NA,NA,NA,NA,NA,NA,NA,NA,NA,NA,NA,NA,NA,NA,NA,"pod","85-350","32-55",NA,"strap shaped, sometimes curved",NA,NA,NA,"≤ 23","13-18.5","6-12","5-8.5",NA,"black","same","yes",NA,NA
"Parkia_pendula","High","Hopkins, H.C., 1986. Parkia (Leguminosae: Mimosoideae). Flora Neotropica, pp.1-123.","https://www.dropbox.com/s/fctowqkve0br5xh/Hopkins-1986-FLORA%20NEOTROPICA%2043%20Parkia.pdf?dl=4","manual",NA,"tree","40 (-50)",NA,NA,NA,NA,NA,NA,NA,NA,"400 (-770)",NA,"yes",NA,NA,"(12-) 15-27",NA,NA,NA,"45-96 (112)","3-6 (11)","0.5-1 (-1.5)","linear, sometimes curved",NA,NA,"yes","(150) 300-1150",NA,"500 (-700)",NA,NA,"capitula",NA,NA,"8-10.5","≤ 2",NA,NA,"9.5-12","4-8",NA,NA,NA,NA,NA,NA,NA,NA,NA,NA,NA,NA,NA,NA,NA,"pod","150-300","19-30",NA,"strap shaped, sometimes curved",NA,NA,NA,"17-25 (-30)","7-11","4-6","2.5-3",NA,"dark with paler blotches","same","yes",NA,NA
"Parkia_platycephala","High","Hopkins, H.C., 1986. Parkia (Leguminosae: Mimosoideae). Flora Neotropica, pp.1-123.","https://www.dropbox.com/s/fctowqkve0br5xh/Hopkins-1986-FLORA%20NEOTROPICA%2043%20Parkia.pdf?dl=5","manual",NA,"tree","≤ 18",NA,NA,NA,NA,NA,NA,NA,NA,"≤ 220",NA,"yes",NA,NA,"9-18",NA,NA,NA,"60-100","4.5-8","1","linear",NA,NA,"yes","150-350 (-500)",NA,"≤ 500",NA,NA,"capitula",NA,NA,"8-10","1.5-2",NA,NA,"9-13","4.5-8",NA,NA,NA,NA,NA,NA,NA,NA,NA,NA,NA,NA,NA,NA,NA,"pod","95-220","19-36",NA,"oblong in outline, often curled, sometimes folded longitudinally down mid-line",NA,NA,NA,"34","6.5-9","5-6.5","3-3.5",NA,"light brown","same","yes",NA,NA
"Parkia_reticulata","High","Hopkins, H.C., 1986. Parkia (Leguminosae: Mimosoideae). Flora Neotropica, pp.1-123.","https://www.dropbox.com/s/fctowqkve0br5xh/Hopkins-1986-FLORA%20NEOTROPICA%2043%20Parkia.pdf?dl=6","manual",NA,"tree","25-30",NA,NA,NA,NA,NA,NA,NA,NA,"≤ 220",NA,"yes",NA,NA,"10-16",NA,NA,NA,"40-44","5-9","1-1.5","linear-oblong, sigmoid","strongly auriculate","pointed","yes","80-220",NA,"400",NA,NA,"capitula biglobos",NA,NA,"≤ 5.5","0.5-1",NA,NA,"6.5-9","1-1.5",NA,NA,NA,NA,NA,NA,NA,NA,NA,NA,NA,NA,NA,NA,NA,"pod","280-350","30-38",NA,"strap shaped",NA,NA,NA,"11-15",NA,NA,NA,NA,"unknown","same","yes",NA,NA
"Parkia_ulei","High","Hopkins, H.C., 1986. Parkia (Leguminosae: Mimosoideae). Flora Neotropica, pp.1-123.","https://www.dropbox.com/s/fctowqkve0br5xh/Hopkins-1986-FLORA%20NEOTROPICA%2043%20Parkia.pdf?dl=7","manual",NA,"tree",NA,NA,NA,NA,NA,NA,NA,NA,NA,"≤ 200-320",NA,"yes",NA,NA,"9-20",NA,NA,NA,"30-55","3-10","0.5-2","narrowly oblong",NA,"rounded, obtuse","yes","4-10",NA,"≤ 300-450",NA,NA,"capitula",NA,NA,"2.5-4","0.5",NA,NA,"3-5","1",NA,NA,NA,NA,NA,NA,NA,NA,NA,NA,NA,NA,NA,NA,NA,"pod","90-360","30-47",NA,"strap shaped, lingulate, sometimes curved",NA,NA,NA,"≤ 24","11-18","5-12","4-5",NA,"black","same","yes",NA,NA
"Parkia_velutina","High","Hopkins, H.C., 1986. Parkia (Leguminosae: Mimosoideae). Flora Neotropica, pp.1-123.","https://www.dropbox.com/s/fctowqkve0br5xh/Hopkins-1986-FLORA%20NEOTROPICA%2043%20Parkia.pdf?dl=8","manual",NA,"tree","≤ 40",NA,NA,NA,NA,NA,NA,NA,NA,"≤700 (-950)",NA,"yes",NA,NA,"(17-) 30 -45 (-55)",NA,NA,NA,"40-110","5-11.5","1-2","linear, narrowly sigmoid",NA,"acute, rarely rounded","yes","15-40",NA,"≤ 200",NA,NA,"capitula",NA,NA,"7-8","1-1.5",NA,NA,"11.5-13","1.5-2.5",NA,NA,NA,NA,NA,NA,NA,NA,NA,NA,NA,NA,NA,NA,NA,"pod","180-500","47-60 (-80)",NA,"strap shaped, sometimes curved",NA,NA,NA,"≤ 36","18-20","9-10","5-6",NA,"black","same","yes",NA,NA
"Pentaclethra_macroloba","High","Hammel, B.E., Grayum, M.H., Herrera & C. & Zamora, N. (eds.) (2010). Manual de plantas de Costa Rica volumen V. Dicotiledóneas (Clusiaceae-Gunneraceae). Monographs in Systematic Botany from the Missouri Botanical Garden 119: 1-970. Missouri Botanical Garden.","http://legacy.tropicos.org/Name/13012015?projectid=66","manual","spanish",NA,NA,NA,NA,NA,NA,NA,NA,NA,NA,NA,NA,NA,NA,NA,NA,NA,NA,NA,NA,NA,NA,NA,NA,NA,NA,NA,NA,NA,NA,NA,NA,NA,NA,NA,NA,NA,NA,NA,NA,NA,NA,NA,NA,NA,NA,NA,NA,NA,NA,NA,NA,NA,NA,NA,NA,NA,NA,NA,NA,NA,NA,NA,NA,NA,NA,NA,NA,NA,NA,NA,NA,NA
"Pentaclethra_macrophylla","High",NA,NA,"manual",NA,NA,NA,NA,NA,NA,NA,NA,NA,NA,NA,NA,NA,NA,NA,NA,NA,NA,NA,NA,NA,NA,NA,NA,NA,NA,NA,NA,NA,NA,NA,NA,NA,NA,NA,NA,NA,NA,NA,NA,NA,NA,NA,NA,NA,NA,NA,NA,NA,NA,NA,NA,NA,NA,NA,NA,NA,NA,NA,NA,NA,NA,NA,NA,NA,NA,NA,NA,NA,NA,NA,NA,NA,NA
"Piptadenia_buchtienii","High","Ribeiro, P.g., 2017. Filogenia molecular do grupo Piptadenia (Leguminosae, Caesalpinioideae, Clado Mimosoide) e taxonomia do g‚àö‚Ñ¢nero Piptadenia Benth.","https://www.dropbox.com/s/gkba52877ibvpdf/Ribeiro-2017-Filogenia%20molecular%20do%20grupo%20Piptadenia%20%28Leguminosae%2C%20Caesalpinioideae%2C%20Clado%20Mimosoide%29%20e%20taxonomia%20do%20g%C3%AAnero%20Piptadenia%20Benth.pdf?dl=0","manual",NA,"tree, shrub","4-10",NA,NA,"yes",NA,"2-4.5",NA,"2-4.5",NA,NA,"20-25","yes","100-150","yes","(3) 7-9","35-72",NA,NA,"12-17","8.5-12","3-5","oblong","rounded asymmetrical","mucronate","yes","7-12",NA,"4-7",NA,"7-12","mostly in terminal and axillary pseudoracemes, rarely spikes on leaf axils",NA,NA,"0.8-1.3","0.1-0.2",NA,NA,"1.8-2.4","0.8-2.2",NA,NA,NA,NA,"4-6","red to vinaceous","0.3-0.4","0.15-0.2",NA,"yes",NA,"0.7-0.8",NA,"1-1.5",NA,"legume","150-200","15-17",NA,"broad-linear",NA,"obtuse","brown, purplish-brown","5-6","6-8","6-8",NA,"oval-orbicular, flat, strongly compressed, provided with a circular, winged","dark brown","same","yes",NA,NA
"Piptadenia_retusa","High","Ribeiro, P.g., 2017. Filogenia molecular do grupo Piptadenia (Leguminosae, Caesalpinioideae, Clado Mimosoide) e taxonomia do g‚àö‚Ñ¢nero Piptadenia Benth.","https://www.dropbox.com/s/gkba52877ibvpdf/Ribeiro-2017-Filogenia%20molecular%20do%20grupo%20Piptadenia%20%28Leguminosae%2C%20Caesalpinioideae%2C%20Clado%20Mimosoide%29%20e%20taxonomia%20do%20g%C3%AAnero%20Piptadenia%20Benth.pdf?dl=0","manual",NA,"shrub, tree","1.5-3",NA,NA,"yes",NA,NA,NA,"3-5",NA,NA,"30-110","yes","24-86",NA,"(5) 6-11","20-51",NA,NA,"23-31","5-7 (10)","1-1.2 (2)","linear","asymmetrical","obtuse","yes","6-8","0.05-0.15","40-62",NA,"6-7","spikes","spikes in pseudoracemes",NA,"1-1.2","0.1-0.2",NA,NA,"2.6-3","1.6-2",NA,NA,NA,NA,"4.8-5.3","cream-colored, greenish-yellow, pinkish-red","0.2-0.4","0.15-0.25",NA,"yes",NA,"1.2-1.4",NA,"3-3.4",NA,"legume","95-115","18-21",NA,"broad-linear, flat-compressed",NA,"acuminate, rounded","brown","8-10","6-8","4-6",NA,"ovoid","brown","same","yes",NA,NA
"Piptadenia_adiantoides","High","Ribeiro, P.g., 2017. Filogenia molecular do grupo Piptadenia (Leguminosae, Caesalpinioideae, Clado Mimosoide) e taxonomia do g‚àö‚Ñ¢nero Piptadenia Benth.","https://www.dropbox.com/s/gkba52877ibvpdf/Ribeiro-2017-Filogenia%20molecular%20do%20grupo%20Piptadenia%20%28Leguminosae%2C%20Caesalpinioideae%2C%20Clado%20Mimosoide%29%20e%20taxonomia%20do%20g%C3%AAnero%20Piptadenia%20Benth.pdf?dl=0","manual",NA,"liana, shrub","2-16",NA,NA,"yes",NA,NA,NA,"4-6",NA,NA,"30-95 (115)","yes","35-111 (180)","yes","(2) 3-5","(2.5) 3-7.3 (8.5)",NA,NA,"3-7","15-26 (40)","6-17 (27)","elliptic, obovate","acute, symmetrical","rounded, acute","yes","9-18","0.1-0.3","49-130",NA,"6-7 (9)","spikes","spikes in pseudoracemes",NA,"1.6-2","0.1-0.2",NA,NA,"3.2-5","1.5-2",NA,NA,NA,NA,"4.6-6.3","cream-colored, greenish-yellow, rarely light pink, red, vinaceous","0.3-0.5","0.2-0.25",NA,"yes",NA,"0.8-1.1",NA,"2.6-3.1",NA,"legume","106-156","19-28",NA,"broad linear",NA,"acuminate, rounded","brown","7-11","6-7","4-6",NA,"ovoid","dark brown","same","yes",NA,NA
"Piptadenia_gonoacantha","High","Ribeiro, P.g., 2017. Filogenia molecular do grupo Piptadenia (Leguminosae, Caesalpinioideae, Clado Mimosoide) e taxonomia do g‚àö‚Ñ¢nero Piptadenia Benth.","https://www.dropbox.com/s/gkba52877ibvpdf/Ribeiro-2017-Filogenia%20molecular%20do%20grupo%20Piptadenia%20%28Leguminosae%2C%20Caesalpinioideae%2C%20Clado%20Mimosoide%29%20e%20taxonomia%20do%20g%C3%AAnero%20Piptadenia%20Benth.pdf?dl=0","manual",NA,"tree","3-20",NA,NA,"yes",NA,"3-5",NA,"3-5",NA,NA,"0.8-3","yes","102-121","yes","7-14","30-550",NA,NA,"27-60","4.5-7","0.8-1.2","linear, falcate","truncated, asymmetrical","falcate","yes","3-7",NA,"58-110",NA,"6-13","terminal pseudoracemes, axillary spikes",NA,NA,"0.5-0.7","0.1-0.2",NA,NA,"2-2.2","1.3-1.5",NA,NA,NA,NA,"3-3.5","white, yellowish-cream, rarely light pink","0.25-0.4","0.2-0.25",NA,"yes",NA,"0.8-1",NA,"1.3-2",NA,"legume","110-200","17-30",NA,"broad linear",NA,"obtuse","brown","9-12","7-8","6-7",NA,"ovoid, suborbicular","light brown","same","yes",NA,NA
"Piptadenia_macradenia","High","Ribeiro, P.g., 2017. Filogenia molecular do grupo Piptadenia (Leguminosae, Caesalpinioideae, Clado Mimosoide) e taxonomia do g‚àö‚Ñ¢nero Piptadenia Benth.","https://www.dropbox.com/s/gkba52877ibvpdf/Ribeiro-2017-Filogenia%20molecular%20do%20grupo%20Piptadenia%20%28Leguminosae%2C%20Caesalpinioideae%2C%20Clado%20Mimosoide%29%20e%20taxonomia%20do%20g%C3%AAnero%20Piptadenia%20Benth.pdf?dl=0","manual",NA,"tree","~10",NA,NA,"no","no",NA,NA,NA,NA,NA,NA,"yes","50-70",NA,"7-9",NA,NA,NA,"37-47","4-8","1.3-1.5","linear","truncate, cordate","acute","yes",NA,NA,"60-85",NA,NA,"spikes","spikes grouped in panicles",NA,"0.9-1.1",NA,NA,NA,"1.5-1.7",NA,NA,NA,NA,NA,NA,NA,NA,NA,NA,NA,NA,NA,NA,NA,NA,"legume","84-100","18-24",NA,"flat",NA,NA,NA,NA,NA,NA,NA,NA,NA,"https://www.scielo.br/j/rod/a/VjV78wfLyMyBD3rHJBMHSFx/?format=html&lang=en","yes",NA,NA
"Pityrocarpa_moniliformis","High",NA,NA,"manual","see Pityrocarpa moniliformis below",NA,NA,NA,NA,NA,NA,NA,NA,NA,NA,NA,NA,NA,NA,NA,NA,NA,NA,NA,NA,NA,NA,NA,NA,NA,NA,NA,NA,NA,NA,NA,NA,NA,NA,NA,NA,NA,NA,NA,NA,NA,NA,NA,NA,NA,NA,NA,NA,NA,NA,NA,NA,NA,NA,NA,NA,NA,NA,NA,NA,NA,NA,NA,NA,NA,NA,NA,NA,NA,NA,NA,NA,NA
"Pityrocarpa_obliqua","High",NA,NA,NA,NA,"shrubs, trees","1.5-5",NA,NA,NA,NA,NA,NA,NA,NA,NA,"8-16",NA,"11-16",NA,"(1-)2(-3)",NA,NA,"yes","4-6","11-16(-25)","6-9(-14)","oblong, rhomboid","asymmetrical","rounded, obtuse","yes",NA,NA,NA,NA,NA,NA,NA,NA,"1.1-1.3",NA,NA,NA,"2.3-3",NA,NA,NA,NA,NA,"5-7","greenish-white",NA,NA,NA,NA,NA,"0.8-1",NA,NA,NA,"pod","58-110","5-7",NA,",oniliform, regularly constricted between seeds, slightly arcged",NA,NA,NA,NA,"5","4",NA,NA,"grayish","http://reflora.jbrj.gov.br/reflora/listaBrasil/ConsultaPublicaUC/BemVindoConsultaPublicaConsultar.do?invalidatePageControlCounter=1&idsFilhosAlgas=&idsFilhosFungos=&lingua=&grupo=5&genero=Pityrocarpa&especie=obliqua&autor=&nomeVernaculo=&nomeCompleto=&formaVida=null&substrato=null&ocorreBrasil=QUALQUER&ocorrencia=OCORRE&endemismo=TODOS&origem=TODOS&regiao=QUALQUER&estado=QUALQUER&ilhaOceanica=32767&domFitogeograficos=QUALQUER&bacia=QUALQUER&vegetacao=TODOS&mostrarAte=SUBESP_VAR&opcoesBusca=TODOS_OS_NOMES&loginUsuario=Visitante&senhaUsuario=&contexto=consulta-publica","yes",NA,NA
"Piptadenia_paniculata","High","Ribeiro, P.g., 2017. Filogenia molecular do grupo Piptadenia (Leguminosae, Caesalpinioideae, Clado Mimosoide) e taxonomia do g‚àö‚Ñ¢nero Piptadenia Benth.","https://www.dropbox.com/s/gkba52877ibvpdf/Ribeiro-2017-Filogenia%20molecular%20do%20grupo%20Piptadenia%20%28Leguminosae%2C%20Caesalpinioideae%2C%20Clado%20Mimosoide%29%20e%20taxonomia%20do%20g%C3%AAnero%20Piptadenia%20Benth.pdf?dl=0","manual",NA,"tree","6-20",NA,NA,"yes",NA,"3-4",NA,"3-4",NA,NA,"47-99","yes","35-104","yes","2-3","33-114",NA,NA,"5-8","34-40","15-17","ovate-oblong, lanceolate-ovate","oblique, asymmetrical","obtuse, oblique","yes","6-10","0.1-0.3","51-53",NA,"7-8","mostly in terminal panicles, mostly in terminal pseudoracemes, spike",NA,NA,"0.4-0.6","0.1-0.2",NA,NA,"1.8-2","1.3-1.5",NA,NA,NA,NA,"4-5","greenish-yellow","0.2-0.35","0.15-0.2",NA,"yes",NA,"0.8-0.9",NA,"2-2.6",NA,"legume","121-172","33-36",NA,"broad linear",NA,"obtuse","brown","10-12","10-15","7-16",NA,"ovoid, suborbicular","dark brown","same","yes",NA,NA
"Piptadenia_robusta","High","Ribeiro, P.g., 2017. Filogenia molecular do grupo Piptadenia (Leguminosae, Caesalpinioideae, Clado Mimosoide) e taxonomia do g‚àö‚Ñ¢nero Piptadenia Benth.","https://www.dropbox.com/s/gkba52877ibvpdf/Ribeiro-2017-Filogenia%20molecular%20do%20grupo%20Piptadenia%20%28Leguminosae%2C%20Caesalpinioideae%2C%20Clado%20Mimosoide%29%20e%20taxonomia%20do%20g%C3%AAnero%20Piptadenia%20Benth.pdf?dl=0","manual",NA,"tree","20",NA,NA,"yes",NA,NA,NA,NA,NA,NA,"35-75","yes","120-380","yes","7-11","45-150",NA,NA,"22-45","7-20","1.6-2.5","oblong","oblique, obtuse on one side, asymmetrical","acute","yes","5-12",NA,"60-120",NA,"8-13","axillary pseudoracemes, spike",NA,NA,"0.5-1.2","0.1-0.2",NA,NA,"1.8-3.1","1.7-2.9",NA,NA,NA,NA,"4-6","white, red, vinaceous","0.25-0.3","0.2-0.25",NA,"yes",NA,"0.8-1.2",NA,"2.6-3.1",NA,"legume","90-170","20-27",NA,"broad linear",NA,"most acute","brown","8-9","7-9","4-6",NA,"oval, obovate","dark brown","same","yes",NA,NA
"Lachesiodendron_viridiflorum","High","Ribeiro, P. G., Luckow, M., Lewis, G. P., Simon, M. F., Cardoso, D., de Souza, ‚àö√¢. R., ... & de Queiroz, L. P. (2018). Lachesiodendron, a new monospecific genus segregated from Piptadenia (Leguminosae: Caesalpinioideae: mimosoid clade): Evidence from morphology and molecules. Taxon, 67(1), 37-54.","https://www.dropbox.com/s/qtb1h0qodbhipit/Ribeiro_etal-2018-Lachesiodendron%2C%20a%20new%20monospecific%20genus%20segregated%20from%20Piptadenia%20%28Leguminosae%3A%20Caesalpinioideae%3A%20mimosoid%20clade%29%3A%20Evidence%20from%20morphology%20and%20molecules.pdf?dl=0","manual",NA,"tree","(2) 3-20",NA,NA,"no","yes","3-10","2-4",NA,NA,NA,"12-20","yes","60-110","yes","5-15","33-56","0.5-2",NA,"20-50","4-7","0.8-1.6","linear","asymmetrical, oblique","obtuse","yes","8-21",NA,"75-120",NA,"20-22","cylindrical spikes",NA,"5","0.6-1.2","0.1-0.2",NA,"5","5-5.5","1.1-1.6",NA,NA,NA,"10","10-12","yellowish green","0.26-0.32","0.12-0.18",NA,"yes",NA,"0.8-1.3","0.25-0.5","3-3.2",NA,"legume","82-130","19-32",NA,"straight, flattened, oblong-linear, not constricted between the seeds",NA,"mostly rounded, rarely acute","brownish tan",NA,"8-10","5.4-8",NA,"oval, obovate, flattened","light brown","same","yes",NA,NA
"Piptadeniastrum_africanum","High",NA,"https://plants.jstor.org/stable/10.5555/al.ap.flora.ftea000615?searchUri=si%3D0%26ff%3Dps_repository_name_str__ps_collection_name_str%26fq%3DcHNfdHlwZTooIlJlZmVyZW5jZSBTb3VyY2VzIik%253D%26filter%3Dname%26so%3Dps_group_by_genus_species+asc%26Query%3DPiptadeniastrum+africanum","manual",NA,"tree","≤50",NA,NA,NA,NA,NA,NA,NA,NA,NA,NA,NA,NA,NA,"10-19",NA,NA,NA,"30-58","3-8.5","0.8-1.25","±falcate",NA,NA,NA,NA,NA,"40-110",NA,NA,"spiciform racemes",NA,NA,NA,NA,NA,NA,NA,NA,NA,"yellowish-white",NA,NA,NA,NA,NA,NA,NA,NA,NA,NA,NA,NA,NA,"pod","170-360",NA,NA,NA,NA,NA,NA,NA,"(30)53-95","18-25",NA,NA,NA,"same","yes",NA,"same"
"Piptadeniopsis_lomentifera","High",NA,NA,"manual",NA,NA,NA,NA,NA,NA,NA,NA,NA,NA,NA,NA,NA,NA,NA,NA,NA,NA,NA,NA,NA,NA,NA,NA,NA,NA,NA,NA,NA,NA,NA,NA,NA,NA,NA,NA,NA,NA,NA,NA,NA,NA,NA,NA,NA,NA,NA,NA,NA,NA,NA,NA,NA,NA,NA,NA,NA,NA,NA,NA,NA,NA,NA,NA,NA,NA,NA,NA,NA,NA,NA,NA,NA,NA
"Pithecellobium_lanceolatum","Low","Barneby, R.C. and Grimes, J., 1997. Silk tree, Monkey's earring: A generic system for the synandrous Mimosaceae of the Americas. Part II. Pithecellobium, Cojoba and Zygia. Mem. New York Bot. Gard, 74, pp.1-149.","https://www.dropbox.com/s/yc7hfzvtq7278xn/Barneby_and_Grimes-1997-Silk%20Tree%2C%20Guanacaste%2C%20Monkey%27s%20Earring%20-%20Part%20II.pdf?dl=3","automatic",NA,"shrubs, tree","9-16 (20)",NA,NA,NA,"yes",NA,NA,"± 0.5-2",NA,NA,"10-45 (50)","yes",NA,NA,"1",NA,"4-19 (22)","yes","1","35-95 (140)","(12)16-40 (45)","inequalateral elliptic, ovate-elliptic","broadly cuneate, semicordate","obtuse, emarginate, sometimes obscurely bluntly acuminate","yes",NA,NA,"see note",NA,NA,"spike",NA,"3-6","(0.8) 1-3.8","0.15-0.45",NA,"3-6","4-6.5","(0.6) 1-2.2",NA,NA,NA,"(28) 32-58 (60)","(9) 10-19 (23)",NA,NA,NA,NA,NA,NA,NA,NA,NA,NA,"pod","(35) 50-120 (150)",NA,NA,"narrowly sub cylindroid, biconvex, irratically pinched between seeds, outwardly falcate, sometimes recurved through a full circle, irregularly sinuous, convolute",NA,NA,"reddish",NA,"±10-15","7.5-10",NA,"plumply ellipsoid","brown, dark brown","same","yes",NA,"found"
"Pithecellobium_x_bahamense","Low","Barneby, R.C. and Grimes, J., 1997. Silk tree, Monkey's earring: A generic system for the synandrous Mimosaceae of the Americas. Part II. Pithecellobium, Cojoba and Zygia. Mem. New York Bot. Gard, 74, pp.1-149.","https://www.dropbox.com/s/yc7hfzvtq7278xn/Barneby_and_Grimes-1997-Silk%20Tree%2C%20Guanacaste%2C%20Monkey%27s%20Earring%20-%20Part%20II.pdf?dl=4","automatic",NA,"shrubs","± 1-3",NA,NA,"yes","yes","2-8",NA,NA,NA,NA,"1.5-10",NA,NA,NA,"1",NA,NA,NA,"1-2","(10-) 12-35","4-16","obovate, oblanceolate, obtuse muticous (emarginate), obtuse deltately apiculate, abruptly mucronulate by excurrent midrib",NA,NA,NA,"(10-) 15-55",NA,NA,NA,NA,"capitula",NA,NA,"1.5-3.1","0.15-0.5",NA,NA,"(3.5-) 3.8-8",NA,NA,NA,NA,"18-28","11-18","pink, red",NA,NA,NA,NA,NA,"1.6-1.9",NA,NA,NA,"pod","90-210","8-14",NA,"undulately linear, compressed but turgid, falcately recurved through more or less half a circle, coiled backward through 1-2 circles into a flat spiral, equivalently randomly recurved and twisted","attenuate","more abruptly cuspidate",NA,"8-13","6.5-9","5-7.3",NA,"round, pyriform","hard black","same","yes",NA,"found"
"Jupunba_campestris","Low","Barneby, R.C. and Grimes, J., 1997. Silk tree, Monkey's earring: A generic system for the synandrous Mimosaceae of the Americas. Part II. Pithecellobium, Cojoba and Zygia. Mem. New York Bot. Gard, 74, pp.1-149.","https://www.dropbox.com/s/yc7hfzvtq7278xn/Barneby_and_Grimes-1997-Silk%20Tree%2C%20Guanacaste%2C%20Monkey%27s%20Earring%20-%20Part%20II.pdf?dl=5","automatic",NA,NA,NA,NA,NA,NA,NA,NA,NA,NA,NA,NA,NA,NA,NA,NA,NA,NA,NA,NA,NA,NA,NA,NA,NA,NA,NA,NA,NA,NA,NA,NA,NA,NA,NA,NA,NA,NA,NA,NA,NA,NA,NA,NA,NA,NA,NA,NA,NA,NA,NA,NA,NA,NA,NA,NA,NA,NA,NA,NA,NA,NA,NA,NA,NA,NA,NA,NA,NA,NA,NA,NA,NA,"found"
"Pithecellobium_diversifolium","Low","Barneby, R.C. and Grimes, J., 1997. Silk tree, Monkey's earring: A generic system for the synandrous Mimosaceae of the Americas. Part II. Pithecellobium, Cojoba and Zygia. Mem. New York Bot. Gard, 74, pp.1-149.","https://www.dropbox.com/s/yc7hfzvtq7278xn/Barneby_and_Grimes-1997-Silk%20Tree%2C%20Guanacaste%2C%20Monkey%27s%20Earring%20-%20Part%20II.pdf?dl=6","automatic",NA,"shrubs","5",NA,"yes","yes","yes",NA,NA,"3-8",NA,NA,"1-7",NA,NA,"yes","1-2",NA,"2-9(-14)","yes","1-2(-3)","14-21","8-12","inequilaterally obovate, elliptic-obovate, rarely elliptic-ovate","shallowly semicordate","emarginate, obtuse, obtuse-mucronulate","yes","7-20(-26)",NA,NA,NA,NA,"capitula",NA,"5","1.4-2.6","0.2-0.45",NA,"5","7-9","1.3-2.5","0.8-1.2",NA,NA,"22-36","17-30",NA,NA,NA,NA,NA,NA,"1.3-2",NA,NA,NA,"pod","65-11","8-11",NA,"undulately linear, evenly recurved, laterally compressed","contracted into a stipe","abruptly acute",NA,"8-13(-14)","±6-8","5.5-6.5","3.5-5","plumply lentiform","lustrous black","same","yes",NA,"found"
"Painteria_elachistophylla","Low","Barneby, R.C. and Grimes, J., 1997. Silk tree, Monkey's earring: A generic system for the synandrous Mimosaceae of the Americas. Part II. Pithecellobium, Cojoba and Zygia. Mem. New York Bot. Gard, 74, pp.1-149.","https://www.dropbox.com/s/yc7hfzvtq7278xn/Barneby_and_Grimes-1997-Silk%20Tree%2C%20Guanacaste%2C%20Monkey%27s%20Earring%20-%20Part%20II.pdf?dl=7","automatic",NA,"shrubs",NA,NA,"yes","yes",NA,NA,NA,"2-6",NA,NA,"1.5-3(-5)","yes",NA,NA,"1(-2)",NA,"(5-)6-15(-16)","no","3-10(-12)","1.7-6","1.3-3.3","suborbicular, broadly oblong, broadly obtuse","shallowly semicordate",NA,"yes","0-3(-7)",NA,NA,NA,NA,"capitula",NA,"5-7","0.9-1.5","0.1-0.35",NA,"4-5","3.6-5.8","1-1.8","0.7-1.2",NA,NA,"28-44","9-12",NA,NA,NA,NA,NA,NA,NA,NA,NA,NA,"pod","(55-)70-110","10-14",NA,"undulately linear, evenly recurved, laterally compressed",NA,NA,NA,"(4-)5-8(-10)",NA,NA,NA,"plumply lentiform",NA,"https://www.worldfloraonline.org/taxon/wfo-0000187096","yes",NA,"found"
"Jupunba_idiopoda","Low","Barneby, R.C. and Grimes, J., 1997. Silk tree, Monkey's earring: A generic system for the synandrous Mimosaceae of the Americas. Part II. Pithecellobium, Cojoba and Zygia. Mem. New York Bot. Gard, 74, pp.1-149.","https://www.dropbox.com/s/yc7hfzvtq7278xn/Barneby_and_Grimes-1997-Silk%20Tree%2C%20Guanacaste%2C%20Monkey%27s%20Earring%20-%20Part%20II.pdf?dl=8","automatic",NA,NA,NA,NA,NA,NA,NA,NA,NA,NA,NA,NA,NA,NA,NA,NA,NA,NA,NA,NA,NA,NA,NA,NA,NA,NA,NA,NA,NA,NA,NA,NA,NA,NA,NA,NA,NA,NA,NA,NA,NA,NA,NA,NA,NA,NA,NA,NA,NA,NA,NA,NA,NA,NA,NA,NA,NA,NA,NA,NA,NA,NA,NA,NA,NA,NA,NA,NA,NA,NA,NA,NA,NA,"found"
"Pithecellobium_hymenaeifolium","Low","Barneby, R.C. and Grimes, J., 1997. Silk tree, Monkey's earring: A generic system for the synandrous Mimosaceae of the Americas. Part II. Pithecellobium, Cojoba and Zygia. Mem. New York Bot. Gard, 74, pp.1-149.","https://www.dropbox.com/s/yc7hfzvtq7278xn/Barneby_and_Grimes-1997-Silk%20Tree%2C%20Guanacaste%2C%20Monkey%27s%20Earring%20-%20Part%20II.pdf?dl=9","automatic",NA,"shrubs, trees","1.5-5.5",NA,NA,"yes",NA,NA,NA,"2-12",NA,NA,"(8-)10-40(-60)","yes",NA,"yes","1",NA,"(5-)7-22(-26)",NA,"1","50-120","(20-)24-57","inequilaterally ovate, lance-elliptic","semicordate, sometimes shortly bluntly acuminate","obtuse, obtuse mucronulate","yes","(15-)20-60",NA,NA,NA,NA,"spike",NA,"5","(1.1-)1.3-3","0.2-0.5",NA,"5","(7-)7.5-11.5","(1.5-)1.8-3.4","1.4-2.2","greenish",NA,"38-64","(36-)42-62(-69)",NA,NA,NA,NA,NA,NA,NA,NA,NA,NA,"pod","60-95","11-18",NA,"broad linear evenly decurved through circles, laterally compressed but plump",NA,NA,NA,NA,NA,NA,NA,"plumply ellipsoid","black","same","yes",NA,"found"
"Pithecellobium_lanceolatum","Low","Barneby, R.C. and Grimes, J., 1997. Silk tree, Monkey's earring: A generic system for the synandrous Mimosaceae of the Americas. Part II. Pithecellobium, Cojoba and Zygia. Mem. New York Bot. Gard, 74, pp.1-149.","https://www.dropbox.com/s/yc7hfzvtq7278xn/Barneby_and_Grimes-1997-Silk%20Tree%2C%20Guanacaste%2C%20Monkey%27s%20Earring%20-%20Part%20II.pdf?dl=10","automatic",NA,"shrubs, trees","9-16(-20)",NA,NA,"yes",NA,NA,NA,"± 0.5-2(-15)",NA,NA,"10-45(-50)","yes",NA,"yes","1",NA,"4-19(-22)",NA,"1","35-95(-140)","(12-)16-40(-45)","inequilaterally elliptic, ovate-elliptic","broadly cuneate, semicordate","obtuse, emarginate, sometimes obscurely bluntly acuminate","yes","40-150(-170)",NA,NA,NA,NA,"spike",NA,"(3-)5(-6)","(0.8-)1-3.8","0.15-0.45",NA,"5","4-5.6","(0.6-)1-2.2",NA,NA,NA,"(28-)32-58(-60)","(9-)10-19(-23)",NA,NA,NA,NA,NA,NA,NA,NA,NA,NA,"pod","(35-)50-120(-150)",NA,NA,"narrowly subcylindroid but more or less biconvex, outwardly falcate, sometimes recurved through a full circle, irregularly sinuous, convolute",NA,NA,NA,NA,"±10-15","7.5-10",NA,"plumply ellipsoid","brown, dark brown","same","yes",NA,"found"
"Jupunba_laeta","Low","Barneby, R.C. and Grimes, J., 1997. Silk tree, Monkey's earring: A generic system for the synandrous Mimosaceae of the Americas. Part II. Pithecellobium, Cojoba and Zygia. Mem. New York Bot. Gard, 74, pp.1-149.","https://www.dropbox.com/s/yc7hfzvtq7278xn/Barneby_and_Grimes-1997-Silk%20Tree%2C%20Guanacaste%2C%20Monkey%27s%20Earring%20-%20Part%20II.pdf?dl=11","automatic",NA,NA,NA,NA,NA,NA,NA,NA,NA,NA,NA,NA,NA,NA,NA,NA,NA,NA,NA,NA,NA,NA,NA,NA,NA,NA,NA,NA,NA,NA,NA,NA,NA,NA,NA,NA,NA,NA,NA,NA,NA,NA,NA,NA,NA,NA,NA,NA,NA,NA,NA,NA,NA,NA,NA,NA,NA,NA,NA,NA,NA,NA,NA,NA,NA,NA,NA,NA,NA,NA,NA,NA,NA,"found"
"Pithecellobium_oblongum","Low","Barneby, R.C. and Grimes, J., 1997. Silk tree, Monkey's earring: A generic system for the synandrous Mimosaceae of the Americas. Part II. Pithecellobium, Cojoba and Zygia. Mem. New York Bot. Gard, 74, pp.1-149.","https://www.dropbox.com/s/yc7hfzvtq7278xn/Barneby_and_Grimes-1997-Silk%20Tree%2C%20Guanacaste%2C%20Monkey%27s%20Earring%20-%20Part%20II.pdf?dl=12","automatic",NA,"tree",NA,NA,NA,NA,NA,NA,NA,NA,NA,NA,"10-30","yes",NA,"yes",NA,NA,NA,NA,NA,"≤60","35","asymmetrically ovate, oblong, obovate","obliquely obtuse","obtuse, rounded, subtruncate","yes","10-20",NA,NA,NA,NA,"spikes","an axillary panicle, usually subterminal, consisting of a number of pedunculate spikes","5","~1",NA,NA,"5","3-4",NA,NA,"whitish",NA,NA,"8-9",NA,NA,NA,NA,NA,NA,NA,NA,NA,NA,"legume","≤100","~10",NA,"linear-circinate",NA,NA,"reddish",NA,NA,NA,NA,"ovoid","lustrous-black","https://www.worldfloraonline.org/taxon/wfo-0000182145","yes",NA,"found"
"Pithecellobium_lanceolatum","Low","Barneby, R.C. and Grimes, J., 1997. Silk tree, Monkey's earring: A generic system for the synandrous Mimosaceae of the Americas. Part II. Pithecellobium, Cojoba and Zygia. Mem. New York Bot. Gard, 74, pp.1-149.","https://www.dropbox.com/s/yc7hfzvtq7278xn/Barneby_and_Grimes-1997-Silk%20Tree%2C%20Guanacaste%2C%20Monkey%27s%20Earring%20-%20Part%20II.pdf?dl=13","automatic",NA,"shrubs, trees",NA,"9-16(-20)",NA,"yes",NA,NA,NA,"±0.5-2",NA,NA,"10-45(-50)","yes",NA,NA,"1",NA,"4-19(-22)","yes","1","35-95(-140)","(12-)16-40(-45)","inequilaterally elliptic, ovate-elliptic, obtuse emarginate, sometimes obscurely bluntly acuminate","broadly cuneate, semicordate",NA,"yes","10-150(-170)",NA,NA,NA,NA,"spike",NA,"(3-)5(-6)","(0.8-)1-3.8","0.15-0.45",NA,"(3-)5(-6)","4-6.5","(0.6-)1-2.2",NA,NA,NA,"(28-)32-58(-60)","(9-)10-19(-23)",NA,NA,NA,NA,NA,NA,NA,NA,NA,NA,"pod","(35-)50-120(-150)",NA,NA,"erratically ascending, narrowly subcylindroid, more or less biconvex, outwardly falcate, sometimes recurved through a full circle",NA,NA,"reddish",NA,"±10-15","7.5-10",NA,"plumply lentiform, sunreniform","brown, dark brown","https://www.worldfloraonline.org/taxon/wfo-0000182200;jsessionid=5FAB420BAFB17B17DE866B3F782E98BC","yes",NA,"found"
"Pithecellobium_roseum","Low","Barneby, R.C. and Grimes, J., 1997. Silk tree, Monkey's earring: A generic system for the synandrous Mimosaceae of the Americas. Part II. Pithecellobium, Cojoba and Zygia. Mem. New York Bot. Gard, 74, pp.1-149.","https://www.dropbox.com/s/yc7hfzvtq7278xn/Barneby_and_Grimes-1997-Silk%20Tree%2C%20Guanacaste%2C%20Monkey%27s%20Earring%20-%20Part%20II.pdf?dl=14","automatic",NA,"shrubs","2.5-8(-10)",NA,NA,"yes","yes","3-27",NA,NA,NA,NA,"15-55","yes",NA,NA,"1",NA,"3-15(-18)",NA,"1","45-100(-115)","(17-)20-45(-50)","obliquely elliptic, ovate, lance-elliptic, incipiently rhombic-ovate from strongly asymmetric","half-rounded, semicordate","obtuse, deltate-apiculate","yes","2-45(-60)",NA,"60-200",NA,NA,"capitula","primary axis of efoliate pseudoracemes","5","1.8-3.4(-4)","0.15-0.5",NA,"5","6-10","1.2-2.4(-2.8)",NA,"greenish often red-tinged",NA,"26-42(-57)","17-25(-32)",NA,NA,NA,NA,NA,NA,NA,NA,NA,NA,"pod","(60-)70-170(-200)","7-14",NA,"sinuously linear, recurved through circles, often also randomly twisted, compressed but plumply biconvex over seeds","attenuate","apiculate",NA,"(6-)7-12(-14)","6-10","5-8",NA,"plumply lentiform, sunreniform","lustrous black","same","yes",NA,"found"
"Pithecellobium_unguiscati","Low","Barneby, R.C. and Grimes, J., 1997. Silk tree, Monkey's earring: A generic system for the synandrous Mimosaceae of the Americas. Part II. Pithecellobium, Cojoba and Zygia. Mem. New York Bot. Gard, 74, pp.1-149.","https://www.dropbox.com/s/yc7hfzvtq7278xn/Barneby_and_Grimes-1997-Silk%20Tree%2C%20Guanacaste%2C%20Monkey%27s%20Earring%20-%20Part%20II.pdf?dl=15","automatic",NA,"shrubs, trees","1-7(-10)","semi-deciduous, fully deciduous",NA,"yes","yes","3-17",NA,NA,NA,NA,"6-30(-36)","yes",NA,NA,"1",NA,"(1.5-)3-16",NA,"1","(15-)17-50(-60)","8-45","asymmetrically obovate-suborbicular, obovate-elliptic, oblong-oblanceolate, oblong-elliptic, elliptic","inequilateral","obtuse, shallowly emarginate (exceptionally apiculate)","yes","10-30",NA,"10-130",NA,NA,"capitula, short spike","primary axis of pseudoracemes","5(-6)","1-2.6","0.15-0.4(-0.6)",NA,"5(-6)","3-6.5(-7)","0.7-1.8",NA,"greenish",NA,"(21-)22-34(-36)","(8-)9-19",NA,NA,NA,NA,NA,NA,NA,NA,NA,NA,"pod","(60-)70-170(-200)","7-14",NA,"sinuously linear, recurved through circles, often also randomly twisted, compressed but plumply biconvex over seeds","attenuate","apiculate",NA,"(6-)7-12(-14)","6-10","5-8",NA,"plumply lentiform, sunreniform","lustrous black","same","yes",NA,"found"
"Pityrocarpa_moniliformis","High","Queiroz 2009 Leguminosas da Caatinga","https://www.dropbox.com/scl/fi/qk6ey4zpxofau9h5s2n0j/Queiroz-2009-Leguminosas-da-Caatinga.pdf?rlkey=3rqc8r1orviabyippll3bjvcg&dl=0","manual","Portuguese",NA,NA,NA,NA,NA,NA,NA,NA,NA,NA,NA,NA,NA,NA,NA,NA,NA,NA,NA,NA,NA,NA,NA,NA,NA,NA,NA,NA,NA,NA,NA,NA,NA,NA,NA,NA,NA,NA,NA,NA,NA,NA,NA,NA,NA,NA,NA,NA,NA,NA,NA,NA,NA,NA,NA,NA,NA,NA,NA,NA,NA,NA,NA,NA,NA,NA,NA,NA,NA,NA,NA,NA,NA
"Pityrocarpa_obliqua","High",NA,NA,"manual",NA,NA,NA,NA,NA,NA,NA,NA,NA,NA,NA,NA,NA,NA,NA,NA,NA,NA,NA,NA,NA,NA,NA,NA,NA,NA,NA,NA,NA,NA,NA,NA,NA,NA,NA,NA,NA,NA,NA,NA,NA,NA,NA,NA,NA,NA,NA,NA,NA,NA,NA,NA,NA,NA,NA,NA,NA,NA,NA,NA,NA,NA,NA,NA,NA,NA,NA,NA,NA,NA,NA,NA,NA,NA
"Plathymenia_reticulata","High","Warwick, M. C., & Lewis, G. P. (2003). Revision of Plathymenia (Leguminosae‚Äö√Ñ√¨Mimosoideae). Edinburgh Journal of Botany, 60(2), 111-119.","https://www.dropbox.com/s/uaf64jihpoqkn1j/Warwick%2C%20Lewis%20-%202003%20-%20Revision%20of%20Plathymenia%20%28Leguminosae-Mimosoideae%29.pdf?dl=0","manual",NA,"tree","12 (40)","Deciduous",NA,NA,NA,NA,NA,NA,NA,"80-280","16-85",NA,NA,NA,"3-12",NA,NA,NA,"6-20","4-17","(0.8) 2-10.5","linear, elliptic","asymmetric","retuse, sometimes with a small mucro, rarely rounded",NA,NA,NA,"65-110",NA,NA,"axillary, racemose, erect",NA,"5","2-4",NA,NA,"5","3-4.5","0.9-1.2",NA,NA,"dull white, green-white, cream, creamish yellow, creamish pale green, light green, very pale yellow-green","10","5-7","white","0.5–0.7",NA,"cream, yellow","yes",NA,"1.8-2.5","0.6-1",NA,NA,"pod","78-160","14-36",NA,"flattened, pendent, stipitate, slightly curved",NA,NA,"chestnut brown","10-12","6–14","4–8",NA,"ovate, almost circular",NA,"same","yes",NA,NA
"Prosopidastrum_globosum","High","BURKART, A. (1964). Leguminosas nuevas o críticas, VI. Darwiniana, 13(2/4), 428-448.","https://www.dropbox.com/scl/fi/wenj1w0aownm1ecfseyqu/BURKART-Leguminosasnuevascrticas-1964.pdf?rlkey=7lpo7ju5qy3m46noslgis2eb3&dl=0","manual","Spanish",NA,NA,NA,NA,NA,NA,NA,NA,NA,NA,NA,NA,NA,NA,NA,NA,NA,NA,NA,NA,NA,NA,NA,NA,NA,NA,NA,NA,NA,NA,NA,NA,NA,NA,NA,NA,NA,NA,NA,NA,NA,NA,NA,NA,NA,NA,NA,NA,NA,NA,NA,NA,NA,NA,NA,NA,NA,NA,NA,NA,NA,NA,NA,NA,NA,NA,NA,NA,NA,NA,NA,NA,NA
"Prosopidastrum_mexicanum","High","BURKART, A. (1964). Leguminosas nuevas o críticas, VI. Darwiniana, 13(2/4), 428-448.","https://www.dropbox.com/scl/fi/wenj1w0aownm1ecfseyqu/BURKART-Leguminosasnuevascrticas-1964.pdf?rlkey=7lpo7ju5qy3m46noslgis2eb3&dl=0","manual","Spanish",NA,NA,NA,NA,NA,NA,NA,NA,NA,NA,NA,NA,NA,NA,NA,NA,NA,NA,NA,NA,NA,NA,NA,NA,NA,NA,NA,NA,NA,NA,NA,NA,NA,NA,NA,NA,NA,NA,NA,NA,NA,NA,NA,NA,NA,NA,NA,NA,NA,NA,NA,NA,NA,NA,NA,NA,NA,NA,NA,NA,NA,NA,NA,NA,NA,NA,NA,NA,NA,NA,NA,NA,NA
"Neltuma_affinis","High","Burkart, A. (1976). A monograph of the genus Prosopis (Leguminosae subfam. Mimosoideae). Journal of the Arnold arboretum, 450-525.","https://www.dropbox.com/s/0xd0020j6z6shza/Burkart-1976-A%20monograph%20of%20the%20genus%20Prosopis%20%28Leguminosae%20subfam.%20Mimosoideae%29.pdf?dl=18",NA,NA,"tree","2-8",NA,NA,NA,"yes","3-25",NA,"3-25",NA,NA,"2-22",NA,NA,NA,NA,"10-60",NA,NA,"10-30","2-7.5","0.8-1.8","linear-oblong, obtuse, subacute",NA,NA,NA,NA,NA,NA,"50-130",NA,"racemes, spiciform",NA,NA,"1.5",NA,NA,NA,"4",NA,NA,NA,NA,NA,"7-8",NA,NA,NA,NA,NA,NA,NA,NA,NA,NA,"legume","70-170","9-16","6-8","falcate, annular, rarely straight, rarely S-shaped, linear-oblong, compressed, margins undulate, moniliform",NA,NA,NA,NA,NA,NA,NA,NA,NA,"same","yes","no",NA
"Neltuma_alba","High","Burkart, A. (1976). A monograph of the genus Prosopis (Leguminosae subfam. Mimosoideae). Journal of the Arnold arboretum, 450-525.","https://www.dropbox.com/s/0xd0020j6z6shza/Burkart-1976-A%20monograph%20of%20the%20genus%20Prosopis%20%28Leguminosae%20subfam.%20Mimosoideae%29.pdf?dl=19",NA,NA,"tree","5-15",NA,NA,NA,NA,NA,NA,NA,NA,NA,NA,NA,NA,NA,NA,"60-140",NA,NA,"25-50","5-17","1-2","linear, acute, subacute, nearly obtuse",NA,NA,NA,NA,NA,"70-110",NA,NA,"racemes, spikelike",NA,NA,"1",NA,NA,NA,"3-3.2",NA,NA,NA,NA,NA,"4.5",NA,NA,NA,NA,NA,NA,NA,NA,NA,NA,"legume","120-250","11-20","4-5","falcate, ring-shaped (ring ca. 7 cm in diameter), linear, compressed with parallel margins","stipitate","acuminate","straw-yellow",NA,NA,NA,NA,NA,NA,"same","yes","no",NA
"Neltuma_alpataco","High","Burkart, A. (1976). A monograph of the genus Prosopis (Leguminosae subfam. Mimosoideae). Journal of the Arnold arboretum, 450-525.","https://www.dropbox.com/s/0xd0020j6z6shza/Burkart-1976-A%20monograph%20of%20the%20genus%20Prosopis%20%28Leguminosae%20subfam.%20Mimosoideae%29.pdf?dl=0","manual",NA,"shrub","0.2-3","deciduous",NA,NA,NA,NA,NA,NA,NA,NA,NA,NA,NA,NA,NA,"30-140",NA,NA,"9-17 (25)","5-17 (30)","9-15 (35)","obtuse, subacute",NA,NA,NA,NA,NA,"60-140",NA,NA,"raceme",NA,NA,NA,NA,NA,NA,NA,NA,NA,NA,NA,NA,NA,NA,NA,NA,NA,NA,NA,NA,NA,NA,NA,"legume","70-170","6-12","5","linear, compressed, straight, subfalcate, rarely subannular, s-shaped, undulate, submoniliform",NA,NA,"straw yellow, frequently violet-tinged",NA,NA,NA,NA,NA,NA,"same","yes","no",NA
"Neltuma_articulata","High","Burkart, A. (1976). A monograph of the genus Prosopis (Leguminosae subfam. Mimosoideae). Journal of the Arnold arboretum, 450-525.","https://www.dropbox.com/s/0xd0020j6z6shza/Burkart-1976-A%20monograph%20of%20the%20genus%20Prosopis%20%28Leguminosae%20subfam.%20Mimosoideae%29.pdf?dl=0","manual",NA,"polypodial shrub, tree","2-5",NA,"yes",NA,NA,NA,NA,NA,NA,NA,"2-25",NA,NA,NA,NA,"4-65",NA,NA,"6-20","2.5-12","1.2-3.5","linear-elliptic, obtuse",NA,NA,NA,NA,NA,"40-90",NA,NA,"raceme",NA,NA,NA,NA,NA,NA,"3.5-4",NA,NA,NA,NA,NA,NA,NA,NA,NA,NA,NA,NA,NA,NA,NA,NA,"legume","100-240","5-8",NA,"moniliform, flattened",NA,NA,"yellow, violet-tinged",NA,"7-8",NA,NA,"longitudinal eliptic","brown","same","yes",NA,NA
"Neltuma_caldenia","High","Burkart, A. (1976). A monograph of the genus Prosopis (Leguminosae subfam. Mimosoideae). Journal of the Arnold arboretum, 450-525.","https://www.dropbox.com/s/0xd0020j6z6shza/Burkart-1976-A%20monograph%20of%20the%20genus%20Prosopis%20%28Leguminosae%20subfam.%20Mimosoideae%29.pdf?dl=0","manual",NA,"tree","4-12","deciduous","yes",NA,NA,NA,NA,NA,NA,NA,NA,NA,NA,NA,NA,"20-55",NA,NA,"20-33","2.7-5.4","0.2-1.1","linear-oblong, obtuse,",NA,NA,NA,NA,"0.7-1",NA,NA,NA,NA,NA,NA,"1",NA,NA,NA,"2.5-3",NA,NA,NA,NA,NA,"6",NA,NA,NA,NA,NA,NA,NA,NA,NA,NA,"legume","100-200","5-13",NA,"compressed-linear, falcate, s-shaped, c-shaped, 1-3 very lax open spirals, broad, stipitate, acuminate",NA,NA,"straw yellow, violet-tinged",NA,"5-7.5",NA,NA,"ovate",NA,"same","yes",NA,NA
"Neltuma_campestris","High","Burkart, A. (1976). A monograph of the genus Prosopis (Leguminosae subfam. Mimosoideae). Journal of the Arnold arboretum, 450-525.","https://www.dropbox.com/s/0xd0020j6z6shza/Burkart-1976-A%20monograph%20of%20the%20genus%20Prosopis%20%28Leguminosae%20subfam.%20Mimosoideae%29.pdf?dl=1","manual",NA,"Dwarf, much branched spiny shrub","0.1-0.5",NA,NA,NA,NA,NA,NA,NA,NA,NA,NA,NA,NA,NA,NA,"5-30",NA,NA,"6-17","1.5-6","0.6-1.2","imbricate, oblong",NA,NA,NA,NA,NA,NA,NA,NA,"spikelike racemes, cylindric-ovoid",NA,NA,NA,NA,NA,NA,NA,NA,NA,NA,NA,NA,NA,NA,NA,NA,NA,NA,NA,NA,NA,NA,NA,"legume","50-80","8-10",NA,"linear, nearly straight, compressed, subtorulose, broad, thick",NA,NA,NA,NA,NA,NA,NA,NA,NA,"same","yes","no",NA
"Neltuma_chilensis","High","Burkart, A. (1976). A monograph of the genus Prosopis (Leguminosae subfam. Mimosoideae). Journal of the Arnold arboretum, 450-525.","https://www.dropbox.com/s/0xd0020j6z6shza/Burkart-1976-A%20monograph%20of%20the%20genus%20Prosopis%20%28Leguminosae%20subfam.%20Mimosoideae%29.pdf?dl=2","manual",NA,"tree","3-10","deciduous",NA,NA,NA,NA,NA,NA,NA,NA,NA,NA,NA,NA,NA,"80-245",NA,NA,"10-29","11-54","1.1-3","long-linear,",NA,NA,NA,NA,NA,"70-120",NA,NA,"racemes spiciform",NA,NA,"1",NA,NA,NA,"3",NA,NA,NA,NA,NA,"5-6",NA,NA,NA,NA,NA,NA,NA,NA,NA,NA,"legume","±120-180","10-18","6","linear, compresed, stipitate, acuminate, nearly straight, falcate, subfalcate",NA,NA,"straw yellow",NA,"6-7",NA,NA,"ovoid, compressed","brown","same","yes","no",NA
"Prosopis_farcta","High","Burkart, A. (1976). A monograph of the genus Prosopis (Leguminosae subfam. Mimosoideae). Journal of the Arnold arboretum, 450-525.","https://www.dropbox.com/s/0xd0020j6z6shza/Burkart-1976-A%20monograph%20of%20the%20genus%20Prosopis%20%28Leguminosae%20subfam.%20Mimosoideae%29.pdf?dl=3","manual",NA,"shrubs, subshrubs, sometimes shrub-trees","0.3-≥3",NA,NA,"yes",NA,NA,NA,"3-6",NA,NA,NA,NA,NA,NA,NA,"10-23",NA,NA,"10-15","2-6.5",NA,"dimidiate-lanceolate, auriculate",NA,NA,NA,NA,NA,"40-120",NA,NA,"racemes simple, elongate",NA,NA,"1",NA,NA,NA,"3.5-4",NA,NA,"green, creamy-greenish, or yellowish-white",NA,NA,"4-5",NA,"0.8-1",NA,NA,"yes",NA,NA,NA,NA,NA,"legume","15-45","15-25",NA,"globose, cylindric, subfalcate",NA,NA,NA,NA,"7-8.5","5-6","2.5-3","ovoid-compressed","brown","same","yes","no",NA
"Strombocarpa_ferox","High","Burkart, A. (1976). A monograph of the genus Prosopis (Leguminosae subfam. Mimosoideae). Journal of the Arnold arboretum, 450-525.","https://www.dropbox.com/s/0xd0020j6z6shza/Burkart-1976-A%20monograph%20of%20the%20genus%20Prosopis%20%28Leguminosae%20subfam.%20Mimosoideae%29.pdf?dl=4","manual",NA,"shrub, tree","2-5 (7)",NA,"yes",NA,"yes","15-50",NA,"15-50",NA,NA,"1-3",NA,NA,NA,NA,"10-40",NA,NA,"9-18","3.5-8","1-1.5","linear-oblong, broad",NA,"mucronate",NA,NA,NA,"20-60",NA,NA,"spike, pedunculate",NA,NA,"1-2",NA,NA,NA,"5-6",NA,NA,NA,NA,NA,NA,NA,NA,NA,NA,NA,NA,NA,NA,NA,NA,"legume","25-70","10-18",NA,"cylindric, straight, slightly falcate-incurved, not laterally coiled","globose","obtuse, mucronate","straw yellow",NA,"4.5-6",NA,NA,"compressed, ovate",NA,"same","yes",NA,NA
"Neltuma_flexuosa","High","Burkart, A. (1976). A monograph of the genus Prosopis (Leguminosae subfam. Mimosoideae). Journal of the Arnold arboretum, 450-525.","https://www.dropbox.com/s/0xd0020j6z6shza/Burkart-1976-A%20monograph%20of%20the%20genus%20Prosopis%20%28Leguminosae%20subfam.%20Mimosoideae%29.pdf?dl=5","manual",NA,"trees, large erect polypodial shrubs","3-10","decidous",NA,NA,"yes","30-40",NA,"30-40",NA,NA,"60-75",NA,NA,NA,NA,"50-130",NA,NA,"12-29","4-15","1-2","obtuse, subacute, cunate, parallel-margined",NA,NA,NA,NA,NA,"40-140",NA,NA,"racemes, spiciform",NA,NA,NA,NA,NA,NA,NA,NA,NA,NA,NA,NA,NA,NA,NA,NA,NA,NA,NA,NA,NA,NA,NA,"legume","50-280","7-12",NA,"subcompressed, submoniliaform, margins undulate",NA,NA,"straw-yellow, tinged with violet to nearly black violet",NA,NA,NA,NA,NA,NA,"same","yes",NA,NA
"Neltuma_hassleri","High","Burkart, A. (1976). A monograph of the genus Prosopis (Leguminosae subfam. Mimosoideae). Journal of the Arnold arboretum, 450-525.","https://www.dropbox.com/s/0xd0020j6z6shza/Burkart-1976-A%20monograph%20of%20the%20genus%20Prosopis%20%28Leguminosae%20subfam.%20Mimosoideae%29.pdf?dl=6","manual",NA,"tree","6-10",NA,NA,"no",NA,NA,NA,NA,NA,NA,"12-40",NA,NA,NA,NA,"50-190",NA,NA,"6-26","8-40","1.8-7 (16)","ovate-oblong, oblong, obtuse, subacute",NA,NA,NA,"10","0.5-0.8","60-120",NA,NA,"spikelike racemes",NA,NA,NA,NA,NA,NA,NA,NA,NA,NA,"white",NA,NA,NA,NA,NA,NA,NA,NA,NA,NA,NA,NA,"legume","140-240","12-15",NA,"subfalcate, nearly straight, compressed, sutures parallel, sutures slightly undulate, acuminate, flat, subquadrate segmented, rectangular segmented, broader than long segments",NA,NA,"straw-yellow",NA,NA,NA,NA,NA,NA,"same","yes","no",NA
"Neltuma_laevigata","High","Burkart, A. (1976). A monograph of the genus Prosopis (Leguminosae subfam. Mimosoideae). Journal of the Arnold arboretum, 450-525.","https://www.dropbox.com/s/0xd0020j6z6shza/Burkart-1976-A%20monograph%20of%20the%20genus%20Prosopis%20%28Leguminosae%20subfam.%20Mimosoideae%29.pdf?dl=7","manual",NA,"tree","6-7",NA,NA,NA,NA,NA,NA,NA,NA,NA,"3-25",NA,NA,NA,NA,"25-120",NA,NA,"20-30","(2.5) 5-10 (15)","1.1-3","linear-oblong, obtuse",NA,NA,NA,NA,NA,"40-100",NA,NA,"racemes, spiciform",NA,NA,"1",NA,NA,NA,"3-4",NA,NA,"greenish-white",NA,NA,NA,NA,NA,NA,NA,NA,NA,NA,NA,NA,NA,"legume","90-170","7-14",NA,"linear, straight, slightly curved, submoniliform, compressed, transection rectangular, transection rounded at maturity, margins undulate, segments rounded-subquadrate, segments shorter than broad",NA,"acumen","yellow, violet-tinged",NA,NA,NA,NA,"longitudinal",NA,"same","yes","no",NA
"Neltuma_nigra","High","Burkart, A. (1976). A monograph of the genus Prosopis (Leguminosae subfam. Mimosoideae). Journal of the Arnold arboretum, 450-525.","https://www.dropbox.com/s/0xd0020j6z6shza/Burkart-1976-A%20monograph%20of%20the%20genus%20Prosopis%20%28Leguminosae%20subfam.%20Mimosoideae%29.pdf?dl=8","manual",NA,"tree","4-10 (16)",NA,NA,NA,NA,NA,NA,NA,NA,NA,NA,NA,NA,NA,NA,"50-100",NA,NA,"20-30","4-7","1.2","oblong-elliptic, obtuse",NA,NA,NA,NA,NA,"70-90",NA,NA,"spikelike racemes",NA,NA,NA,NA,NA,NA,"3",NA,NA,"greenish white, yellow",NA,NA,NA,NA,NA,NA,NA,NA,NA,NA,NA,NA,NA,"legume","100-160","7-9",NA,"straight, slightly subfalcate, thick, somewhat compressed, submoniliform, segments obliquely subquadrate",NA,NA,"yellow, tinged with violet when ripe",NA,"5-7.5",NA,NA,"ovate",NA,"same","yes","no",NA
"Strombocarpa_palmeri","High","Burkart, A. (1976). A monograph of the genus Prosopis (Leguminosae subfam. Mimosoideae). Journal of the Arnold arboretum, 450-525.","https://www.dropbox.com/s/0xd0020j6z6shza/Burkart-1976-A%20monograph%20of%20the%20genus%20Prosopis%20%28Leguminosae%20subfam.%20Mimosoideae%29.pdf?dl=9","manual",NA,"shrub, tree","1.2-6 (7.5)","perennial","yes",NA,"yes","5-35",NA,"5-35",NA,NA,"≤ 5",NA,NA,NA,NA,"20-30",NA,NA,"3-10","4-8","2-3","elliptic-oblong, obtuse, mucronate, tending to obovate",NA,NA,NA,"15",NA,"35-60",NA,NA,"spikes, slender","spikes axillary",NA,"1.3-2.3",NA,NA,"5","4.5-6",NA,NA,"bright-yellow, lemon-yellow",NA,NA,"10-12",NA,"0.8-1.5",NA,NA,"yes",NA,NA,NA,NA,NA,"legume","40-90","8-10",NA,"straight, falcate, almost terete to compressed","cuneate","obtuse, mucronate","reddish-brown",NA,"6-7",NA,NA,"oblique, oblong","brown","same","yes","no",NA
"Strombocarpa_pubescens","High","Burkart, A. (1976). A monograph of the genus Prosopis (Leguminosae subfam. Mimosoideae). Journal of the Arnold arboretum, 450-525.","https://www.dropbox.com/s/0xd0020j6z6shza/Burkart-1976-A%20monograph%20of%20the%20genus%20Prosopis%20%28Leguminosae%20subfam.%20Mimosoideae%29.pdf?dl=10","manual",NA,"shrub, tree","2-10",NA,NA,NA,"yes","2-20",NA,"2-20",NA,NA,NA,NA,NA,NA,NA,NA,NA,NA,"5-9","4-12","2-4","elliptic-oblong","subacute",NA,NA,"10-15",NA,"50-80",NA,NA,"spikes, simple, elongate","spikes axillary",NA,"0.7-1.2",NA,NA,NA,"2-3",NA,NA,"yellow",NA,NA,"4-5",NA,"0.5-0.8",NA,NA,NA,NA,NA,NA,NA,NA,NA,"25-55","5-6",NA,"8-24 dense closely set spirals, cyclindrical",NA,NA,"yellow",NA,"3-3.5",NA,NA,"reniform-ovoid",NA,"same","yes","no",NA
"Strombocarpa_reptans","High","Burkart, A. (1976). A monograph of the genus Prosopis (Leguminosae subfam. Mimosoideae). Journal of the Arnold arboretum, 450-525.","https://www.dropbox.com/s/0xd0020j6z6shza/Burkart-1976-A%20monograph%20of%20the%20genus%20Prosopis%20%28Leguminosae%20subfam.%20Mimosoideae%29.pdf?dl=11","manual",NA,"shrub",NA,NA,NA,NA,NA,NA,NA,NA,NA,NA,NA,NA,NA,NA,NA,NA,NA,NA,NA,NA,NA,NA,NA,NA,NA,NA,NA,NA,NA,NA,"head, globose","head axillary,",NA,NA,NA,NA,NA,NA,NA,NA,NA,NA,NA,NA,NA,NA,NA,NA,NA,NA,NA,NA,NA,NA,NA,"50","7",NA,"close, dense, regular, numerous (upto 19) spirals, forming a cylindrical body",NA,NA,"yellow",NA,NA,NA,NA,NA,NA,"same","yes","no",NA
"Neltuma_ruscifolia","High","Burkart, A. (1976). A monograph of the genus Prosopis (Leguminosae subfam. Mimosoideae). Journal of the Arnold arboretum, 450-525.","https://www.dropbox.com/s/0xd0020j6z6shza/Burkart-1976-A%20monograph%20of%20the%20genus%20Prosopis%20%28Leguminosae%20subfam.%20Mimosoideae%29.pdf?dl=12","manual",NA,"tree","5-12",NA,NA,NA,NA,NA,NA,NA,NA,NA,"10-75",NA,NA,NA,NA,NA,NA,NA,"2-5","(20) 40-100","7-25 (38)","lance-ovate, more or less acute, broad",NA,NA,NA,"15","1-2.2","80-150",NA,NA,"racemes, spikelike",NA,NA,"1-1.5",NA,NA,NA,"3-4",NA,NA,"greenish-yellow",NA,NA,"5-7",NA,NA,NA,NA,NA,NA,NA,NA,NA,NA,"legume","130-290","9-11",NA,"slender, compressed, submoniliform, subfalcate, straight, S-shaped",NA,"acuminate",NA,NA,NA,NA,NA,"margins undulate","straw-colored, violet-tinged","same","yes","no",NA
"Neltuma_sericantha","High","Burkart, A. (1976). A monograph of the genus Prosopis (Leguminosae subfam. Mimosoideae). Journal of the Arnold arboretum, 450-525.","https://www.dropbox.com/s/0xd0020j6z6shza/Burkart-1976-A%20monograph%20of%20the%20genus%20Prosopis%20%28Leguminosae%20subfam.%20Mimosoideae%29.pdf?dl=13","manual",NA,"shrub","0.3-2.5 (3.5)","aphyllous",NA,NA,"-","-","-","-","-","0","0","-","0","-","0","0","0","-","0","0","0","aphyllous","aphyllous","aphyllous","-",NA,"1.6","15-40",NA,NA,"spikelike racemes",NA,NA,NA,NA,NA,NA,NA,NA,NA,"red",NA,NA,NA,NA,NA,NA,NA,NA,NA,NA,NA,NA,NA,NA,"70-140","8-13","6-7","linear, more slender",NA,NA,NA,NA,NA,NA,NA,"compressed, subquadrate","reddish","same","yes","no",NA
"Strombocarpa_strombulifera","High","Burkart, A. (1976). A monograph of the genus Prosopis (Leguminosae subfam. Mimosoideae). Journal of the Arnold arboretum, 450-525.","https://www.dropbox.com/s/0xd0020j6z6shza/Burkart-1976-A%20monograph%20of%20the%20genus%20Prosopis%20%28Leguminosae%20subfam.%20Mimosoideae%29.pdf?dl=14","manual",NA,"shrub","0.15-1.5 (3)",NA,NA,NA,"yes","1-20",NA,"1-20",NA,NA,"2-15",NA,NA,NA,NA,"10-30",NA,NA,"3-8","2-9","0.8-2","oblong, obtuse",NA,NA,NA,"15-50",NA,NA,NA,"15","globose",NA,NA,"1.5-2.2",NA,NA,NA,"3-4",NA,NA,"yellow","red",NA,NA,NA,NA,NA,NA,NA,NA,NA,NA,NA,NA,NA,"18-52","6-10",NA,"straight cylindrical bodies, 8-17 dense closed regular coils (like corkscrews) each 3-5 mm",NA,NA,"lemon-yellow",NA,"4.5-5.4",NA,NA,"ovate","grayish green","same","yes","no",NA
"Strombocarpa_tamarugo","High","Burkart, A. (1976). A monograph of the genus Prosopis (Leguminosae subfam. Mimosoideae). Journal of the Arnold arboretum, 450-525.","https://www.dropbox.com/s/0xd0020j6z6shza/Burkart-1976-A%20monograph%20of%20the%20genus%20Prosopis%20%28Leguminosae%20subfam.%20Mimosoideae%29.pdf?dl=15","manual",NA,"tree","18",NA,NA,NA,"yes","5-38",NA,"5-38",NA,NA,NA,NA,NA,NA,NA,"30-40",NA,NA,"10-15","4-8",NA,"linear, obtuse, subacute",NA,NA,NA,NA,NA,"35-65",NA,NA,"spikes","spikes axillary",NA,"1.5",NA,NA,NA,"4-5",NA,NA,NA,NA,NA,NA,NA,NA,NA,NA,NA,NA,NA,NA,NA,NA,"legume",NA,"20-35","7-10","cylindric-subtorulose, strongly incurved, falcate, ring-shaped",NA,NA,"straw-yellow, clear brown",NA,"3-4.3",NA,NA,"ovate","brown","same","yes","no",NA
"Neltuma_palmeri","High","Burkart, A. (1976). A monograph of the genus Prosopis (Leguminosae subfam. Mimosoideae). Journal of the Arnold arboretum, 450-525.","https://www.dropbox.com/s/0xd0020j6z6shza/Burkart-1976-A%20monograph%20of%20the%20genus%20Prosopis%20%28Leguminosae%20subfam.%20Mimosoideae%29.pdf?dl=16","manual",NA,"tree",NA,NA,NA,NA,NA,NA,NA,NA,NA,NA,NA,NA,NA,NA,NA,"25-40",NA,NA,"(15) 20-29","2.8-5 (7)","1-1.8","oblong, obtuse",NA,NA,NA,NA,"0.5-0.8","50-80",NA,NA,"racemes",NA,NA,"1-1.5",NA,NA,NA,"3-3.5",NA,NA,"greenish-white",NA,NA,"5-6",NA,NA,NA,NA,NA,NA,NA,NA,NA,NA,"legume","80-130","6-8",NA,"straight, broad, linear, compressed-submoniliform","stipe","acumen","straw-yellow",NA,"5-5.5",NA,NA,"ovate, compressed","brown","same","yes","no",NA
"Strombocarpa_torquata","High","Burkart, A. (1976). A monograph of the genus Prosopis (Leguminosae subfam. Mimosoideae). Journal of the Arnold arboretum, 450-525.","https://www.dropbox.com/s/0xd0020j6z6shza/Burkart-1976-A%20monograph%20of%20the%20genus%20Prosopis%20%28Leguminosae%20subfam.%20Mimosoideae%29.pdf?dl=17","manual",NA,"shrub, tree","1-5",NA,NA,NA,"yes","1-55",NA,"1-55",NA,NA,"1-4",NA,NA,NA,NA,"5-35",NA,NA,"14-30","2-4","0.6-0.8","oblong, obtuse, subacute",NA,NA,NA,"10",NA,"30-80",NA,NA,"spikes, ovoid, cylindric","spikes axillary",NA,"1.5",NA,NA,NA,"3-4",NA,NA,"yellow",NA,NA,NA,NA,NA,NA,NA,NA,NA,NA,NA,"4",NA,NA,NA,NA,NA,"irregular spirals rather open",NA,NA,NA,NA,NA,NA,NA,NA,NA,"same","yes","no",NA
"Marlimorimia_psilostachya","High","Lewis GP, Lima MPM (1991) Pseudopiptadenia Rauschert no Brasil (Leguminosae- Mimosoideae). Arquivos do Jardim Bot‚àö¬¢nico do Rio de Janeiro 30: 43‚Äö√Ñ√¨67","https://www.dropbox.com/s/rrgajk0q8x74z72/Lewis_et_Lima-1991-Pseudopiptadenia%20no%20Brasil.pdf?dl=0","manual","Portuguese -Leo",NA,NA,NA,NA,NA,NA,NA,NA,NA,NA,NA,NA,NA,NA,NA,NA,NA,NA,NA,NA,NA,NA,NA,NA,NA,NA,NA,NA,NA,NA,NA,NA,NA,NA,NA,NA,NA,NA,NA,NA,NA,NA,NA,NA,NA,NA,NA,NA,NA,NA,NA,NA,NA,NA,NA,NA,NA,NA,NA,NA,NA,NA,NA,NA,NA,NA,NA,NA,NA,NA,NA,NA,NA
"Pityrocarpa_schumanniana","High","Lewis GP, Lima MPM (1991) Pseudopiptadenia Rauschert no Brasil (Leguminosae- Mimosoideae). Arquivos do Jardim Bot‚àö¬¢nico do Rio de Janeiro 30: 43‚Äö√Ñ√¨68","https://www.dropbox.com/s/rrgajk0q8x74z72/Lewis_et_Lima-1991-Pseudopiptadenia%20no%20Brasil.pdf?dl=0","manual","Portuguese -Leo",NA,NA,NA,NA,NA,NA,NA,NA,NA,NA,NA,NA,NA,NA,NA,NA,NA,NA,NA,NA,NA,NA,NA,NA,NA,NA,NA,NA,NA,NA,NA,NA,NA,NA,NA,NA,NA,NA,NA,NA,NA,NA,NA,NA,NA,NA,NA,NA,NA,NA,NA,NA,NA,NA,NA,NA,NA,NA,NA,NA,NA,NA,NA,NA,NA,NA,NA,NA,NA,NA,NA,NA,NA
"Pseudoprosopis_euryphylla","High","Brenan, J. P. M. (1959). Mimosoideae. In: Fl. Trop. East Africa. Hubbard & Milne-Redhead ou https://www.biodiversitylibrary.org/item/714#page/469/mode/1up","https://plants.jstor.org/search?ff=ps_repository_name_str__ps_collection_name_str&fq=cHNfdHlwZTooIlJlZmVyZW5jZSBTb3VyY2VzIik%3D&filter=name&so=ps_group_by_genus_species+asc&Query=Pseudoprosopis+euryphylla","manual","Traits on two floras, check which is more complete","shrub, tree","3-6",NA,NA,NA,NA,NA,NA,NA,NA,NA,"5-29",NA,"17-70",NA,"2-4",NA,NA,NA,"4-9","(5-)7-21","(3-)6-15","wide, rhombic-ovate, obovate, rounded, slightly emarginate",NA,"mucronate",NA,"7-28","1.5-4","20-65",NA,NA,"racemes",NA,NA,"0.75-1",NA,NA,NA,"2.5-3",NA,NA,"white",NA,NA,"4-5.5",NA,NA,NA,NA,NA,NA,NA,NA,NA,NA,"pod","70-110","13-18",NA,NA,NA,"attenuate below","blackish",NA,"~8","~5-7",NA,NA,NA,"https://plants.jstor.org/stable/10.5555/al.ap.flora.ftea000625?searchUri=ff%3Dps_repository_name_str__ps_collection_name_str%26fq%3DcHNfdHlwZTooIlJlZmVyZW5jZSBTb3VyY2VzIik%253D%26filter%3Dname%26so%3Dps_group_by_genus_species%2Basc%26Query%3DPseudoprosopis%2Beuryphylla","yes",NA,"https://plants.jstor.org/stable/10.5555/al.ap.flora.ftea000625?searchUri=ff%3Dps_repository_name_str__ps_collection_name_str%26fq%3DcHNfdHlwZTooIlJlZmVyZW5jZSBTb3VyY2VzIik%253D%26filter%3Dname%26so%3Dps_group_by_genus_species%2Basc%26Query%3DPseudoprosopis%2Beuryphylla"
"Pseudoprosopis_fischeri","High","Brenan, J. P. M. (1959). Mimosoideae. In: Fl. Trop. East Africa. Hubbard & Milne-Redhead ou https://www.biodiversitylibrary.org/item/714#page/469/mode/1up","https://plants.jstor.org/search?filter=name&so=ps_group_by_genus_species+asc&Query=Pseudoprosopis+fischeri","manual","Traits on two floras, check which is more complete","shrub, tree","3-6",NA,NA,NA,NA,NA,NA,NA,NA,NA,"5-25",NA,"15-75",NA,"3-5(-7)",NA,NA,NA,"7-15","5-14(19)","2.5-5.5(8)","oblong-elliptic",NA,"rounded, slightly emarginate, mucronate",NA,"3-10","1.5-5(7)","(20)40-130",NA,NA,NA,NA,NA,"1-1.5",NA,NA,NA,"3.5-5",NA,NA,"cream",NA,NA,"5-8",NA,NA,NA,NA,NA,NA,NA,NA,NA,NA,"pod","85-160","13-22",NA,NA,NA,"attenuate below","blackish",NA,"10-12","7-9",NA,NA,NA,"same/both","yes",NA,"I used both of the resources"
"Pseudoprosopis_gilletii","High","Villiers, J. F. (1983). Le genre Pseudoprosopis Harms (Mimosaceae) en Afrique. Bulletin du Jardin botanique national de Belgique/Bulletin van de Nationale Plantentuin van Belgie, 417-436.","https://www.jstor.org/stable/3667801?casa_token=5i8yRyQj2BcAAAAA%3A7x4AXnFgaaDoEki98K87pCK437Tx29qeu4P0ij7tKNWyrtInGs-OYbM-lnqHdSek-0p-M4xQ07dIV3eZK1zSmneHT96Zy5M4-XaDbEMqhMji86NVHaI","manual","Leo",NA,NA,NA,NA,NA,NA,NA,NA,NA,NA,NA,NA,NA,NA,NA,NA,NA,NA,NA,NA,NA,NA,NA,NA,NA,NA,NA,NA,NA,NA,NA,NA,NA,NA,NA,NA,NA,NA,NA,NA,NA,NA,NA,NA,NA,NA,NA,NA,NA,NA,NA,NA,NA,NA,NA,NA,NA,NA,NA,NA,NA,NA,NA,NA,NA,NA,NA,NA,NA,NA,NA,NA,NA
"Osodendron_dinklagei","High","Barneby, R.C. and Grimes, J., 1996. Silk tree, guanacaste, monkey's earring: a generic system of the synandrous Mimosaceae of the Americas. Part I. Abarema, Albizia, and allies. Memoirs of the New York Botanical Garden, 74(1).","https://www.dropbox.com/s/omtdhf8ghyz5gpq/Barneby_and_Grimes-1996-Silk%20Tree%2C%20Guanacaste%2C%20Monkey%27s%20Earring%20-%20Part%20I.pdf?dl=12","automatic",NA,"tree","15-24",NA,NA,NA,NA,NA,NA,NA,NA,NA,NA,NA,NA,"yes","20-30",NA,NA,"yes","≤40","3-4",NA,"linear","auriculate on one side",NA,NA,"20-40",NA,NA,NA,NA,NA,NA,NA,NA,NA,NA,NA,NA,NA,NA,NA,NA,"14-16",NA,NA,NA,NA,NA,NA,NA,NA,NA,NA,NA,NA,"130-170","20-22 (25)",NA,"more or less straight",NA,NA,NA,NA,NA,NA,NA,NA,NA,"https://ia903405.us.archive.org/21/items/FloraOfWestTropi00hutc/FloraOfWestTropicalAfrica-JohnHutchinson.pdf and https://plants.jstor.org/stable/10.5555/al.ap.flora.fwta2844","yes",NA,"found"
"Schleinitzia_insularum","High","Check note in Nielsen, I.C. (1992). Mimosaceae (Leguminosae-Mimosoideae). Flora Malesiana - Series 1, Spermatophyta, 11(1), 1‚Äö√Ñ√¨226.",NA,"manual",NA,"tree","4.5-25 (30)",NA,NA,NA,"no",NA,NA,"1-4.5",NA,NA,"20-38","yes","110-200",NA,"(13) 17-24 (30)","25-40",NA,NA,"(25) 40-50 (65)","2-5 (6)","0.5-1 (2)","oblong","asymmetrically truncate","rounded","yes","15-25",NA,NA,NA,NA,"pedunculate glomerules","axillary pedunculate glomerules","5","1.5-1.7","0.2-0.3",NA,"5 (7)","1.7-2.2",NA,NA,NA,"pink, violet, green","(8) 10",NA,"light purple","6",NA,"yellow","yes",NA,"1-1.5",NA,NA,NA,"pod","(35) 45-75 (95)","14-20",NA,"straight, oblong",NA,NA,"red-brown, black",NA,"3.5","2-3","1","irregularly elliptic, obovate, oblong","blacklish, ±glossy","same","yes","no",NA
"Senegalia_alemquerensis","High","Rico-Arce, L. 2007. American species of Acacia. Conabio.","Print only (Leo has a copy)","manual",NA,NA,NA,NA,NA,NA,NA,NA,NA,NA,NA,NA,NA,NA,NA,NA,NA,NA,NA,NA,NA,NA,NA,NA,NA,NA,NA,NA,NA,NA,NA,NA,NA,NA,NA,NA,NA,NA,NA,NA,NA,NA,NA,NA,NA,NA,NA,NA,NA,NA,NA,NA,NA,NA,NA,NA,NA,NA,NA,NA,NA,NA,NA,NA,NA,NA,NA,NA,NA,NA,NA,NA,NA,NA
"Senegalia_altiscandens","High","Rico-Arce, L. 2007. American species of Acacia. Conabio.","Print only (Leo has a copy)","manual",NA,NA,NA,NA,NA,NA,NA,NA,NA,NA,NA,NA,NA,NA,NA,NA,NA,NA,NA,NA,NA,NA,NA,NA,NA,NA,NA,NA,NA,NA,NA,NA,NA,NA,NA,NA,NA,NA,NA,NA,NA,NA,NA,NA,NA,NA,NA,NA,NA,NA,NA,NA,NA,NA,NA,NA,NA,NA,NA,NA,NA,NA,NA,NA,NA,NA,NA,NA,NA,NA,NA,NA,NA,NA
"Senegalia_amazonica","High","Rico-Arce, L. 2007. American species of Acacia. Conabio.","Print only (Leo has a copy)","manual",NA,NA,NA,NA,NA,NA,NA,NA,NA,NA,NA,NA,NA,NA,NA,NA,NA,NA,NA,NA,NA,NA,NA,NA,NA,NA,NA,NA,NA,NA,NA,NA,NA,NA,NA,NA,NA,NA,NA,NA,NA,NA,NA,NA,NA,NA,NA,NA,NA,NA,NA,NA,NA,NA,NA,NA,NA,NA,NA,NA,NA,NA,NA,NA,NA,NA,NA,NA,NA,NA,NA,NA,NA,NA
"Senegalia_bahiensis","High","Barros, M. J. F., & Morim, M. P. (2014). Senegalia (Leguminosae, Mimosoideae) from the Atlantic Domain, Brazil. Systematic Botany, 39(2), 452-477.","https://www.dropbox.com/scl/fi/urp7ngnejiml22g3tc9f0/Barros_and_Morim-2014-Senegalia-Leguminosae-Mimosoideae-from-the-Atlantic-Domain-Brazil.pdf?rlkey=uce08qo0blhxn1q3jnyxk3jmo&dl=0","manual",NA,"tree, shrub","2.5-11",NA,NA,NA,NA,NA,NA,"12-20","5-20",NA,"20-25","yes","45-160","yes","8-10",NA,NA,NA,"7-20","5-20","2-7","linear-oblong","truncate","acuminate","yes",NA,"~0.5",NA,NA,NA,"capitate","panicles",NA,"3.8-4.2",NA,NA,NA,"4-6",NA,NA,NA,NA,NA,NA,NA,NA,NA,NA,NA,NA,NA,NA,NA,NA,"legume","100-150","20-23",NA,"slightly falcate",NA,NA,NA,"6-11","10-11","8-9",NA,NA,NA,"same","yes",NA,NA
"Senegalia_emilioana","High","Rico-Arce, L. 2007. American species of Acacia. Conabio.","Print only (Leo has a copy)","manual",NA,NA,NA,NA,NA,NA,NA,NA,NA,NA,NA,NA,NA,NA,NA,NA,NA,NA,NA,NA,NA,NA,NA,NA,NA,NA,NA,NA,NA,NA,NA,NA,NA,NA,NA,NA,NA,NA,NA,NA,NA,NA,NA,NA,NA,NA,NA,NA,NA,NA,NA,NA,NA,NA,NA,NA,NA,NA,NA,NA,NA,NA,NA,NA,NA,NA,NA,NA,NA,NA,NA,NA,NA,NA
"Senegalia_etilis","High","Cialdella, A. M. (1984). El género Acacia (Leguminosae) en la Argentina. Darwiniana, 59-111.","https://www.dropbox.com/scl/fi/mkaha9g6jw2jzi3b7mu11/Cialdella-1984-El-g-nero-Acacia-Leguminosae-en-la-Argentina.pdf?rlkey=pf33iosuu6uokig68cwmo31f6&dl=0","manual","Spanish",NA,NA,NA,NA,NA,NA,NA,NA,NA,NA,NA,NA,NA,NA,NA,NA,NA,NA,NA,NA,NA,NA,NA,NA,NA,NA,NA,NA,NA,NA,NA,NA,NA,NA,NA,NA,NA,NA,NA,NA,NA,NA,NA,NA,NA,NA,NA,NA,NA,NA,NA,NA,NA,NA,NA,NA,NA,NA,NA,NA,NA,NA,NA,NA,NA,NA,NA,NA,NA,NA,NA,NA,NA
"Pseudosenegalia_feddeana","High","Rico-Arce, L. 2007. American species of Acacia. Conabio.","Print only (Leo has a copy)","manual",NA,NA,NA,NA,NA,NA,NA,NA,NA,NA,NA,NA,NA,NA,NA,NA,NA,NA,NA,NA,NA,NA,NA,NA,NA,NA,NA,NA,NA,NA,NA,NA,NA,NA,NA,NA,NA,NA,NA,NA,NA,NA,NA,NA,NA,NA,NA,NA,NA,NA,NA,NA,NA,NA,NA,NA,NA,NA,NA,NA,NA,NA,NA,NA,NA,NA,NA,NA,NA,NA,NA,NA,NA,NA
"Senegalia_gilliesii","High","Rico-Arce, L. 2007. American species of Acacia. Conabio.","Print only (Leo has a copy)","manual",NA,NA,NA,NA,NA,NA,NA,NA,NA,NA,NA,NA,NA,NA,NA,NA,NA,NA,NA,NA,NA,NA,NA,NA,NA,NA,NA,NA,NA,NA,NA,NA,NA,NA,NA,NA,NA,NA,NA,NA,NA,NA,NA,NA,NA,NA,NA,NA,NA,NA,NA,NA,NA,NA,NA,NA,NA,NA,NA,NA,NA,NA,NA,NA,NA,NA,NA,NA,NA,NA,NA,NA,NA,NA
"Senegalia_kuhlmannii","High","Rico-Arce, L. 2007. American species of Acacia. Conabio.","Print only (Leo has a copy)","manual",NA,NA,NA,NA,NA,NA,NA,NA,NA,NA,NA,NA,NA,NA,NA,NA,NA,NA,NA,NA,NA,NA,NA,NA,NA,NA,NA,NA,NA,NA,NA,NA,NA,NA,NA,NA,NA,NA,NA,NA,NA,NA,NA,NA,NA,NA,NA,NA,NA,NA,NA,NA,NA,NA,NA,NA,NA,NA,NA,NA,NA,NA,NA,NA,NA,NA,NA,NA,NA,NA,NA,NA,NA,NA
"Senegalia_lacerans","High","Barros, M. J. F., & Morim, M. P. (2014). Senegalia (Leguminosae, Mimosoideae) from the Atlantic Domain, Brazil. Systematic Botany, 39(2), 452-477.","https://www.dropbox.com/scl/fi/urp7ngnejiml22g3tc9f0/Barros_and_Morim-2014-Senegalia-Leguminosae-Mimosoideae-from-the-Atlantic-Domain-Brazil.pdf?rlkey=uce08qo0blhxn1q3jnyxk3jmo&dl=0","manual",NA,"lianas","~7",NA,NA,"yes",NA,NA,NA,"0.7-0.8",NA,NA,"20-30","yes","50-150","yes","11-24",NA,NA,NA,"27-70","0.9-5","0.5-1","linear","truncate","acute","yes",NA,NA,NA,NA,NA,NA,NA,NA,"2-3",NA,NA,NA,"3-4.5",NA,NA,NA,NA,NA,NA,NA,NA,NA,NA,NA,NA,NA,NA,NA,NA,"legume","80-140","17-25",NA,"straight, slightly falcate",NA,"dilated",NA,NA,"6-11","5-8",NA,"orbicular, ellipsoid",NA,"same","yes",NA,NA
"Senegalia_langsdorffii","High","Queiroz 2009 Leguminosas da Caatinga","https://www.dropbox.com/scl/fi/qk6ey4zpxofau9h5s2n0j/Queiroz-2009-Leguminosas-da-Caatinga.pdf?rlkey=3rqc8r1orviabyippll3bjvcg&dl=0","manual","Portuguese",NA,NA,NA,NA,NA,NA,NA,NA,NA,NA,NA,NA,NA,NA,NA,NA,NA,NA,NA,NA,NA,NA,NA,NA,NA,NA,NA,NA,NA,NA,NA,NA,NA,NA,NA,NA,NA,NA,NA,NA,NA,NA,NA,NA,NA,NA,NA,NA,NA,NA,NA,NA,NA,NA,NA,NA,NA,NA,NA,NA,NA,NA,NA,NA,NA,NA,NA,NA,NA,NA,NA,NA,NA
"Senegalia_loretensis","High","Rico-Arce, L. 2007. American species of Acacia. Conabio.","Print only (Leo has a copy)","manual",NA,NA,NA,NA,NA,NA,NA,NA,NA,NA,NA,NA,NA,NA,NA,NA,NA,NA,NA,NA,NA,NA,NA,NA,NA,NA,NA,NA,NA,NA,NA,NA,NA,NA,NA,NA,NA,NA,NA,NA,NA,NA,NA,NA,NA,NA,NA,NA,NA,NA,NA,NA,NA,NA,NA,NA,NA,NA,NA,NA,NA,NA,NA,NA,NA,NA,NA,NA,NA,NA,NA,NA,NA,NA
"Senegalia_mattogrossensis","High",NA,NA,"manual",NA,NA,NA,NA,NA,NA,NA,NA,NA,NA,NA,NA,NA,NA,NA,NA,NA,NA,NA,NA,NA,NA,NA,NA,NA,NA,NA,NA,NA,NA,NA,NA,NA,NA,NA,NA,NA,NA,NA,NA,NA,NA,NA,NA,NA,NA,NA,NA,NA,NA,NA,NA,NA,NA,NA,NA,NA,NA,NA,NA,NA,NA,NA,NA,NA,NA,NA,NA,NA,NA,NA,NA,NA,NA
"Parasenegalia_miersii","High","Barros, M. J. F., & Morim, M. P. (2014). Senegalia (Leguminosae, Mimosoideae) from the Atlantic Domain, Brazil. Systematic Botany, 39(2), 452-477.","https://www.dropbox.com/scl/fi/urp7ngnejiml22g3tc9f0/Barros_and_Morim-2014-Senegalia-Leguminosae-Mimosoideae-from-the-Atlantic-Domain-Brazil.pdf?rlkey=uce08qo0blhxn1q3jnyxk3jmo&dl=0","manual",NA,NA,NA,NA,NA,NA,NA,NA,NA,NA,NA,NA,NA,NA,NA,NA,NA,NA,NA,NA,NA,NA,NA,NA,NA,NA,NA,NA,NA,NA,NA,NA,NA,NA,NA,NA,NA,NA,NA,NA,NA,NA,NA,NA,NA,NA,NA,NA,NA,NA,NA,NA,NA,NA,NA,NA,NA,NA,NA,NA,NA,NA,NA,NA,NA,NA,NA,NA,NA,NA,NA,NA,NA,NA
"Senegalia_nitidifolia","High","Barros, M. J. F., & Morim, M. P. (2014). Senegalia (Leguminosae, Mimosoideae) from the Atlantic Domain, Brazil. Systematic Botany, 39(2), 452-477.","https://www.dropbox.com/scl/fi/urp7ngnejiml22g3tc9f0/Barros_and_Morim-2014-Senegalia-Leguminosae-Mimosoideae-from-the-Atlantic-Domain-Brazil.pdf?rlkey=uce08qo0blhxn1q3jnyxk3jmo&dl=0","manual",NA,"shrubs, lianes","15",NA,NA,NA,NA,NA,NA,"2.2-2.5","2-2.2",NA,"15-30","yes","37-130","yes","5-9",NA,NA,NA,"10-23","4-13","2-4","oblong, falcate","truncate","apiculate","yes",NA,"0.7-0.8",NA,NA,NA,"capitate","panicles",NA,"2-2.2",NA,NA,NA,"3.5-4",NA,NA,NA,NA,NA,NA,NA,NA,NA,NA,NA,NA,NA,NA,NA,NA,"legume","120-165","25-30",NA,"straight",NA,NA,NA,NA,"7-9","6-7",NA,"subcircular, ellipsoid",NA,"same","yes",NA,NA
"Senegalia_paraensis","High","Rico-Arce, L. 2007. American species of Acacia. Conabio.","Print only (Leo has a copy)","manual",NA,NA,NA,NA,NA,NA,NA,NA,NA,NA,NA,NA,NA,NA,NA,NA,NA,NA,NA,NA,NA,NA,NA,NA,NA,NA,NA,NA,NA,NA,NA,NA,NA,NA,NA,NA,NA,NA,NA,NA,NA,NA,NA,NA,NA,NA,NA,NA,NA,NA,NA,NA,NA,NA,NA,NA,NA,NA,NA,NA,NA,NA,NA,NA,NA,NA,NA,NA,NA,NA,NA,NA,NA,NA
"Senegalia_parviceps","High","Cialdella, A. M. (1984). El género Acacia (Leguminosae) en la Argentina. Darwiniana, 59-111.","https://www.dropbox.com/scl/fi/mkaha9g6jw2jzi3b7mu11/Cialdella-1984-El-g-nero-Acacia-Leguminosae-en-la-Argentina.pdf?rlkey=pf33iosuu6uokig68cwmo31f6&dl=0","manual","Spanish",NA,NA,NA,NA,NA,NA,NA,NA,NA,NA,NA,NA,NA,NA,NA,NA,NA,NA,NA,NA,NA,NA,NA,NA,NA,NA,NA,NA,NA,NA,NA,NA,NA,NA,NA,NA,NA,NA,NA,NA,NA,NA,NA,NA,NA,NA,NA,NA,NA,NA,NA,NA,NA,NA,NA,NA,NA,NA,NA,NA,NA,NA,NA,NA,NA,NA,NA,NA,NA,NA,NA,NA,NA
"Senegalia_polyphylla","High","Barros, M. J. F., & Morim, M. P. (2014). Senegalia (Leguminosae, Mimosoideae) from the Atlantic Domain, Brazil. Systematic Botany, 39(2), 452-477.","https://www.dropbox.com/scl/fi/urp7ngnejiml22g3tc9f0/Barros_and_Morim-2014-Senegalia-Leguminosae-Mimosoideae-from-the-Atlantic-Domain-Brazil.pdf?rlkey=uce08qo0blhxn1q3jnyxk3jmo&dl=0","manual",NA,"tree, shrub","3-30",NA,NA,"yes",NA,NA,NA,"7","1.2",NA,"28-40","yes","60-150","yes","7-19",NA,NA,NA,"10-35","3-12","1-5","lanceolate, elliptical, falcate","obtuse","acute-acuminate, obtuse-acuminate","yes",NA,NA,NA,NA,NA,"capitate","panicles",NA,"1.5-2.2",NA,NA,NA,"3-4",NA,NA,NA,NA,NA,NA,NA,NA,NA,NA,NA,NA,NA,NA,NA,NA,"legume","115-240","25-45",NA,"straight, slightly falcate, margins sinuous",NA,NA,NA,NA,"10-12","6-8",NA,NA,NA,"same","yes",NA,NA
"Senegalia_praecox","High","Cialdella, A. M. (1984). El género Acacia (Leguminosae) en la Argentina. Darwiniana, 59-111.","https://www.dropbox.com/scl/fi/mkaha9g6jw2jzi3b7mu11/Cialdella-1984-El-g-nero-Acacia-Leguminosae-en-la-Argentina.pdf?rlkey=pf33iosuu6uokig68cwmo31f6&dl=0","manual","Spanish",NA,NA,NA,NA,NA,NA,NA,NA,NA,NA,NA,NA,NA,NA,NA,NA,NA,NA,NA,NA,NA,NA,NA,NA,NA,NA,NA,NA,NA,NA,NA,NA,NA,NA,NA,NA,NA,NA,NA,NA,NA,NA,NA,NA,NA,NA,NA,NA,NA,NA,NA,NA,NA,NA,NA,NA,NA,NA,NA,NA,NA,NA,NA,NA,NA,NA,NA,NA,NA,NA,NA,NA,NA
"Senegalia_pteridifolia","High","Barros, M. J. F., & Morim, M. P. (2014). Senegalia (Leguminosae, Mimosoideae) from the Atlantic Domain, Brazil. Systematic Botany, 39(2), 452-477.","https://www.dropbox.com/scl/fi/urp7ngnejiml22g3tc9f0/Barros_and_Morim-2014-Senegalia-Leguminosae-Mimosoideae-from-the-Atlantic-Domain-Brazil.pdf?rlkey=uce08qo0blhxn1q3jnyxk3jmo&dl=0","manual",NA,"shrubs, lianes","2-5",NA,NA,"yes",NA,NA,NA,NA,NA,NA,"25-60","yes","15-55","no","4(-7)",NA,NA,NA,"14-37(-39)","12-38","3-12","falcate-linear","truncate","oblique-acuminate","yes",NA,"0.7-1",NA,NA,NA,"spicate","panicles",NA,"1.4-2",NA,NA,NA,"2.9-3",NA,NA,NA,NA,NA,NA,NA,NA,NA,NA,NA,NA,NA,NA,NA,NA,"legume","75-105(-230)","17-26(-30)",NA,"straight, slighlty falcate, margins sinuous",NA,NA,NA,NA,"12-15","7-10",NA,"ellipsoid",NA,"same","yes",NA,NA
"Senegalia_rhytidocarpa","High",NA,NA,"manual",NA,NA,NA,NA,NA,NA,NA,NA,NA,NA,NA,NA,NA,NA,NA,NA,NA,NA,NA,NA,NA,NA,NA,NA,NA,NA,NA,NA,NA,NA,NA,NA,NA,NA,NA,NA,NA,NA,NA,NA,NA,NA,NA,NA,NA,NA,NA,NA,NA,NA,NA,NA,NA,NA,NA,NA,NA,NA,NA,NA,NA,NA,NA,NA,NA,NA,NA,NA,NA,NA,NA,NA,NA,NA
"Parasenegalia_skleroxyla","High","Rico-Arce, L. 2007. American species of Acacia. Conabio.","Print only (Leo has a copy)","manual",NA,NA,NA,NA,NA,NA,NA,NA,NA,NA,NA,NA,NA,NA,NA,NA,NA,NA,NA,NA,NA,NA,NA,NA,NA,NA,NA,NA,NA,NA,NA,NA,NA,NA,NA,NA,NA,NA,NA,NA,NA,NA,NA,NA,NA,NA,NA,NA,NA,NA,NA,NA,NA,NA,NA,NA,NA,NA,NA,NA,NA,NA,NA,NA,NA,NA,NA,NA,NA,NA,NA,NA,NA,NA
"Senegalia_velutina","High","Barros, M. J. F., & Morim, M. P. (2014). Senegalia (Leguminosae, Mimosoideae) from the Atlantic Domain, Brazil. Systematic Botany, 39(2), 452-477.","https://www.dropbox.com/scl/fi/urp7ngnejiml22g3tc9f0/Barros_and_Morim-2014-Senegalia-Leguminosae-Mimosoideae-from-the-Atlantic-Domain-Brazil.pdf?rlkey=uce08qo0blhxn1q3jnyxk3jmo&dl=0","manual",NA,"lianes","2-4",NA,NA,"yes",NA,NA,NA,NA,NA,NA,"20-40","yes","35-130","yes","6-12",NA,NA,NA,"14-40","3.7-11","1-2.5","oblong-lanceolate","truncate, asymmetrical","acute, acuminate","yes",NA,"~0.3",NA,NA,NA,"spicate","panicles",NA,"1.5-2.2",NA,NA,NA,"3.3-4",NA,NA,NA,NA,NA,NA,NA,NA,NA,NA,NA,NA,NA,NA,NA,NA,"legume","105-135","20-37",NA,"straight",NA,NA,NA,NA,"13-14","8.5-9",NA,"ellipsoid",NA,"same","yes",NA,NA
"Parasenegalia_visco","High","Cialdella, A. M. (1984). El género Acacia (Leguminosae) en la Argentina. Darwiniana, 59-111.","https://www.dropbox.com/scl/fi/mkaha9g6jw2jzi3b7mu11/Cialdella-1984-El-g-nero-Acacia-Leguminosae-en-la-Argentina.pdf?rlkey=pf33iosuu6uokig68cwmo31f6&dl=0","manual","Spanish",NA,NA,NA,NA,NA,NA,NA,NA,NA,NA,NA,NA,NA,NA,NA,NA,NA,NA,NA,NA,NA,NA,NA,NA,NA,NA,NA,NA,NA,NA,NA,NA,NA,NA,NA,NA,NA,NA,NA,NA,NA,NA,NA,NA,NA,NA,NA,NA,NA,NA,NA,NA,NA,NA,NA,NA,NA,NA,NA,NA,NA,NA,NA,NA,NA,NA,NA,NA,NA,NA,NA,NA,NA
"Serianthes_grandiflora","High","Nielsen, I.C. (1992). Mimosaceae (Leguminosae-Mimosoideae). Flora Malesiana - Series 1, Spermatophyta, 11(1), 1‚Äö√Ñ√¨226.","https://www.dropbox.com/s/2hsx9hy2vv0i7m8/Nielsen-1992-Flora%20Malesiana%20Leguminosae%20Mimosoideae.pdf?dl=23","manual",NA,"tree","≤ 35",NA,NA,NA,NA,NA,NA,NA,NA,NA,"45-100","yes","160-340 (450)",NA,"7-10","40-160",NA,NA,"6-18","(8) 12-29","6-13","trapezoid-oblong, asymmetrical, often emarginate","strongly asymmetrically truncate","broadly rounded","yes",NA,"2-10","≤ 160",NA,NA,NA,NA,NA,"11-15","2-5",NA,NA,"23-32","10-20",NA,NA,"yellow, yellow-brown",NA,"≤ 50","white",NA,NA,NA,NA,NA,NA,NA,NA,NA,"pod","55-180","38-58",NA,"oblong, sometimes slightly twisted, sometimes wider in the distal part, margines slightly raised",NA,NA,"black",NA,"12.5-14.5","6-7.5",NA,"ellipsoid",NA,"same","yes",NA,NA
"Stryphnodendron_adstringens","High","Scalon_etal-2022-A synopsis of the genus Stryphnodendron (Fabaceae, Caesalpinioideae, mimosoid clade)","https://www.dropbox.com/s/zcajjpuidhkk4er/Scalon_etal-2022-A%20synopsis%20of%20the%20genus%20Stryphnodendron%20%28Fabaceae%2C%20Caesalpinioideae%2C%20mimosoid%20clade%29.pdf?dl=0","manual",NA,"tree","(1.5) 2-7 (12)",NA,NA,NA,NA,NA,NA,NA,NA,NA,NA,"yes",NA,NA,"(4) 5-7 (8)",NA,NA,NA,"(3) 5-6 (17)","15-35 (60)","10-25 (60)","ususally ovate, usually widely ovate, sometimes elliptic, usually obovate, usually obcordate, commonly orbicular",NA,NA,"yes",NA,NA,"100-110 (140)",NA,NA,"spikes","simple thyrsi, cymulae of geminate to ternate spikes",NA,NA,NA,NA,NA,NA,NA,NA,NA,"greenish yellow, yellowish white, rarely white",NA,NA,NA,NA,NA,NA,NA,NA,NA,NA,NA,NA,"nucoid legume",NA,NA,NA,"straight, turgid",NA,NA,NA,NA,NA,NA,NA,NA,NA,"same","yes",NA,NA
"Stryphnodendron_guianense","High","Scalon_etal-2022-A synopsis of the genus Stryphnodendron (Fabaceae, Caesalpinioideae, mimosoid clade)","https://www.dropbox.com/s/zcajjpuidhkk4er/Scalon_etal-2022-A%20synopsis%20of%20the%20genus%20Stryphnodendron%20%28Fabaceae%2C%20Caesalpinioideae%2C%20mimosoid%20clade%29.pdf?dl=0","manual",NA,"treelets, trees","2-12 (20)",NA,NA,NA,NA,NA,NA,NA,NA,NA,NA,"yes",NA,NA,"8-11",NA,NA,NA,"(6) 8-14 (18)","(4) 6-15 (23)","4-8 (13)","usually oblong, usually oblong-rhombic, obovate, elliptic",NA,NA,"yes",NA,NA,"80-160 (185)",NA,NA,"spikes","simple thyrsi, cymule of solitary to 4-ternate spikes",NA,NA,NA,NA,NA,NA,NA,NA,NA,"pinkish",NA,NA,NA,NA,NA,NA,NA,NA,NA,NA,NA,NA,"nucoid legume",NA,NA,NA,"straight, slightly curved, flat-compressed, seeds slightly prominent",NA,NA,NA,NA,NA,NA,NA,NA,NA,"same","yes",NA,NA
"Stryphnodendron_microstachyum","High","Scalon_etal-2022-A synopsis of the genus Stryphnodendron (Fabaceae, Caesalpinioideae, mimosoid clade)","https://www.dropbox.com/s/zcajjpuidhkk4er/Scalon_etal-2022-A%20synopsis%20of%20the%20genus%20Stryphnodendron%20%28Fabaceae%2C%20Caesalpinioideae%2C%20mimosoid%20clade%29.pdf?dl=0","manual",NA,"tree","8-24",NA,NA,NA,NA,NA,NA,NA,NA,NA,NA,"yes",NA,NA,"5-9 (11)",NA,NA,NA,"(4) 6-11 (14)","(50) 60-200 (220)","(30) 50-140 (160)","usually widely oblong, oblong-rhombic, oblong-ovate, obovate, elliptic",NA,NA,"yes",NA,NA,"(46) 65-100",NA,NA,"spikes","simple thyrsi, cymulae of geminate to 5-ternate spikes",NA,NA,NA,NA,NA,NA,NA,NA,NA,"purplish, reddish",NA,NA,NA,NA,NA,NA,NA,NA,NA,NA,NA,NA,"nucoid legume",NA,NA,NA,"usually straight, rarely slightly curved, flat-compressed, subturgid, seeds slightly prominent",NA,NA,NA,NA,NA,NA,NA,NA,NA,"same","yes",NA,NA
"Stryphnodendron_polyphyllum","High","Scalon_etal-2022-A synopsis of the genus Stryphnodendron (Fabaceae, Caesalpinioideae, mimosoid clade)","https://www.dropbox.com/s/zcajjpuidhkk4er/Scalon_etal-2022-A%20synopsis%20of%20the%20genus%20Stryphnodendron%20%28Fabaceae%2C%20Caesalpinioideae%2C%20mimosoid%20clade%29.pdf?dl=0","manual",NA,"tree","(3.5) 4-7",NA,NA,NA,NA,NA,NA,NA,NA,NA,NA,"yes",NA,NA,"(9) 11-18",NA,NA,NA,"14-23","3-8 (11)","1.5-4","usually oblong, somtimes obovate, usually oblong, rarely elliptic, rarely ovate",NA,NA,"yes",NA,NA,"80-110 (125)",NA,NA,"spikes","simple thyrsi, cymulae of usually solitary or geminate spikes",NA,NA,NA,NA,NA,NA,NA,NA,NA,NA,NA,NA,NA,NA,NA,NA,NA,NA,NA,NA,NA,NA,"nucoid legume",NA,NA,NA,"straight, slightly curved, subturgid, rarely turgid, seeds slightly prominent",NA,NA,NA,NA,NA,NA,NA,NA,NA,"same","yes",NA,NA
"Stryphnodendron_pulcherrimum","High","Scalon_etal-2022-A synopsis of the genus Stryphnodendron (Fabaceae, Caesalpinioideae, mimosoid clade)","https://www.dropbox.com/s/zcajjpuidhkk4er/Scalon_etal-2022-A%20synopsis%20of%20the%20genus%20Stryphnodendron%20%28Fabaceae%2C%20Caesalpinioideae%2C%20mimosoid%20clade%29.pdf?dl=0","manual",NA,"tree","(5) 8-23 (25)",NA,NA,NA,NA,NA,NA,NA,NA,NA,NA,"yes",NA,NA,"(9) 11-16 (18)",NA,NA,NA,"(8) 15-28 (32)","3-9","1-3","usually narrowly oblong, sometimes narrowly elliptic, sometimes narrowly lanceolate, obovate, elliptic",NA,NA,"yes",NA,NA,"95-140",NA,NA,"spikes","simple thyrsi, cymulae of 4-ternate spikes",NA,NA,NA,NA,NA,NA,NA,NA,NA,"yellowish, light-yellow, rarely white",NA,NA,NA,NA,NA,NA,NA,NA,NA,NA,NA,NA,"nucoid legume",NA,NA,NA,"straight, subturgid, seeds slightly prominent",NA,NA,NA,NA,NA,NA,NA,NA,NA,"same","yes",NA,NA
"Stryphnodendron_rotundifolium","High","Scalon_etal-2022-A synopsis of the genus Stryphnodendron (Fabaceae, Caesalpinioideae, mimosoid clade)","https://www.dropbox.com/s/zcajjpuidhkk4er/Scalon_etal-2022-A%20synopsis%20of%20the%20genus%20Stryphnodendron%20%28Fabaceae%2C%20Caesalpinioideae%2C%20mimosoid%20clade%29.pdf?dl=0","manual",NA,"tree, shrubs","(0.5) 2-6 (9)",NA,NA,NA,NA,NA,NA,NA,NA,NA,NA,"yes",NA,NA,"(5) 6-13 (15)",NA,NA,NA,"(4) 5-12 (14)","(40) 70-180 (220)","(40) 60-130 (170)","usually orbicular, ovate, elliptic, elliptic-ovate, obovate, sometimes widely obovate",NA,NA,"yes",NA,NA,"90-180",NA,NA,"spikes","simple thyrsi, cymulae of solitary to 4-ternate spikes",NA,NA,NA,NA,NA,NA,NA,NA,NA,"white, yellowish white, greenish white",NA,NA,NA,NA,NA,NA,NA,NA,NA,NA,NA,NA,"nucoid legume",NA,NA,NA,"usually straight, rarely slightly curved, turgid, seeds slightly prominent, seeds rarely prominent",NA,NA,NA,NA,NA,NA,NA,NA,NA,"same","yes",NA,NA
"Tetrapleura_chevalieri","High","Legum. Trop. Africa: 803 (1930)",NA,"manual","Kew?",NA,NA,NA,NA,NA,NA,NA,NA,NA,NA,NA,NA,NA,NA,NA,NA,NA,NA,NA,NA,NA,NA,NA,NA,NA,NA,NA,NA,NA,NA,NA,NA,NA,NA,NA,NA,NA,NA,NA,NA,NA,NA,NA,NA,NA,NA,NA,NA,NA,NA,NA,NA,NA,NA,NA,NA,NA,NA,NA,NA,NA,NA,NA,NA,NA,NA,NA,NA,NA,NA,NA,NA,NA
"Tetrapleura_tetraptera","High","Brenan, J. P. M. (1959). Mimosoideae. In: Fl. Trop. East Africa. Hubbard & Milne-Redhead ou https://www.biodiversitylibrary.org/item/714#page/469/mode/1up","https://plants.jstor.org/stable/10.5555/al.ap.flora.ftea000634?searchUri=si%3D0%26ff%3Dps_repository_name_str__ps_collection_name_str%26fq%3DcHNfdHlwZTooIlJlZmVyZW5jZSBTb3VyY2VzIik%253D%26filter%3Dname%26so%3Dps_group_by_genus_species+asc%26Query%3DTetrapleura+tetraptera","manual",NA,"tree","6-3",NA,NA,NA,NA,NA,NA,NA,NA,NA,"40-110",NA,"75-23",NA,"5-7(-10)",NA,NA,NA,"6-11(-13)","(4-)6.5-21","(3-)5.5-13","oblong-elliptic, elliptic",NA,"rounded, emarginate",NA,NA,NA,"40-140",NA,NA,"racemes",NA,NA,"0.5-1",NA,NA,NA,"2-3.5",NA,NA,"yellowish, pinkish",NA,NA,"2.5-4.5",NA,NA,NA,NA,NA,NA,NA,NA,NA,NA,"pod","120-230(-250)","35-57(-65)",NA,"wide",NA,"rounded, sometimes emarginate","dark brown",NA,"9-9.5","7-8","3.5-4",NA,NA,"same","yes",NA,"same"
"Tetrapterocarpon_geayi","High","Du Puy, D.J., Labat, N.-N., Rabevohitra, R., Villiers, J.-F., Bosser, J. & Moat, J. (2002). The Leguminosae of Madagascar: 1-737. Royal Botanic Gardens, Kew.","https://www.dropbox.com/scl/fi/0gmqg399qg1kz1dfdgpsf/duPuy_etal-2022-duPuy_etal-2002-Gagnebina.pdf?rlkey=eha5w62xj3va806burtuafll6&dl=0","manual",NA,"tree, shrub","<10","deciduous",NA,NA,NA,NA,NA,NA,NA,NA,"30-50",NA,"(35-)50-90(-100)",NA,"(1.5-)2.5-3.5(-4.5)","60-120",NA,NA,"(8-)10-14(-16)","15-28","6-11","narrowly obovate, oblong-obovate","cuneate","truncate, shallowly notched",NA,NA,NA,"≤100","20-60",NA,"panicles",NA,"4","~1",NA,NA,"4","~2.5",NA,NA,"greenish white",NA,"8","~0.5-3",NA,"~0.5",NA,NA,NA,NA,"~2",NA,"~1","bilobe",NA,"25-37","22-33",NA,"broadly elliptic, circular",NA,NA,NA,NA,"~9-10","4.5-5",NA,"club-shaped","dark brown, blackish","same","yes",NA,"same"
"Tetrapterocarpon_septentrionale","High","Du Puy, D.J., Labat, N.-N., Rabevohitra, R., Villiers, J.-F., Bosser, J. & Moat, J. (2002). The Leguminosae of Madagascar: 1-737. Royal Botanic Gardens, Kew.","https://www.dropbox.com/scl/fi/0gmqg399qg1kz1dfdgpsf/duPuy_etal-2022-duPuy_etal-2002-Gagnebina.pdf?rlkey=eha5w62xj3va806burtuafll6&dl=0","manual",NA,"tree","7-20","deciduous",NA,NA,NA,NA,NA,NA,NA,NA,"40-90",NA,"(40-)70-140(-170)",NA,"3.5-5.5","(85-)100-180",NA,NA,"(12-)14-18(-20)","(15-)20-32","(8-)10-15",NA,"rounded, cuneate","rounded, shallowly notched",NA,NA,NA,"≤~150","(40-)80-140",NA,"panicles",NA,"4","~1",NA,NA,"4","~1.5-2",NA,NA,"greenish white",NA,"8","2-4",NA,"~0.5",NA,NA,NA,NA,"~2",NA,NA,"bilobed",NA,"(50-)55-65","35-48",NA,"oblong-elliptic",NA,NA,NA,NA,"~13-15","~4-5",NA,"club-shaped","greenish brown, dark brown","same","yes",NA,"same"
"Vachellia_campeachiana","High",NA,NA,"manual","Rico-Arce?",NA,NA,NA,NA,NA,NA,NA,NA,NA,NA,NA,NA,NA,NA,NA,NA,NA,NA,NA,NA,NA,NA,NA,NA,NA,NA,NA,NA,NA,NA,NA,NA,NA,NA,NA,NA,NA,NA,NA,NA,NA,NA,NA,NA,NA,NA,NA,NA,NA,NA,NA,NA,NA,NA,NA,NA,NA,NA,NA,NA,NA,NA,NA,NA,NA,NA,NA,NA,NA,NA,NA,NA,NA
"Vachellia_caven","High","Ebinger, J. E., Seigler, D. S., & Clarke, H. D. (2000). Taxonomic revision of South American species of the genus Acacia subgenus Acacia (Fabaceae: Mimosoideae). Systematic Botany, 25(4), 588-617.","https://www.dropbox.com/s/g84tbxkhvgmx5r7/Ebinger%2C%20Seigler%2C%20Clarke%20-%202000%20-%20Taxonomic%20Revision%20of%20South%20American%20species%20of%20the%20genus%20Acacia%20subgenus%20Acacia%20%28Fabaceae%20Mimosoideae%29.pdf?dl=0","manual","as Acacia","tree, shrub","7 (10)",NA,NA,NA,"yes","30(50)","3",NA,NA,"25-55","5-11","yes","5-45","yes","3-10","12-22",NA,NA,"11-26","1-4","0.4-0.9",NA,NA,"acute","yes","6-11(-14)",NA,"7-10",NA,"7-10","globose head",NA,"5","1-1.5",NA,NA,"5","1.8-2.5",NA,NA,NA,"pale yellow",NA,"3-4.5",NA,NA,NA,NA,NA,NA,NA,NA,NA,NA,"legumes","20-95","13-25",NA,"oblong",NA,"narrowing to a shore beak",NA,NA,"4.3-7.2","3.3-5.4",NA,"ovoid, ellipsoid, slightly flattened","light brown, dark reddish brown","same","yes",NA,"same"
"Vachellia_collinsii","High","Ebinger, J. E., Seigler, D. S., & Clarke, H. D. (2000). Taxonomic revision of South American species of the genus Acacia subgenus Acacia (Fabaceae: Mimosoideae). Systematic Botany, 25(4), 588-617.","https://www.dropbox.com/s/g84tbxkhvgmx5r7/Ebinger%2C%20Seigler%2C%20Clarke%20-%202000%20-%20Taxonomic%20Revision%20of%20South%20American%20species%20of%20the%20genus%20Acacia%20subgenus%20Acacia%20%28Fabaceae%20Mimosoideae%29.pdf?dl=0","manual","as Acacia","tree","≤10",NA,NA,NA,"yes","20-50","5-13",NA,NA,"40-195","4-18","yes","180","yes","3-15","30-90",NA,NA,"11-29","6-13","1.3-3.1","oblong","oblique","obtuse","yes","6-20",NA,NA,NA,NA,NA,NA,"5","1-1.4",NA,NA,"5","1.1-1.5",NA,NA,"yellowish",NA,NA,"1.5-2.5",NA,NA,NA,NA,NA,NA,NA,NA,NA,NA,"legumes","30-60","7-13",NA,"nearly straight, not inflated, oblong",NA,"aucte, short-beaked","dark brown, black",NA,"5.3-7.9","3.5-5.5",NA,"ovoid, slightly flattened","dark brownish","same","yes",NA,"same"
"Vachellia_cookii","High","Seigler, D. S., & Ebinger, J. E. (1995). Taxonomic revision of the ant-acacias (Fabaceae, Mimosoideae, Acacia, series Gummiferae) of the New World. Annals of the Missouri Botanical Garden, 117-138.","https://www.dropbox.com/scl/fi/v1xett8nxdf0if4mahvlm/Seigler-1995-Taxonomic-Revision-of-the-Ant-Acacias-Fabaceae-Mimosoideae-Acacia-Series-Gummiferae-of-the-New-World.pdf?rlkey=spnq6s03q1tpixpdx5hn6cs26&dl=0","manual","as Acacia","tree","≤12",NA,NA,NA,"yes","60-100","3.5-5.5",NA,NA,"275-500","9-16","yes",NA,NA,NA,NA,NA,NA,"50-70","6-8","0.9-1.2","linear",NA,"acute","yes","15-30",NA,"6-8",NA,"6-8","globose heads",NA,"5","1-1.3",NA,NA,"5","1.5-1.8",NA,NA,NA,"pale yellow",NA,NA,NA,NA,NA,NA,NA,NA,NA,NA,NA,NA,"legumes","250-300","10-16",NA,"slightly curved, flattened",NA,"narrowing to a terminal point","dark brown, black",NA,NA,NA,NA,NA,NA,"same","yes",NA,"same"
"Vachellia_cornigera","High","Seigler, D. S., & Ebinger, J. E. (1995). Taxonomic revision of the ant-acacias (Fabaceae, Mimosoideae, Acacia, series Gummiferae) of the New World. Annals of the Missouri Botanical Garden, 117-138.","https://www.dropbox.com/scl/fi/v1xett8nxdf0if4mahvlm/Seigler-1995-Taxonomic-Revision-of-the-Ant-Acacias-Fabaceae-Mimosoideae-Acacia-Series-Gummiferae-of-the-New-World.pdf?rlkey=spnq6s03q1tpixpdx5hn6cs26&dl=0","manual","as Acacia","shrub, tree","10(-15)",NA,NA,NA,NA,"30-100","4-10",NA,NA,"40-160","5-20","yes",NA,NA,"3-14","30-70",NA,"usually absent","15-40","4-11","1.3-2.7","oblong",NA,NA,"yes","5-15","2-4","20-35",NA,"8-11","cylindrical spike","solitary or cluster of 2-4 in axil of small spines on short lateral, usually leafless, axillary branches.","5","1-1.4",NA,NA,NA,"1.1-1.5",NA,NA,NA,"pale yellow",NA,NA,NA,NA,NA,NA,NA,NA,NA,NA,NA,NA,"legumes","50-90","13-18",NA,"straight, terete",NA,"narrowing to a spinelike beak","red, maroon",NA,NA,NA,NA,NA,NA,"same","yes",NA,"same"
"Vachellia_guanacastensis","High","Ebinger, J. E., Seigler, D. S., & Clarke, H. D. (2000). Taxonomic revision of South American species of the genus Acacia subgenus Acacia (Fabaceae: Mimosoideae). Systematic Botany, 25(4), 588-617.","https://www.dropbox.com/s/g84tbxkhvgmx5r7/Ebinger%2C%20Seigler%2C%20Clarke%20-%202000%20-%20Taxonomic%20Revision%20of%20South%20American%20species%20of%20the%20genus%20Acacia%20subgenus%20Acacia%20%28Fabaceae%20Mimosoideae%29.pdf?dl=0","manual","as Acacia","tree, shrub","5",NA,NA,NA,"yes","25(-35)","2",NA,NA,"15-60","4-8","yes","10-50","yes","3-9","15-28",NA,NA,"16-30","3-5.1","0.8-1.1","oblong","oblique","obtuse","yes","14-26(-30)",NA,NA,NA,"6-10","globose head","globose heads 2-5 in small clusters","5","1.3-1.7",NA,NA,"5","1.9-3.5",NA,NA,NA,"yellow",NA,"3.5-5.5",NA,NA,NA,NA,NA,NA,"0.2",NA,NA,NA,"legume","70-150","9-13",NA,"straight, slightly curved, inflated but slightly constricted between some of the seeds, nearly terete in cross section, oblong",NA,"acuminate, mucronate","dark brown, black",NA,"6.8-9.2","5-7.2",NA,"uniseriate, rarely weakly biseriate, ellipsoid, ovoid, slightly flattened","light brown, dark brown","same","yes",NA,NA
"Vachellia_macracantha","High","Ebinger, J. E., Seigler, D. S., & Clarke, H. D. (2000). Taxonomic revision of South American species of the genus Acacia subgenus Acacia (Fabaceae: Mimosoideae). Systematic Botany, 25(4), 588-617.","https://www.dropbox.com/s/g84tbxkhvgmx5r7/Ebinger%2C%20Seigler%2C%20Clarke%20-%202000%20-%20Taxonomic%20Revision%20of%20South%20American%20species%20of%20the%20genus%20Acacia%20subgenus%20Acacia%20%28Fabaceae%20Mimosoideae%29.pdf?dl=0","manual","as Acacia","tree, shrub","10",NA,NA,NA,"yes","≤60","1-3",NA,NA,"70-250","5-13","yes","240","yes","12-45","20-45",NA,NA,"19-47","1.7-4.5","0.5-1.3",NA,"oblique","broadly acute, obtuse","yes","7-25",NA,NA,NA,"5-10","globose head","solitary, globose heads 2-10 in small clusters","5","0.8-1.5",NA,NA,"5","1.6-2.6",NA,NA,NA,"pale yellow",NA,"2.5-4.0",NA,NA,NA,NA,NA,NA,"≤0.2",NA,NA,NA,"legume","65-130","8-13",NA,"straight, not inflated, flattened, not constricted between seeds, oblong",NA,"acute, obtuse","light brown, reddish brown",NA,"5-6.5","3.6-5.3",NA,"uniseriate, oblong, elliptic, oval, slightly flattened","brown","same","yes",NA,NA
"Vachellia_ruddiae","High","Seigler, D. S., & Ebinger, J. E. (1995). Taxonomic revision of the ant-acacias (Fabaceae, Mimosoideae, Acacia, series Gummiferae) of the New World. Annals of the Missouri Botanical Garden, 117-138.","https://www.dropbox.com/scl/fi/v1xett8nxdf0if4mahvlm/Seigler-1995-Taxonomic-Revision-of-the-Ant-Acacias-Fabaceae-Mimosoideae-Acacia-Series-Gummiferae-of-the-New-World.pdf?rlkey=spnq6s03q1tpixpdx5hn6cs26&dl=0",NA,NA,"tree","30",NA,NA,NA,"yes","≤9.5","4-9",NA,NA,"130-400","6-25","yes",NA,"yes","17-40","30-55",NA,NA,"25-75","3.5-6.4","0.6-1.1","linear",NA,"acute","yes","8-11",NA,NA,NA,"6-7","globose head","globose heads 1-8 in small clusters","5","0.7-1",NA,NA,"5","1.3-1.6",NA,NA,NA,"pale yellow",NA,NA,NA,NA,NA,NA,NA,NA,NA,NA,NA,NA,"legume",NA,NA,NA,NA,NA,NA,NA,NA,NA,NA,NA,NA,NA,"same","yes",NA,NA
"Viguieranthus_ambongensis","High","du Puy, D. J., Labat, J. N., Rabevohitra, R., Villiers, J. F., Bosser, J., & Moat, J. (2002). The leguminosae of Madagascar. The Leguminosae of Madagascar.",NA,"manual",NA,NA,NA,NA,NA,NA,NA,NA,NA,NA,NA,NA,NA,NA,NA,NA,NA,NA,NA,NA,NA,NA,NA,NA,NA,NA,NA,NA,NA,NA,NA,NA,NA,NA,NA,NA,NA,NA,NA,NA,NA,NA,NA,NA,NA,NA,NA,NA,NA,NA,NA,NA,NA,NA,NA,NA,NA,NA,NA,NA,NA,NA,NA,NA,NA,NA,NA,NA,NA,NA,NA,NA,NA,NA
"Viguieranthus_cylindricostachys","High","du Puy, D. J., Labat, J. N., Rabevohitra, R., Villiers, J. F., Bosser, J., & Moat, J. (2002). The leguminosae of Madagascar. The Leguminosae of Madagascar.",NA,"manual",NA,NA,NA,NA,NA,NA,NA,NA,NA,NA,NA,NA,NA,NA,NA,NA,NA,NA,NA,NA,NA,NA,NA,NA,NA,NA,NA,NA,NA,NA,NA,NA,NA,NA,NA,NA,NA,NA,NA,NA,NA,NA,NA,NA,NA,NA,NA,NA,NA,NA,NA,NA,NA,NA,NA,NA,NA,NA,NA,NA,NA,NA,NA,NA,NA,NA,NA,NA,NA,NA,NA,NA,NA,NA
"Viguieranthus_densinervus","High","du Puy, D. J., Labat, J. N., Rabevohitra, R., Villiers, J. F., Bosser, J., & Moat, J. (2002). The leguminosae of Madagascar. The Leguminosae of Madagascar.",NA,"manual",NA,NA,NA,NA,NA,NA,NA,NA,NA,NA,NA,NA,NA,NA,NA,NA,NA,NA,NA,NA,NA,NA,NA,NA,NA,NA,NA,NA,NA,NA,NA,NA,NA,NA,NA,NA,NA,NA,NA,NA,NA,NA,NA,NA,NA,NA,NA,NA,NA,NA,NA,NA,NA,NA,NA,NA,NA,NA,NA,NA,NA,NA,NA,NA,NA,NA,NA,NA,NA,NA,NA,NA,NA,NA
"Viguieranthus_glaber","High","du Puy, D. J., Labat, J. N., Rabevohitra, R., Villiers, J. F., Bosser, J., & Moat, J. (2002). The leguminosae of Madagascar. The Leguminosae of Madagascar.",NA,"manual",NA,NA,NA,NA,NA,NA,NA,NA,NA,NA,NA,NA,NA,NA,NA,NA,NA,NA,NA,NA,NA,NA,NA,NA,NA,NA,NA,NA,NA,NA,NA,NA,NA,NA,NA,NA,NA,NA,NA,NA,NA,NA,NA,NA,NA,NA,NA,NA,NA,NA,NA,NA,NA,NA,NA,NA,NA,NA,NA,NA,NA,NA,NA,NA,NA,NA,NA,NA,NA,NA,NA,NA,NA,NA
"Viguieranthus_glandulosus","High","du Puy, D. J., Labat, J. N., Rabevohitra, R., Villiers, J. F., Bosser, J., & Moat, J. (2002). The leguminosae of Madagascar. The Leguminosae of Madagascar.",NA,"manual",NA,NA,NA,NA,NA,NA,NA,NA,NA,NA,NA,NA,NA,NA,NA,NA,NA,NA,NA,NA,NA,NA,NA,NA,NA,NA,NA,NA,NA,NA,NA,NA,NA,NA,NA,NA,NA,NA,NA,NA,NA,NA,NA,NA,NA,NA,NA,NA,NA,NA,NA,NA,NA,NA,NA,NA,NA,NA,NA,NA,NA,NA,NA,NA,NA,NA,NA,NA,NA,NA,NA,NA,NA,NA
"Wallaceodendron_celebicum","High","Nielsen, I.C. (1992). Mimosaceae (Leguminosae-Mimosoideae). Flora Malesiana - Series 1, Spermatophyta, 11(1), 1‚Äö√Ñ√¨226.","https://www.dropbox.com/s/2hsx9hy2vv0i7m8/Nielsen-1992-Flora%20Malesiana%20Leguminosae%20Mimosoideae.pdf?dl=24","manual",NA,"tree","≤ 45",NA,NA,"no","no",NA,NA,NA,NA,NA,"(7) 17-55","yes","(15) 60-130",NA,"2-3","(20) 35-105",NA,NA,"3-6","12-80","(7) 10-42","petiolulate, ovate-elliptic, elliptic, obovate-elliptic, lanceolate-subtrapezoid, unequal-sided","symmetrically cuneate, asymmetrically cuneate","obtuse, shortly acuminate","yes","50-160","6-12","(70) 100-230",NA,NA,"racemes solitary, racemes paired",NA,NA,"(2) 3-5",NA,NA,NA,"(7.5) 12-16.5 (19)","(4) 5-9",NA,NA,"light brown",NA,"30-45","white",NA,NA,"sulphurous",NA,NA,"±3-5",NA,NA,NA,"pod","95-200","25-40",NA,"oblong, flat, margines thickened",NA,NA,NA,NA,NA,"± 13","≤ 2","suborbicular, flat","brown","same","yes",NA,NA
"Xerocladia_viridiramis","High","https://plants.jstor.org/compilation/Xerocladia.viridiramis","https://plants.jstor.org/compilation/Xerocladia.viridiramis","manual",NA,"shrub","≤ 1",NA,NA,NA,"yes","≤ 3.5",NA,NA,NA,NA,"≤ 3","yes",NA,NA,"1",NA,"≤ 1.5",NA,"6-12","3 (4)","1 (1.3)","oblong, linear-oblong",NA,"obtuse, acute","yes","≤ 8",NA,"7",NA,NA,"capitate, pedunculate, heads",NA,"5","1-2",NA,NA,"5","2.5 (3)",NA,NA,NA,NA,NA,NA,NA,NA,NA,NA,NA,NA,NA,NA,NA,NA,NA,NA,NA,NA,NA,NA,NA,NA,NA,NA,NA,NA,NA,NA,"same","yes",NA,"found"
"Xylia_fraterna","High","A.Grandidier, Hist. Phys. Madagascar 30: 49 (1902 publ. 1903)","https://www.biodiversitylibrary.org/item/7266#page/53/mode/1up","manual","Leo",NA,NA,NA,NA,NA,NA,NA,NA,NA,NA,NA,NA,NA,NA,NA,NA,NA,NA,NA,NA,NA,NA,NA,NA,NA,NA,NA,NA,NA,NA,NA,NA,NA,NA,NA,NA,NA,NA,NA,NA,NA,NA,NA,NA,NA,NA,NA,NA,NA,NA,NA,NA,NA,NA,NA,NA,NA,NA,NA,NA,NA,NA,NA,NA,NA,NA,NA,NA,NA,NA,NA,NA,NA
"Xylia_hoffmannii","High","A.Grandidier, Hist. Phys. Madagascar 30: 49 (1902 publ. 1903)","https://www.biodiversitylibrary.org/item/7266#page/53/mode/1up","manual","Leo",NA,NA,NA,NA,NA,NA,NA,NA,NA,NA,NA,NA,NA,NA,NA,NA,NA,NA,NA,NA,NA,NA,NA,NA,NA,NA,NA,NA,NA,NA,NA,NA,NA,NA,NA,NA,NA,NA,NA,NA,NA,NA,NA,NA,NA,NA,NA,NA,NA,NA,NA,NA,NA,NA,NA,NA,NA,NA,NA,NA,NA,NA,NA,NA,NA,NA,NA,NA,NA,NA,NA,NA,NA
"Xylia_xylocarpa","High","FLORA OF TROPICAL EAST AFRICA part 1",NA,"manual","maybe try to find Brenan, J. P. M., & Brummitt, R. K. (1970). Flora Zambesiaca. Leguminosae (Mimosoideae), 3.","tree",NA,NA,NA,"no","no",NA,NA,NA,NA,NA,NA,NA,NA,NA,NA,NA,NA,NA,"4-6",NA,NA,NA,NA,NA,"yes",NA,NA,NA,NA,NA,"round heads pedunculate",NA,"5",NA,NA,NA,"5",NA,NA,NA,NA,NA,"10",NA,NA,NA,NA,NA,NA,NA,NA,NA,NA,NA,"pod",NA,"35-53",NA,"subacute, rather pointed",NA,NA,NA,NA,NA,NA,NA,NA,"brown","same and Systematic Botany Monographs, Vol. 55, Monograph of Leucaena (LeguminosaeMimosoideae) (Nov. 9, 1998), pp. 1-244","yes",NA,NA
"Zapoteca_alinae","High","Hernandez, H. M. (1989). Systematics of Zapoteca (Leguminosae). Annals of the Missouri Botanical Garden, 781-862.","https://www.dropbox.com/s/86jllx043kvygq1/Hernandez%20-%201989%20-%20Systematics%20of%20Zapoteca%20%28Leguminosae%29.pdf?dl=0","manual",NA,"shrubs","4",NA,NA,NA,NA,NA,NA,NA,NA,NA,"9-37","no","3-10",NA,"1 (3)",NA,NA,"no","16-19","4-12","1-2.5","narrowly oblong, lanceloate","strongly oblique","rounded, acute, usually mucronulate",NA,"25-65",NA,"15-40",NA,NA,"capitula","capitula axillary, rarely simple pseudopanicles axillary",NA,"2",NA,NA,NA,"4",NA,NA,NA,NA,NA,"15-20",NA,NA,NA,NA,NA,NA,"1.2 (2)",NA,"16",NA,"pod","100","8",NA,"rostellate",NA,"rounded",NA,NA,"5","4",NA,"widely rhomboid, widely obvoid, flattened","grayish darker","same","yes",NA,NA
"Zapoteca_caracasana","High","Hernandez, H. M. (1989). Systematics of Zapoteca (Leguminosae). Annals of the Missouri Botanical Garden, 781-862.","https://www.dropbox.com/s/86jllx043kvygq1/Hernandez%20-%201989%20-%20Systematics%20of%20Zapoteca%20%28Leguminosae%29.pdf?dl=0","manual",NA,"shrubs",NA,NA,NA,NA,NA,"7 (12)",NA,"7 (12)",NA,NA,"9-50","no","(4) 10-75",NA,"(1) 2-7",NA,NA,NA,"10-26 (37)","(4) 5-10 (11)","(1) 1.5-2.5 (3)","narrowly oblong, lanceloate","oblique","rounded, acute",NA,"15-65",NA,"200 (260)",NA,NA,"capitula","capitula axillary, simple, pseudopanicles axillary","5 (-6)","1.5-2",NA,NA,"5 (-6)","3-4",NA,NA,NA,NA,NA,"25","white in the basal half, purple-red int he distal half",NA,NA,NA,NA,NA,"1",NA,NA,NA,"pod","100 (110)","7 (8)",NA,"straight, sometimes slightly curved",NA,"usually curvedly rostrate",NA,NA,"4-6","3-4",NA,"ovoid, rhomboid-ovoid","mottled, brown","same","yes",NA,NA
"Zapoteca_lambertiana","High","Hernandez, H. M. (1989). Systematics of Zapoteca (Leguminosae). Annals of the Missouri Botanical Garden, 781-862.","https://www.dropbox.com/s/86jllx043kvygq1/Hernandez%20-%201989%20-%20Systematics%20of%20Zapoteca%20%28Leguminosae%29.pdf?dl=0","manual",NA,"shrubs","4",NA,NA,NA,NA,NA,NA,NA,NA,NA,"(12) 15-46",NA,"(2) 4-18","no","(1) 2-4",NA,NA,NA,"(6) 7-17 (22)","8-14 (16)","2.5-4 (5)","narrowly oblong, oblong, oblong-ovate, occasionally lanceloate","oblique","acute",NA,"(5) 15-65",NA,"35-95",NA,NA,"capitula","capitula axillary, more commonly arranged in compound, more commonly simple pseudopanicles",NA,"2",NA,NA,NA,"3-4",NA,NA,NA,NA,NA,"25","red-purple",NA,NA,NA,NA,NA,NA,NA,NA,NA,"pod","90","10",NA,"rounded, rostellate",NA,"retuse, acute",NA,NA,"3.5-4","3-3.5",NA,"quadrate-rhomboid, very widely ovoid","dark brown","same","yes",NA,NA
"Zapoteca_media","High","Hernandez, H. M. (1989). Systematics of Zapoteca (Leguminosae). Annals of the Missouri Botanical Garden, 781-862.","https://www.dropbox.com/s/86jllx043kvygq1/Hernandez%20-%201989%20-%20Systematics%20of%20Zapoteca%20%28Leguminosae%29.pdf?dl=0","manual",NA,"shrubs","0.2-1.5 (3)",NA,NA,NA,NA,"(1) 2-7",NA,"(1) 2-7",NA,NA,"7-40","no","(1) 2-12",NA,"1-2 (3)",NA,NA,NA,"(5) 7-17 (22)","4-13","1-5.5","oblong, elliptic, sometimes rostellate","oblique, cuneate","acute, rounded",NA,"(10) 16-70 (105)",NA,NA,NA,NA,"capitula","capitula axillary, rarely in short, terminal pseudopanicles",NA,"1.5-2",NA,NA,NA,"3-3.5",NA,NA,NA,NA,NA,"20","white in the basal half, red-purple in the distal half",NA,NA,NA,NA,NA,"1",NA,NA,NA,"pod","100","6",NA,"rostellate",NA,"rounded, acute, truncate",NA,NA,"4","3",NA,"widely rhomboid, widely obvoid, flattened",NA,"same","yes",NA,NA
"Zapoteca_portoricensis","High","Hernandez, H. M. (1989). Systematics of Zapoteca (Leguminosae). Annals of the Missouri Botanical Garden, 781-862.","https://www.dropbox.com/s/86jllx043kvygq1/Hernandez%20-%201989%20-%20Systematics%20of%20Zapoteca%20%28Leguminosae%29.pdf?dl=0","manual",NA,"shrubs","3 (7)",NA,NA,NA,NA,NA,NA,NA,NA,NA,"(10) 20-50","no","9-55 (100)",NA,"(1) 3-6 (8)",NA,NA,NA,"(8) 15-67","4-20","1-6","narrowly oblong, lanceloate, oblong, oblong-obovate, occasionally subfalcate, usually mucronate","oblique","acute, rounded",NA,"(13) 30-120 (150)",NA,"≤ 200",NA,NA,"capitula","capitula usually axillary, occasionally arranged in pseudopanicles","(4-) 5","1-3 (3.5)",NA,NA,"(4-) 5","3-8 (10)",NA,NA,NA,NA,NA,"25","white",NA,NA,NA,NA,NA,"1.5",NA,NA,NA,"pod","≤ 165",NA,NA,"linear, rarely slightly curved, rostellate",NA,"rounded, truncate",NA,NA,"5-7","3-5",NA,"widely rhomboid, widely obvoid, flattened","brown, dark brown, black","same","yes","yes",NA
"Zapoteca_ravenii","High","Hernandez, H. M. (1989). Systematics of Zapoteca (Leguminosae). Annals of the Missouri Botanical Garden, 781-862.","https://www.dropbox.com/s/86jllx043kvygq1/Hernandez%20-%201989%20-%20Systematics%20of%20Zapoteca%20%28Leguminosae%29.pdf?dl=0","manual",NA,"shrubs","4",NA,NA,NA,NA,"12","3","12","3",NA,"42 (55)",NA,"40",NA,"3-4 (5)",NA,NA,NA,"17-30","10-17","2-3","narrowly oblong, oblanceolate, mucronate","markedly oblique","acute",NA,"30-46",NA,NA,NA,NA,"capitula","capitula axillary","5","5",NA,NA,"5","4","1",NA,NA,NA,NA,"12","white",NA,NA,NA,NA,NA,"1.5",NA,"13",NA,"pod","155","8",NA,"linear, flattened, rostrate",NA,"somewhat rounded",NA,NA,"7","4",NA,"ovoid, rhomboid","dark brown","https://www.jstor.org/stable/2419177","yes",NA,NA
"Zapoteca_tetragona","High","Hernandez, H. M. (1989). Systematics of Zapoteca (Leguminosae). Annals of the Missouri Botanical Garden, 781-862.","https://www.dropbox.com/s/86jllx043kvygq1/Hernandez%20-%201989%20-%20Systematics%20of%20Zapoteca%20%28Leguminosae%29.pdf?dl=0","manual",NA,"shrubs, trees, herbaceous","5-12",NA,NA,NA,NA,"(5) 8-25",NA,"(5) 8-25",NA,NA,"17-60","no","(15) 30-90 (115)",NA,"(3) 4-7",NA,NA,NA,"10-35","(5) 8-18","1-4","narrowly oblong","oblique","rounded, acute",NA,"(25) 50-120",NA,"60-220",NA,NA,"capitula","capitula axillary, rarely arrenged in pseudopanicles",NA,"2-3",NA,NA,NA,"(5) 8",NA,NA,NA,NA,NA,"40","white",NA,NA,NA,NA,NA,"2-2.5",NA,NA,NA,"pod","165","14",NA,"rostellate",NA,"truncate, obtuse",NA,NA,"5-6","4-5",NA,"usually ovoid","mostly black, dark brown","same","yes",NA,NA
"Zygia_conzattii","High","Barneby, R.C. and Grimes, J., 1997. Silk tree, Monkey's earring: A generic system for the synandrous Mimosaceae of the Americas. Part II. Pithecellobium, Cojoba and Zygia. Mem. New York Bot. Gard, 74, pp.1-149.","https://www.dropbox.com/s/yc7hfzvtq7278xn/Barneby_and_Grimes-1997-Silk%20Tree%2C%20Guanacaste%2C%20Monkey%27s%20Earring%20-%20Part%20II.pdf?dl=16","automatic",NA,"shrub","10 (15)",NA,NA,NA,NA,NA,NA,"0.6-2",NA,NA,"1.8-4","yes",NA,NA,"1",NA,"(12) 16-50 (60)",NA,"1.5-2.5 (3-3.5)","(40) 45-95 (110)","(16) 20-45 (55)","strongly accrescent distally, blades narrowly elliptic, blades broadly elliptic, lance-elliptic, ovate","inequalaterally cuneate, shallow-cordate","obtuse, shortly obtusely acuminate","yes","0-9",NA,NA,NA,NA,"spikes","capitula of spikes",NA,"0.9-3.3","≥ 0.3",NA,NA,"(4) 4.6-6.5 (6.8)","0.7-1.4",NA,NA,NA,"28-48 (54)","(9)10-16 (17.5)",NA,NA,NA,NA,NA,NA,NA,NA,NA,NA,"pod","(70) 90-150","10-14",NA,"broad-linear, nearly straight, evenly recurved to a full circle, eqivalently contorted to a full circle",NA,NA,NA,"(7) 8-13",NA,"± 11-15",NA,"irregularly discoid-biconvex","dark brown","same","yes",NA,"found"
"Zygia_rhytidocarpa","High","Barneby, R.C. and Grimes, J., 1997. Silk tree, Monkey's earring: A generic system for the synandrous Mimosaceae of the Americas. Part II. Pithecellobium, Cojoba and Zygia. Mem. New York Bot. Gard, 74, pp.1-149.","https://www.dropbox.com/s/yc7hfzvtq7278xn/Barneby_and_Grimes-1997-Silk%20Tree%2C%20Guanacaste%2C%20Monkey%27s%20Earring%20-%20Part%20II.pdf?dl=17","automatic",NA,"shrub","9",NA,NA,NA,NA,"±4-7",NA,"±4-7",NA,NA,"2.5-5","yes",NA,NA,"1",NA,NA,NA,"5-9","110-400",NA,"accrescent distally, ovate, obovate, oblong elliptic from,","narrow-cordate","cuneate","yes","2-5",NA,"<25 (30)",NA,NA,"capitulum",NA,NA,"2.3-3","±0.2",NA,NA,"6.5-7","±0.7",NA,NA,NA,"24","±17.5",NA,NA,NA,NA,NA,NA,NA,NA,NA,NA,"pod","270","35","30","linear-oblong, straight, slightly recurved",NA,"abruptly decurved-apiculate",NA,"±7",NA,NA,NA,"seeds uniseriate, narrowly imbricate, obese, oblong compressed, variably distorted","dark brown","same","yes",NA,"found"
