"ID","Name_submitted","Overall_score","Name_matched_id","Name_matched","Name_score","Name_matched_rank","Author_submitted","Author_matched","Author_score","Canonical_author","Name_matched_accepted_family","Genus_submitted","Genus_matched","Genus_score","Specific_epithet_submitted","Specific_epithet_matched","Specific_epithet_score","Family_submitted","Family_matched","Family_score","Infraspecific_rank","Infraspecific_epithet_matched","Infraspecific_epithet_score","Infraspecific_rank_2","Infraspecific_epithet_2_matched","Infraspecific_epithet_2_score","Annotations","Unmatched_terms","Name_matched_url","Name_matched_lsid","Phonetic","Taxonomic_status","Accepted_name","Accepted_species","Accepted_name_author","Accepted_name_id","Accepted_name_rank","Accepted_name_url","Accepted_name_lsid","Accepted_family","Overall_score_order","Highertaxa_score_order","Source","Warnings","WarningsEng"
"1","Abarema acreana",1,"205953","Abarema acreana",1,"species","","",NA,"(J.F.Macbr.) L.Rico","Fabaceae","Abarema","Abarema",1,"acreana","acreana",1,"","",NA,"","",NA,"","",NA,"","","https://powo.science.kew.org/taxon/urn:lsid:ipni.org:names:1012720-1","","Y","Synonym","Hydrochorea acreana","Hydrochorea acreana","(J.F.Macbr.) Barneby & J.W.Grimes","190061","species","https://powo.science.kew.org/taxon/urn:lsid:ipni.org:names:989345-1","","Fabaceae","1","1","wcvp","0",""
"2","Abarema cochliacarpos",1,"1725079","Abarema cochliacarpos",1,"species","","",NA,"(Gomes) Barneby & J.W.Grimes","Fabaceae","Abarema","Abarema",1,"cochliacarpos","cochliacarpos",1,"","",NA,"","",NA,"","",NA,"","","https://powo.science.kew.org/taxon/urn:lsid:ipni.org:names:1020872-2","","Y","Accepted","Abarema cochliacarpos","Abarema cochliacarpos","(Gomes) Barneby & J.W.Grimes","1725079","species","https://powo.science.kew.org/taxon/urn:lsid:ipni.org:names:1020872-2","","Fabaceae","1","1","wcvp","0",""
"3","Abarema langsdorffii",1,"1221631","Abarema langsdorffii",1,"species","","",NA,"(Benth.) Barneby & J.W.Grimes","Fabaceae","Abarema","Abarema",1,"langsdorffii","langsdorffii",1,"","",NA,"","",NA,"","",NA,"","","https://powo.science.kew.org/taxon/urn:lsid:ipni.org:names:989383-1","","Y","Synonym","Jupunba langsdorffii","Jupunba langsdorffii","(Benth.) M.V.B.Soares, M.P.Morim & Iganci","1431282","species","https://powo.science.kew.org/taxon/urn:lsid:ipni.org:names:77218791-1","","Fabaceae","1","1","wcvp","0",""
"4","Acacia abyssinica",1,"184745","Acacia abyssinica",1,"species","","",NA,"Hochst. ex Benth.","Fabaceae","Acacia","Acacia",1,"abyssinica","abyssinica",1,"","",NA,"","",NA,"","",NA,"","","https://powo.science.kew.org/taxon/urn:lsid:ipni.org:names:469622-1","","Y","Synonym","Vachellia abyssinica","Vachellia abyssinica","(Hochst. ex Benth.) Kyal. & Boatwr.","1305086","species","https://powo.science.kew.org/taxon/urn:lsid:ipni.org:names:77131675-1","","Fabaceae","1","1","wcvp","0",""
"5","Acacia acatlensis",1,"161886","Acacia acatlensis",1,"species","","",NA,"Benth.","Fabaceae","Acacia","Acacia",1,"acatlensis","acatlensis",1,"","",NA,"","",NA,"","",NA,"","","https://powo.science.kew.org/taxon/urn:lsid:ipni.org:names:382-2","","Y","Synonym","Mariosousa acatlensis","Mariosousa acatlensis","(Benth.) Seigler & Ebinger","1262082","species","https://powo.science.kew.org/taxon/urn:lsid:ipni.org:names:60446090-2","","Fabaceae","1","1","wcvp","0",""
"6","Acacia adenocalyx",1,"185114","Acacia adenocalyx",1,"species","","",NA,"Brenan & Exell","Fabaceae","Acacia","Acacia",1,"adenocalyx","adenocalyx",1,"","",NA,"","",NA,"","",NA,"","","https://powo.science.kew.org/taxon/urn:lsid:ipni.org:names:469650-1","","Y","Synonym","Senegalia adenocalyx","Senegalia adenocalyx","(Brenan & Exell) Kyal. & Boatwr.","1304806","species","https://powo.science.kew.org/taxon/urn:lsid:ipni.org:names:77130756-1","","Fabaceae","1","1","wcvp","0",""
"7","Acacia allenii",1,"162294","Acacia allenii",1,"species","","",NA,"D.H.Janzen","Fabaceae","Acacia","Acacia",1,"allenii","allenii",1,"","",NA,"","",NA,"","",NA,"","","https://powo.science.kew.org/taxon/urn:lsid:ipni.org:names:391-2","","Y","Synonym","Vachellia allenii","Vachellia allenii","(D.H.Janzen) Seigler & Ebinger","1260356","species","https://powo.science.kew.org/taxon/urn:lsid:ipni.org:names:60441187-2","","Fabaceae","1","1","wcvp","0",""
"8","Acacia amythethophylla",1,"185508","Acacia amythethophylla",1,"species","","",NA,"Steud. ex A.Rich.","Fabaceae","Acacia","Acacia",1,"amythethophylla","amythethophylla",1,"","",NA,"","",NA,"","",NA,"","","https://powo.science.kew.org/taxon/urn:lsid:ipni.org:names:469703-1","","Y","Synonym","Vachellia amythethophylla","Vachellia amythethophylla","(Steud. ex A.Rich.) Kyal. & Boatwr.","1305090","species","https://powo.science.kew.org/taxon/urn:lsid:ipni.org:names:77131681-1","","Fabaceae","1","1","wcvp","0",""
"9","Acacia angustissima",1,"179606","Acacia angustissima",1,"species","","",NA,"(Mill.) Kuntze","Fabaceae","Acacia","Acacia",1,"angustissima","angustissima",1,"","",NA,"","",NA,"","",NA,"","","https://powo.science.kew.org/taxon/urn:lsid:ipni.org:names:399-2","","Y","Synonym","Acaciella angustissima","Acaciella angustissima","(Mill.) Britton & Rose","179913","species","https://powo.science.kew.org/taxon/urn:lsid:ipni.org:names:712-2","","Fabaceae","1","1","wcvp","0",""
"10","Acacia anisophylla",1,"1036490","Acacia anisophylla",1,"species","","",NA,"S.Watson","Fabaceae","Acacia","Acacia",1,"anisophylla","anisophylla",1,"","",NA,"","",NA,"","",NA,"","","https://powo.science.kew.org/taxon/urn:lsid:ipni.org:names:412-2","","Y","Synonym","Senegalia anisophylla","Senegalia anisophylla","(S.Watson) Britton & Rose","1037832","species","https://powo.science.kew.org/taxon/urn:lsid:ipni.org:names:518238-1","","Fabaceae","1","1","wcvp","0",""
"11","Acacia asak",1,"186437","Acacia asak",1,"species","","",NA,"(Forssk.) Willd.","Fabaceae","Acacia","Acacia",1,"asak","asak",1,"","",NA,"","",NA,"","",NA,"","","https://powo.science.kew.org/taxon/urn:lsid:ipni.org:names:469761-1","","Y","Synonym","Senegalia asak","Senegalia asak","(Forssk.) Kyal. & Boatwr.","1304809","species","https://powo.science.kew.org/taxon/urn:lsid:ipni.org:names:77130759-1","","Fabaceae","1","1","wcvp","0",""
"12","Acacia ataxacantha",1,"186647","Acacia ataxacantha",1,"species","","",NA,"DC.","Fabaceae","Acacia","Acacia",1,"ataxacantha","ataxacantha",1,"","",NA,"","",NA,"","",NA,"","","https://powo.science.kew.org/taxon/urn:lsid:ipni.org:names:469772-1","","Y","Synonym","Senegalia ataxacantha","Senegalia ataxacantha","(DC.) Kyal. & Boatwr.","1304810","species","https://powo.science.kew.org/taxon/urn:lsid:ipni.org:names:77130760-1","","Fabaceae","1","1","wcvp","0",""
"13","Acacia bellula",1,"192728","Acacia bellula",1,"species","","",NA,"Drake","Fabaceae","Acacia","Acacia",1,"bellula","bellula",1,"","",NA,"","",NA,"","",NA,"","","https://powo.science.kew.org/taxon/urn:lsid:ipni.org:names:469822-1","","Y","Synonym","Vachellia bellula","Vachellia bellula","(Drake) Boatwr.","1312102","species","https://powo.science.kew.org/taxon/urn:lsid:ipni.org:names:77150530-1","","Fabaceae","1","1","wcvp","0",""
"14","Acacia berlandieri",1,"161899","Acacia berlandieri",1,"species","","",NA,"Benth.","Fabaceae","Acacia","Acacia",1,"berlandieri","berlandieri",1,"","",NA,"","",NA,"","",NA,"","","https://powo.science.kew.org/taxon/urn:lsid:ipni.org:names:469827-1","","Y","Synonym","Senegalia berlandieri","Senegalia berlandieri","(Benth.) Britton & Rose","164142","species","https://powo.science.kew.org/taxon/urn:lsid:ipni.org:names:234302-2","","Fabaceae","1","1","wcvp","0",""
"15","Acacia biaciculata",1,"1036493","Acacia biaciculata",1,"species","","",NA,"S.Watson","Fabaceae","Acacia","Acacia",1,"biaciculata","biaciculata",1,"","",NA,"","",NA,"","",NA,"","","https://powo.science.kew.org/taxon/urn:lsid:ipni.org:names:424-2","","Y","Synonym","Vachellia biaciculata","Vachellia biaciculata","(S.Watson) Seigler & Ebinger","1260362","species","https://powo.science.kew.org/taxon/urn:lsid:ipni.org:names:60441193-2","","Fabaceae","1","1","wcvp","0",""
"16","Acacia bilimekii",1,"161900","Acacia bilimekii",1,"species","","",NA,"J.F.Macbr.","Fabaceae","Acacia","Acacia",1,"bilimekii","bilimekii",1,"","",NA,"","",NA,"","",NA,"","","https://powo.science.kew.org/taxon/urn:lsid:ipni.org:names:292828-2","","Y","Synonym","Vachellia bilimekii","Vachellia bilimekii","(J.F.Macbr.) Seigler & Ebinger","1260363","species","https://powo.science.kew.org/taxon/urn:lsid:ipni.org:names:60441194-2","","Fabaceae","1","1","wcvp","0",""
"17","Acacia bonariensis",1,"184159","Acacia bonariensis",1,"species","","",NA,"Gillies ex Hook. & Arn.","Fabaceae","Acacia","Acacia",1,"bonariensis","bonariensis",1,"","",NA,"","",NA,"","",NA,"","","https://powo.science.kew.org/taxon/urn:lsid:ipni.org:names:469857-1","","Y","Synonym","Senegalia bonariensis","Senegalia bonariensis","(Gillies ex Hook. & Arn.) Seigler & Ebinger","1262209","species","https://powo.science.kew.org/taxon/urn:lsid:ipni.org:names:60445198-2","","Fabaceae","1","1","wcvp","0",""
"18","Acacia brandegeeana",1,"1428701","Acacia brandegeeana",1,"species","","",NA,"I.M.Johnst.","Fabaceae","Acacia","Acacia",1,"brandegeeana","brandegeeana",1,"","",NA,"","",NA,"","",NA,"","","https://powo.science.kew.org/taxon/urn:lsid:ipni.org:names:428-2","","Y","Synonym","Vachellia brandegeeana","Vachellia brandegeeana","(I.M.Johnst.) Seigler & Ebinger","1260364","species","https://powo.science.kew.org/taxon/urn:lsid:ipni.org:names:60441195-2","","Fabaceae","1","1","wcvp","0",""
"19","Acacia brevispica",1,"187441","Acacia brevispica",1,"species","","",NA,"Harms","Fabaceae","Acacia","Acacia",1,"brevispica","brevispica",1,"","",NA,"","",NA,"","",NA,"","","https://powo.science.kew.org/taxon/urn:lsid:ipni.org:names:469880-1","","Y","Synonym","Senegalia brevispica","Senegalia brevispica","(Harms) Seigler & Ebinger","737876","species","https://powo.science.kew.org/taxon/urn:lsid:ipni.org:names:60453638-2","","Fabaceae","1","1","wcvp","0",""
"20","Acacia burkei",1,"188092","Acacia burkei",1,"species","","",NA,"Benth.","Fabaceae","Acacia","Acacia",1,"burkei","burkei",1,"","",NA,"","",NA,"","",NA,"","","https://powo.science.kew.org/taxon/urn:lsid:ipni.org:names:469893-1","","Y","Synonym","Senegalia burkei","Senegalia burkei","(Benth.) Kyal. & Boatwr.","1304811","species","https://powo.science.kew.org/taxon/urn:lsid:ipni.org:names:77130763-1","","Fabaceae","1","1","wcvp","0",""
"21","Acacia caesia",1,"201400","Acacia caesia",1,"species","","",NA,"Wight & Arn.","Fabaceae","Acacia","Acacia",1,"caesia","caesia",1,"","",NA,"","",NA,"","",NA,"","","https://powo.science.kew.org/taxon/urn:lsid:ipni.org:names:469904-1","","Y","Illegitimate","Senegalia intsia","Senegalia intsia","(L.) Maslin, Seigler & Ebinger","1305338","species","https://powo.science.kew.org/taxon/urn:lsid:ipni.org:names:77132510-1","","Fabaceae","1","2","wcvp","4","[HigherTaxa]"
"22","Acacia caffra",1,"188374","Acacia caffra",1,"species","","",NA,"(Thunb.) Willd.","Fabaceae","Acacia","Acacia",1,"caffra","caffra",1,"","",NA,"","",NA,"","",NA,"","","https://powo.science.kew.org/taxon/urn:lsid:ipni.org:names:469907-1","","Y","Synonym","Senegalia caffra","Senegalia caffra","(Thunb.) P.J.H.Hurter & Mabb.","1267561","species","https://powo.science.kew.org/taxon/urn:lsid:ipni.org:names:77089267-1","","Fabaceae","1","1","wcvp","0",""
"23","Acacia centralis",1,"161904","Acacia centralis",1,"species","","",NA,"(Britton & Rose) Lundell","Fabaceae","Acacia","Acacia",1,"centralis","centralis",1,"","",NA,"","",NA,"","",NA,"","","https://powo.science.kew.org/taxon/urn:lsid:ipni.org:names:441-2","","Y","Synonym","Mariosousa centralis","Mariosousa centralis","(Britton & Rose) Seigler & Ebinger","1262084","species","https://powo.science.kew.org/taxon/urn:lsid:ipni.org:names:60446091-2","","Fabaceae","1","1","wcvp","0",""
"24","Acacia chiapensis",1,"161905","Acacia chiapensis",1,"species","","",NA,"Saff.","Fabaceae","Acacia","Acacia",1,"chiapensis","chiapensis",1,"","",NA,"","",NA,"","",NA,"","","https://powo.science.kew.org/taxon/urn:lsid:ipni.org:names:443-2","","Y","Synonym","Vachellia chiapensis","Vachellia chiapensis","(Saff.) Seigler & Ebinger","1260373","species","https://powo.science.kew.org/taxon/urn:lsid:ipni.org:names:60441204-2","","Fabaceae","1","1","wcvp","0",""
"25","Acacia cochliacantha",1,"171563","Acacia cochliacantha",1,"species","","",NA,"Humb. & Bonpl. ex Willd.","Fabaceae","Acacia","Acacia",1,"cochliacantha","cochliacantha",1,"","",NA,"","",NA,"","",NA,"","","https://powo.science.kew.org/taxon/urn:lsid:ipni.org:names:470010-1","","Y","Synonym","Vachellia campeachiana","Vachellia campeachiana","(Mill.) Seigler & Ebinger","1260368","species","https://powo.science.kew.org/taxon/urn:lsid:ipni.org:names:60441199-2","","Fabaceae","1","1","wcvp","0",""
"26","Acacia compacta",1,"1036496","Acacia compacta",1,"species","","",NA,"Rose","Fabaceae","Acacia","Acacia",1,"compacta","compacta",1,"","",NA,"","",NA,"","",NA,"","","https://powo.science.kew.org/taxon/urn:lsid:ipni.org:names:447-2","","Y","Synonym","Mariosousa compacta","Mariosousa compacta","(Rose) Seigler & Ebinger","1262085","species","https://powo.science.kew.org/taxon/urn:lsid:ipni.org:names:60446092-2","","Fabaceae","1","1","wcvp","0",""
"27","Acacia concinna",1,"1041050","Acacia concinna",1,"species","","",NA,"Phil.","Fabaceae","Acacia","Acacia",1,"concinna","concinna",1,"","",NA,"","",NA,"","",NA,"","","https://powo.science.kew.org/taxon/urn:lsid:ipni.org:names:470032-1","","Y","Illegitimate","Parasenegalia visco","Parasenegalia visco","(Lorentz ex Griseb.) Seigler & Ebinger","1373530","species","https://powo.science.kew.org/taxon/urn:lsid:ipni.org:names:77175804-1","","Fabaceae","1","3","wcvp","4","[HigherTaxa]"
"28","Acacia confusa",1,"183473","Acacia confusa",1,"species","","",NA,"Merr.","Fabaceae","Acacia","Acacia",1,"confusa","confusa",1,"","",NA,"","",NA,"","",NA,"","","https://powo.science.kew.org/taxon/urn:lsid:ipni.org:names:470039-1","","Y","Accepted","Acacia confusa","Acacia confusa","Merr.","183473","species","https://powo.science.kew.org/taxon/urn:lsid:ipni.org:names:470039-1","","Fabaceae","1","1","wcvp","0",""
"29","Acacia constricta",1,"1036497","Acacia constricta",1,"species","","",NA,"Benth.","Fabaceae","Acacia","Acacia",1,"constricta","constricta",1,"","",NA,"","",NA,"","",NA,"","","https://powo.science.kew.org/taxon/urn:lsid:ipni.org:names:448-2","","Y","Synonym","Vachellia constricta","Vachellia constricta","(Benth.) Seigler & Ebinger","1260376","species","https://powo.science.kew.org/taxon/urn:lsid:ipni.org:names:60441207-2","","Fabaceae","1","1","wcvp","0",""
"30","Acacia cookii",1,"179609","Acacia cookii",1,"species","","",NA,"Saff.","Fabaceae","Acacia","Acacia",1,"cookii","cookii",1,"","",NA,"","",NA,"","",NA,"","","https://powo.science.kew.org/taxon/urn:lsid:ipni.org:names:453-2","","Y","Synonym","Vachellia cookii","Vachellia cookii","(Saff.) Seigler & Ebinger","1260377","species","https://powo.science.kew.org/taxon/urn:lsid:ipni.org:names:60441208-2","","Fabaceae","1","1","wcvp","0",""
"31","Acacia cornigera",1,"179720","Acacia cornigera",1,"species","","",NA,"(L.) Willd.","Fabaceae","Acacia","Acacia",1,"cornigera","cornigera",1,"","",NA,"","",NA,"","",NA,"","","https://powo.science.kew.org/taxon/urn:lsid:ipni.org:names:1112366-2","","Y","Synonym","Vachellia cornigera","Vachellia cornigera","(L.) Seigler & Ebinger","1260378","species","https://powo.science.kew.org/taxon/urn:lsid:ipni.org:names:60441209-2","","Fabaceae","1","1","wcvp","0",""
"32","Acacia coulteri",1,"1036500","Acacia coulteri",1,"species","","",NA,"Benth.","Fabaceae","Acacia","Acacia",1,"coulteri","coulteri",1,"","",NA,"","",NA,"","",NA,"","","https://powo.science.kew.org/taxon/urn:lsid:ipni.org:names:457-2","","Y","Synonym","Mariosousa coulteri","Mariosousa coulteri","(Benth.) Seigler & Ebinger","1262086","species","https://powo.science.kew.org/taxon/urn:lsid:ipni.org:names:60446093-2","","Fabaceae","1","1","wcvp","0",""
"33","Acacia cracentis",1,"199150","Acacia cracentis",1,"species","","",NA,"R.S.Cowan & Maslin","Fabaceae","Acacia","Acacia",1,"cracentis","cracentis",1,"","",NA,"","",NA,"","",NA,"","","https://powo.science.kew.org/taxon/urn:lsid:ipni.org:names:1008315-1","","Y","Accepted","Acacia cracentis","Acacia cracentis","R.S.Cowan & Maslin","199150","species","https://powo.science.kew.org/taxon/urn:lsid:ipni.org:names:1008315-1","","Fabaceae","1","1","wcvp","0",""
"34","Acacia crassifolia",1,"1036502","Acacia crassifolia",1,"species","","",NA,"A.Gray","Fabaceae","Acacia","Acacia",1,"crassifolia","crassifolia",1,"","",NA,"","",NA,"","",NA,"","","https://powo.science.kew.org/taxon/urn:lsid:ipni.org:names:470073-1","","Y","Synonym","Senegalia crassifolia","Senegalia crassifolia","(A.Gray) Britton & Rose","1037837","species","https://powo.science.kew.org/taxon/urn:lsid:ipni.org:names:518246-1","","Fabaceae","1","1","wcvp","0",""
"35","Acacia crinita",1,"1036504","Acacia crinita",1,"species","","",NA,"Brandegee","Fabaceae","Acacia","Acacia",1,"crinita","crinita",1,"","",NA,"","",NA,"","",NA,"","","https://powo.science.kew.org/taxon/urn:lsid:ipni.org:names:460-2","","Y","Synonym","Acaciella tequilana var. crinita","Acaciella tequilana","(Brandegee) L.Rico","1021243","variety","https://powo.science.kew.org/taxon/urn:lsid:ipni.org:names:77077788-1","","Fabaceae","1","1","wcvp","0",""
"36","Acacia diffusa",1,"197930","Acacia diffusa",1,"species","","",NA,"Ker Gawl.","Fabaceae","Acacia","Acacia",1,"diffusa","diffusa",1,"","",NA,"","",NA,"","",NA,"","","https://powo.science.kew.org/taxon/urn:lsid:ipni.org:names:63352-3","","Y","Synonym","Acacia genistifolia subsp. genistifolia","Acacia genistifolia","","1431706","subspecies","https://powo.science.kew.org/taxon/urn:lsid:ipni.org:names:3284210-4","","Fabaceae","1","1","wcvp","0",""
"37","Acacia dolichostachya",1,"161912","Acacia dolichostachya",1,"species","","",NA,"S.F.Blake","Fabaceae","Acacia","Acacia",1,"dolichostachya","dolichostachya",1,"","",NA,"","",NA,"","",NA,"","","https://powo.science.kew.org/taxon/urn:lsid:ipni.org:names:473-2","","Y","Synonym","Mariosousa dolichostachya","Mariosousa dolichostachya","(S.F.Blake) Seigler & Ebinger","1262087","species","https://powo.science.kew.org/taxon/urn:lsid:ipni.org:names:60446094-2","","Fabaceae","1","1","wcvp","0",""
"38","Acacia drepanolobium",1,"189601","Acacia drepanolobium",1,"species","","",NA,"Harms ex Y.Sjöstedt","Fabaceae","Acacia","Acacia",1,"drepanolobium","drepanolobium",1,"","",NA,"","",NA,"","",NA,"","","https://powo.science.kew.org/taxon/urn:lsid:ipni.org:names:470213-1","","Y","Synonym","Vachellia drepanolobium","Vachellia drepanolobium","(Harms ex Y.Sjöstedt) P.J.H.Hurter","1267565","species","https://powo.science.kew.org/taxon/urn:lsid:ipni.org:names:77089271-1","","Fabaceae","1","1","wcvp","0",""
"39","Acacia erioloba",1,"1488016","Acacia erioloba",1,"species","","",NA,"Edgew.","Fabaceae","Acacia","Acacia",1,"erioloba","erioloba",1,"","",NA,"","",NA,"","",NA,"","","https://powo.science.kew.org/taxon/urn:lsid:ipni.org:names:470266-1","","Y","Illegitimate","Vachellia edgeworthii","Vachellia edgeworthii","(T.Anderson) Kyal. & Boatwr.","1305108","species","https://powo.science.kew.org/taxon/urn:lsid:ipni.org:names:77131701-1","","Fabaceae","1","2","wcvp","4","[HigherTaxa]"
"40","Acacia erubescens",1,"191457","Acacia erubescens",1,"species","","",NA,"Welw. ex Oliv.","Fabaceae","Acacia","Acacia",1,"erubescens","erubescens",1,"","",NA,"","",NA,"","",NA,"","","https://powo.science.kew.org/taxon/urn:lsid:ipni.org:names:470270-1","","Y","Synonym","Senegalia erubescens","Senegalia erubescens","(Welw. ex Oliv.) Kyal. & Boatwr.","1375178","species","https://powo.science.kew.org/taxon/urn:lsid:ipni.org:names:77130781-1","","Fabaceae","1","1","wcvp","0",""
"41","Acacia erythrocalyx",1,"191655","Acacia erythrocalyx",1,"species","","",NA,"Brenan","Fabaceae","Acacia","Acacia",1,"erythrocalyx","erythrocalyx",1,"","",NA,"","",NA,"","",NA,"","","https://powo.science.kew.org/taxon/urn:lsid:ipni.org:names:470273-1","","Y","Synonym","Senegalia erythrocalyx","Senegalia erythrocalyx","(Brenan) Kyal. & Boatwr.","1304822","species","https://powo.science.kew.org/taxon/urn:lsid:ipni.org:names:77130782-1","","Fabaceae","1","1","wcvp","0",""
"42","Acacia etbaica",1,"191859","Acacia etbaica",1,"species","","",NA,"Schweinf.","Fabaceae","Acacia","Acacia",1,"etbaica","etbaica",1,"","",NA,"","",NA,"","",NA,"","","https://powo.science.kew.org/taxon/urn:lsid:ipni.org:names:470281-1","","Y","Synonym","Vachellia etbaica","Vachellia etbaica","(Schweinf.) Kyal. & Boatwr.","1305111","species","https://powo.science.kew.org/taxon/urn:lsid:ipni.org:names:77131706-1","","Fabaceae","1","1","wcvp","0",""
"43","Acacia furcatispina",1,"161915","Acacia furcatispina",1,"species","","",NA,"Burkart","Fabaceae","Acacia","Acacia",1,"furcatispina","furcatispina",1,"","",NA,"","",NA,"","",NA,"","","https://powo.science.kew.org/taxon/urn:lsid:ipni.org:names:292785-2","","Y","Illegitimate","Senegalia gilliesii","Senegalia gilliesii","(Steud.) Seigler & Ebinger","1262216","species","https://powo.science.kew.org/taxon/urn:lsid:ipni.org:names:60445205-2","","Fabaceae","1","1","wcvp","0",""
"44","Acacia galpinii",1,"192935","Acacia galpinii",1,"species","","",NA,"Burtt Davy","Fabaceae","Acacia","Acacia",1,"galpinii","galpinii",1,"","",NA,"","",NA,"","",NA,"","","https://powo.science.kew.org/taxon/urn:lsid:ipni.org:names:470382-1","","Y","Synonym","Senegalia galpinii","Senegalia galpinii","(Burtt Davy) Seigler & Ebinger","737871","species","https://powo.science.kew.org/taxon/urn:lsid:ipni.org:names:60453639-2","","Fabaceae","1","1","wcvp","0",""
"45","Acacia gaumeri",1,"161916","Acacia gaumeri",1,"species","","",NA,"S.F.Blake","Fabaceae","Acacia","Acacia",1,"gaumeri","gaumeri",1,"","",NA,"","",NA,"","",NA,"","","https://powo.science.kew.org/taxon/urn:lsid:ipni.org:names:498-2","","Y","Synonym","Senegalia gaumeri","Senegalia gaumeri","(S.F.Blake) Britton & Rose","1037842","species","https://powo.science.kew.org/taxon/urn:lsid:ipni.org:names:518254-1","","Fabaceae","1","1","wcvp","0",""
"46","Acacia gentlei",1,"161917","Acacia gentlei",1,"species","","",NA,"Standl.","Fabaceae","Acacia","Acacia",1,"gentlei","gentlei",1,"","",NA,"","",NA,"","",NA,"","","https://powo.science.kew.org/taxon/urn:lsid:ipni.org:names:499-2","","Y","Synonym","Vachellia gentlei","Vachellia gentlei","(Standl.) Seigler & Ebinger","1260385","species","https://powo.science.kew.org/taxon/urn:lsid:ipni.org:names:60441215-2","","Fabaceae","1","1","wcvp","0",""
"47","Acacia gerrardii",0.98210117101673,"1818928","Acacia gerrardi",0.98210117101673,"species","","",NA,"Benth.","Fabaceae","Acacia","Acacia",1,"gerrardii","gerrardi",0.88888888888889,"","",NA,"","",NA,"","",NA,"","","https://powo.science.kew.org/taxon/urn:lsid:ipni.org:names:470393-1","","Y","Synonym","Vachellia gerrardi","Vachellia gerrardi","(Benth.) P.J.H.Hurter","1629121","species","https://powo.science.kew.org/taxon/urn:lsid:ipni.org:names:77089274-1","","Fabaceae","1","1","wcvp","0",""
"48","Acacia glandulifera",1,"1488031","Acacia glandulifera",1,"species","","",NA,"Schinz","Fabaceae","Acacia","Acacia",1,"glandulifera","glandulifera",1,"","",NA,"","",NA,"","",NA,"","","https://powo.science.kew.org/taxon/urn:lsid:ipni.org:names:470412-1","","Y","Illegitimate","Vachellia nebrownii","Vachellia nebrownii","(Burtt Davy) Seigler & Ebinger","737885","species","https://powo.science.kew.org/taxon/urn:lsid:ipni.org:names:60453647-2","","Fabaceae","1","2","wcvp","4","[HigherTaxa]"
"49","Acacia glauca",1,"181905","Acacia glauca",1,"species","","",NA,"(L.) Moench","Fabaceae","Acacia","Acacia",1,"glauca","glauca",1,"","",NA,"","",NA,"","",NA,"","","https://powo.science.kew.org/taxon/urn:lsid:ipni.org:names:1211764-2","","Y","Synonym","Acaciella glauca","Acaciella glauca","(L.) L.Rico","1266226","species","https://powo.science.kew.org/taxon/urn:lsid:ipni.org:names:77077786-1","","Fabaceae","1","1","wcvp","0",""
"50","Acacia globulifera",1,"161918","Acacia globulifera",1,"species","","",NA,"Saff.","Fabaceae","Acacia","Acacia",1,"globulifera","globulifera",1,"","",NA,"","",NA,"","",NA,"","","https://powo.science.kew.org/taxon/urn:lsid:ipni.org:names:503-2","","Y","Synonym","Vachellia globulifera","Vachellia globulifera","(Saff.) Seigler & Ebinger","1260388","species","https://powo.science.kew.org/taxon/urn:lsid:ipni.org:names:60441218-2","","Fabaceae","1","1","wcvp","0",""
"51","Acacia glomerosa",1,"161919","Acacia glomerosa",1,"species","","",NA,"Benth.","Fabaceae","Acacia","Acacia",1,"glomerosa","glomerosa",1,"","",NA,"","",NA,"","",NA,"","","https://powo.science.kew.org/taxon/urn:lsid:ipni.org:names:504-2","","Y","Synonym","Senegalia polyphylla","Senegalia polyphylla","(DC.) Britton & Rose","181884","species","https://powo.science.kew.org/taxon/urn:lsid:ipni.org:names:518289-1","","Fabaceae","1","1","wcvp","0",""
"52","Acacia goetzei",1,"193277","Acacia goetzei",1,"species","","",NA,"Harms","Fabaceae","Acacia","Acacia",1,"goetzei","goetzei",1,"","",NA,"","",NA,"","",NA,"","","https://powo.science.kew.org/taxon/urn:lsid:ipni.org:names:470431-1","","Y","Synonym","Senegalia goetzei","Senegalia goetzei","(Harms) Kyal. & Boatwr.","1304825","species","https://powo.science.kew.org/taxon/urn:lsid:ipni.org:names:77130785-1","","Fabaceae","1","1","wcvp","0",""
"53","Acacia goldmanii",1,"161920","Acacia goldmanii",1,"species","","",NA,"(Britton & Rose) Wiggins","Fabaceae","Acacia","Acacia",1,"goldmanii","goldmanii",1,"","",NA,"","",NA,"","",NA,"","","https://powo.science.kew.org/taxon/urn:lsid:ipni.org:names:506-2","","Y","Synonym","Acaciella goldmanii","Acaciella goldmanii","Britton & Rose","1037440","species","https://powo.science.kew.org/taxon/urn:lsid:ipni.org:names:729-2","","Fabaceae","1","1","wcvp","0",""
"54","Acacia gourmaensis",1,"194194","Acacia gourmaensis",1,"species","","",NA,"A.Chev.","Fabaceae","Acacia","Acacia",1,"gourmaensis","gourmaensis",1,"","",NA,"","",NA,"","",NA,"","","https://powo.science.kew.org/taxon/urn:lsid:ipni.org:names:470440-1","","Y","Synonym","Senegalia gourmaensis","Senegalia gourmaensis","(A.Chev.) Kyal. & Boatwr.","1304826","species","https://powo.science.kew.org/taxon/urn:lsid:ipni.org:names:77130788-1","","Fabaceae","1","1","wcvp","0",""
"55","Acacia grayana",1,"1253942","Acacia grayana",1,"species","","",NA,"J.H.Willis","Fabaceae","Acacia","Acacia",1,"grayana","grayana",1,"","",NA,"","",NA,"","",NA,"","","https://powo.science.kew.org/taxon/urn:lsid:ipni.org:names:470458-1","","Y","Accepted","Acacia x grayana","Acacia x grayana","J.H.Willis","1253942","species","https://powo.science.kew.org/taxon/urn:lsid:ipni.org:names:470458-1","","Fabaceae","1","1","wcvp","0",""
"56","Acacia greggii",1,"161921","Acacia greggii",1,"species","","",NA,"A.Gray","Fabaceae","Acacia","Acacia",1,"greggii","greggii",1,"","",NA,"","",NA,"","",NA,"","","https://powo.science.kew.org/taxon/urn:lsid:ipni.org:names:470459-1","","Y","Synonym","Senegalia greggii","Senegalia greggii","(A.Gray) Britton & Rose","164162","species","https://powo.science.kew.org/taxon/urn:lsid:ipni.org:names:234318-2","","Fabaceae","1","1","wcvp","0",""
"57","Acacia haematoxylon",1,"194485","Acacia haematoxylon",1,"species","","",NA,"Willd.","Fabaceae","Acacia","Acacia",1,"haematoxylon","haematoxylon",1,"","",NA,"","",NA,"","",NA,"","","https://powo.science.kew.org/taxon/urn:lsid:ipni.org:names:470485-1","","Y","Synonym","Vachellia haematoxylon","Vachellia haematoxylon","(Willd.) Seigler & Ebinger","737883","species","https://powo.science.kew.org/taxon/urn:lsid:ipni.org:names:60453645-2","","Fabaceae","1","1","wcvp","0",""
"58","Acacia harmandiana",1,"196111","Acacia harmandiana",1,"species","","",NA,"(Pierre) Gagnep.","Fabaceae","Acacia","Acacia",1,"harmandiana","harmandiana",1,"","",NA,"","",NA,"","",NA,"","","https://powo.science.kew.org/taxon/urn:lsid:ipni.org:names:470493-1","","Y","Synonym","Vachellia harmandiana","Vachellia harmandiana","(Pierre) Maslin, Seigler & Ebinger","1305357","species","https://powo.science.kew.org/taxon/urn:lsid:ipni.org:names:77132536-1","","Fabaceae","1","1","wcvp","0",""
"59","Acacia hartwegii",1,"161923","Acacia hartwegii",1,"species","","",NA,"Benth.","Fabaceae","Acacia","Acacia",1,"hartwegii","hartwegii",1,"","",NA,"","",NA,"","",NA,"","","https://powo.science.kew.org/taxon/urn:lsid:ipni.org:names:516-2","","Y","Synonym","Acaciella hartwegii","Acaciella hartwegii","(Benth.) Britton & Rose","164163","species","https://powo.science.kew.org/taxon/urn:lsid:ipni.org:names:730-2","","Fabaceae","1","1","wcvp","0",""
"60","Acacia hayesii",1,"161924","Acacia hayesii",1,"species","","",NA,"Benth.","Fabaceae","Acacia","Acacia",1,"hayesii","hayesii",1,"","",NA,"","",NA,"","",NA,"","","https://powo.science.kew.org/taxon/urn:lsid:ipni.org:names:470501-1","","Y","Synonym","Senegalia hayesii","Senegalia hayesii","(Benth.) Britton & Rose","164169","species","https://powo.science.kew.org/taxon/urn:lsid:ipni.org:names:518260-1","","Fabaceae","1","1","wcvp","0",""
"61","Acacia hebeclada",1,"194777","Acacia hebeclada",1,"species","","",NA,"DC.","Fabaceae","Acacia","Acacia",1,"hebeclada","hebeclada",1,"","",NA,"","",NA,"","",NA,"","","https://powo.science.kew.org/taxon/urn:lsid:ipni.org:names:470503-1","","Y","Synonym","Vachellia hebeclada","Vachellia hebeclada","(DC.) Kyal. & Boatwr.","1305116","species","https://powo.science.kew.org/taxon/urn:lsid:ipni.org:names:77131721-1","","Fabaceae","1","1","wcvp","0",""
"62","Acacia hecatophylla",1,"195356","Acacia hecatophylla",1,"species","","",NA,"Steud. ex A.Rich.","Fabaceae","Acacia","Acacia",1,"hecatophylla","hecatophylla",1,"","",NA,"","",NA,"","",NA,"","","https://powo.science.kew.org/taxon/urn:lsid:ipni.org:names:470505-1","","Y","Synonym","Senegalia hecatophylla","Senegalia hecatophylla","(Steud. ex A.Rich.) Kyal. & Boatwr.","1304827","species","https://powo.science.kew.org/taxon/urn:lsid:ipni.org:names:77130789-1","","Fabaceae","1","1","wcvp","0",""
"63","Acacia hindsii",1,"161925","Acacia hindsii",1,"species","","",NA,"Benth.","Fabaceae","Acacia","Acacia",1,"hindsii","hindsii",1,"","",NA,"","",NA,"","",NA,"","","https://powo.science.kew.org/taxon/urn:lsid:ipni.org:names:520-2","","Y","Synonym","Vachellia hindsii","Vachellia hindsii","(Benth.) Seigler & Ebinger","1260391","species","https://powo.science.kew.org/taxon/urn:lsid:ipni.org:names:60441220-2","","Fabaceae","1","1","wcvp","0",""
"64","Acacia hockii",1,"195644","Acacia hockii",1,"species","","",NA,"De Wild.","Fabaceae","Acacia","Acacia",1,"hockii","hockii",1,"","",NA,"","",NA,"","",NA,"","","https://powo.science.kew.org/taxon/urn:lsid:ipni.org:names:470533-1","","Y","Synonym","Vachellia hockii","Vachellia hockii","(De Wild.) Seigler & Ebinger","737884","species","https://powo.science.kew.org/taxon/urn:lsid:ipni.org:names:60453646-2","","Fabaceae","1","1","wcvp","0",""
"65","Acacia homalophylla",1,"1041076","Acacia homalophylla",1,"species","","",NA,"A.Cunn. ex Benth.","Fabaceae","Acacia","Acacia",1,"homalophylla","homalophylla",1,"","",NA,"","",NA,"","",NA,"","","https://powo.science.kew.org/taxon/urn:lsid:ipni.org:names:470542-1","","Y","No opinion","","","","","","","","","1","1","wcvp","0",""
"66","Acacia horrida",1,"197281","Acacia horrida",1,"species","","",NA,"Span.","Fabaceae","Acacia","Acacia",1,"horrida","horrida",1,"","",NA,"","",NA,"","",NA,"","","https://powo.science.kew.org/taxon/urn:lsid:ipni.org:names:470547-1","","Y","Illegitimate","Senegalia pennata","Senegalia pennata","(L.) Maslin","1303346","species","https://powo.science.kew.org/taxon/urn:lsid:ipni.org:names:77125575-1","","Fabaceae","1","2","wcvp","4","[HigherTaxa]"
"67","Acacia hydaspica",1,"1042550","Acacia hydaspica",1,"species","","",NA,"J.R.Drumm. ex R.Parker","Fabaceae","Acacia","Acacia",1,"hydaspica","hydaspica",1,"","",NA,"","",NA,"","",NA,"","","https://powo.science.kew.org/taxon/urn:lsid:ipni.org:names:470566-1","","Y","Synonym","Vachellia eburnea","Vachellia eburnea","(L.f.) P.J.H.Hurter & Mabb.","1267566","species","https://powo.science.kew.org/taxon/urn:lsid:ipni.org:names:77089272-1","","Fabaceae","1","1","wcvp","0",""
"68","Acacia interior",1,"176891","Acacia interior",1,"species","","",NA,"(Britton & Rose) McVaugh","Fabaceae","Acacia","Acacia",1,"interior","interior",1,"","",NA,"","",NA,"","",NA,"","","https://powo.science.kew.org/taxon/urn:lsid:ipni.org:names:271488-2","","Y","Synonym","Senegalia interior","Senegalia interior","Britton & Rose","179254","species","https://powo.science.kew.org/taxon/urn:lsid:ipni.org:names:284952-2","","Fabaceae","1","1","wcvp","0",""
"69","Acacia intsia",1,"199748","Acacia intsia",1,"species","","",NA,"(L.) Willd.","Fabaceae","Acacia","Acacia",1,"intsia","intsia",1,"","",NA,"","",NA,"","",NA,"","","https://powo.science.kew.org/taxon/urn:lsid:ipni.org:names:470607-1","","Y","Synonym","Senegalia intsia","Senegalia intsia","(L.) Maslin, Seigler & Ebinger","1305338","species","https://powo.science.kew.org/taxon/urn:lsid:ipni.org:names:77132510-1","","Fabaceae","1","1","wcvp","0",""
"70","Acacia koa",1,"171568","Acacia koa",1,"species","","",NA,"A.Gray","Fabaceae","Acacia","Acacia",1,"koa","koa",1,"","",NA,"","",NA,"","",NA,"","","https://powo.science.kew.org/taxon/urn:lsid:ipni.org:names:470659-1","","Y","Accepted","Acacia koa","Acacia koa","A.Gray","171568","species","https://powo.science.kew.org/taxon/urn:lsid:ipni.org:names:470659-1","","Fabaceae","1","1","wcvp","0",""
"71","Acacia koaia",1,"1042529","Acacia koaia",1,"species","","",NA,"Hillebr.","Fabaceae","Acacia","Acacia",1,"koaia","koaia",1,"","",NA,"","",NA,"","",NA,"","","https://powo.science.kew.org/taxon/urn:lsid:ipni.org:names:470660-1","","Y","Synonym","Acacia koa","Acacia koa","A.Gray","171568","species","https://powo.science.kew.org/taxon/urn:lsid:ipni.org:names:470659-1","","Fabaceae","1","1","wcvp","0",""
"72","Acacia kraussiana",1,"197963","Acacia kraussiana",1,"species","","",NA,"Meisn. ex Benth.","Fabaceae","Acacia","Acacia",1,"kraussiana","kraussiana",1,"","",NA,"","",NA,"","",NA,"","","https://powo.science.kew.org/taxon/urn:lsid:ipni.org:names:470663-1","","Y","Synonym","Senegalia kraussiana","Senegalia kraussiana","(Meisn. ex Benth.) Kyal. & Boatwr.","1304830","species","https://powo.science.kew.org/taxon/urn:lsid:ipni.org:names:77130792-1","","Fabaceae","1","1","wcvp","0",""
"73","Acacia kuhlmannii",1,"161930","Acacia kuhlmannii",1,"species","","",NA,"Ducke","Fabaceae","Acacia","Acacia",1,"kuhlmannii","kuhlmannii",1,"","",NA,"","",NA,"","",NA,"","","https://powo.science.kew.org/taxon/urn:lsid:ipni.org:names:539-2","","Y","Synonym","Senegalia kuhlmannii","Senegalia kuhlmannii","(Ducke) Seigler & Ebinger","1262221","species","https://powo.science.kew.org/taxon/urn:lsid:ipni.org:names:60445210-2","","Fabaceae","1","1","wcvp","0",""
"74","Acacia laeta",1,"198053","Acacia laeta",1,"species","","",NA,"R.Br. ex Benth.","Fabaceae","Acacia","Acacia",1,"laeta","laeta",1,"","",NA,"","",NA,"","",NA,"","","https://powo.science.kew.org/taxon/urn:lsid:ipni.org:names:60451307-2","","Y","Synonym","Senegalia laeta","Senegalia laeta","(R.Br. ex Benth.) Seigler & Ebinger","736743","species","https://powo.science.kew.org/taxon/urn:lsid:ipni.org:names:60451308-2","","Fabaceae","1","1","wcvp","0",""
"75","Acacia lahai",1,"198146","Acacia lahai",1,"species","","",NA,"Steud. & Hochst. ex Benth.","Fabaceae","Acacia","Acacia",1,"lahai","lahai",1,"","",NA,"","",NA,"","",NA,"","","https://powo.science.kew.org/taxon/urn:lsid:ipni.org:names:470678-1","","Y","Synonym","Vachellia lahai","Vachellia lahai","(Steud. & Hochst. ex Benth.) Kyal. & Boatwr.","1305122","species","https://powo.science.kew.org/taxon/urn:lsid:ipni.org:names:77131736-1","","Fabaceae","1","1","wcvp","0",""
"76","Acacia leucophloea",1,"183471","Acacia leucophloea",1,"species","","",NA,"(Roxb.) Willd.","Fabaceae","Acacia","Acacia",1,"leucophloea","leucophloea",1,"","",NA,"","",NA,"","",NA,"","","https://powo.science.kew.org/taxon/urn:lsid:ipni.org:names:470752-1","","Y","Synonym","Vachellia leucophloea","Vachellia leucophloea","(Roxb.) Maslin, Seigler & Ebinger","1305360","species","https://powo.science.kew.org/taxon/urn:lsid:ipni.org:names:77132539-1","","Fabaceae","1","1","wcvp","0",""
"77","Acacia macilenta",1,"162789","Acacia macilenta",1,"species","","",NA,"Rose","Fabaceae","Acacia","Acacia",1,"macilenta","macilenta",1,"","",NA,"","",NA,"","",NA,"","","https://powo.science.kew.org/taxon/urn:lsid:ipni.org:names:556-2","","Y","Synonym","Senegalia macilenta","Senegalia macilenta","(Rose) Britton & Rose","165039","species","https://powo.science.kew.org/taxon/urn:lsid:ipni.org:names:1024376-2","","Fabaceae","1","1","wcvp","0",""
"78","Acacia macrostachya",1,"199310","Acacia macrostachya",1,"species","","",NA,"Rchb. ex DC.","Fabaceae","Acacia","Acacia",1,"macrostachya","macrostachya",1,"","",NA,"","",NA,"","",NA,"","","https://powo.science.kew.org/taxon/urn:lsid:ipni.org:names:60440331-2","","Y","Synonym","Senegalia macrostachya","Senegalia macrostachya","(Rchb. ex DC.) Kyal. & Boatwr.","1305052","species","https://powo.science.kew.org/taxon/urn:lsid:ipni.org:names:77131614-1","","Fabaceae","1","1","wcvp","0",""
"79","Acacia mammifera",1,"1037395","Acacia mammifera",1,"species","","",NA,"Schltdl.","Fabaceae","Acacia","Acacia",1,"mammifera","mammifera",1,"","",NA,"","",NA,"","",NA,"","","https://powo.science.kew.org/taxon/urn:lsid:ipni.org:names:565-2","","Y","Synonym","Mariosousa mammifera","Mariosousa mammifera","(Schltdl.) Seigler & Ebinger","1262089","species","https://powo.science.kew.org/taxon/urn:lsid:ipni.org:names:77085476-1","","Fabaceae","1","1","wcvp","0",""
"80","Acacia mayana",1,"172585","Acacia mayana",1,"species","","",NA,"Lundell","Fabaceae","Acacia","Acacia",1,"mayana","mayana",1,"","",NA,"","",NA,"","",NA,"","","https://powo.science.kew.org/taxon/urn:lsid:ipni.org:names:570-2","","Y","Synonym","Vachellia mayana","Vachellia mayana","(Lundell) Seigler & Ebinger","1260395","species","https://powo.science.kew.org/taxon/urn:lsid:ipni.org:names:60441224-2","","Fabaceae","1","1","wcvp","0",""
"81","Acacia mellifera",1,"1580240","Acacia mellifera",1,"species","","",NA,"(Vahl) Bosc","Fabaceae","Acacia","Acacia",1,"mellifera","mellifera",1,"","",NA,"","",NA,"","",NA,"","","https://powo.science.kew.org/taxon/urn:lsid:ipni.org:names:470876-1","","Y","Synonym","Senegalia mellifera","Senegalia mellifera","(Vahl) Seigler & Ebinger","1579164","species","https://powo.science.kew.org/taxon/urn:lsid:ipni.org:names:60453641-2","","Fabaceae","1","1","wcvp","0",""
"82","Acacia millefolia",1,"162797","Acacia millefolia",1,"species","","",NA,"S.Watson","Fabaceae","Acacia","Acacia",1,"millefolia","millefolia",1,"","",NA,"","",NA,"","",NA,"","","https://powo.science.kew.org/taxon/urn:lsid:ipni.org:names:578-2","","Y","Synonym","Mariosousa millefolia","Mariosousa millefolia","(S.Watson) Seigler & Ebinger","1262090","species","https://powo.science.kew.org/taxon/urn:lsid:ipni.org:names:77085477-1","","Fabaceae","1","1","wcvp","0",""
"83","Acacia monacantha",1,"162799","Acacia monacantha",1,"species","","",NA,"Willd.","Fabaceae","Acacia","Acacia",1,"monacantha","monacantha",1,"","",NA,"","",NA,"","",NA,"","","https://powo.science.kew.org/taxon/urn:lsid:ipni.org:names:583-2","","Y","Synonym","Senegalia monacantha","Senegalia monacantha","(Willd.) Bocage & L.P.Queiroz","1430916","species","https://powo.science.kew.org/taxon/urn:lsid:ipni.org:names:77085270-1","","Fabaceae","1","1","wcvp","0",""
"84","Acacia myrmecophila",1,"192737","Acacia myrmecophila",1,"species","","",NA,"R.Vig.","Fabaceae","Acacia","Acacia",1,"myrmecophila","myrmecophila",1,"","",NA,"","",NA,"","",NA,"","","https://powo.science.kew.org/taxon/urn:lsid:ipni.org:names:470960-1","","Y","Synonym","Vachellia myrmecophila","Vachellia myrmecophila","(R.Vig.) Boatwr.","1312103","species","https://powo.science.kew.org/taxon/urn:lsid:ipni.org:names:77150531-1","","Fabaceae","1","1","wcvp","0",""
"85","Acacia neovernicosa",1,"162298","Acacia neovernicosa",1,"species","","",NA,"Isely","Fabaceae","Acacia","Acacia",1,"neovernicosa","neovernicosa",1,"","",NA,"","",NA,"","",NA,"","","https://powo.science.kew.org/taxon/urn:lsid:ipni.org:names:292843-2","","Y","Synonym","Vachellia vernicosa","Vachellia vernicosa","(Britton & Rose) Seigler & Ebinger","1260416","species","https://powo.science.kew.org/taxon/urn:lsid:ipni.org:names:60441240-2","","Fabaceae","1","1","wcvp","0",""
"86","Acacia nigrescens",1,"201154","Acacia nigrescens",1,"species","","",NA,"Oliv.","Fabaceae","Acacia","Acacia",1,"nigrescens","nigrescens",1,"","",NA,"","",NA,"","",NA,"","","https://powo.science.kew.org/taxon/urn:lsid:ipni.org:names:470989-1","","Y","Synonym","Senegalia nigrescens","Senegalia nigrescens","(Oliv.) P.J.H.Hurter","1267564","species","https://powo.science.kew.org/taxon/urn:lsid:ipni.org:names:77089270-1","","Fabaceae","1","1","wcvp","0",""
"87","Acacia occidentalis",1,"162801","Acacia occidentalis",1,"species","","",NA,"Rose","Fabaceae","Acacia","Acacia",1,"occidentalis","occidentalis",1,"","",NA,"","",NA,"","",NA,"","","https://powo.science.kew.org/taxon/urn:lsid:ipni.org:names:594-2","","Y","Synonym","Senegalia occidentalis","Senegalia occidentalis","(Rose) Britton & Rose","1037852","species","https://powo.science.kew.org/taxon/urn:lsid:ipni.org:names:518281-1","","Fabaceae","1","1","wcvp","0",""
"88","Acacia oerfota",1,"203080","Acacia oerfota",1,"species","","",NA,"(Forssk.) Schweinf.","Fabaceae","Acacia","Acacia",1,"oerfota","oerfota",1,"","",NA,"","",NA,"","",NA,"","","https://powo.science.kew.org/taxon/urn:lsid:ipni.org:names:60468365-2","","Y","Synonym","Vachellia oerfota","Vachellia oerfota","(Forssk.) Kyal. & Boatwr.","1305136","species","https://powo.science.kew.org/taxon/urn:lsid:ipni.org:names:77131761-1","","Fabaceae","1","1","wcvp","0",""
"89","Acacia origena",1,"203798","Acacia origena",1,"species","","",NA,"Hunde","Fabaceae","Acacia","Acacia",1,"origena","origena",1,"","",NA,"","",NA,"","",NA,"","","https://powo.science.kew.org/taxon/urn:lsid:ipni.org:names:899069-1","","Y","Synonym","Vachellia origena","Vachellia origena","(Hunde) Kyal. & Boatwr.","1305137","species","https://powo.science.kew.org/taxon/urn:lsid:ipni.org:names:77131763-1","","Fabaceae","1","1","wcvp","0",""
"90","Acacia pacensis",1,"172613","Acacia pacensis",1,"species","","",NA,"Rudd & A.M.Carter","Fabaceae","Acacia","Acacia",1,"pacensis","pacensis",1,"","",NA,"","",NA,"","",NA,"","","https://powo.science.kew.org/taxon/urn:lsid:ipni.org:names:597-2","","Y","Synonym","Vachellia pacensis","Vachellia pacensis","(Rudd & A.M.Carter) Seigler & Ebinger","1260398","species","https://powo.science.kew.org/taxon/urn:lsid:ipni.org:names:60441227-2","","Fabaceae","1","1","wcvp","0",""
"91","Acacia parviflora",1,"162804","Acacia parviflora",1,"species","","",NA,"Little","Fabaceae","Acacia","Acacia",1,"parviflora","parviflora",1,"","",NA,"","",NA,"","",NA,"","","https://powo.science.kew.org/taxon/urn:lsid:ipni.org:names:292842-2","","Y","Synonym","Senegalia micrantha","Senegalia micrantha","Britton & Rose","165056","species","https://powo.science.kew.org/taxon/urn:lsid:ipni.org:names:234337-2","","Fabaceae","1","1","wcvp","0",""
"92","Acacia peninsularis",1,"162805","Acacia peninsularis",1,"species","","",NA,"(Britton & Rose) Standl.","Fabaceae","Acacia","Acacia",1,"peninsularis","peninsularis",1,"","",NA,"","",NA,"","",NA,"","","https://powo.science.kew.org/taxon/urn:lsid:ipni.org:names:610-2","","Y","Synonym","Senegalia peninsularis","Senegalia peninsularis","Britton & Rose","1037855","species","https://powo.science.kew.org/taxon/urn:lsid:ipni.org:names:234347-2","","Fabaceae","1","1","wcvp","0",""
"93","Acacia pentagona",1,"192738","Acacia pentagona",1,"species","","",NA,"(Schumach.) Hook.f.","Fabaceae","Acacia","Acacia",1,"pentagona","pentagona",1,"","",NA,"","",NA,"","",NA,"","","https://powo.science.kew.org/taxon/urn:lsid:ipni.org:names:471117-1","","Y","Synonym","Senegalia pentagona","Senegalia pentagona","(Schumach.) Kyal. & Boatwr.","1305065","species","https://powo.science.kew.org/taxon/urn:lsid:ipni.org:names:77131645-1","","Fabaceae","1","1","wcvp","0",""
"94","Acacia permixta",1,"204715","Acacia permixta",1,"species","","",NA,"Burtt Davy","Fabaceae","Acacia","Acacia",1,"permixta","permixta",1,"","",NA,"","",NA,"","",NA,"","","https://powo.science.kew.org/taxon/urn:lsid:ipni.org:names:471124-1","","Y","Synonym","Vachellia permixta","Vachellia permixta","(Burtt Davy) Kyal. & Boatwr.","1305139","species","https://powo.science.kew.org/taxon/urn:lsid:ipni.org:names:77131767-1","","Fabaceae","1","1","wcvp","0",""
"95","Acacia persiciflora",1,"204811","Acacia persiciflora",1,"species","","",NA,"Pax","Fabaceae","Acacia","Acacia",1,"persiciflora","persiciflora",1,"","",NA,"","",NA,"","",NA,"","","https://powo.science.kew.org/taxon/urn:lsid:ipni.org:names:471129-1","","Y","Synonym","Senegalia persiciflora","Senegalia persiciflora","(Pax) Kyal. & Boatwr.","1305066","species","https://powo.science.kew.org/taxon/urn:lsid:ipni.org:names:77131646-1","","Fabaceae","1","1","wcvp","0",""
"96","Acacia pervillei",1,"192739","Acacia pervillei",1,"species","","",NA,"Benth.","Fabaceae","Acacia","Acacia",1,"pervillei","pervillei",1,"","",NA,"","",NA,"","",NA,"","","https://powo.science.kew.org/taxon/urn:lsid:ipni.org:names:471132-1","","Y","Synonym","Senegalia pervillei","Senegalia pervillei","(Benth.) Boatwr.","1312099","species","https://powo.science.kew.org/taxon/urn:lsid:ipni.org:names:77150525-1","","Fabaceae","1","1","wcvp","0",""
"97","Acacia picachensis",1,"162806","Acacia picachensis",1,"species","","",NA,"Brandegee","Fabaceae","Acacia","Acacia",1,"picachensis","picachensis",1,"","",NA,"","",NA,"","",NA,"","","https://powo.science.kew.org/taxon/urn:lsid:ipni.org:names:612-2","","Y","Synonym","Senegalia picachensis","Senegalia picachensis","(Brandegee) Britton & Rose","165059","species","https://powo.science.kew.org/taxon/urn:lsid:ipni.org:names:518287-1","","Fabaceae","1","1","wcvp","0",""
"98","Acacia planifrons",1,"183875","Acacia planifrons",1,"species","","",NA,"Wight & Arn.","Fabaceae","Acacia","Acacia",1,"planifrons","planifrons",1,"","",NA,"","",NA,"","",NA,"","","https://powo.science.kew.org/taxon/urn:lsid:ipni.org:names:471161-1","","Y","Synonym","Vachellia planifrons","Vachellia planifrons","(Wight & Arn.) Ragup., Seigler, Ebinger & Maslin","1307493","species","https://powo.science.kew.org/taxon/urn:lsid:ipni.org:names:77138724-1","","Fabaceae","1","1","wcvp","0",""
"99","Acacia plumosa",1,"1830703","Acacia plumosa",1,"species","","",NA,"Colla","Fabaceae","Acacia","Acacia",1,"plumosa","plumosa",1,"","",NA,"","",NA,"","",NA,"","","https://powo.science.kew.org/taxon/urn:lsid:ipni.org:names:471173-1","","Y","Synonym","Piptadenia trisperma","Piptadenia trisperma","(Vell.) Benth.","171994","species","https://powo.science.kew.org/taxon/urn:lsid:ipni.org:names:514458-1","","Fabaceae","1","2","wcvp","4","[HigherTaxa]"
"100","Acacia pluricapitata",1,"196128","Acacia pluricapitata",1,"species","","",NA,"Steud.","Fabaceae","Acacia","Acacia",1,"pluricapitata","pluricapitata",1,"","",NA,"","",NA,"","",NA,"","","https://powo.science.kew.org/taxon/urn:lsid:ipni.org:names:471174-1","","Y","Synonym","Senegalia pluricapitata","Senegalia pluricapitata","(Steud.) Maslin, Seigler & Ebinger","1305344","species","https://powo.science.kew.org/taxon/urn:lsid:ipni.org:names:77132523-1","","Fabaceae","1","1","wcvp","0",""
"101","Acacia polyacantha",1,"205197","Acacia polyacantha",1,"species","","",NA,"Willd.","Fabaceae","Acacia","Acacia",1,"polyacantha","polyacantha",1,"","",NA,"","",NA,"","",NA,"","","https://powo.science.kew.org/taxon/urn:lsid:ipni.org:names:60451311-2","","Y","Synonym","Senegalia polyacantha","Senegalia polyacantha","(Willd.) Seigler & Ebinger","736747","species","https://powo.science.kew.org/taxon/urn:lsid:ipni.org:names:60451312-2","","Fabaceae","1","1","wcvp","0",""
"102","Acacia polyphylla",1,"1488064","Acacia polyphylla",1,"species","","",NA,"Clos","Fabaceae","Acacia","Acacia",1,"polyphylla","polyphylla",1,"","",NA,"","",NA,"","",NA,"","","https://powo.science.kew.org/taxon/urn:lsid:ipni.org:names:471189-1","","Y","Illegitimate","Parasenegalia visco","Parasenegalia visco","(Lorentz ex Griseb.) Seigler & Ebinger","1373530","species","https://powo.science.kew.org/taxon/urn:lsid:ipni.org:names:77175804-1","","Fabaceae","1","2","wcvp","4","[HigherTaxa]"
"103","Acacia polypodioides",1,"162810","Acacia polypodioides",1,"species","","",NA,"Standl.","Fabaceae","Acacia","Acacia",1,"polypodioides","polypodioides",1,"","",NA,"","",NA,"","",NA,"","","https://powo.science.kew.org/taxon/urn:lsid:ipni.org:names:619-2","","Y","Synonym","Acaciella villosa","Acaciella villosa","(Sw.) Britton & Rose","173800","species","https://powo.science.kew.org/taxon/urn:lsid:ipni.org:names:762-2","","Fabaceae","1","1","wcvp","0",""
"104","Acacia praecox",1,"171580","Acacia praecox",1,"species","","",NA,"Griseb.","Fabaceae","Acacia","Acacia",1,"praecox","praecox",1,"","",NA,"","",NA,"","",NA,"","","https://powo.science.kew.org/taxon/urn:lsid:ipni.org:names:30010799-2","","Y","Synonym","Senegalia praecox","Senegalia praecox","(Griseb.) Seigler & Ebinger","1262244","species","https://powo.science.kew.org/taxon/urn:lsid:ipni.org:names:60445407-2","","Fabaceae","1","1","wcvp","0",""
"105","Acacia pringlei",1,"162812","Acacia pringlei",1,"species","","",NA,"Rose","Fabaceae","Acacia","Acacia",1,"pringlei","pringlei",1,"","",NA,"","",NA,"","",NA,"","","https://powo.science.kew.org/taxon/urn:lsid:ipni.org:names:624-2","","Y","Synonym","Vachellia pringlei","Vachellia pringlei","(Rose) Seigler & Ebinger","1260405","species","https://powo.science.kew.org/taxon/urn:lsid:ipni.org:names:60441231-2","","Fabaceae","1","1","wcvp","0",""
"106","Acacia pseudofistula",1,"205685","Acacia pseudofistula",1,"species","","",NA,"Harms","Fabaceae","Acacia","Acacia",1,"pseudofistula","pseudofistula",1,"","",NA,"","",NA,"","",NA,"","","https://powo.science.kew.org/taxon/urn:lsid:ipni.org:names:471231-1","","Y","Synonym","Vachellia pseudofistula","Vachellia pseudofistula","(Harms) Kyal. & Boatwr.","1305142","species","https://powo.science.kew.org/taxon/urn:lsid:ipni.org:names:77131770-1","","Fabaceae","1","1","wcvp","0",""
"107","Acacia reficiens",1,"206053","Acacia reficiens",1,"species","","",NA,"Wawra & Peyr.","Fabaceae","Acacia","Acacia",1,"reficiens","reficiens",1,"","",NA,"","",NA,"","",NA,"","","https://powo.science.kew.org/taxon/urn:lsid:ipni.org:names:471302-1","","Y","Synonym","Vachellia reficiens","Vachellia reficiens","(Wawra & Peyr.) Kyal. & Boatwr.","1305144","species","https://powo.science.kew.org/taxon/urn:lsid:ipni.org:names:77131772-1","","Fabaceae","1","1","wcvp","0",""
"108","Acacia rehmanniana",1,"206111","Acacia rehmanniana",1,"species","","",NA,"Schinz","Fabaceae","Acacia","Acacia",1,"rehmanniana","rehmanniana",1,"","",NA,"","",NA,"","",NA,"","","https://powo.science.kew.org/taxon/urn:lsid:ipni.org:names:471303-1","","Y","Synonym","Vachellia rehmanniana","Vachellia rehmanniana","(Schinz) Kyal. & Boatwr.","1305145","species","https://powo.science.kew.org/taxon/urn:lsid:ipni.org:names:77131774-1","","Fabaceae","1","1","wcvp","0",""
"109","Acacia reniformis",1,"1037412","Acacia reniformis",1,"species","","",NA,"Benth.","Fabaceae","Acacia","Acacia",1,"reniformis","reniformis",1,"","",NA,"","",NA,"","",NA,"","","https://powo.science.kew.org/taxon/urn:lsid:ipni.org:names:471305-1","","Y","Synonym","Senegalia reniformis","Senegalia reniformis","(Benth.) Britton & Rose","1037860","species","https://powo.science.kew.org/taxon/urn:lsid:ipni.org:names:518294-1","","Fabaceae","1","1","wcvp","0",""
"110","Acacia rigidula",1,"162813","Acacia rigidula",1,"species","","",NA,"Benth.","Fabaceae","Acacia","Acacia",1,"rigidula","rigidula",1,"","",NA,"","",NA,"","",NA,"","","https://powo.science.kew.org/taxon/urn:lsid:ipni.org:names:633-2","","Y","Synonym","Vachellia rigidula","Vachellia rigidula","(Benth.) Seigler & Ebinger","1260406","species","https://powo.science.kew.org/taxon/urn:lsid:ipni.org:names:60441232-2","","Fabaceae","1","1","wcvp","0",""
"111","Acacia riparia",1,"1488076","Acacia riparia",1,"species","","",NA,"Bertero ex Spreng.","Fabaceae","Acacia","Acacia",1,"riparia","riparia",1,"","",NA,"","",NA,"","",NA,"","","https://powo.science.kew.org/taxon/urn:lsid:ipni.org:names:471329-1","","Y","Illegitimate","Senegalia polyphylla","Senegalia polyphylla","(DC.) Britton & Rose","181884","species","https://powo.science.kew.org/taxon/urn:lsid:ipni.org:names:518289-1","","Fabaceae","1","2","wcvp","4","[HigherTaxa]"
"112","Acacia robusta",1,"206130","Acacia robusta",1,"species","","",NA,"Burch.","Fabaceae","Acacia","Acacia",1,"robusta","robusta",1,"","",NA,"","",NA,"","",NA,"","","https://powo.science.kew.org/taxon/urn:lsid:ipni.org:names:471335-1","","Y","Synonym","Vachellia robusta","Vachellia robusta","(Burch.) Kyal. & Boatwr.","1305147","species","https://powo.science.kew.org/taxon/urn:lsid:ipni.org:names:77131776-1","","Fabaceae","1","1","wcvp","0",""
"113","Acacia roemeriana",1,"180961","Acacia roemeriana",1,"species","","",NA,"Scheele","Fabaceae","Acacia","Acacia",1,"roemeriana","roemeriana",1,"","",NA,"","",NA,"","",NA,"","","https://powo.science.kew.org/taxon/urn:lsid:ipni.org:names:471337-1","","Y","Synonym","Senegalia roemeriana","Senegalia roemeriana","(Scheele) Britton & Rose","181216","species","https://powo.science.kew.org/taxon/urn:lsid:ipni.org:names:234358-2","","Fabaceae","1","1","wcvp","0",""
"114","Acacia rosei",1,"162816","Acacia rosei",1,"species","","",NA,"Standl.","Fabaceae","Acacia","Acacia",1,"rosei","rosei",1,"","",NA,"","",NA,"","",NA,"","","https://powo.science.kew.org/taxon/urn:lsid:ipni.org:names:648-2","","Y","Synonym","Acaciella rosei","Acaciella rosei","(Standl.) Britton & Rose","165068","species","https://powo.science.kew.org/taxon/urn:lsid:ipni.org:names:748-2","","Fabaceae","1","1","wcvp","0",""
"115","Acacia rovumae",1,"206242","Acacia rovumae",1,"species","","",NA,"Oliv.","Fabaceae","Acacia","Acacia",1,"rovumae","rovumae",1,"","",NA,"","",NA,"","",NA,"","","https://powo.science.kew.org/taxon/urn:lsid:ipni.org:names:471354-1","","Y","Synonym","Senegalia rovumae","Senegalia rovumae","(Oliv.) Kyal. & Boatwr.","1305070","species","https://powo.science.kew.org/taxon/urn:lsid:ipni.org:names:77131651-1","","Fabaceae","1","1","wcvp","0",""
"116","Acacia russelliana",1,"1037416","Acacia russelliana",1,"species","","",NA,"(Britton & Rose) Lundell","Fabaceae","Acacia","Acacia",1,"russelliana","russelliana",1,"","",NA,"","",NA,"","",NA,"","","https://powo.science.kew.org/taxon/urn:lsid:ipni.org:names:654-2","","Y","Synonym","Mariosousa russelliana","Mariosousa russelliana","(Britton & Rose) Seigler & Ebinger","1262091","species","https://powo.science.kew.org/taxon/urn:lsid:ipni.org:names:77085478-1","","Fabaceae","1","1","wcvp","0",""
"117","Acacia schaffneri",1,"162820","Acacia schaffneri",1,"species","","",NA,"(S.Watson) F.J.Herm.","Fabaceae","Acacia","Acacia",1,"schaffneri","schaffneri",1,"","",NA,"","",NA,"","",NA,"","","https://powo.science.kew.org/taxon/urn:lsid:ipni.org:names:658-2","","Y","Synonym","Vachellia schaffneri","Vachellia schaffneri","(S.Watson) Seigler & Ebinger","1260410","species","https://powo.science.kew.org/taxon/urn:lsid:ipni.org:names:60441236-2","","Fabaceae","1","1","wcvp","0",""
"118","Acacia schottii",1,"162821","Acacia schottii",1,"species","","",NA,"Torr.","Fabaceae","Acacia","Acacia",1,"schottii","schottii",1,"","",NA,"","",NA,"","",NA,"","","https://powo.science.kew.org/taxon/urn:lsid:ipni.org:names:660-2","","Y","Synonym","Vachellia schottii","Vachellia schottii","(Torr.) Seigler & Ebinger","1260411","species","https://powo.science.kew.org/taxon/urn:lsid:ipni.org:names:60441237-2","","Fabaceae","1","1","wcvp","0",""
"119","Acacia schweinfurthii",1,"206305","Acacia schweinfurthii",1,"species","","",NA,"Brenan & Exell","Fabaceae","Acacia","Acacia",1,"schweinfurthii","schweinfurthii",1,"","",NA,"","",NA,"","",NA,"","","https://powo.science.kew.org/taxon/urn:lsid:ipni.org:names:471413-1","","Y","Synonym","Senegalia schweinfurthii","Senegalia schweinfurthii","(Brenan & Exell) Seigler & Ebinger","737873","species","https://powo.science.kew.org/taxon/urn:lsid:ipni.org:names:60453642-2","","Fabaceae","1","1","wcvp","0",""
"120","Acacia senegal",1,"206315","Acacia senegal",1,"species","","",NA,"(L.) Willd.","Fabaceae","Acacia","Acacia",1,"senegal","senegal",1,"","",NA,"","",NA,"","",NA,"","","https://powo.science.kew.org/taxon/urn:lsid:ipni.org:names:471439-1","","Y","Synonym","Senegalia senegal","Senegalia senegal","(L.) Britton","1264195","species","https://powo.science.kew.org/taxon/urn:lsid:ipni.org:names:518304-1","","Fabaceae","1","1","wcvp","0",""
"121","Acacia seyal",1,"206444","Acacia seyal",1,"species","","",NA,"Delile","Fabaceae","Acacia","Acacia",1,"seyal","seyal",1,"","",NA,"","",NA,"","",NA,"","","https://powo.science.kew.org/taxon/urn:lsid:ipni.org:names:471463-1","","Y","Synonym","Vachellia seyal","Vachellia seyal","(Delile) P.J.H.Hurter","1267570","species","https://powo.science.kew.org/taxon/urn:lsid:ipni.org:names:77089276-1","","Fabaceae","1","1","wcvp","0",""
"122","Acacia sieberiana",1,"1488085","Acacia sieberiana",1,"species","","",NA,"Scheele","Fabaceae","Acacia","Acacia",1,"sieberiana","sieberiana",1,"","",NA,"","",NA,"","",NA,"","","https://powo.science.kew.org/taxon/urn:lsid:ipni.org:names:471475-1","","Y","Illegitimate","Acacia terminalis","Acacia terminalis","(Salisb.) J.F.Macbr.","184163","species","https://powo.science.kew.org/taxon/urn:lsid:ipni.org:names:471643-1","","Fabaceae","1","2","wcvp","6","[Ambiguous] [HigherTaxa]"
"123","Acacia simplex",1,"1042935","Acacia simplex",1,"species","","",NA,"(Sparrm.) Pedley","Fabaceae","Acacia","Acacia",1,"simplex","simplex",1,"","",NA,"","",NA,"","",NA,"","","https://powo.science.kew.org/taxon/urn:lsid:ipni.org:names:471481-1","","Y","Accepted","Acacia simplex","Acacia simplex","(Sparrm.) Pedley","1042935","species","https://powo.science.kew.org/taxon/urn:lsid:ipni.org:names:471481-1","","Fabaceae","1","1","wcvp","0",""
"124","Acacia simplicifolia",1,"183449","Acacia simplicifolia",1,"species","","",NA,"Druce","Fabaceae","Acacia","Acacia",1,"simplicifolia","simplicifolia",1,"","",NA,"","",NA,"","",NA,"","","https://powo.science.kew.org/taxon/urn:lsid:ipni.org:names:471482-1","","Y","Illegitimate","Acacia simplex","Acacia simplex","(Sparrm.) Pedley","1042935","species","https://powo.science.kew.org/taxon/urn:lsid:ipni.org:names:471481-1","","Fabaceae","1","1","wcvp","0",""
"125","Acacia skleroxyla",1,"1047344","Acacia skleroxyla",1,"species","","",NA,"Tussac","Fabaceae","Acacia","Acacia",1,"skleroxyla","skleroxyla",1,"","",NA,"","",NA,"","",NA,"","","https://powo.science.kew.org/taxon/urn:lsid:ipni.org:names:60451314-2","","Y","Synonym","Parasenegalia skleroxyla","Parasenegalia skleroxyla","(Tussac) Seigler & Ebinger","1373527","species","https://powo.science.kew.org/taxon/urn:lsid:ipni.org:names:77175803-1","","Fabaceae","1","1","wcvp","0",""
"126","Acacia sphaerocephala",1,"1041122","Acacia sphaerocephala",1,"species","","",NA,"Schltdl. & Cham.","Fabaceae","Acacia","Acacia",1,"sphaerocephala","sphaerocephala",1,"","",NA,"","",NA,"","",NA,"","","https://powo.science.kew.org/taxon/urn:lsid:ipni.org:names:471516-1","","Y","Synonym","Vachellia sphaerocephala","Vachellia sphaerocephala","(Cham. & Schltdl.) Seigler & Ebinger","1260412","species","https://powo.science.kew.org/taxon/urn:lsid:ipni.org:names:60441238-2","","Fabaceae","1","1","wcvp","0",""
"127","Acacia stuhlmannii",1,"206578","Acacia stuhlmannii",1,"species","","",NA,"Taub.","Fabaceae","Acacia","Acacia",1,"stuhlmannii","stuhlmannii",1,"","",NA,"","",NA,"","",NA,"","","https://powo.science.kew.org/taxon/urn:lsid:ipni.org:names:471570-1","","Y","Synonym","Vachellia stuhlmannii","Vachellia stuhlmannii","(Taub.) Kyal. & Boatwr.","1305150","species","https://powo.science.kew.org/taxon/urn:lsid:ipni.org:names:77131785-1","","Fabaceae","1","1","wcvp","0",""
"128","Acacia subangulata",1,"1037424","Acacia subangulata",1,"species","","",NA,"Rose","Fabaceae","Acacia","Acacia",1,"subangulata","subangulata",1,"","",NA,"","",NA,"","",NA,"","","https://powo.science.kew.org/taxon/urn:lsid:ipni.org:names:676-2","","Y","Synonym","Senegalia subangulata","Senegalia subangulata","(Rose) Britton & Rose","1037870","species","https://powo.science.kew.org/taxon/urn:lsid:ipni.org:names:518308-1","","Fabaceae","1","1","wcvp","0",""
"129","Acacia swazica",1,"206587","Acacia swazica",1,"species","","",NA,"Burtt Davy","Fabaceae","Acacia","Acacia",1,"swazica","swazica",1,"","",NA,"","",NA,"","",NA,"","","https://powo.science.kew.org/taxon/urn:lsid:ipni.org:names:471608-1","","Y","Synonym","Vachellia swazica","Vachellia swazica","(Burtt Davy) Kyal. & Boatwr.","1305151","species","https://powo.science.kew.org/taxon/urn:lsid:ipni.org:names:77131786-1","","Fabaceae","1","1","wcvp","0",""
"130","Acacia tenuifolia",1,"197937","Acacia tenuifolia",1,"species","","",NA,"F.Muell.","Fabaceae","Acacia","Acacia",1,"tenuifolia","tenuifolia",1,"","",NA,"","",NA,"","",NA,"","","https://powo.science.kew.org/taxon/urn:lsid:ipni.org:names:471632-1","","Y","Illegitimate","Acacia aculeatissima","Acacia aculeatissima","J.F.Macbr.","197936","species","https://powo.science.kew.org/taxon/urn:lsid:ipni.org:names:469641-1","","Fabaceae","1","2","wcvp","4","[HigherTaxa]"
"131","Acacia tequilana",1,"162823","Acacia tequilana",1,"species","","",NA,"S.Watson","Fabaceae","Acacia","Acacia",1,"tequilana","tequilana",1,"","",NA,"","",NA,"","",NA,"","","https://powo.science.kew.org/taxon/urn:lsid:ipni.org:names:684-2","","Y","Synonym","Acaciella tequilana","Acaciella tequilana","(S.Watson) Britton & Rose","165072","species","https://powo.science.kew.org/taxon/urn:lsid:ipni.org:names:757-2","","Fabaceae","1","1","wcvp","0",""
"132","Acacia tomentosa",1,"196134","Acacia tomentosa",1,"species","","",NA,"(Rottler) Willd.","Fabaceae","Acacia","Acacia",1,"tomentosa","tomentosa",1,"","",NA,"","",NA,"","",NA,"","","https://powo.science.kew.org/taxon/urn:lsid:ipni.org:names:471656-1","","Y","Synonym","Vachellia tomentosa","Vachellia tomentosa","(Rottler) Maslin, Seigler & Ebinger","1305363","species","https://powo.science.kew.org/taxon/urn:lsid:ipni.org:names:77132544-1","","Fabaceae","1","1","wcvp","0",""
"133","Acacia tortilis",1,"206664","Acacia tortilis",1,"species","","",NA,"(Forssk.) Hayne","Fabaceae","Acacia","Acacia",1,"tortilis","tortilis",1,"","",NA,"","",NA,"","",NA,"","","https://powo.science.kew.org/taxon/urn:lsid:ipni.org:names:471662-1","","Y","Synonym","Vachellia tortilis","Vachellia tortilis","(Forssk.) Galasso & Banfi","1268136","species","https://powo.science.kew.org/taxon/urn:lsid:ipni.org:names:77087190-1","","Fabaceae","1","1","wcvp","0",""
"134","Acacia villosa",1,"171588","Acacia villosa",1,"species","","",NA,"(Sw.) Willd.","Fabaceae","Acacia","Acacia",1,"villosa","villosa",1,"","",NA,"","",NA,"","",NA,"","","https://powo.science.kew.org/taxon/urn:lsid:ipni.org:names:471760-1","","Y","Synonym","Acaciella villosa","Acaciella villosa","(Sw.) Britton & Rose","173800","species","https://powo.science.kew.org/taxon/urn:lsid:ipni.org:names:762-2","","Fabaceae","1","1","wcvp","0",""
"135","Acacia visco",1,"171589","Acacia visco",1,"species","","",NA,"Lorentz ex Griseb.","Fabaceae","Acacia","Acacia",1,"visco","visco",1,"","",NA,"","",NA,"","",NA,"","","https://powo.science.kew.org/taxon/urn:lsid:ipni.org:names:471778-1","","Y","Synonym","Parasenegalia visco","Parasenegalia visco","(Lorentz ex Griseb.) Seigler & Ebinger","1373530","species","https://powo.science.kew.org/taxon/urn:lsid:ipni.org:names:77175804-1","","Fabaceae","1","1","wcvp","0",""
"136","Acacia willardiana",1,"182915","Acacia willardiana",1,"species","","",NA,"Rose","Fabaceae","Acacia","Acacia",1,"willardiana","willardiana",1,"","",NA,"","",NA,"","",NA,"","","https://powo.science.kew.org/taxon/urn:lsid:ipni.org:names:707-2","","Y","Synonym","Mariosousa heterophylla","Mariosousa heterophylla","(Benth.) Seigler & Ebinger","1385738","species","https://powo.science.kew.org/taxon/urn:lsid:ipni.org:names:77194267-1","","Fabaceae","1","1","wcvp","0",""
"137","Acacia wrightii",1,"1036911","Acacia wrightii",1,"species","","",NA,"Benth.","Fabaceae","Acacia","Acacia",1,"wrightii","wrightii",1,"","",NA,"","",NA,"","",NA,"","","https://powo.science.kew.org/taxon/urn:lsid:ipni.org:names:708-2","","Y","Synonym","Senegalia wrightii","Senegalia wrightii","(Benth.) Britton & Rose","164626","species","https://powo.science.kew.org/taxon/urn:lsid:ipni.org:names:234376-2","","Fabaceae","1","1","wcvp","0",""
"138","Acacia xanthophloea",1,"206863","Acacia xanthophloea",1,"species","","",NA,"Benth.","Fabaceae","Acacia","Acacia",1,"xanthophloea","xanthophloea",1,"","",NA,"","",NA,"","",NA,"","","https://powo.science.kew.org/taxon/urn:lsid:ipni.org:names:471815-1","","Y","Synonym","Vachellia xanthophloea","Vachellia xanthophloea","(Benth.) Banfi & Galasso","1430919","species","https://powo.science.kew.org/taxon/urn:lsid:ipni.org:names:77087191-1","","Fabaceae","1","1","wcvp","0",""
"139","Acaciella bicolor",1,"1037429","Acaciella bicolor",1,"species","","",NA,"Britton & Rose","Fabaceae","Acaciella","Acaciella",1,"bicolor","bicolor",1,"","",NA,"","",NA,"","",NA,"","","https://powo.science.kew.org/taxon/urn:lsid:ipni.org:names:714-2","","Y","Accepted","Acaciella bicolor","Acaciella bicolor","Britton & Rose","1037429","species","https://powo.science.kew.org/taxon/urn:lsid:ipni.org:names:714-2","","Fabaceae","1","1","wcvp","0",""
"140","Acaciella chamelensis",1,"1021242","Acaciella chamelensis",1,"species","","",NA,"(L.Rico) L.Rico","Fabaceae","Acaciella","Acaciella",1,"chamelensis","chamelensis",1,"","",NA,"","",NA,"","",NA,"","","https://powo.science.kew.org/taxon/urn:lsid:ipni.org:names:77077785-1","","Y","Accepted","Acaciella chamelensis","Acaciella chamelensis","(L.Rico) L.Rico","1021242","species","https://powo.science.kew.org/taxon/urn:lsid:ipni.org:names:77077785-1","","Fabaceae","1","1","wcvp","0",""
"141","Acaciella goldmanii",1,"1037440","Acaciella goldmanii",1,"species","","",NA,"Britton & Rose","Fabaceae","Acaciella","Acaciella",1,"goldmanii","goldmanii",1,"","",NA,"","",NA,"","",NA,"","","https://powo.science.kew.org/taxon/urn:lsid:ipni.org:names:729-2","","Y","Accepted","Acaciella goldmanii","Acaciella goldmanii","Britton & Rose","1037440","species","https://powo.science.kew.org/taxon/urn:lsid:ipni.org:names:729-2","","Fabaceae","1","1","wcvp","0",""
"142","Acaciella painteri",1,"1037448","Acaciella painteri",1,"species","","",NA,"Britton & Rose","Fabaceae","Acaciella","Acaciella",1,"painteri","painteri",1,"","",NA,"","",NA,"","",NA,"","","https://powo.science.kew.org/taxon/urn:lsid:ipni.org:names:743-2","","Y","Accepted","Acaciella painteri","Acaciella painteri","Britton & Rose","1037448","species","https://powo.science.kew.org/taxon/urn:lsid:ipni.org:names:743-2","","Fabaceae","1","1","wcvp","0",""
"143","Adenanthera intermedia",1,"202678","Adenanthera intermedia",1,"species","","",NA,"Merr.","Fabaceae","Adenanthera","Adenanthera",1,"intermedia","intermedia",1,"","",NA,"","",NA,"","",NA,"","","https://powo.science.kew.org/taxon/urn:lsid:ipni.org:names:472158-1","","Y","Accepted","Adenanthera intermedia","Adenanthera intermedia","Merr.","202678","species","https://powo.science.kew.org/taxon/urn:lsid:ipni.org:names:472158-1","","Fabaceae","1","1","wcvp","0",""
"144","Adenanthera malayana",1,"202680","Adenanthera malayana",1,"species","","",NA,"Kosterm.","Fabaceae","Adenanthera","Adenanthera",1,"malayana","malayana",1,"","",NA,"","",NA,"","",NA,"","","https://powo.science.kew.org/taxon/urn:lsid:ipni.org:names:472161-1","","Y","Accepted","Adenanthera malayana","Adenanthera malayana","Kosterm.","202680","species","https://powo.science.kew.org/taxon/urn:lsid:ipni.org:names:472161-1","","Fabaceae","1","1","wcvp","0",""
"145","Adenanthera microsperma",1,"184643","Adenanthera microsperma",1,"species","","",NA,"Teijsm. & Binn.","Fabaceae","Adenanthera","Adenanthera",1,"microsperma","microsperma",1,"","",NA,"","",NA,"","",NA,"","","https://powo.science.kew.org/taxon/urn:lsid:ipni.org:names:472162-1","","Y","Accepted","Adenanthera microsperma","Adenanthera microsperma","Teijsm. & Binn.","184643","species","https://powo.science.kew.org/taxon/urn:lsid:ipni.org:names:472162-1","","Fabaceae","1","1","wcvp","0",""
"146","Adenopodia oaxacana",1,"177036","Adenopodia oaxacana",1,"species","","",NA,"M.Sousa","Fabaceae","Adenopodia","Adenopodia",1,"oaxacana","oaxacana",1,"","",NA,"","",NA,"","",NA,"","","https://powo.science.kew.org/taxon/urn:lsid:ipni.org:names:271604-2","","Y","Accepted","Adenopodia oaxacana","Adenopodia oaxacana","M.Sousa","177036","species","https://powo.science.kew.org/taxon/urn:lsid:ipni.org:names:271604-2","","Fabaceae","1","1","wcvp","0",""
"147","Adenopodia scelerata",1,"184664","Adenopodia scelerata",1,"species","","",NA,"(A.Chev.) Brenan","Fabaceae","Adenopodia","Adenopodia",1,"scelerata","scelerata",1,"","",NA,"","",NA,"","",NA,"","","https://powo.science.kew.org/taxon/urn:lsid:ipni.org:names:942439-1","","Y","Accepted","Adenopodia scelerata","Adenopodia scelerata","(A.Chev.) Brenan","184664","species","https://powo.science.kew.org/taxon/urn:lsid:ipni.org:names:942439-1","","Fabaceae","1","1","wcvp","0",""
"148","Adenopodia spicata",1,"184666","Adenopodia spicata",1,"species","","",NA,"(E.Mey.) C.Presl","Fabaceae","Adenopodia","Adenopodia",1,"spicata","spicata",1,"","",NA,"","",NA,"","",NA,"","","https://powo.science.kew.org/taxon/urn:lsid:ipni.org:names:472255-1","","Y","Accepted","Adenopodia spicata","Adenopodia spicata","(E.Mey.) C.Presl","184666","species","https://powo.science.kew.org/taxon/urn:lsid:ipni.org:names:472255-1","","Fabaceae","1","1","wcvp","0",""
"149","Alantsilodendron mahafalense",1,"192694","Alantsilodendron mahafalense",1,"species","","",NA,"(R.Vig.) Villiers","Fabaceae","Alantsilodendron","Alantsilodendron",1,"mahafalense","mahafalense",1,"","",NA,"","",NA,"","",NA,"","","https://powo.science.kew.org/taxon/urn:lsid:ipni.org:names:978479-1","","Y","Accepted","Alantsilodendron mahafalense","Alantsilodendron mahafalense","(R.Vig.) Villiers","192694","species","https://powo.science.kew.org/taxon/urn:lsid:ipni.org:names:978479-1","","Fabaceae","1","1","wcvp","0",""
"150","Albizia adianthifolia",1,"177580","Albizia adianthifolia",1,"species","","",NA,"(Schumach.) W.Wight","Fabaceae","Albizia","Albizia",1,"adianthifolia","adianthifolia",1,"","",NA,"","",NA,"","",NA,"","","https://powo.science.kew.org/taxon/urn:lsid:ipni.org:names:473166-1","","Y","Accepted","Albizia adianthifolia","Albizia adianthifolia","(Schumach.) W.Wight","177580","species","https://powo.science.kew.org/taxon/urn:lsid:ipni.org:names:473166-1","","Fabaceae","1","1","wcvp","0",""
"151","Albizia altissima",1,"172279","Albizia altissima",1,"species","","",NA,"Hook.f.","Fabaceae","Albizia","Albizia",1,"altissima","altissima",1,"","",NA,"","",NA,"","",NA,"","","https://powo.science.kew.org/taxon/urn:lsid:ipni.org:names:473169-1","","Y","Synonym","Osodendron altissimum","Osodendron altissimum","(Hook.f.) E.J.M.Koenen","1491342","species","https://powo.science.kew.org/taxon/urn:lsid:ipni.org:names:77303837-1","","Fabaceae","1","1","wcvp","0",""
"152","Albizia amara",1,"1041170","Albizia amara",1,"species","","",NA,"(Roxb.) Boivin","Fabaceae","Albizia","Albizia",1,"amara","amara",1,"","",NA,"","",NA,"","",NA,"","","https://powo.science.kew.org/taxon/urn:lsid:ipni.org:names:473171-1","","Y","Accepted","Albizia amara","Albizia amara","(Roxb.) Boivin","1041170","species","https://powo.science.kew.org/taxon/urn:lsid:ipni.org:names:473171-1","","Fabaceae","1","1","wcvp","0",""
"153","Albizia androyensis",1,"192753","Albizia androyensis",1,"species","","",NA,"Capuron","Fabaceae","Albizia","Albizia",1,"androyensis","androyensis",1,"","",NA,"","",NA,"","",NA,"","","https://powo.science.kew.org/taxon/urn:lsid:ipni.org:names:473115-1","","Y","Accepted","Albizia androyensis","Albizia androyensis","Capuron","192753","species","https://powo.science.kew.org/taxon/urn:lsid:ipni.org:names:473115-1","","Fabaceae","1","1","wcvp","0",""
"154","Albizia anthelmintica",1,"178695","Albizia anthelmintica",1,"species","","",NA,"(A.Rich.) Brongn.","Fabaceae","Albizia","Albizia",1,"anthelmintica","anthelmintica",1,"","",NA,"","",NA,"","",NA,"","","https://powo.science.kew.org/taxon/urn:lsid:ipni.org:names:473175-1","","Y","Accepted","Albizia anthelmintica","Albizia anthelmintica","(A.Rich.) Brongn.","178695","species","https://powo.science.kew.org/taxon/urn:lsid:ipni.org:names:473175-1","","Fabaceae","1","1","wcvp","0",""
"155","Albizia antunesiana",1,"178797","Albizia antunesiana",1,"species","","",NA,"Harms","Fabaceae","Albizia","Albizia",1,"antunesiana","antunesiana",1,"","",NA,"","",NA,"","",NA,"","","https://powo.science.kew.org/taxon/urn:lsid:ipni.org:names:473176-1","","Y","Accepted","Albizia antunesiana","Albizia antunesiana","Harms","178797","species","https://powo.science.kew.org/taxon/urn:lsid:ipni.org:names:473176-1","","Fabaceae","1","1","wcvp","0",""
"156","Albizia arenicola",1,"192754","Albizia arenicola",1,"species","","",NA,"R.Vig.","Fabaceae","Albizia","Albizia",1,"arenicola","arenicola",1,"","",NA,"","",NA,"","",NA,"","","https://powo.science.kew.org/taxon/urn:lsid:ipni.org:names:473177-1","","Y","Accepted","Albizia arenicola","Albizia arenicola","R.Vig.","192754","species","https://powo.science.kew.org/taxon/urn:lsid:ipni.org:names:473177-1","","Fabaceae","1","1","wcvp","0",""
"157","Albizia atakataka",1,"192755","Albizia atakataka",1,"species","","",NA,"Capuron","Fabaceae","Albizia","Albizia",1,"atakataka","atakataka",1,"","",NA,"","",NA,"","",NA,"","","https://powo.science.kew.org/taxon/urn:lsid:ipni.org:names:473117-1","","Y","Accepted","Albizia atakataka","Albizia atakataka","Capuron","192755","species","https://powo.science.kew.org/taxon/urn:lsid:ipni.org:names:473117-1","","Fabaceae","1","1","wcvp","0",""
"158","Albizia aurisparsa",1,"192756","Albizia aurisparsa",1,"species","","",NA,"(Drake) R.Vig. ex Capuron","Fabaceae","Albizia","Albizia",1,"aurisparsa","aurisparsa",1,"","",NA,"","",NA,"","",NA,"","","https://powo.science.kew.org/taxon/urn:lsid:ipni.org:names:473119-1","","Y","Accepted","Albizia aurisparsa","Albizia aurisparsa","(Drake) R.Vig. ex Capuron","192756","species","https://powo.science.kew.org/taxon/urn:lsid:ipni.org:names:473119-1","","Fabaceae","1","1","wcvp","0",""
"159","Albizia bernieri",1,"192760","Albizia bernieri",1,"species","","",NA,"E.Fourn. ex Villiers","Fabaceae","Albizia","Albizia",1,"bernieri","bernieri",1,"","",NA,"","",NA,"","",NA,"","","https://powo.science.kew.org/taxon/urn:lsid:ipni.org:names:20004622-1","","Y","Accepted","Albizia bernieri","Albizia bernieri","E.Fourn. ex Villiers","192760","species","https://powo.science.kew.org/taxon/urn:lsid:ipni.org:names:20004622-1","","Fabaceae","1","1","wcvp","0",""
"160","Albizia boinensis",1,"192763","Albizia boinensis",1,"species","","",NA,"R.Vig.","Fabaceae","Albizia","Albizia",1,"boinensis","boinensis",1,"","",NA,"","",NA,"","",NA,"","","https://powo.science.kew.org/taxon/urn:lsid:ipni.org:names:473186-1","","Y","Accepted","Albizia boinensis","Albizia boinensis","R.Vig.","192763","species","https://powo.science.kew.org/taxon/urn:lsid:ipni.org:names:473186-1","","Fabaceae","1","1","wcvp","0",""
"161","Albizia carrii",1,"202159","Albizia carrii",1,"species","","",NA,"Kanis","Fabaceae","Albizia","Albizia",1,"carrii","carrii",1,"","",NA,"","",NA,"","",NA,"","","https://powo.science.kew.org/taxon/urn:lsid:ipni.org:names:473125-1","","Y","Accepted","Albizia carrii","Albizia carrii","Kanis","202159","species","https://powo.science.kew.org/taxon/urn:lsid:ipni.org:names:473125-1","","Fabaceae","1","1","wcvp","0",""
"162","Albizia chevalieri",1,"179532","Albizia chevalieri",1,"species","","",NA,"Harms","Fabaceae","Albizia","Albizia",1,"chevalieri","chevalieri",1,"","",NA,"","",NA,"","",NA,"","","https://powo.science.kew.org/taxon/urn:lsid:ipni.org:names:473203-1","","Y","Accepted","Albizia chevalieri","Albizia chevalieri","Harms","179532","species","https://powo.science.kew.org/taxon/urn:lsid:ipni.org:names:473203-1","","Fabaceae","1","1","wcvp","0",""
"163","Albizia commiphoroides",1,"192768","Albizia commiphoroides",1,"species","","",NA,"Capuron","Fabaceae","Albizia","Albizia",1,"commiphoroides","commiphoroides",1,"","",NA,"","",NA,"","",NA,"","","https://powo.science.kew.org/taxon/urn:lsid:ipni.org:names:473128-1","","Y","Accepted","Albizia commiphoroides","Albizia commiphoroides","Capuron","192768","species","https://powo.science.kew.org/taxon/urn:lsid:ipni.org:names:473128-1","","Fabaceae","1","1","wcvp","0",""
"164","Albizia duckeana",1,"1250820","Albizia duckeana",1,"species","","",NA,"L.Rico","Fabaceae","Albizia","Albizia",1,"duckeana","duckeana",1,"","",NA,"","",NA,"","",NA,"","","https://powo.science.kew.org/taxon/urn:lsid:ipni.org:names:1015774-1","","Y","Synonym","Hydrochorea elegans","Hydrochorea elegans","(Ducke) M.V.B.Soares, Iganci & M.P.Morim","1491332","species","https://powo.science.kew.org/taxon/urn:lsid:ipni.org:names:77303827-1","","Fabaceae","1","1","wcvp","0",""
"165","Albizia forbesii",1,"180231","Albizia forbesii",1,"species","","",NA,"Benth.","Fabaceae","Albizia","Albizia",1,"forbesii","forbesii",1,"","",NA,"","",NA,"","",NA,"","","https://powo.science.kew.org/taxon/urn:lsid:ipni.org:names:473242-1","","Y","Accepted","Albizia forbesii","Albizia forbesii","Benth.","180231","species","https://powo.science.kew.org/taxon/urn:lsid:ipni.org:names:473242-1","","Fabaceae","1","1","wcvp","0",""
"166","Albizia glaberrima",1,"180425","Albizia glaberrima",1,"species","","",NA,"(Schumach. & Thonn.) Benth.","Fabaceae","Albizia","Albizia",1,"glaberrima","glaberrima",1,"","",NA,"","",NA,"","",NA,"","","https://powo.science.kew.org/taxon/urn:lsid:ipni.org:names:473250-1","","Y","Accepted","Albizia glaberrima","Albizia glaberrima","(Schumach. & Thonn.) Benth.","180425","species","https://powo.science.kew.org/taxon/urn:lsid:ipni.org:names:473250-1","","Fabaceae","1","1","wcvp","0",""
"167","Albizia grandibracteata",1,"180908","Albizia grandibracteata",1,"species","","",NA,"Taub.","Fabaceae","Albizia","Albizia",1,"grandibracteata","grandibracteata",1,"","",NA,"","",NA,"","",NA,"","","https://powo.science.kew.org/taxon/urn:lsid:ipni.org:names:473256-1","","Y","Accepted","Albizia grandibracteata","Albizia grandibracteata","Taub.","180908","species","https://powo.science.kew.org/taxon/urn:lsid:ipni.org:names:473256-1","","Fabaceae","1","1","wcvp","0",""
"168","Albizia greveana",1,"192771","Albizia greveana",1,"species","","",NA,"(Baill.) R.Baron","Fabaceae","Albizia","Albizia",1,"greveana","greveana",1,"","",NA,"","",NA,"","",NA,"","","https://powo.science.kew.org/taxon/urn:lsid:ipni.org:names:77221651-1","","Y","Accepted","Albizia greveana","Albizia greveana","(Baill.) R.Baron","192771","species","https://powo.science.kew.org/taxon/urn:lsid:ipni.org:names:77221651-1","","Fabaceae","1","1","wcvp","0",""
"169","Albizia guachapele",1,"183349","Albizia guachapele",1,"species","","",NA,"(Kunth) Dugand","Fabaceae","Albizia","Albizia",1,"guachapele","guachapele",1,"","",NA,"","",NA,"","",NA,"","","https://powo.science.kew.org/taxon/urn:lsid:ipni.org:names:8022-2","","Y","Synonym","Pseudosamanea guachapele","Pseudosamanea guachapele","(Kunth) Harms","183350","species","https://powo.science.kew.org/taxon/urn:lsid:ipni.org:names:211561-2","","Fabaceae","1","1","wcvp","0",""
"170","Albizia gummifera",1,"180994","Albizia gummifera",1,"species","","",NA,"(J.F.Gmel.) C.A.Sm.","Fabaceae","Albizia","Albizia",1,"gummifera","gummifera",1,"","",NA,"","",NA,"","",NA,"","","https://powo.science.kew.org/taxon/urn:lsid:ipni.org:names:473259-1","","Y","Accepted","Albizia gummifera","Albizia gummifera","(J.F.Gmel.) C.A.Sm.","180994","species","https://powo.science.kew.org/taxon/urn:lsid:ipni.org:names:473259-1","","Fabaceae","1","1","wcvp","0",""
"171","Albizia harveyi",1,"181297","Albizia harveyi",1,"species","","",NA,"E.Fourn.","Fabaceae","Albizia","Albizia",1,"harveyi","harveyi",1,"","",NA,"","",NA,"","",NA,"","","https://powo.science.kew.org/taxon/urn:lsid:ipni.org:names:473260-1","","Y","Accepted","Albizia harveyi","Albizia harveyi","E.Fourn.","181297","species","https://powo.science.kew.org/taxon/urn:lsid:ipni.org:names:473260-1","","Fabaceae","1","1","wcvp","0",""
"172","Albizia kalkora",1,"189039","Albizia kalkora",1,"species","","",NA,"(Roxb.) Prain","Fabaceae","Albizia","Albizia",1,"kalkora","kalkora",1,"","",NA,"","",NA,"","",NA,"","","https://powo.science.kew.org/taxon/urn:lsid:ipni.org:names:473277-1","","Y","Accepted","Albizia kalkora","Albizia kalkora","(Roxb.) Prain","189039","species","https://powo.science.kew.org/taxon/urn:lsid:ipni.org:names:473277-1","","Fabaceae","1","1","wcvp","0",""
"173","Albizia kostermansii",1,"202164","Albizia kostermansii",1,"species","","",NA,"I.C.Nielsen","Fabaceae","Albizia","Albizia",1,"kostermansii","kostermansii",1,"","",NA,"","",NA,"","",NA,"","","https://powo.science.kew.org/taxon/urn:lsid:ipni.org:names:905618-1","","Y","Accepted","Albizia kostermansii","Albizia kostermansii","I.C.Nielsen","202164","species","https://powo.science.kew.org/taxon/urn:lsid:ipni.org:names:905618-1","","Fabaceae","1","1","wcvp","0",""
"174","Albizia lebbekoides",1,"196159","Albizia lebbekoides",1,"species","","",NA,"(DC.) Benth.","Fabaceae","Albizia","Albizia",1,"lebbekoides","lebbekoides",1,"","",NA,"","",NA,"","",NA,"","","https://powo.science.kew.org/taxon/urn:lsid:ipni.org:names:473286-1","","Y","Accepted","Albizia lebbekoides","Albizia lebbekoides","(DC.) Benth.","196159","species","https://powo.science.kew.org/taxon/urn:lsid:ipni.org:names:473286-1","","Fabaceae","1","1","wcvp","0",""
"175","Albizia mahalao",1,"192777","Albizia mahalao",1,"species","","",NA,"Capuron","Fabaceae","Albizia","Albizia",1,"mahalao","mahalao",1,"","",NA,"","",NA,"","",NA,"","","https://powo.science.kew.org/taxon/urn:lsid:ipni.org:names:473141-1","","Y","Accepted","Albizia mahalao","Albizia mahalao","Capuron","192777","species","https://powo.science.kew.org/taxon/urn:lsid:ipni.org:names:473141-1","","Fabaceae","1","1","wcvp","0",""
"176","Albizia mainaea",1,"192778","Albizia mainaea",1,"species","","",NA,"Villiers","Fabaceae","Albizia","Albizia",1,"mainaea","mainaea",1,"","",NA,"","",NA,"","",NA,"","","https://powo.science.kew.org/taxon/urn:lsid:ipni.org:names:999480-1","","Y","Accepted","Albizia mainaea","Albizia mainaea","Villiers","192778","species","https://powo.science.kew.org/taxon/urn:lsid:ipni.org:names:999480-1","","Fabaceae","1","1","wcvp","0",""
"177","Albizia malacophylla",1,"182110","Albizia malacophylla",1,"species","","",NA,"(A.Rich.) Walp.","Fabaceae","Albizia","Albizia",1,"malacophylla","malacophylla",1,"","",NA,"","",NA,"","",NA,"","","https://powo.science.kew.org/taxon/urn:lsid:ipni.org:names:473304-1","","Y","Accepted","Albizia malacophylla","Albizia malacophylla","(A.Rich.) Walp.","182110","species","https://powo.science.kew.org/taxon/urn:lsid:ipni.org:names:473304-1","","Fabaceae","1","1","wcvp","0",""
"178","Albizia masikororum",1,"192780","Albizia masikororum",1,"species","","",NA,"R.Vig.","Fabaceae","Albizia","Albizia",1,"masikororum","masikororum",1,"","",NA,"","",NA,"","",NA,"","","https://powo.science.kew.org/taxon/urn:lsid:ipni.org:names:473309-1","","Y","Accepted","Albizia masikororum","Albizia masikororum","R.Vig.","192780","species","https://powo.science.kew.org/taxon/urn:lsid:ipni.org:names:473309-1","","Fabaceae","1","1","wcvp","0",""
"179","Albizia myriophylla",1,"196161","Albizia myriophylla",1,"species","","",NA,"Benth.","Fabaceae","Albizia","Albizia",1,"myriophylla","myriophylla",1,"","",NA,"","",NA,"","",NA,"","","https://powo.science.kew.org/taxon/urn:lsid:ipni.org:names:473326-1","","Y","Accepted","Albizia myriophylla","Albizia myriophylla","Benth.","196161","species","https://powo.science.kew.org/taxon/urn:lsid:ipni.org:names:473326-1","","Fabaceae","1","1","wcvp","0",""
"180","Albizia obliquifoliolata",1,"172777","Albizia obliquifoliolata",1,"species","","",NA,"De Wild.","Fabaceae","Albizia","Albizia",1,"obliquifoliolata","obliquifoliolata",1,"","",NA,"","",NA,"","",NA,"","","https://powo.science.kew.org/taxon/urn:lsid:ipni.org:names:473336-1","","Y","Synonym","Hydrochorea obliquifoliolata","Hydrochorea obliquifoliolata","(De Wild.) E.J.M.Koenen","1491334","species","https://powo.science.kew.org/taxon/urn:lsid:ipni.org:names:77303829-1","","Fabaceae","1","1","wcvp","0",""
"181","Albizia odoratissima",1,"182916","Albizia odoratissima",1,"species","","",NA,"(L.f.) Benth.","Fabaceae","Albizia","Albizia",1,"odoratissima","odoratissima",1,"","",NA,"","",NA,"","",NA,"","","https://powo.science.kew.org/taxon/urn:lsid:ipni.org:names:473340-1","","Y","Accepted","Albizia odoratissima","Albizia odoratissima","(L.f.) Benth.","182916","species","https://powo.science.kew.org/taxon/urn:lsid:ipni.org:names:473340-1","","Fabaceae","1","1","wcvp","0",""
"182","Albizia pedicellaris",1,"205965","Albizia pedicellaris",1,"species","","",NA,"(Dc.) L.Rico","Fabaceae","Albizia","Albizia",1,"pedicellaris","pedicellaris",1,"","",NA,"","",NA,"","",NA,"","","https://powo.science.kew.org/taxon/urn:lsid:ipni.org:names:1012721-1","","Y","Synonym","Hydrochorea pedicellaris","Hydrochorea pedicellaris","(DC.) M.V.B.Soares, Iganci & M.P.Morim","1491336","species","https://powo.science.kew.org/taxon/urn:lsid:ipni.org:names:77303831-1","","Fabaceae","1","1","wcvp","0",""
"183","Albizia pistaciifolia",1,"191227","Albizia pistaciifolia",1,"species","","",NA,"(Willd.) Barneby & J.W.Grimes","Fabaceae","Albizia","Albizia",1,"pistaciifolia","pistaciifolia",1,"","",NA,"","",NA,"","",NA,"","","https://powo.science.kew.org/taxon/urn:lsid:ipni.org:names:989444-1","","Y","Synonym","Pseudalbizzia pistaciifolia","Pseudalbizzia pistaciifolia","(Willd.) E.J.M.Koenen & Duno","1491328","species","https://powo.science.kew.org/taxon/urn:lsid:ipni.org:names:77303823-1","","Fabaceae","1","1","wcvp","0",""
"184","Albizia polyphylla",1,"192786","Albizia polyphylla",1,"species","","",NA,"E.Fourn.","Fabaceae","Albizia","Albizia",1,"polyphylla","polyphylla",1,"","",NA,"","",NA,"","",NA,"","","https://powo.science.kew.org/taxon/urn:lsid:ipni.org:names:473358-1","","Y","Accepted","Albizia polyphylla","Albizia polyphylla","E.Fourn.","192786","species","https://powo.science.kew.org/taxon/urn:lsid:ipni.org:names:473358-1","","Fabaceae","1","1","wcvp","0",""
"185","Albizia saman",1,"1041188","Albizia saman",1,"species","","",NA,"(Jacq.) F.Muell.","Fabaceae","Albizia","Albizia",1,"saman","saman",1,"","",NA,"","",NA,"","",NA,"","","https://powo.science.kew.org/taxon/urn:lsid:ipni.org:names:473384-1","","Y","Synonym","Samanea saman","Samanea saman","(Jacq.) Merr.","191671","species","https://powo.science.kew.org/taxon/urn:lsid:ipni.org:names:227126-2","","Fabaceae","1","1","wcvp","0",""
"186","Albizia saponaria",1,"1041189","Albizia saponaria",1,"species","","",NA,"(Lour.) Blume ex Miq.","Fabaceae","Albizia","Albizia",1,"saponaria","saponaria",1,"","",NA,"","",NA,"","",NA,"","","https://powo.science.kew.org/taxon/urn:lsid:ipni.org:names:473385-1","","Y","Accepted","Albizia saponaria","Albizia saponaria","(Lour.) Blume ex Miq.","1041189","species","https://powo.science.kew.org/taxon/urn:lsid:ipni.org:names:473385-1","","Fabaceae","1","1","wcvp","0",""
"187","Albizia schimperiana",1,"183616","Albizia schimperiana",1,"species","","",NA,"Oliv.","Fabaceae","Albizia","Albizia",1,"schimperiana","schimperiana",1,"","",NA,"","",NA,"","",NA,"","","https://powo.science.kew.org/taxon/urn:lsid:ipni.org:names:473389-1","","Y","Accepted","Albizia schimperiana","Albizia schimperiana","Oliv.","183616","species","https://powo.science.kew.org/taxon/urn:lsid:ipni.org:names:473389-1","","Fabaceae","1","1","wcvp","0",""
"188","Albizia splendens",1,"183815","Albizia splendens",1,"species","","",NA,"Miq.","Fabaceae","Albizia","Albizia",1,"splendens","splendens",1,"","",NA,"","",NA,"","",NA,"","","https://powo.science.kew.org/taxon/urn:lsid:ipni.org:names:473397-1","","Y","Accepted","Albizia splendens","Albizia splendens","Miq.","183815","species","https://powo.science.kew.org/taxon/urn:lsid:ipni.org:names:473397-1","","Fabaceae","1","1","wcvp","0",""
"189","Albizia tanganyicensis",1,"184022","Albizia tanganyicensis",1,"species","","",NA,"Baker f.","Fabaceae","Albizia","Albizia",1,"tanganyicensis","tanganyicensis",1,"","",NA,"","",NA,"","",NA,"","","https://powo.science.kew.org/taxon/urn:lsid:ipni.org:names:473405-1","","Y","Accepted","Albizia tanganyicensis","Albizia tanganyicensis","Baker f.","184022","species","https://powo.science.kew.org/taxon/urn:lsid:ipni.org:names:473405-1","","Fabaceae","1","1","wcvp","0",""
"190","Albizia tulearensis",1,"192790","Albizia tulearensis",1,"species","","",NA,"R.Vig.","Fabaceae","Albizia","Albizia",1,"tulearensis","tulearensis",1,"","",NA,"","",NA,"","",NA,"","","https://powo.science.kew.org/taxon/urn:lsid:ipni.org:names:473417-1","","Y","Accepted","Albizia tulearensis","Albizia tulearensis","R.Vig.","192790","species","https://powo.science.kew.org/taxon/urn:lsid:ipni.org:names:473417-1","","Fabaceae","1","1","wcvp","0",""
"191","Albizia versicolor",1,"184372","Albizia versicolor",1,"species","","",NA,"Welw. ex Oliv.","Fabaceae","Albizia","Albizia",1,"versicolor","versicolor",1,"","",NA,"","",NA,"","",NA,"","","https://powo.science.kew.org/taxon/urn:lsid:ipni.org:names:473423-1","","Y","Accepted","Albizia versicolor","Albizia versicolor","Welw. ex Oliv.","184372","species","https://powo.science.kew.org/taxon/urn:lsid:ipni.org:names:473423-1","","Fabaceae","1","1","wcvp","0",""
"192","Albizia viridis",1,"192792","Albizia viridis",1,"species","","",NA,"E.Fourn.","Fabaceae","Albizia","Albizia",1,"viridis","viridis",1,"","",NA,"","",NA,"","",NA,"","","https://powo.science.kew.org/taxon/urn:lsid:ipni.org:names:473425-1","","Y","Accepted","Albizia viridis","Albizia viridis","E.Fourn.","192792","species","https://powo.science.kew.org/taxon/urn:lsid:ipni.org:names:473425-1","","Fabaceae","1","1","wcvp","0",""
"193","Albizia zygia",1,"170839","Albizia zygia",1,"species","","",NA,"(DC.) J.F.Macbr.","Fabaceae","Albizia","Albizia",1,"zygia","zygia",1,"","",NA,"","",NA,"","",NA,"","","https://powo.science.kew.org/taxon/urn:lsid:ipni.org:names:473433-1","","Y","Accepted","Albizia zygia","Albizia zygia","(DC.) J.F.Macbr.","170839","species","https://powo.science.kew.org/taxon/urn:lsid:ipni.org:names:473433-1","","Fabaceae","1","1","wcvp","0",""
"194","Anadenanthera peregrina",1,"167469","Anadenanthera peregrina",1,"species","","",NA,"(L.) Speg.","Fabaceae","Anadenanthera","Anadenanthera",1,"peregrina","peregrina",1,"","",NA,"","",NA,"","",NA,"","","https://powo.science.kew.org/taxon/urn:lsid:ipni.org:names:12268-2","","Y","Accepted","Anadenanthera peregrina","Anadenanthera peregrina","(L.) Speg.","167469","species","https://powo.science.kew.org/taxon/urn:lsid:ipni.org:names:12268-2","","Fabaceae","1","1","wcvp","0",""
"195","Archidendron borneense",1,"202227","Archidendron borneense",1,"species","","",NA,"(Benth.) I.C.Nielsen","Fabaceae","Archidendron","Archidendron",1,"borneense","borneense",1,"","",NA,"","",NA,"","",NA,"","","https://powo.science.kew.org/taxon/urn:lsid:ipni.org:names:914850-1","","Y","Accepted","Archidendron borneense","Archidendron borneense","(Benth.) I.C.Nielsen","202227","species","https://powo.science.kew.org/taxon/urn:lsid:ipni.org:names:914850-1","","Fabaceae","1","1","wcvp","0",""
"196","Archidendron chevalieri",1,"193462","Archidendron chevalieri",1,"species","","",NA,"(Kosterm.) I.C.Nielsen","Fabaceae","Archidendron","Archidendron",1,"chevalieri","chevalieri",1,"","",NA,"","",NA,"","",NA,"","","https://powo.science.kew.org/taxon/urn:lsid:ipni.org:names:475042-1","","Y","Accepted","Archidendron chevalieri","Archidendron chevalieri","(Kosterm.) I.C.Nielsen","193462","species","https://powo.science.kew.org/taxon/urn:lsid:ipni.org:names:475042-1","","Fabaceae","1","1","wcvp","0",""
"197","Archidendron clypearia",1,"183347","Archidendron clypearia",1,"species","","",NA,"(Jack) I.C.Nielsen","Fabaceae","Archidendron","Archidendron",1,"clypearia","clypearia",1,"","",NA,"","",NA,"","",NA,"","","https://powo.science.kew.org/taxon/urn:lsid:ipni.org:names:475044-1","","Y","Accepted","Archidendron clypearia","Archidendron clypearia","(Jack) I.C.Nielsen","183347","species","https://powo.science.kew.org/taxon/urn:lsid:ipni.org:names:475044-1","","Fabaceae","1","1","wcvp","0",""
"198","Archidendron cockburnii",1,"202273","Archidendron cockburnii",1,"species","","",NA,"I.C.Nielsen","Fabaceae","Archidendron","Archidendron",1,"cockburnii","cockburnii",1,"","",NA,"","",NA,"","",NA,"","","https://powo.science.kew.org/taxon/urn:lsid:ipni.org:names:905669-1","","Y","Accepted","Archidendron cockburnii","Archidendron cockburnii","I.C.Nielsen","202273","species","https://powo.science.kew.org/taxon/urn:lsid:ipni.org:names:905669-1","","Fabaceae","1","1","wcvp","0",""
"199","Archidendron ellipticum",1,"196198","Archidendron ellipticum",1,"species","","",NA,"(Blume) I.C.Nielsen","Fabaceae","Archidendron","Archidendron",1,"ellipticum","ellipticum",1,"","",NA,"","",NA,"","",NA,"","","https://powo.science.kew.org/taxon/urn:lsid:ipni.org:names:475051-1","","Y","Accepted","Archidendron ellipticum","Archidendron ellipticum","(Blume) I.C.Nielsen","196198","species","https://powo.science.kew.org/taxon/urn:lsid:ipni.org:names:475051-1","","Fabaceae","1","1","wcvp","0",""
"200","Archidendron glabrum",1,"1044983","Archidendron glabrum",1,"species","","",NA,"(K.Schum.) K.Schum. & Lauterb.","Fabaceae","Archidendron","Archidendron",1,"glabrum","glabrum",1,"","",NA,"","",NA,"","",NA,"","","https://powo.science.kew.org/taxon/urn:lsid:ipni.org:names:475055-1","","Y","Accepted","Archidendron glabrum","Archidendron glabrum","(K.Schum.) K.Schum. & Lauterb.","1044983","species","https://powo.science.kew.org/taxon/urn:lsid:ipni.org:names:475055-1","","Fabaceae","1","1","wcvp","0",""
"201","Archidendron glomeriflorum",1,"196204","Archidendron glomeriflorum",1,"species","","",NA,"(Kurz) I.C.Nielsen","Fabaceae","Archidendron","Archidendron",1,"glomeriflorum","glomeriflorum",1,"","",NA,"","",NA,"","",NA,"","","https://powo.science.kew.org/taxon/urn:lsid:ipni.org:names:475058-1","","Y","Accepted","Archidendron glomeriflorum","Archidendron glomeriflorum","(Kurz) I.C.Nielsen","196204","species","https://powo.science.kew.org/taxon/urn:lsid:ipni.org:names:475058-1","","Fabaceae","1","1","wcvp","0",""
"202","Archidendron jiringa",1,"196208","Archidendron jiringa",1,"species","","",NA,"(Jack) I.C.Nielsen","Fabaceae","Archidendron","Archidendron",1,"jiringa","jiringa",1,"","",NA,"","",NA,"","",NA,"","","https://powo.science.kew.org/taxon/urn:lsid:ipni.org:names:475066-1","","Y","Accepted","Archidendron jiringa","Archidendron jiringa","(Jack) I.C.Nielsen","196208","species","https://powo.science.kew.org/taxon/urn:lsid:ipni.org:names:475066-1","","Fabaceae","1","1","wcvp","0",""
"203","Archidendron palauense",1,"202407","Archidendron palauense",1,"species","","",NA,"(Kaneh.) I.C.Nielsen","Fabaceae","Archidendron","Archidendron",1,"palauense","palauense",1,"","",NA,"","",NA,"","",NA,"","","https://powo.science.kew.org/taxon/urn:lsid:ipni.org:names:914861-1","","Y","Accepted","Archidendron palauense","Archidendron palauense","(Kaneh.) I.C.Nielsen","202407","species","https://powo.science.kew.org/taxon/urn:lsid:ipni.org:names:914861-1","","Fabaceae","1","1","wcvp","0",""
"204","Archidendron ptenopum",1,"202434","Archidendron ptenopum",1,"species","","",NA,"Verdc.","Fabaceae","Archidendron","Archidendron",1,"ptenopum","ptenopum",1,"","",NA,"","",NA,"","",NA,"","","https://powo.science.kew.org/taxon/urn:lsid:ipni.org:names:475092-1","","Y","Accepted","Archidendron ptenopum","Archidendron ptenopum","Verdc.","202434","species","https://powo.science.kew.org/taxon/urn:lsid:ipni.org:names:475092-1","","Fabaceae","1","1","wcvp","0",""
"205","Archidendron robinsonii",1,"193468","Archidendron robinsonii",1,"species","","",NA,"(Gagnep.) I.C.Nielsen","Fabaceae","Archidendron","Archidendron",1,"robinsonii","robinsonii",1,"","",NA,"","",NA,"","",NA,"","","https://powo.science.kew.org/taxon/urn:lsid:ipni.org:names:475096-1","","Y","Accepted","Archidendron robinsonii","Archidendron robinsonii","(Gagnep.) I.C.Nielsen","193468","species","https://powo.science.kew.org/taxon/urn:lsid:ipni.org:names:475096-1","","Fabaceae","1","1","wcvp","0",""
"206","Archidendron scutiferum",1,"202439","Archidendron scutiferum",1,"species","","",NA,"(Blanco) I.C.Nielsen","Fabaceae","Archidendron","Archidendron",1,"scutiferum","scutiferum",1,"","",NA,"","",NA,"","",NA,"","","https://powo.science.kew.org/taxon/urn:lsid:ipni.org:names:914863-1","","Y","Accepted","Archidendron scutiferum","Archidendron scutiferum","(Blanco) I.C.Nielsen","202439","species","https://powo.science.kew.org/taxon/urn:lsid:ipni.org:names:914863-1","","Fabaceae","1","1","wcvp","0",""
"207","Archidendron triplinervium",1,"202464","Archidendron triplinervium",1,"species","","",NA,"(Kosterm.) I.C.Nielsen","Fabaceae","Archidendron","Archidendron",1,"triplinervium","triplinervium",1,"","",NA,"","",NA,"","",NA,"","","https://powo.science.kew.org/taxon/urn:lsid:ipni.org:names:914867-1","","Y","Accepted","Archidendron triplinervium","Archidendron triplinervium","(Kosterm.) I.C.Nielsen","202464","species","https://powo.science.kew.org/taxon/urn:lsid:ipni.org:names:914867-1","","Fabaceae","1","1","wcvp","0",""
"208","Archidendron utile",1,"193492","Archidendron utile",1,"species","","",NA,"(Chun & F.C.How) I.C.Nielsen","Fabaceae","Archidendron","Archidendron",1,"utile","utile",1,"","",NA,"","",NA,"","",NA,"","","https://powo.science.kew.org/taxon/urn:lsid:ipni.org:names:475109-1","","Y","Accepted","Archidendron utile","Archidendron utile","(Chun & F.C.How) I.C.Nielsen","193492","species","https://powo.science.kew.org/taxon/urn:lsid:ipni.org:names:475109-1","","Fabaceae","1","1","wcvp","0",""
"209","Archidendropsis fournieri",1,"1021364","Archidendropsis fournieri",1,"species","","",NA,"(Vieill.) I.C.Nielsen","Fabaceae","Archidendropsis","Archidendropsis",1,"fournieri","fournieri",1,"","",NA,"","",NA,"","",NA,"","","https://powo.science.kew.org/taxon/urn:lsid:ipni.org:names:911893-1","","Y","Accepted","Archidendropsis fournieri","Archidendropsis fournieri","(Vieill.) I.C.Nielsen","1021364","species","https://powo.science.kew.org/taxon/urn:lsid:ipni.org:names:911893-1","","Fabaceae","1","1","wcvp","0",""
"210","Archidendropsis granulosa",1,"1244677","Archidendropsis granulosa",1,"species","","",NA,"(Labill.) I.C.Nielsen","Fabaceae","Archidendropsis","Archidendropsis",1,"granulosa","granulosa",1,"","",NA,"","",NA,"","",NA,"","","https://powo.science.kew.org/taxon/urn:lsid:ipni.org:names:911896-1","","Y","Accepted","Archidendropsis granulosa","Archidendropsis granulosa","(Labill.) I.C.Nielsen","1244677","species","https://powo.science.kew.org/taxon/urn:lsid:ipni.org:names:911896-1","","Fabaceae","1","1","wcvp","0",""
"211","Aubrevillea kerstingii",1,"207291","Aubrevillea kerstingii",1,"species","","",NA,"(Harms) Pellegr.","Fabaceae","Aubrevillea","Aubrevillea",1,"kerstingii","kerstingii",1,"","",NA,"","",NA,"","",NA,"","","https://powo.science.kew.org/taxon/urn:lsid:ipni.org:names:480759-1","","Y","Accepted","Aubrevillea kerstingii","Aubrevillea kerstingii","(Harms) Pellegr.","207291","species","https://powo.science.kew.org/taxon/urn:lsid:ipni.org:names:480759-1","","Fabaceae","1","1","wcvp","0",""
"212","Calliandra brevicaulis",1,"163017","Calliandra brevicaulis",1,"species","","",NA,"Micheli","Fabaceae","Calliandra","Calliandra",1,"brevicaulis","brevicaulis",1,"","",NA,"","",NA,"","",NA,"","","https://powo.science.kew.org/taxon/urn:lsid:ipni.org:names:42087-2","","Y","Accepted","Calliandra brevicaulis","Calliandra brevicaulis","Micheli","163017","species","https://powo.science.kew.org/taxon/urn:lsid:ipni.org:names:42087-2","","Fabaceae","1","1","wcvp","0",""
"213","Calliandra calothyrsus",1,"1037533","Calliandra calothyrsus",1,"species","","",NA,"Meisn.","Fabaceae","Calliandra","Calliandra",1,"calothyrsus","calothyrsus",1,"","",NA,"","",NA,"","",NA,"","","https://powo.science.kew.org/taxon/urn:lsid:ipni.org:names:42102-2","","Y","Synonym","Calliandra houstoniana var. calothyrsus","Calliandra houstoniana","(Meisn.) Barneby","195798","variety","https://powo.science.kew.org/taxon/urn:lsid:ipni.org:names:1010291-1","","Fabaceae","1","1","wcvp","0",""
"214","Calliandra stipulacea",1,"163115","Calliandra stipulacea",1,"species","","",NA,"Benth.","Fabaceae","Calliandra","Calliandra",1,"stipulacea","stipulacea",1,"","",NA,"","",NA,"","",NA,"","","https://powo.science.kew.org/taxon/urn:lsid:ipni.org:names:42314-2","","Y","Synonym","Calliandra laxa var. stipulacea","Calliandra laxa","(Benth.) Barneby","192318","variety","https://powo.science.kew.org/taxon/urn:lsid:ipni.org:names:1010230-1","","Fabaceae","1","1","wcvp","0",""
"215","Calliandropsis nervosus",0.94341268848788,"1575383","Calliandropsis nervosa",0.94341268848788,"species","","",NA,"(Britton & Rose) H.M.Hern. & Guinet","Fabaceae","Calliandropsis","Calliandropsis",1,"nervosus","nervosa",0.75,"","",NA,"","",NA,"","",NA,"","","https://powo.science.kew.org/taxon/urn:lsid:ipni.org:names:273892-2","","","Accepted","Calliandropsis nervosa","Calliandropsis nervosa","(Britton & Rose) H.M.Hern. & Guinet","1575383","species","https://powo.science.kew.org/taxon/urn:lsid:ipni.org:names:273892-2","","Fabaceae","1","1","wcvp","0",""
"216","Calpocalyx aubrevillei",1,"209217","Calpocalyx aubrevillei",1,"species","","",NA,"Pellegr.","Fabaceae","Calpocalyx","Calpocalyx",1,"aubrevillei","aubrevillei",1,"","",NA,"","",NA,"","",NA,"","","https://powo.science.kew.org/taxon/urn:lsid:ipni.org:names:483445-1","","Y","Accepted","Calpocalyx aubrevillei","Calpocalyx aubrevillei","Pellegr.","209217","species","https://powo.science.kew.org/taxon/urn:lsid:ipni.org:names:483445-1","","Fabaceae","1","1","wcvp","0",""
"217","Calpocalyx brevibracteatus",1,"162639","Calpocalyx brevibracteatus",1,"species","","",NA,"Harms","Fabaceae","Calpocalyx","Calpocalyx",1,"brevibracteatus","brevibracteatus",1,"","",NA,"","",NA,"","",NA,"","","https://powo.science.kew.org/taxon/urn:lsid:ipni.org:names:483446-1","","Y","Accepted","Calpocalyx brevibracteatus","Calpocalyx brevibracteatus","Harms","162639","species","https://powo.science.kew.org/taxon/urn:lsid:ipni.org:names:483446-1","","Fabaceae","1","1","wcvp","0",""
"218","Calpocalyx cauliflorus",1,"164632","Calpocalyx cauliflorus",1,"species","","",NA,"Hoyle","Fabaceae","Calpocalyx","Calpocalyx",1,"cauliflorus","cauliflorus",1,"","",NA,"","",NA,"","",NA,"","","https://powo.science.kew.org/taxon/urn:lsid:ipni.org:names:483447-1","","Y","Accepted","Calpocalyx cauliflorus","Calpocalyx cauliflorus","Hoyle","164632","species","https://powo.science.kew.org/taxon/urn:lsid:ipni.org:names:483447-1","","Fabaceae","1","1","wcvp","0",""
"219","Calpocalyx dinklagei",1,"165634","Calpocalyx dinklagei",1,"species","","",NA,"Harms","Fabaceae","Calpocalyx","Calpocalyx",1,"dinklagei","dinklagei",1,"","",NA,"","",NA,"","",NA,"","","https://powo.science.kew.org/taxon/urn:lsid:ipni.org:names:483449-1","","Y","Accepted","Calpocalyx dinklagei","Calpocalyx dinklagei","Harms","165634","species","https://powo.science.kew.org/taxon/urn:lsid:ipni.org:names:483449-1","","Fabaceae","1","1","wcvp","0",""
"220","Cathormion altissimum",1,"1047873","Cathormion altissimum",1,"species","","",NA,"(Hook.f.) Hutch. & Dandy","Fabaceae","Cathormion","Cathormion",1,"altissimum","altissimum",1,"","",NA,"","",NA,"","",NA,"","","https://powo.science.kew.org/taxon/urn:lsid:ipni.org:names:485467-1","","Y","Synonym","Osodendron altissimum","Osodendron altissimum","(Hook.f.) E.J.M.Koenen","1491342","species","https://powo.science.kew.org/taxon/urn:lsid:ipni.org:names:77303837-1","","Fabaceae","1","1","wcvp","0",""
"221","Cathormion umbellatum",1,"184972","Cathormion umbellatum",1,"species","","",NA,"(Vahl) Kosterm.","Fabaceae","Cathormion","Cathormion",1,"umbellatum","umbellatum",1,"","",NA,"","",NA,"","",NA,"","","https://powo.science.kew.org/taxon/urn:lsid:ipni.org:names:485486-1","","Y","Accepted","Cathormion umbellatum","Cathormion umbellatum","(Vahl) Kosterm.","184972","species","https://powo.science.kew.org/taxon/urn:lsid:ipni.org:names:485486-1","","Fabaceae","1","1","wcvp","0",""
"222","Chidlowia sanguinea",1,"163213","Chidlowia sanguinea",1,"species","","",NA,"Hoyle","Fabaceae","Chidlowia","Chidlowia",1,"sanguinea","sanguinea",1,"","",NA,"","",NA,"","",NA,"","","https://powo.science.kew.org/taxon/urn:lsid:ipni.org:names:486173-1","","Y","Accepted","Chidlowia sanguinea","Chidlowia sanguinea","Hoyle","163213","species","https://powo.science.kew.org/taxon/urn:lsid:ipni.org:names:486173-1","","Fabaceae","1","1","wcvp","0",""
"223","Cojoba matudae",1,"1048973","Cojoba matudae",1,"species","","",NA,"(Lundell) L.Rico","Fabaceae","Cojoba","Cojoba",1,"matudae","matudae",1,"","",NA,"","",NA,"","",NA,"","","https://powo.science.kew.org/taxon/urn:lsid:ipni.org:names:962850-1","","Y","Synonym","Cojoba arborea var. arborea","Cojoba arborea","","190846","variety","https://powo.science.kew.org/taxon/urn:lsid:ipni.org:names:77223675-1","","Fabaceae","1","1","wcvp","0",""
"224","Cojoba recordii",1,"184360","Cojoba recordii",1,"species","","",NA,"Britton & Rose","Fabaceae","Cojoba","Cojoba",1,"recordii","recordii",1,"","",NA,"","",NA,"","",NA,"","","https://powo.science.kew.org/taxon/urn:lsid:ipni.org:names:62891-2","","Y","Synonym","Cojoba graciliflora","Cojoba graciliflora","(S.F.Blake) Britton & Rose","169144","species","https://powo.science.kew.org/taxon/urn:lsid:ipni.org:names:62888-2","","Fabaceae","1","1","wcvp","0",""
"225","Cojoba valerioi",1,"169231","Cojoba valerioi",1,"species","","",NA,"Britton & Rose","Fabaceae","Cojoba","Cojoba",1,"valerioi","valerioi",1,"","",NA,"","",NA,"","",NA,"","","https://powo.science.kew.org/taxon/urn:lsid:ipni.org:names:62899-2","","Y","Synonym","Cojoba catenata","Cojoba catenata","(Donn.Sm.) Britton & Rose","169122","species","https://powo.science.kew.org/taxon/urn:lsid:ipni.org:names:62883-2","","Fabaceae","1","1","wcvp","0",""
"226","Cylicodiscus gabunensis",1,"172682","Cylicodiscus gabunensis",1,"species","","",NA,"Harms","Fabaceae","Cylicodiscus","Cylicodiscus",1,"gabunensis","gabunensis",1,"","",NA,"","",NA,"","",NA,"","","https://powo.science.kew.org/taxon/urn:lsid:ipni.org:names:489319-1","","Y","Accepted","Cylicodiscus gabunensis","Cylicodiscus gabunensis","Harms","172682","species","https://powo.science.kew.org/taxon/urn:lsid:ipni.org:names:489319-1","","Fabaceae","1","1","wcvp","0",""
"227","Desmanthus balsensis",1,"176841","Desmanthus balsensis",1,"species","","",NA,"J.L.Contr.","Fabaceae","Desmanthus","Desmanthus",1,"balsensis","balsensis",1,"","",NA,"","",NA,"","",NA,"","","https://powo.science.kew.org/taxon/urn:lsid:ipni.org:names:275777-2","","Y","Synonym","Mezcala balsensis","Mezcala balsensis","(J.L.Contr.) C.E.Hughes & J.L.Contr.","1491274","species","https://powo.science.kew.org/taxon/urn:lsid:ipni.org:names:77303769-1","","Fabaceae","1","1","wcvp","0",""
"228","Desmanthus bicornutus",1,"168123","Desmanthus bicornutus",1,"species","","",NA,"S.Watson","Fabaceae","Desmanthus","Desmanthus",1,"bicornutus","bicornutus",1,"","",NA,"","",NA,"","",NA,"","","https://powo.science.kew.org/taxon/urn:lsid:ipni.org:names:78286-2","","Y","Accepted","Desmanthus bicornutus","Desmanthus bicornutus","S.Watson","168123","species","https://powo.science.kew.org/taxon/urn:lsid:ipni.org:names:78286-2","","Fabaceae","1","1","wcvp","0",""
"229","Desmanthus covillei",1,"168126","Desmanthus covillei",1,"species","","",NA,"(Britton & Rose) Wiggins","Fabaceae","Desmanthus","Desmanthus",1,"covillei","covillei",1,"","",NA,"","",NA,"","",NA,"","","https://powo.science.kew.org/taxon/urn:lsid:ipni.org:names:78291-2","","Y","Accepted","Desmanthus covillei","Desmanthus covillei","(Britton & Rose) Wiggins","168126","species","https://powo.science.kew.org/taxon/urn:lsid:ipni.org:names:78291-2","","Fabaceae","1","1","wcvp","0",""
"230","Desmanthus fruticosus",1,"168127","Desmanthus fruticosus",1,"species","","",NA,"Rose","Fabaceae","Desmanthus","Desmanthus",1,"fruticosus","fruticosus",1,"","",NA,"","",NA,"","",NA,"","","https://powo.science.kew.org/taxon/urn:lsid:ipni.org:names:78296-2","","Y","Accepted","Desmanthus fruticosus","Desmanthus fruticosus","Rose","168127","species","https://powo.science.kew.org/taxon/urn:lsid:ipni.org:names:78296-2","","Fabaceae","1","1","wcvp","0",""
"231","Desmanthus leptophyllus",1,"181835","Desmanthus leptophyllus",1,"species","","",NA,"Kunth","Fabaceae","Desmanthus","Desmanthus",1,"leptophyllus","leptophyllus",1,"","",NA,"","",NA,"","",NA,"","","https://powo.science.kew.org/taxon/urn:lsid:ipni.org:names:491499-1","","Y","Accepted","Desmanthus leptophyllus","Desmanthus leptophyllus","Kunth","181835","species","https://powo.science.kew.org/taxon/urn:lsid:ipni.org:names:491499-1","","Fabaceae","1","1","wcvp","0",""
"232","Desmanthus oligospermus",1,"168133","Desmanthus oligospermus",1,"species","","",NA,"Brandegee","Fabaceae","Desmanthus","Desmanthus",1,"oligospermus","oligospermus",1,"","",NA,"","",NA,"","",NA,"","","https://powo.science.kew.org/taxon/urn:lsid:ipni.org:names:78313-2","","Y","Accepted","Desmanthus oligospermus","Desmanthus oligospermus","Brandegee","168133","species","https://powo.science.kew.org/taxon/urn:lsid:ipni.org:names:78313-2","","Fabaceae","1","1","wcvp","0",""
"233","Desmanthus painteri",1,"184653","Desmanthus painteri",1,"species","","",NA,"(Britton & Rose) Standl.","Fabaceae","Desmanthus","Desmanthus",1,"painteri","painteri",1,"","",NA,"","",NA,"","",NA,"","","https://powo.science.kew.org/taxon/urn:lsid:ipni.org:names:78314-2","","Y","Accepted","Desmanthus painteri","Desmanthus painteri","(Britton & Rose) Standl.","184653","species","https://powo.science.kew.org/taxon/urn:lsid:ipni.org:names:78314-2","","Fabaceae","1","1","wcvp","0",""
"234","Desmanthus paspalaceus",1,"168134","Desmanthus paspalaceus",1,"species","","",NA,"(Lindm.) Burkart","Fabaceae","Desmanthus","Desmanthus",1,"paspalaceus","paspalaceus",1,"","",NA,"","",NA,"","",NA,"","","https://powo.science.kew.org/taxon/urn:lsid:ipni.org:names:78316-2","","Y","Accepted","Desmanthus paspalaceus","Desmanthus paspalaceus","(Lindm.) Burkart","168134","species","https://powo.science.kew.org/taxon/urn:lsid:ipni.org:names:78316-2","","Fabaceae","1","1","wcvp","0",""
"235","Desmanthus pumilus",1,"168135","Desmanthus pumilus",1,"species","","",NA,"(Schltdl.) J.F.Macbr.","Fabaceae","Desmanthus","Desmanthus",1,"pumilus","pumilus",1,"","",NA,"","",NA,"","",NA,"","","https://powo.science.kew.org/taxon/urn:lsid:ipni.org:names:78320-2","","Y","Accepted","Desmanthus pumilus","Desmanthus pumilus","(Schltdl.) J.F.Macbr.","168135","species","https://powo.science.kew.org/taxon/urn:lsid:ipni.org:names:78320-2","","Fabaceae","1","1","wcvp","0",""
"236","Desmanthus subulatus",1,"1040368","Desmanthus subulatus",1,"species","","",NA,"(Britton & Rose) Wiggins","Fabaceae","Desmanthus","Desmanthus",1,"subulatus","subulatus",1,"","",NA,"","",NA,"","",NA,"","","https://powo.science.kew.org/taxon/urn:lsid:ipni.org:names:78323-2","","Y","Synonym","Desmanthus bicornutus","Desmanthus bicornutus","S.Watson","168123","species","https://powo.science.kew.org/taxon/urn:lsid:ipni.org:names:78286-2","","Fabaceae","1","1","wcvp","0",""
"237","Desmanthus virgatus",1,"173618","Desmanthus virgatus",1,"species","","",NA,"(L.) Willd.","Fabaceae","Desmanthus","Desmanthus",1,"virgatus","virgatus",1,"","",NA,"","",NA,"","",NA,"","","https://powo.science.kew.org/taxon/urn:lsid:ipni.org:names:1125234-2","","Y","Accepted","Desmanthus virgatus","Desmanthus virgatus","(L.) Willd.","173618","species","https://powo.science.kew.org/taxon/urn:lsid:ipni.org:names:1125234-2","","Fabaceae","1","1","wcvp","0",""
"238","Elephantorrhiza elephantina",1,"190321","Elephantorrhiza elephantina",1,"species","","",NA,"(Burch.) Skeels","Fabaceae","Elephantorrhiza","Elephantorrhiza",1,"elephantina","elephantina",1,"","",NA,"","",NA,"","",NA,"","","https://powo.science.kew.org/taxon/urn:lsid:ipni.org:names:493740-1","","Y","Synonym","Entada elephantina","Entada elephantina","(Burch.) S.A.O’Donnell & G.P.Lewis","1491360","species","https://powo.science.kew.org/taxon/urn:lsid:ipni.org:names:77303964-1","","Fabaceae","1","1","wcvp","0",""
"239","Elephantorrhiza goetzei",1,"191195","Elephantorrhiza goetzei",1,"species","","",NA,"(Harms) Harms","Fabaceae","Elephantorrhiza","Elephantorrhiza",1,"goetzei","goetzei",1,"","",NA,"","",NA,"","",NA,"","","https://powo.science.kew.org/taxon/urn:lsid:ipni.org:names:493741-1","","Y","Synonym","Entada goetzei","Entada goetzei","(Harms) S.A.O’Donnell & G.P.Lewis","1491194","species","https://powo.science.kew.org/taxon/urn:lsid:ipni.org:names:77303569-1","","Fabaceae","1","1","wcvp","0",""
"240","Elephantorrhiza suffruticosa",1,"199750","Elephantorrhiza suffruticosa",1,"species","","",NA,"Schinz","Fabaceae","Elephantorrhiza","Elephantorrhiza",1,"suffruticosa","suffruticosa",1,"","",NA,"","",NA,"","",NA,"","","https://powo.science.kew.org/taxon/urn:lsid:ipni.org:names:493749-1","","Y","Synonym","Entada rangei","Entada rangei","(Harms) S.A.O’Donnell & G.P.Lewis","1491197","species","https://powo.science.kew.org/taxon/urn:lsid:ipni.org:names:77303572-1","","Fabaceae","1","1","wcvp","0",""
"241","Enterolobium barnebianum",1,"176816","Enterolobium barnebianum",1,"species","","",NA,"Mesquita & M.F.Silva","Fabaceae","Enterolobium","Enterolobium",1,"barnebianum","barnebianum",1,"","",NA,"","",NA,"","",NA,"","","https://powo.science.kew.org/taxon/urn:lsid:ipni.org:names:276555-2","","Y","Accepted","Enterolobium barnebianum","Enterolobium barnebianum","Mesquita & M.F.Silva","176816","species","https://powo.science.kew.org/taxon/urn:lsid:ipni.org:names:276555-2","","Fabaceae","1","1","wcvp","0",""
"242","Enterolobium contortisiliquum",1,"191608","Enterolobium contortisiliquum",1,"species","","",NA,"(Vell.) Morong","Fabaceae","Enterolobium","Enterolobium",1,"contortisiliquum","contortisiliquum",1,"","",NA,"","",NA,"","",NA,"","","https://powo.science.kew.org/taxon/urn:lsid:ipni.org:names:1032130-2","","Y","Accepted","Enterolobium contortisiliquum","Enterolobium contortisiliquum","(Vell.) Morong","191608","species","https://powo.science.kew.org/taxon/urn:lsid:ipni.org:names:1032130-2","","Fabaceae","1","1","wcvp","0",""
"243","Enterolobium cyclocarpum",1,"191609","Enterolobium cyclocarpum",1,"species","","",NA,"(Jacq.) Griseb.","Fabaceae","Enterolobium","Enterolobium",1,"cyclocarpum","cyclocarpum",1,"","",NA,"","",NA,"","",NA,"","","https://powo.science.kew.org/taxon/urn:lsid:ipni.org:names:1037928-2","","Y","Accepted","Enterolobium cyclocarpum","Enterolobium cyclocarpum","(Jacq.) Griseb.","191609","species","https://powo.science.kew.org/taxon/urn:lsid:ipni.org:names:1037928-2","","Fabaceae","1","1","wcvp","0",""
"244","Enterolobium ellipticum",1,"171907","Enterolobium ellipticum",1,"species","","",NA,"Benth.","Fabaceae","Enterolobium","Enterolobium",1,"ellipticum","ellipticum",1,"","",NA,"","",NA,"","",NA,"","","https://powo.science.kew.org/taxon/urn:lsid:ipni.org:names:493918-1","","Y","Synonym","Enterolobium gummiferum","Enterolobium gummiferum","(Mart.) J.F.Macbr.","191243","species","https://powo.science.kew.org/taxon/urn:lsid:ipni.org:names:91072-2","","Fabaceae","1","1","wcvp","0",""
"245","Enterolobium gummiferum",1,"191243","Enterolobium gummiferum",1,"species","","",NA,"(Mart.) J.F.Macbr.","Fabaceae","Enterolobium","Enterolobium",1,"gummiferum","gummiferum",1,"","",NA,"","",NA,"","",NA,"","","https://powo.science.kew.org/taxon/urn:lsid:ipni.org:names:91072-2","","Y","Accepted","Enterolobium gummiferum","Enterolobium gummiferum","(Mart.) J.F.Macbr.","191243","species","https://powo.science.kew.org/taxon/urn:lsid:ipni.org:names:91072-2","","Fabaceae","1","1","wcvp","0",""
"246","Enterolobium schomburgkii",1,"171908","Enterolobium schomburgkii",1,"species","","",NA,"(Benth.) Benth.","Fabaceae","Enterolobium","Enterolobium",1,"schomburgkii","schomburgkii",1,"","",NA,"","",NA,"","",NA,"","","https://powo.science.kew.org/taxon/urn:lsid:ipni.org:names:493928-1","","Y","Synonym","Robrichia schomburgkii","Robrichia schomburgkii","(Benth.) A.R.M.Luz & E.R.Souza","1466711","species","https://powo.science.kew.org/taxon/urn:lsid:ipni.org:names:77301636-1","","Fabaceae","1","1","wcvp","0",""
"247","Enterolobium timbouva",1,"191245","Enterolobium timbouva",1,"species","","",NA,"Mart.","Fabaceae","Enterolobium","Enterolobium",1,"timbouva","timbouva",1,"","",NA,"","",NA,"","",NA,"","","https://powo.science.kew.org/taxon/urn:lsid:ipni.org:names:493930-1","","Y","Accepted","Enterolobium timbouva","Enterolobium timbouva","Mart.","191245","species","https://powo.science.kew.org/taxon/urn:lsid:ipni.org:names:493930-1","","Fabaceae","1","1","wcvp","0",""
"248","Faidherbia albida",1,"183438","Faidherbia albida",1,"species","","",NA,"(Delile) A.Chev.","Fabaceae","Faidherbia","Faidherbia",1,"albida","albida",1,"","",NA,"","",NA,"","",NA,"","","https://powo.science.kew.org/taxon/urn:lsid:ipni.org:names:494764-1","","Y","Accepted","Faidherbia albida","Faidherbia albida","(Delile) A.Chev.","183438","species","https://powo.science.kew.org/taxon/urn:lsid:ipni.org:names:494764-1","","Fabaceae","1","1","wcvp","0",""
"249","Falcataria moluccana",1,"192827","Falcataria moluccana",1,"species","","",NA,"(Miq.) Barneby & J.W.Grimes","Fabaceae","Falcataria","Falcataria",1,"moluccana","moluccana",1,"","",NA,"","",NA,"","",NA,"","","https://powo.science.kew.org/taxon/urn:lsid:ipni.org:names:989456-1","","Y","Synonym","Falcataria falcata","Falcataria falcata","(L.) Greuter & R.Rankin","1298811","species","https://powo.science.kew.org/taxon/urn:lsid:ipni.org:names:60471823-2","","Fabaceae","1","1","wcvp","0",""
"250","Fillaeopsis discophora",1,"161709","Fillaeopsis discophora",1,"species","","",NA,"Harms","Fabaceae","Fillaeopsis","Fillaeopsis",1,"discophora","discophora",1,"","",NA,"","",NA,"","",NA,"","","https://powo.science.kew.org/taxon/urn:lsid:ipni.org:names:495233-1","","Y","Accepted","Fillaeopsis discophora","Fillaeopsis discophora","Harms","161709","species","https://powo.science.kew.org/taxon/urn:lsid:ipni.org:names:495233-1","","Fabaceae","1","1","wcvp","0",""
"251","Gagnebina commersoniana",1,"190332","Gagnebina commersoniana",1,"species","","",NA,"(Baill.) R.Vig.","Fabaceae","Gagnebina","Gagnebina",1,"commersoniana","commersoniana",1,"","",NA,"","",NA,"","",NA,"","","https://powo.science.kew.org/taxon/urn:lsid:ipni.org:names:495345-1","","Y","Accepted","Gagnebina commersoniana","Gagnebina commersoniana","(Baill.) R.Vig.","190332","species","https://powo.science.kew.org/taxon/urn:lsid:ipni.org:names:495345-1","","Fabaceae","1","1","wcvp","0",""
"252","Gagnebina microcephala",1,"192725","Gagnebina microcephala",1,"species","","",NA,"(Renvoize) Villiers","Fabaceae","Gagnebina","Gagnebina",1,"microcephala","microcephala",1,"","",NA,"","",NA,"","",NA,"","","https://powo.science.kew.org/taxon/urn:lsid:ipni.org:names:20004595-1","","Y","Accepted","Gagnebina microcephala","Gagnebina microcephala","(Renvoize) Villiers","192725","species","https://powo.science.kew.org/taxon/urn:lsid:ipni.org:names:20004595-1","","Fabaceae","1","1","wcvp","0",""
"253","Gagnebina pterocarpa",1,"190343","Gagnebina pterocarpa",1,"species","","",NA,"(Lam.) Baill.","Fabaceae","Gagnebina","Gagnebina",1,"pterocarpa","pterocarpa",1,"","",NA,"","",NA,"","",NA,"","","https://powo.science.kew.org/taxon/urn:lsid:ipni.org:names:495347-1","","Y","Accepted","Gagnebina pterocarpa","Gagnebina pterocarpa","(Lam.) Baill.","190343","species","https://powo.science.kew.org/taxon/urn:lsid:ipni.org:names:495347-1","","Fabaceae","1","1","wcvp","0",""
"254","Inga adenophylla",1,"163238","Inga adenophylla",1,"species","","",NA,"Pittier","Fabaceae","Inga","Inga",1,"adenophylla","adenophylla",1,"","",NA,"","",NA,"","",NA,"","","https://powo.science.kew.org/taxon/urn:lsid:ipni.org:names:128355-2","","Y","Accepted","Inga adenophylla","Inga adenophylla","Pittier","163238","species","https://powo.science.kew.org/taxon/urn:lsid:ipni.org:names:128355-2","","Fabaceae","1","1","wcvp","0",""
"255","Inga affinis",1,"163239","Inga affinis",1,"species","","",NA,"DC.","Fabaceae","Inga","Inga",1,"affinis","affinis",1,"","",NA,"","",NA,"","",NA,"","","https://powo.science.kew.org/taxon/urn:lsid:ipni.org:names:128358-2","","Y","Accepted","Inga affinis","Inga affinis","DC.","163239","species","https://powo.science.kew.org/taxon/urn:lsid:ipni.org:names:128358-2","","Fabaceae","1","1","wcvp","0",""
"256","Inga aggregata",1,"163240","Inga aggregata",1,"species","","",NA,"G.Don","Fabaceae","Inga","Inga",1,"aggregata","aggregata",1,"","",NA,"","",NA,"","",NA,"","","https://powo.science.kew.org/taxon/urn:lsid:ipni.org:names:128359-2","","Y","Synonym","Inga alba","Inga alba","(Sw.) Willd.","171460","species","https://powo.science.kew.org/taxon/urn:lsid:ipni.org:names:1129244-2","","Fabaceae","1","1","wcvp","0",""
"257","Inga altissima",1,"1489158","Inga altissima",1,"species","","",NA,"(Hook.f.) Roberty","Fabaceae","Inga","Inga",1,"altissima","altissima",1,"","",NA,"","",NA,"","",NA,"","","https://powo.science.kew.org/taxon/urn:lsid:ipni.org:names:500227-1","","Y","Illegitimate","Osodendron altissimum","Osodendron altissimum","(Hook.f.) E.J.M.Koenen","1491342","species","https://powo.science.kew.org/taxon/urn:lsid:ipni.org:names:77303837-1","","Fabaceae","1","2","wcvp","4","[HigherTaxa]"
"258","Inga brachystachya",1,"191037","Inga brachystachya",1,"species","","",NA,"DC.","Fabaceae","Inga","Inga",1,"brachystachya","brachystachya",1,"","",NA,"","",NA,"","",NA,"","","https://powo.science.kew.org/taxon/urn:lsid:ipni.org:names:319430-2","","Y","Synonym","Jupunba brachystachya","Jupunba brachystachya","(DC.) M.V.B.Soares, M.P.Morim & Iganci","1431296","species","https://powo.science.kew.org/taxon/urn:lsid:ipni.org:names:77218547-1","","Fabaceae","1","2","wcvp","4","[HigherTaxa]"
"259","Inga bracteosa",1,"163269","Inga bracteosa",1,"species","","",NA,"Benth.","Fabaceae","Inga","Inga",1,"bracteosa","bracteosa",1,"","",NA,"","",NA,"","",NA,"","","https://powo.science.kew.org/taxon/urn:lsid:ipni.org:names:128395-2","","Y","Synonym","Inga macrophylla","Inga macrophylla","Humb. & Bonpl. ex Willd.","163763","species","https://powo.science.kew.org/taxon/urn:lsid:ipni.org:names:128596-2","","Fabaceae","1","1","wcvp","0",""
"260","Inga brevipedicellata",1,"163272","Inga brevipedicellata",1,"species","","",NA,"Harms","Fabaceae","Inga","Inga",1,"brevipedicellata","brevipedicellata",1,"","",NA,"","",NA,"","",NA,"","","https://powo.science.kew.org/taxon/urn:lsid:ipni.org:names:128398-2","","Y","Synonym","Inga acrocephala","Inga acrocephala","Steud.","163237","species","https://powo.science.kew.org/taxon/urn:lsid:ipni.org:names:128354-2","","Fabaceae","1","1","wcvp","0",""
"261","Inga codonantha",1,"163293","Inga codonantha",1,"species","","",NA,"Pittier","Fabaceae","Inga","Inga",1,"codonantha","codonantha",1,"","",NA,"","",NA,"","",NA,"","","https://powo.science.kew.org/taxon/urn:lsid:ipni.org:names:128448-2","","Y","Synonym","Inga ornata","Inga ornata","Kunth","173644","species","https://powo.science.kew.org/taxon/urn:lsid:ipni.org:names:500662-1","","Fabaceae","1","1","wcvp","0",""
"262","Inga crassiflora",1,"163300","Inga crassiflora",1,"species","","",NA,"Ducke","Fabaceae","Inga","Inga",1,"crassiflora","crassiflora",1,"","",NA,"","",NA,"","",NA,"","","https://powo.science.kew.org/taxon/urn:lsid:ipni.org:names:288862-2","","Y","Accepted","Inga crassiflora","Inga crassiflora","Ducke","163300","species","https://powo.science.kew.org/taxon/urn:lsid:ipni.org:names:288862-2","","Fabaceae","1","1","wcvp","0",""
"263","Inga endlicheri",1,"163317","Inga endlicheri",1,"species","","",NA,"(Kuntze) J.F.Macbr.","Fabaceae","Inga","Inga",1,"endlicheri","endlicheri",1,"","",NA,"","",NA,"","",NA,"","","https://powo.science.kew.org/taxon/urn:lsid:ipni.org:names:128488-2","","Y","Synonym","Inga oerstediana","Inga oerstediana","Benth.","1038284","species","https://powo.science.kew.org/taxon/urn:lsid:ipni.org:names:128647-2","","Fabaceae","1","1","wcvp","0",""
"264","Inga feuillei",1,"189900","Inga feuillei",1,"species","","",NA,"DC.","Fabaceae","Inga","Inga",1,"feuillei","feuillei",1,"","",NA,"","",NA,"","",NA,"","","https://powo.science.kew.org/taxon/urn:lsid:ipni.org:names:128507-2","","Y","Accepted","Inga feuillei","Inga feuillei","DC.","189900","species","https://powo.science.kew.org/taxon/urn:lsid:ipni.org:names:128507-2","","Fabaceae","1","1","wcvp","0",""
"265","Inga hintonii",1,"163339","Inga hintonii",1,"species","","",NA,"Sandwith","Fabaceae","Inga","Inga",1,"hintonii","hintonii",1,"","",NA,"","",NA,"","",NA,"","","https://powo.science.kew.org/taxon/urn:lsid:ipni.org:names:128537-2","","Y","Synonym","Inga flexuosa","Inga flexuosa","Schltdl.","173648","species","https://powo.science.kew.org/taxon/urn:lsid:ipni.org:names:500443-1","","Fabaceae","1","1","wcvp","0",""
"266","Inga klugii",1,"163739","Inga klugii",1,"species","","",NA,"Standl. ex J.F.Macbr.","Fabaceae","Inga","Inga",1,"klugii","klugii",1,"","",NA,"","",NA,"","",NA,"","","https://powo.science.kew.org/taxon/urn:lsid:ipni.org:names:128562-2","","Y","Synonym","Inga coruscans","Inga coruscans","Humb. & Bonpl. ex Willd.","163299","species","https://powo.science.kew.org/taxon/urn:lsid:ipni.org:names:128458-2","","Fabaceae","1","1","wcvp","0",""
"267","Inga meissneriana",1,"163767","Inga meissneriana",1,"species","","",NA,"Miq.","Fabaceae","Inga","Inga",1,"meissneriana","meissneriana",1,"","",NA,"","",NA,"","",NA,"","","https://powo.science.kew.org/taxon/urn:lsid:ipni.org:names:128608-2","","Y","Accepted","Inga meissneriana","Inga meissneriana","Miq.","163767","species","https://powo.science.kew.org/taxon/urn:lsid:ipni.org:names:128608-2","","Fabaceae","1","1","wcvp","0",""
"268","Inga paterno",1,"163795","Inga paterno",1,"species","","",NA,"Harms","Fabaceae","Inga","Inga",1,"paterno","paterno",1,"","",NA,"","",NA,"","",NA,"","","https://powo.science.kew.org/taxon/urn:lsid:ipni.org:names:128665-2","","Y","Accepted","Inga paterno","Inga paterno","Harms","163795","species","https://powo.science.kew.org/taxon/urn:lsid:ipni.org:names:128665-2","","Fabaceae","1","1","wcvp","0",""
"269","Inga pavoniana",1,"205778","Inga pavoniana",1,"species","","",NA,"Benth.","Fabaceae","Inga","Inga",1,"pavoniana","pavoniana",1,"","",NA,"","",NA,"","",NA,"","","https://powo.science.kew.org/taxon/urn:lsid:ipni.org:names:128666-2","","Y","Illegitimate","Inga nobilis subsp. nobilis","Inga nobilis","","205780","subspecies","https://powo.science.kew.org/taxon/urn:lsid:ipni.org:names:77173038-1","","Fabaceae","1","2","wcvp","4","[HigherTaxa]"
"270","Inga quaternata",1,"163812","Inga quaternata",1,"species","","",NA,"Poepp.","Fabaceae","Inga","Inga",1,"quaternata","quaternata",1,"","",NA,"","",NA,"","",NA,"","","https://powo.science.kew.org/taxon/urn:lsid:ipni.org:names:128700-2","","Y","Synonym","Inga nobilis subsp. quaternata","Inga nobilis","(Poepp.) T.D.Penn.","205782","subspecies","https://powo.science.kew.org/taxon/urn:lsid:ipni.org:names:994650-1","","Fabaceae","1","1","wcvp","0",""
"271","Inga ricardorum",1,"172809","Inga ricardorum",1,"species","","",NA,"Bernardi & Spichiger","Fabaceae","Inga","Inga",1,"ricardorum","ricardorum",1,"","",NA,"","",NA,"","",NA,"","","https://powo.science.kew.org/taxon/urn:lsid:ipni.org:names:128710-2","","Y","Synonym","Inga chrysantha","Inga chrysantha","Ducke","163290","species","https://powo.science.kew.org/taxon/urn:lsid:ipni.org:names:128438-2","","Fabaceae","1","1","wcvp","0",""
"272","Inga schiedeana",1,"171476","Inga schiedeana",1,"species","","",NA,"Steud.","Fabaceae","Inga","Inga",1,"schiedeana","schiedeana",1,"","",NA,"","",NA,"","",NA,"","","https://powo.science.kew.org/taxon/urn:lsid:ipni.org:names:500794-1","","Y","Illegitimate","Inga flexuosa","Inga flexuosa","Schltdl.","173648","species","https://powo.science.kew.org/taxon/urn:lsid:ipni.org:names:500443-1","","Fabaceae","1","1","wcvp","0",""
"273","Inga semialata",1,"1040773","Inga semialata",1,"species","","",NA,"(Vell.) Mart.","Fabaceae","Inga","Inga",1,"semialata","semialata",1,"","",NA,"","",NA,"","",NA,"","","https://powo.science.kew.org/taxon/urn:lsid:ipni.org:names:500801-1","","Y","Synonym","Inga marginata","Inga marginata","Willd.","180980","species","https://powo.science.kew.org/taxon/urn:lsid:ipni.org:names:128599-2","","Fabaceae","1","1","wcvp","0",""
"274","Inga tenuipedunculata",1,"1043413","Inga tenuipedunculata",1,"species","","",NA,"J.León","Fabaceae","Inga","Inga",1,"tenuipedunculata","tenuipedunculata",1,"","",NA,"","",NA,"","",NA,"","","https://powo.science.kew.org/taxon/urn:lsid:ipni.org:names:128782-2","","Y","Synonym","Inga barbourii","Inga barbourii","Standl.","163256","species","https://powo.science.kew.org/taxon/urn:lsid:ipni.org:names:128380-2","","Fabaceae","1","1","wcvp","0",""
"275","Inga uraguensis",1,"163863","Inga uraguensis",1,"species","","",NA,"Hook. & Arn.","Fabaceae","Inga","Inga",1,"uraguensis","uraguensis",1,"","",NA,"","",NA,"","",NA,"","","https://powo.science.kew.org/taxon/urn:lsid:ipni.org:names:128804-2","","Y","Accepted","Inga uraguensis","Inga uraguensis","Hook. & Arn.","163863","species","https://powo.science.kew.org/taxon/urn:lsid:ipni.org:names:128804-2","","Fabaceae","1","1","wcvp","0",""
"276","Inga ursi",1,"163865","Inga ursi",1,"species","","",NA,"Pittier","Fabaceae","Inga","Inga",1,"ursi","ursi",1,"","",NA,"","",NA,"","",NA,"","","https://powo.science.kew.org/taxon/urn:lsid:ipni.org:names:128808-2","","Y","Accepted","Inga ursi","Inga ursi","Pittier","163865","species","https://powo.science.kew.org/taxon/urn:lsid:ipni.org:names:128808-2","","Fabaceae","1","1","wcvp","0",""
"277","Jacqueshuberia amplifoliola",1,"1038312","Jacqueshuberia amplifoliola",1,"species","","",NA,"R.S.Cowan","Fabaceae","Jacqueshuberia","Jacqueshuberia",1,"amplifoliola","amplifoliola",1,"","",NA,"","",NA,"","",NA,"","","https://powo.science.kew.org/taxon/urn:lsid:ipni.org:names:131202-2","","Y","Accepted","Jacqueshuberia amplifoliola","Jacqueshuberia amplifoliola","R.S.Cowan","1038312","species","https://powo.science.kew.org/taxon/urn:lsid:ipni.org:names:131202-2","","Fabaceae","1","1","wcvp","0",""
"278","Jacqueshuberia brevipes",1,"1048557","Jacqueshuberia brevipes",1,"species","","",NA,"Barneby","Fabaceae","Jacqueshuberia","Jacqueshuberia",1,"brevipes","brevipes",1,"","",NA,"","",NA,"","",NA,"","","https://powo.science.kew.org/taxon/urn:lsid:ipni.org:names:302318-2","","Y","Accepted","Jacqueshuberia brevipes","Jacqueshuberia brevipes","Barneby","1048557","species","https://powo.science.kew.org/taxon/urn:lsid:ipni.org:names:302318-2","","Fabaceae","1","1","wcvp","0",""
"279","Jacqueshuberia loretensis",1,"1047140","Jacqueshuberia loretensis",1,"species","","",NA,"R.S.Cowan","Fabaceae","Jacqueshuberia","Jacqueshuberia",1,"loretensis","loretensis",1,"","",NA,"","",NA,"","",NA,"","","https://powo.science.kew.org/taxon/urn:lsid:ipni.org:names:278991-2","","Y","Accepted","Jacqueshuberia loretensis","Jacqueshuberia loretensis","R.S.Cowan","1047140","species","https://powo.science.kew.org/taxon/urn:lsid:ipni.org:names:278991-2","","Fabaceae","1","1","wcvp","0",""
"280","Lemurodendron capuronii",1,"190038","Lemurodendron capuronii",1,"species","","",NA,"Villiers & P.Guinet","Fabaceae","Lemurodendron","Lemurodendron",1,"capuronii","capuronii",1,"","",NA,"","",NA,"","",NA,"","","https://powo.science.kew.org/taxon/urn:lsid:ipni.org:names:937614-1","","Y","Accepted","Lemurodendron capuronii","Lemurodendron capuronii","Villiers & P.Guinet","190038","species","https://powo.science.kew.org/taxon/urn:lsid:ipni.org:names:937614-1","","Fabaceae","1","1","wcvp","0",""
"281","Leucaena collinsii",1,"162518","Leucaena collinsii",1,"species","","",NA,"Britton & Rose","Fabaceae","Leucaena","Leucaena",1,"collinsii","collinsii",1,"","",NA,"","",NA,"","",NA,"","","https://powo.science.kew.org/taxon/urn:lsid:ipni.org:names:138941-2","","Y","Accepted","Leucaena collinsii","Leucaena collinsii","Britton & Rose","162518","species","https://powo.science.kew.org/taxon/urn:lsid:ipni.org:names:138941-2","","Fabaceae","1","1","wcvp","0",""
"282","Leucaena cuspidata",1,"189496","Leucaena cuspidata",1,"species","","",NA,"Standl.","Fabaceae","Leucaena","Leucaena",1,"cuspidata","cuspidata",1,"","",NA,"","",NA,"","",NA,"","","https://powo.science.kew.org/taxon/urn:lsid:ipni.org:names:138945-2","","Y","Accepted","Leucaena cuspidata","Leucaena cuspidata","Standl.","189496","species","https://powo.science.kew.org/taxon/urn:lsid:ipni.org:names:138945-2","","Fabaceae","1","1","wcvp","0",""
"283","Leucaena diversifolia",1,"171513","Leucaena diversifolia",1,"species","","",NA,"(Schltdl.) Benth.","Fabaceae","Leucaena","Leucaena",1,"diversifolia","diversifolia",1,"","",NA,"","",NA,"","",NA,"","","https://powo.science.kew.org/taxon/urn:lsid:ipni.org:names:502714-1","","Y","Accepted","Leucaena diversifolia","Leucaena diversifolia","(Schltdl.) Benth.","171513","species","https://powo.science.kew.org/taxon/urn:lsid:ipni.org:names:502714-1","","Fabaceae","1","1","wcvp","0",""
"284","Leucaena esculenta",1,"161799","Leucaena esculenta",1,"species","","",NA,"(Moc. & Sessé ex DC.) Benth.","Fabaceae","Leucaena","Leucaena",1,"esculenta","esculenta",1,"","",NA,"","",NA,"","",NA,"","","https://powo.science.kew.org/taxon/urn:lsid:ipni.org:names:502717-1","","Y","Accepted","Leucaena esculenta","Leucaena esculenta","(Moc. & Sessé ex DC.) Benth.","161799","species","https://powo.science.kew.org/taxon/urn:lsid:ipni.org:names:502717-1","","Fabaceae","1","1","wcvp","0",""
"285","Leucaena lanceolata",1,"162519","Leucaena lanceolata",1,"species","","",NA,"S.Watson","Fabaceae","Leucaena","Leucaena",1,"lanceolata","lanceolata",1,"","",NA,"","",NA,"","",NA,"","","https://powo.science.kew.org/taxon/urn:lsid:ipni.org:names:138952-2","","Y","Accepted","Leucaena lanceolata","Leucaena lanceolata","S.Watson","162519","species","https://powo.science.kew.org/taxon/urn:lsid:ipni.org:names:138952-2","","Fabaceae","1","1","wcvp","0",""
"286","Leucaena mixtec",1,"357839","Leucaena mixtec",1,"species","","",NA,"C.E.Hughes & S.A.Harris","Fabaceae","Leucaena","Leucaena",1,"mixtec","mixtec",1,"","",NA,"","",NA,"","",NA,"","","https://powo.science.kew.org/taxon/urn:lsid:ipni.org:names:1005847-1","","Y","Accepted","Leucaena x mixtec","Leucaena x mixtec","C.E.Hughes & S.A.Harris","357839","species","https://powo.science.kew.org/taxon/urn:lsid:ipni.org:names:1005847-1","","Fabaceae","1","1","wcvp","0",""
"287","Leucaena pueblana",1,"189500","Leucaena pueblana",1,"species","","",NA,"Britton & Rose","Fabaceae","Leucaena","Leucaena",1,"pueblana","pueblana",1,"","",NA,"","",NA,"","",NA,"","","https://powo.science.kew.org/taxon/urn:lsid:ipni.org:names:138968-2","","Y","Accepted","Leucaena pueblana","Leucaena pueblana","Britton & Rose","189500","species","https://powo.science.kew.org/taxon/urn:lsid:ipni.org:names:138968-2","","Fabaceae","1","1","wcvp","0",""
"288","Leucaena pulverulenta",1,"162347","Leucaena pulverulenta",1,"species","","",NA,"(Schltdl.) Benth.","Fabaceae","Leucaena","Leucaena",1,"pulverulenta","pulverulenta",1,"","",NA,"","",NA,"","",NA,"","","https://powo.science.kew.org/taxon/urn:lsid:ipni.org:names:502744-1","","Y","Accepted","Leucaena pulverulenta","Leucaena pulverulenta","(Schltdl.) Benth.","162347","species","https://powo.science.kew.org/taxon/urn:lsid:ipni.org:names:502744-1","","Fabaceae","1","1","wcvp","0",""
"289","Leucaena retusa",1,"190102","Leucaena retusa",1,"species","","",NA,"Benth.","Fabaceae","Leucaena","Leucaena",1,"retusa","retusa",1,"","",NA,"","",NA,"","",NA,"","","https://powo.science.kew.org/taxon/urn:lsid:ipni.org:names:138971-2","","Y","Accepted","Leucaena retusa","Leucaena retusa","Benth.","190102","species","https://powo.science.kew.org/taxon/urn:lsid:ipni.org:names:138971-2","","Fabaceae","1","1","wcvp","0",""
"290","Leucaena trichodes",1,"171515","Leucaena trichodes",1,"species","","",NA,"(Jacq.) Benth.","Fabaceae","Leucaena","Leucaena",1,"trichodes","trichodes",1,"","",NA,"","",NA,"","",NA,"","","https://powo.science.kew.org/taxon/urn:lsid:ipni.org:names:502757-1","","Y","Accepted","Leucaena trichodes","Leucaena trichodes","(Jacq.) Benth.","171515","species","https://powo.science.kew.org/taxon/urn:lsid:ipni.org:names:502757-1","","Fabaceae","1","1","wcvp","0",""
"291","Lysiloma acapulcense",1,"172477","Lysiloma acapulcense",1,"species","","",NA,"(Kunth) Benth.","Fabaceae","Lysiloma","Lysiloma",1,"acapulcense","acapulcense",1,"","",NA,"","",NA,"","",NA,"","","https://powo.science.kew.org/taxon/urn:lsid:ipni.org:names:505291-1","","Y","Accepted","Lysiloma acapulcense","Lysiloma acapulcense","(Kunth) Benth.","172477","species","https://powo.science.kew.org/taxon/urn:lsid:ipni.org:names:505291-1","","Fabaceae","1","1","wcvp","0",""
"292","Lysiloma candida",0.94341268848788,"167199","Lysiloma candidum",0.94341268848788,"species","","",NA,"Brandegee","Fabaceae","Lysiloma","Lysiloma",1,"candida","candidum",0.75,"","",NA,"","",NA,"","",NA,"","","https://powo.science.kew.org/taxon/urn:lsid:ipni.org:names:148087-2","","","Accepted","Lysiloma candidum","Lysiloma candidum","Brandegee","167199","species","https://powo.science.kew.org/taxon/urn:lsid:ipni.org:names:148087-2","","Fabaceae","1","1","wcvp","0",""
"293","Lysiloma divaricatum",1,"181023","Lysiloma divaricatum",1,"species","","",NA,"(Jacq.) J.F.Macbr.","Fabaceae","Lysiloma","Lysiloma",1,"divaricatum","divaricatum",1,"","",NA,"","",NA,"","",NA,"","","https://powo.science.kew.org/taxon/urn:lsid:ipni.org:names:505306-1","","Y","Accepted","Lysiloma divaricatum","Lysiloma divaricatum","(Jacq.) J.F.Macbr.","181023","species","https://powo.science.kew.org/taxon/urn:lsid:ipni.org:names:505306-1","","Fabaceae","1","1","wcvp","0",""
"294","Lysiloma microphylla",0.9694502693699,"172479","Lysiloma microphyllum",0.9694502693699,"species","","",NA,"Benth.","Fabaceae","Lysiloma","Lysiloma",1,"microphylla","microphyllum",0.83333333333333,"","",NA,"","",NA,"","",NA,"","","https://powo.science.kew.org/taxon/urn:lsid:ipni.org:names:505314-1","","","Synonym","Lysiloma divaricatum","Lysiloma divaricatum","(Jacq.) J.F.Macbr.","181023","species","https://powo.science.kew.org/taxon/urn:lsid:ipni.org:names:505306-1","","Fabaceae","1","1","wcvp","0",""
"295","Lysiloma tergemina",0.96021221090168,"172480","Lysiloma tergeminum",0.96021221090168,"species","","",NA,"Benth.","Fabaceae","Lysiloma","Lysiloma",1,"tergemina","tergeminum",0.8,"","",NA,"","",NA,"","",NA,"","","https://powo.science.kew.org/taxon/urn:lsid:ipni.org:names:505330-1","","","Accepted","Lysiloma tergeminum","Lysiloma tergeminum","Benth.","172480","species","https://powo.science.kew.org/taxon/urn:lsid:ipni.org:names:505330-1","","Fabaceae","1","1","wcvp","0",""
"296","Lysiloma watsonii",1,"167201","Lysiloma watsonii",1,"species","","",NA,"Rose","Fabaceae","Lysiloma","Lysiloma",1,"watsonii","watsonii",1,"","",NA,"","",NA,"","",NA,"","","https://powo.science.kew.org/taxon/urn:lsid:ipni.org:names:148110-2","","Y","Accepted","Lysiloma watsonii","Lysiloma watsonii","Rose","167201","species","https://powo.science.kew.org/taxon/urn:lsid:ipni.org:names:148110-2","","Fabaceae","1","1","wcvp","0",""
"297","Mimosa acerba",1,"172250","Mimosa acerba",1,"species","","",NA,"Benth.","Fabaceae","Mimosa","Mimosa",1,"acerba","acerba",1,"","",NA,"","",NA,"","",NA,"","","https://powo.science.kew.org/taxon/urn:lsid:ipni.org:names:313210-2","","Y","Synonym","Mimosa dolens subsp. acerba","Mimosa dolens","(Benth.) Barneby","1369723","subspecies","https://powo.science.kew.org/taxon/urn:lsid:ipni.org:names:967316-1","","Fabaceae","1","1","wcvp","0",""
"298","Mimosa antioquensis",1,"166679","Mimosa antioquensis",1,"species","","",NA,"Killip ex Rudd","Fabaceae","Mimosa","Mimosa",1,"antioquensis","antioquensis",1,"","",NA,"","",NA,"","",NA,"","","https://powo.science.kew.org/taxon/urn:lsid:ipni.org:names:507647-1","","Y","Accepted","Mimosa antioquensis","Mimosa antioquensis","Killip ex Rudd","166679","species","https://powo.science.kew.org/taxon/urn:lsid:ipni.org:names:507647-1","","Fabaceae","1","1","wcvp","0",""
"299","Mimosa benthamii",1,"167560","Mimosa benthamii",1,"species","","",NA,"J.F.Macbr.","Fabaceae","Mimosa","Mimosa",1,"benthamii","benthamii",1,"","",NA,"","",NA,"","",NA,"","","https://powo.science.kew.org/taxon/urn:lsid:ipni.org:names:161528-2","","Y","Accepted","Mimosa benthamii","Mimosa benthamii","J.F.Macbr.","167560","species","https://powo.science.kew.org/taxon/urn:lsid:ipni.org:names:161528-2","","Fabaceae","1","1","wcvp","0",""
"300","Mimosa brandegeei",1,"167564","Mimosa brandegeei",1,"species","","",NA,"B.L.Rob.","Fabaceae","Mimosa","Mimosa",1,"brandegeei","brandegeei",1,"","",NA,"","",NA,"","",NA,"","","https://powo.science.kew.org/taxon/urn:lsid:ipni.org:names:289778-2","","Y","Synonym","Mimosa distachya var. distachya","Mimosa distachya","","1375603","variety","https://powo.science.kew.org/taxon/urn:lsid:ipni.org:names:77190477-1","","Fabaceae","1","1","wcvp","0",""
"301","Mimosa brevispicata",1,"1040202","Mimosa brevispicata",1,"species","","",NA,"Britton","Fabaceae","Mimosa","Mimosa",1,"brevispicata","brevispicata",1,"","",NA,"","",NA,"","",NA,"","","https://powo.science.kew.org/taxon/urn:lsid:ipni.org:names:161550-2","","Y","Accepted","Mimosa brevispicata","Mimosa brevispicata","Britton","1040202","species","https://powo.science.kew.org/taxon/urn:lsid:ipni.org:names:161550-2","","Fabaceae","1","1","wcvp","0",""
"302","Mimosa chaetocarpa",1,"167582","Mimosa chaetocarpa",1,"species","","",NA,"Brandegee","Fabaceae","Mimosa","Mimosa",1,"chaetocarpa","chaetocarpa",1,"","",NA,"","",NA,"","",NA,"","","https://powo.science.kew.org/taxon/urn:lsid:ipni.org:names:161580-2","","Y","Synonym","Mimosa tricephala var. tricephala","Mimosa tricephala","","1375606","variety","https://powo.science.kew.org/taxon/urn:lsid:ipni.org:names:77190594-1","","Fabaceae","1","1","wcvp","0",""
"303","Mimosa eurycarpa",1,"1040220","Mimosa eurycarpa",1,"species","","",NA,"B.L.Rob.","Fabaceae","Mimosa","Mimosa",1,"eurycarpa","eurycarpa",1,"","",NA,"","",NA,"","",NA,"","","https://powo.science.kew.org/taxon/urn:lsid:ipni.org:names:161648-2","","Y","Synonym","Mimosa acantholoba var. eurycarpa","Mimosa acantholoba","(B.L.Rob.) Barneby","1232346","variety","https://powo.science.kew.org/taxon/urn:lsid:ipni.org:names:967249-1","","Fabaceae","1","2","wcvp","4","[HigherTaxa]"
"304","Mimosa glaucescens",1,"1042455","Mimosa glaucescens",1,"species","","",NA,"Benth.","Fabaceae","Mimosa","Mimosa",1,"glaucescens","glaucescens",1,"","",NA,"","",NA,"","",NA,"","","https://powo.science.kew.org/taxon/urn:lsid:ipni.org:names:508053-1","","Y","Illegitimate","Mimosa debilis var. debilis","Mimosa debilis","","1049014","variety","https://powo.science.kew.org/taxon/urn:lsid:ipni.org:names:77190448-1","","Fabaceae","1","1","wcvp","2","[Ambiguous]"
"305","Mimosa hystricina",1,"1245094","Mimosa hystricina",1,"species","","",NA,"(Small ex Britton & Rose) B.L.Turner","Fabaceae","Mimosa","Mimosa",1,"hystricina","hystricina",1,"","",NA,"","",NA,"","",NA,"","","https://powo.science.kew.org/taxon/urn:lsid:ipni.org:names:979522-1","","Y","Accepted","Mimosa hystricina","Mimosa hystricina","(Small ex Britton & Rose) B.L.Turner","1245094","species","https://powo.science.kew.org/taxon/urn:lsid:ipni.org:names:979522-1","","Fabaceae","1","1","wcvp","0",""
"306","Mimosa ionema",1,"1040239","Mimosa ionema",1,"species","","",NA,"B.L.Rob.","Fabaceae","Mimosa","Mimosa",1,"ionema","ionema",1,"","",NA,"","",NA,"","",NA,"","","https://powo.science.kew.org/taxon/urn:lsid:ipni.org:names:161742-2","","Y","Synonym","Mimosa polyantha","Mimosa polyantha","Benth.","176458","species","https://powo.science.kew.org/taxon/urn:lsid:ipni.org:names:508515-1","","Fabaceae","1","1","wcvp","0",""
"307","Mimosa lasiocarpa",1,"172357","Mimosa lasiocarpa",1,"species","","",NA,"Benth.","Fabaceae","Mimosa","Mimosa",1,"lasiocarpa","lasiocarpa",1,"","",NA,"","",NA,"","",NA,"","","https://powo.science.kew.org/taxon/urn:lsid:ipni.org:names:313012-2","","Y","Synonym","Mimosa somnians var. lasiocarpa","Mimosa somnians","(Benth.) Barneby","1288486","variety","https://powo.science.kew.org/taxon/urn:lsid:ipni.org:names:967294-1","","Fabaceae","1","1","wcvp","0",""
"308","Mimosa latidens",1,"1245095","Mimosa latidens",1,"species","","",NA,"(Small) B.L.Turner","Fabaceae","Mimosa","Mimosa",1,"latidens","latidens",1,"","",NA,"","",NA,"","",NA,"","","https://powo.science.kew.org/taxon/urn:lsid:ipni.org:names:1162343-2","","Y","Accepted","Mimosa latidens","Mimosa latidens","(Small) B.L.Turner","1245095","species","https://powo.science.kew.org/taxon/urn:lsid:ipni.org:names:1162343-2","","Fabaceae","1","1","wcvp","0",""
"309","Mimosa laxiflora",1,"172360","Mimosa laxiflora",1,"species","","",NA,"Benth.","Fabaceae","Mimosa","Mimosa",1,"laxiflora","laxiflora",1,"","",NA,"","",NA,"","",NA,"","","https://powo.science.kew.org/taxon/urn:lsid:ipni.org:names:312699-2","","Y","Synonym","Mimosa distachya var. laxiflora","Mimosa distachya","(Benth.) Barneby","205301","variety","https://powo.science.kew.org/taxon/urn:lsid:ipni.org:names:967244-1","","Fabaceae","1","1","wcvp","0",""
"310","Mimosa malacocarpa",1,"167663","Mimosa malacocarpa",1,"species","","",NA,"(B.L.Rob.) Britton & Rose","Fabaceae","Mimosa","Mimosa",1,"malacocarpa","malacocarpa",1,"","",NA,"","",NA,"","",NA,"","","https://powo.science.kew.org/taxon/urn:lsid:ipni.org:names:161792-2","","Y","Synonym","Mimosa rhododactyla var. malacocarpa","Mimosa rhododactyla","(B.L.Rob.) Barneby","1369762","variety","https://powo.science.kew.org/taxon/urn:lsid:ipni.org:names:967243-1","","Fabaceae","1","1","wcvp","0",""
"311","Mimosa martindelcampoi",1,"1789873","Mimosa martin-delcampoi",1,"species","","",NA,"Medrano","Fabaceae","Mimosa","Mimosa",1,"martindelcampoi","martin-delcampoi",1,"","",NA,"","",NA,"","",NA,"","","https://powo.science.kew.org/taxon/urn:lsid:ipni.org:names:161803-2","","Y","Accepted","Mimosa martin-delcampoi","Mimosa martin-delcampoi","Medrano","1789873","species","https://powo.science.kew.org/taxon/urn:lsid:ipni.org:names:161803-2","","Fabaceae","1","1","wcvp","0",""
"312","Mimosa maxonii",1,"167665","Mimosa maxonii",1,"species","","",NA,"Standl.","Fabaceae","Mimosa","Mimosa",1,"maxonii","maxonii",1,"","",NA,"","",NA,"","",NA,"","","https://powo.science.kew.org/taxon/urn:lsid:ipni.org:names:161804-2","","Y","Synonym","Mimosa velloziana","Mimosa velloziana","Mart.","172467","species","https://powo.science.kew.org/taxon/urn:lsid:ipni.org:names:30012686-2","","Fabaceae","1","1","wcvp","0",""
"313","Mimosa mellii",1,"167667","Mimosa mellii",1,"species","","",NA,"Britton & Rose","Fabaceae","Mimosa","Mimosa",1,"mellii","mellii",1,"","",NA,"","",NA,"","",NA,"","","https://powo.science.kew.org/taxon/urn:lsid:ipni.org:names:161807-2","","Y","Accepted","Mimosa mellii","Mimosa mellii","Britton & Rose","167667","species","https://powo.science.kew.org/taxon/urn:lsid:ipni.org:names:161807-2","","Fabaceae","1","1","wcvp","0",""
"314","Mimosa meticulosa",1,"172377","Mimosa meticulosa",1,"species","","",NA,"Mart.","Fabaceae","Mimosa","Mimosa",1,"meticulosa","meticulosa",1,"","",NA,"","",NA,"","",NA,"","","https://powo.science.kew.org/taxon/urn:lsid:ipni.org:names:508314-1","","Y","Synonym","Mimosa dolens var. anisitsii","Mimosa dolens","Lindm.","174765","variety","https://powo.science.kew.org/taxon/urn:lsid:ipni.org:names:161628-2","","Fabaceae","1","1","wcvp","0",""
"315","Mimosa micheliana",1,"1040246","Mimosa micheliana",1,"species","","",NA,"B.L.Rob.","Fabaceae","Mimosa","Mimosa",1,"micheliana","micheliana",1,"","",NA,"","",NA,"","",NA,"","","https://powo.science.kew.org/taxon/urn:lsid:ipni.org:names:161824-2","","Y","Synonym","Mimosa caerulea","Mimosa caerulea","Rose","167569","species","https://powo.science.kew.org/taxon/urn:lsid:ipni.org:names:161553-2","","Fabaceae","1","1","wcvp","0",""
"316","Mimosa myriadena",0.98428510306992,"1587642","Mimosa myriadenia",0.98428510306992,"species","","",NA,"(Benth.) Benth.","Fabaceae","Mimosa","Mimosa",1,"myriadena","myriadenia",0.9,"","",NA,"","",NA,"","",NA,"","","https://powo.science.kew.org/taxon/urn:lsid:ipni.org:names:508366-1","","Y","Accepted","Mimosa myriadenia","Mimosa myriadenia","(Benth.) Benth.","1587642","species","https://powo.science.kew.org/taxon/urn:lsid:ipni.org:names:508366-1","","Fabaceae","1","1","wcvp","0",""
"317","Mimosa nelsonii",1,"1040252","Mimosa nelsonii",1,"species","","",NA,"B.L.Rob.","Fabaceae","Mimosa","Mimosa",1,"nelsonii","nelsonii",1,"","",NA,"","",NA,"","",NA,"","","https://powo.science.kew.org/taxon/urn:lsid:ipni.org:names:161843-2","","Y","Synonym","Mimosa tricephala var. nelsonii","Mimosa tricephala","(B.L.Rob.) Chehaibar & R.Grether","1236601","variety","https://powo.science.kew.org/taxon/urn:lsid:ipni.org:names:1160161-2","","Fabaceae","1","1","wcvp","0",""
"318","Mimosa neptunioides",1,"1040253","Mimosa neptunioides",1,"species","","",NA,"Harms","Fabaceae","Mimosa","Mimosa",1,"neptunioides","neptunioides",1,"","",NA,"","",NA,"","",NA,"","","https://powo.science.kew.org/taxon/urn:lsid:ipni.org:names:161844-2","","Y","Accepted","Mimosa neptunioides","Mimosa neptunioides","Harms","1040253","species","https://powo.science.kew.org/taxon/urn:lsid:ipni.org:names:161844-2","","Fabaceae","1","1","wcvp","0",""
"319","Mimosa nuttallii",1,"1655583","Mimosa nuttallii",1,"species","","",NA,"(Raspail) B.L.Turner","Fabaceae","Mimosa","Mimosa",1,"nuttallii","nuttallii",1,"","",NA,"","",NA,"","",NA,"","","https://powo.science.kew.org/taxon/urn:lsid:ipni.org:names:979524-1","","Y","Synonym","Mimosa quadrivalvis var. nuttallii","Mimosa quadrivalvis","(Raspail) Beard ex Barneby","1657066","variety","https://powo.science.kew.org/taxon/urn:lsid:ipni.org:names:967268-1","","Fabaceae","1","1","wcvp","0",""
"320","Mimosa obovata",1,"199762","Mimosa obovata",1,"species","","",NA,"Roxb.","Fabaceae","Mimosa","Mimosa",1,"obovata","obovata",1,"","",NA,"","",NA,"","",NA,"","","https://powo.science.kew.org/taxon/urn:lsid:ipni.org:names:508404-1","","Y","Synonym","Senegalia modesta","Senegalia modesta","(Wall.) P.J.H.Hurter","1267563","species","https://powo.science.kew.org/taxon/urn:lsid:ipni.org:names:77089269-1","","Fabaceae","1","2","wcvp","4","[HigherTaxa]"
"321","Mimosa oligacantha",1,"172400","Mimosa oligacantha",1,"species","","",NA,"DC.","Fabaceae","Mimosa","Mimosa",1,"oligacantha","oligacantha",1,"","",NA,"","",NA,"","",NA,"","","https://powo.science.kew.org/taxon/urn:lsid:ipni.org:names:312700-2","","Y","Synonym","Mimosa distachya var. oligacantha","Mimosa distachya","(DC.) Barneby","1369720","variety","https://powo.science.kew.org/taxon/urn:lsid:ipni.org:names:967245-1","","Fabaceae","1","1","wcvp","0",""
"322","Mimosa paludosa",1,"172406","Mimosa paludosa",1,"species","","",NA,"Benth.","Fabaceae","Mimosa","Mimosa",1,"paludosa","paludosa",1,"","",NA,"","",NA,"","",NA,"","","https://powo.science.kew.org/taxon/urn:lsid:ipni.org:names:312892-2","","Y","Accepted","Mimosa paludosa","Mimosa paludosa","Benth.","172406","species","https://powo.science.kew.org/taxon/urn:lsid:ipni.org:names:312892-2","","Fabaceae","1","1","wcvp","0",""
"323","Mimosa paucijuga",1,"1245097","Mimosa paucijuga",1,"species","","",NA,"(Britton & Rose) B.L.Turner","Fabaceae","Mimosa","Mimosa",1,"paucijuga","paucijuga",1,"","",NA,"","",NA,"","",NA,"","","https://powo.science.kew.org/taxon/urn:lsid:ipni.org:names:979525-1","","Y","Synonym","Mimosa quadrivalvis var. paucijuga","Mimosa quadrivalvis","(Britton & Rose) Beard ex Barneby","1212012","variety","https://powo.science.kew.org/taxon/urn:lsid:ipni.org:names:1157156-2","","Fabaceae","1","1","wcvp","0",""
"324","Mimosa pauli",1,"371917","Mimosa pauli",1,"species","","",NA,"Barneby","Fabaceae","Mimosa","Mimosa",1,"pauli","pauli",1,"","",NA,"","",NA,"","",NA,"","","https://powo.science.kew.org/taxon/urn:lsid:ipni.org:names:312698-2","","Y","Accepted","Mimosa pauli","Mimosa pauli","Barneby","371917","species","https://powo.science.kew.org/taxon/urn:lsid:ipni.org:names:312698-2","","Fabaceae","1","1","wcvp","0",""
"325","Mimosa platycarpa",1,"167697","Mimosa platycarpa",1,"species","","",NA,"Benth.","Fabaceae","Mimosa","Mimosa",1,"platycarpa","platycarpa",1,"","",NA,"","",NA,"","",NA,"","","https://powo.science.kew.org/taxon/urn:lsid:ipni.org:names:161895-2","","Y","Accepted","Mimosa platycarpa","Mimosa platycarpa","Benth.","167697","species","https://powo.science.kew.org/taxon/urn:lsid:ipni.org:names:161895-2","","Fabaceae","1","1","wcvp","0",""
"326","Mimosa potosina",1,"1245098","Mimosa potosina",1,"species","","",NA,"(Britton & Rose) B.L.Turner","Fabaceae","Mimosa","Mimosa",1,"potosina","potosina",1,"","",NA,"","",NA,"","",NA,"","","https://powo.science.kew.org/taxon/urn:lsid:ipni.org:names:979526-1","","Y","Synonym","Mimosa latidens","Mimosa latidens","(Small) B.L.Turner","1245095","species","https://powo.science.kew.org/taxon/urn:lsid:ipni.org:names:1162343-2","","Fabaceae","1","1","wcvp","0",""
"327","Mimosa purpurascens",1,"1040268","Mimosa purpurascens",1,"species","","",NA,"B.L.Rob.","Fabaceae","Mimosa","Mimosa",1,"purpurascens","purpurascens",1,"","",NA,"","",NA,"","",NA,"","","https://powo.science.kew.org/taxon/urn:lsid:ipni.org:names:161926-2","","Y","Synonym","Mimosa distachya var. distachya","Mimosa distachya","","1375603","variety","https://powo.science.kew.org/taxon/urn:lsid:ipni.org:names:77190477-1","","Fabaceae","1","1","wcvp","0",""
"328","Mimosa rhodocarpa",1,"177258","Mimosa rhodocarpa",1,"species","","",NA,"(Britton & Rose) R.Grether","Fabaceae","Mimosa","Mimosa",1,"rhodocarpa","rhodocarpa",1,"","",NA,"","",NA,"","",NA,"","","https://powo.science.kew.org/taxon/urn:lsid:ipni.org:names:280950-2","","Y","Accepted","Mimosa rhodocarpa","Mimosa rhodocarpa","(Britton & Rose) R.Grether","177258","species","https://powo.science.kew.org/taxon/urn:lsid:ipni.org:names:280950-2","","Fabaceae","1","1","wcvp","0",""
"329","Mimosa similis",1,"167728","Mimosa similis",1,"species","","",NA,"Britton & Rose","Fabaceae","Mimosa","Mimosa",1,"similis","similis",1,"","",NA,"","",NA,"","",NA,"","","https://powo.science.kew.org/taxon/urn:lsid:ipni.org:names:161984-2","","Y","Accepted","Mimosa similis","Mimosa similis","Britton & Rose","167728","species","https://powo.science.kew.org/taxon/urn:lsid:ipni.org:names:161984-2","","Fabaceae","1","1","wcvp","0",""
"330","Mimosa warnockii",1,"167750","Mimosa warnockii",1,"species","","",NA,"B.L.Turner","Fabaceae","Mimosa","Mimosa",1,"warnockii","warnockii",1,"","",NA,"","",NA,"","",NA,"","","https://powo.science.kew.org/taxon/urn:lsid:ipni.org:names:290870-2","","Y","Synonym","Mimosa biuncifera","Mimosa biuncifera","Benth.","170287","species","https://powo.science.kew.org/taxon/urn:lsid:ipni.org:names:161536-2","","Fabaceae","1","1","wcvp","0",""
"331","Mimosa wherryana",1,"167754","Mimosa wherryana",1,"species","","",NA,"(Britton) Standl.","Fabaceae","Mimosa","Mimosa",1,"wherryana","wherryana",1,"","",NA,"","",NA,"","",NA,"","","https://powo.science.kew.org/taxon/urn:lsid:ipni.org:names:162066-2","","Y","Synonym","Mimosa texana var. texana","Mimosa texana","","1375605","variety","https://powo.science.kew.org/taxon/urn:lsid:ipni.org:names:77190596-1","","Fabaceae","1","1","wcvp","0",""
"332","Mimosa zacapana",1,"167761","Mimosa zacapana",1,"species","","",NA,"Standl. & Steyerm.","Fabaceae","Mimosa","Mimosa",1,"zacapana","zacapana",1,"","",NA,"","",NA,"","",NA,"","","https://powo.science.kew.org/taxon/urn:lsid:ipni.org:names:162075-2","","Y","Synonym","Mimosa tricephala var. xanti","Mimosa tricephala","(A.Gray) Chehaibar & R.Grether","1369770","variety","https://powo.science.kew.org/taxon/urn:lsid:ipni.org:names:1128979-2","","Fabaceae","1","1","wcvp","0",""
"333","Neptunia lutea",1,"171951","Neptunia lutea",1,"species","","",NA,"(Leavenw.) Benth.","Fabaceae","Neptunia","Neptunia",1,"lutea","lutea",1,"","",NA,"","",NA,"","",NA,"","","https://powo.science.kew.org/taxon/urn:lsid:ipni.org:names:30121724-2","","Y","Accepted","Neptunia lutea","Neptunia lutea","(Leavenw.) Benth.","171951","species","https://powo.science.kew.org/taxon/urn:lsid:ipni.org:names:30121724-2","","Fabaceae","1","1","wcvp","0",""
"334","Neptunia natans",1,"1266176","Neptunia natans",1,"species","","",NA,"W.Theob.","Fabaceae","Neptunia","Neptunia",1,"natans","natans",1,"","",NA,"","",NA,"","",NA,"","","https://powo.science.kew.org/taxon/urn:lsid:ipni.org:names:941643-1","","Y","Synonym","Neptunia oleracea","Neptunia oleracea","Lour.","163902","species","https://powo.science.kew.org/taxon/urn:lsid:ipni.org:names:509607-1","","Fabaceae","1","2","wcvp","4","[HigherTaxa]"
"335","Neptunia oleracea",1,"163902","Neptunia oleracea",1,"species","","",NA,"Lour.","Fabaceae","Neptunia","Neptunia",1,"oleracea","oleracea",1,"","",NA,"","",NA,"","",NA,"","","https://powo.science.kew.org/taxon/urn:lsid:ipni.org:names:509607-1","","Y","Accepted","Neptunia oleracea","Neptunia oleracea","Lour.","163902","species","https://powo.science.kew.org/taxon/urn:lsid:ipni.org:names:509607-1","","Fabaceae","1","1","wcvp","0",""
"336","Neptunia plena",1,"171952","Neptunia plena",1,"species","","",NA,"(L.) Benth.","Fabaceae","Neptunia","Neptunia",1,"plena","plena",1,"","",NA,"","",NA,"","",NA,"","","https://powo.science.kew.org/taxon/urn:lsid:ipni.org:names:1056199-2","","Y","Accepted","Neptunia plena","Neptunia plena","(L.) Benth.","171952","species","https://powo.science.kew.org/taxon/urn:lsid:ipni.org:names:1056199-2","","Fabaceae","1","1","wcvp","0",""
"337","Neptunia pubescens",1,"180996","Neptunia pubescens",1,"species","","",NA,"Benth.","Fabaceae","Neptunia","Neptunia",1,"pubescens","pubescens",1,"","",NA,"","",NA,"","",NA,"","","https://powo.science.kew.org/taxon/urn:lsid:ipni.org:names:30003916-2","","Y","Accepted","Neptunia pubescens","Neptunia pubescens","Benth.","180996","species","https://powo.science.kew.org/taxon/urn:lsid:ipni.org:names:30003916-2","","Fabaceae","1","1","wcvp","0",""
"338","Newtonia buchananii",1,"164633","Newtonia buchananii",1,"species","","",NA,"(Baker) G.C.C.Gilbert & Boutique","Fabaceae","Newtonia","Newtonia",1,"buchananii","buchananii",1,"","",NA,"","",NA,"","",NA,"","","https://powo.science.kew.org/taxon/urn:lsid:ipni.org:names:509665-1","","Y","Accepted","Newtonia buchananii","Newtonia buchananii","(Baker) G.C.C.Gilbert & Boutique","164633","species","https://powo.science.kew.org/taxon/urn:lsid:ipni.org:names:509665-1","","Fabaceae","1","1","wcvp","0",""
"339","Newtonia hildebrandtii",1,"165847","Newtonia hildebrandtii",1,"species","","",NA,"(Vatke) Torre","Fabaceae","Newtonia","Newtonia",1,"hildebrandtii","hildebrandtii",1,"","",NA,"","",NA,"","",NA,"","","https://powo.science.kew.org/taxon/urn:lsid:ipni.org:names:509674-1","","Y","Accepted","Newtonia hildebrandtii","Newtonia hildebrandtii","(Vatke) Torre","165847","species","https://powo.science.kew.org/taxon/urn:lsid:ipni.org:names:509674-1","","Fabaceae","1","1","wcvp","0",""
"340","Newtonia leucocarpa",1,"166046","Newtonia leucocarpa",1,"species","","",NA,"(Harms) G.C.C.Gilbert & Boutique","Fabaceae","Newtonia","Newtonia",1,"leucocarpa","leucocarpa",1,"","",NA,"","",NA,"","",NA,"","","https://powo.science.kew.org/taxon/urn:lsid:ipni.org:names:509677-1","","Y","Accepted","Newtonia leucocarpa","Newtonia leucocarpa","(Harms) G.C.C.Gilbert & Boutique","166046","species","https://powo.science.kew.org/taxon/urn:lsid:ipni.org:names:509677-1","","Fabaceae","1","1","wcvp","0",""
"341","Newtonia paucijuga",1,"166142","Newtonia paucijuga",1,"species","","",NA,"(Harms) Brenan","Fabaceae","Newtonia","Newtonia",1,"paucijuga","paucijuga",1,"","",NA,"","",NA,"","",NA,"","","https://powo.science.kew.org/taxon/urn:lsid:ipni.org:names:509679-1","","Y","Accepted","Newtonia paucijuga","Newtonia paucijuga","(Harms) Brenan","166142","species","https://powo.science.kew.org/taxon/urn:lsid:ipni.org:names:509679-1","","Fabaceae","1","1","wcvp","0",""
"342","Parapiptadenia excelsa",1,"166698","Parapiptadenia excelsa",1,"species","","",NA,"(Griseb.) Burkart","Fabaceae","Parapiptadenia","Parapiptadenia",1,"excelsa","excelsa",1,"","",NA,"","",NA,"","",NA,"","","https://powo.science.kew.org/taxon/urn:lsid:ipni.org:names:183013-2","","Y","Accepted","Parapiptadenia excelsa","Parapiptadenia excelsa","(Griseb.) Burkart","166698","species","https://powo.science.kew.org/taxon/urn:lsid:ipni.org:names:183013-2","","Fabaceae","1","1","wcvp","0",""
"343","Parapiptadenia rigida",1,"166310","Parapiptadenia rigida",1,"species","","",NA,"(Benth.) Brenan","Fabaceae","Parapiptadenia","Parapiptadenia",1,"rigida","rigida",1,"","",NA,"","",NA,"","",NA,"","","https://powo.science.kew.org/taxon/urn:lsid:ipni.org:names:183015-2","","Y","Accepted","Parapiptadenia rigida","Parapiptadenia rigida","(Benth.) Brenan","166310","species","https://powo.science.kew.org/taxon/urn:lsid:ipni.org:names:183015-2","","Fabaceae","1","1","wcvp","0",""
"344","Pararchidendron pruinosum",1,"1627218","Pararchidendron pruinosum",1,"species","","",NA,"(Benth.) I.C.Nielsen","Fabaceae","Pararchidendron","Pararchidendron",1,"pruinosum","pruinosum",1,"","",NA,"","",NA,"","",NA,"","","https://powo.science.kew.org/taxon/urn:lsid:ipni.org:names:912942-1","","Y","Accepted","Pararchidendron pruinosum","Pararchidendron pruinosum","(Benth.) I.C.Nielsen","1627218","species","https://powo.science.kew.org/taxon/urn:lsid:ipni.org:names:912942-1","","Fabaceae","1","1","wcvp","0",""
"345","Parkia cachimboensis",1,"172895","Parkia cachimboensis",1,"species","","",NA,"H.C.Hopkins","Fabaceae","Parkia","Parkia",1,"cachimboensis","cachimboensis",1,"","",NA,"","",NA,"","",NA,"","","https://powo.science.kew.org/taxon/urn:lsid:ipni.org:names:183265-2","","Y","Accepted","Parkia cachimboensis","Parkia cachimboensis","H.C.Hopkins","172895","species","https://powo.science.kew.org/taxon/urn:lsid:ipni.org:names:183265-2","","Fabaceae","1","1","wcvp","0",""
"346","Parkia discolor",1,"171967","Parkia discolor",1,"species","","",NA,"Spruce ex Benth.","Fabaceae","Parkia","Parkia",1,"discolor","discolor",1,"","",NA,"","",NA,"","",NA,"","","https://powo.science.kew.org/taxon/urn:lsid:ipni.org:names:512191-1","","Y","Accepted","Parkia discolor","Parkia discolor","Spruce ex Benth.","171967","species","https://powo.science.kew.org/taxon/urn:lsid:ipni.org:names:512191-1","","Fabaceae","1","1","wcvp","0",""
"347","Parkia filicoidea",1,"175003","Parkia filicoidea",1,"species","","",NA,"Welw. ex Oliv.","Fabaceae","Parkia","Parkia",1,"filicoidea","filicoidea",1,"","",NA,"","",NA,"","",NA,"","","https://powo.science.kew.org/taxon/urn:lsid:ipni.org:names:512194-1","","Y","Accepted","Parkia filicoidea","Parkia filicoidea","Welw. ex Oliv.","175003","species","https://powo.science.kew.org/taxon/urn:lsid:ipni.org:names:512194-1","","Fabaceae","1","1","wcvp","0",""
"348","Parkia nitida",1,"171970","Parkia nitida",1,"species","","",NA,"Miq.","Fabaceae","Parkia","Parkia",1,"nitida","nitida",1,"","",NA,"","",NA,"","",NA,"","","https://powo.science.kew.org/taxon/urn:lsid:ipni.org:names:512215-1","","Y","Accepted","Parkia nitida","Parkia nitida","Miq.","171970","species","https://powo.science.kew.org/taxon/urn:lsid:ipni.org:names:512215-1","","Fabaceae","1","1","wcvp","0",""
"349","Parkia panurensis",1,"172897","Parkia panurensis",1,"species","","",NA,"Benth. ex H.C.Hopkins","Fabaceae","Parkia","Parkia",1,"panurensis","panurensis",1,"","",NA,"","",NA,"","",NA,"","","https://powo.science.kew.org/taxon/urn:lsid:ipni.org:names:183274-2","","Y","Accepted","Parkia panurensis","Parkia panurensis","Benth. ex H.C.Hopkins","172897","species","https://powo.science.kew.org/taxon/urn:lsid:ipni.org:names:183274-2","","Fabaceae","1","1","wcvp","0",""
"350","Parkia pendula",1,"171971","Parkia pendula",1,"species","","",NA,"(Willd.) Benth. ex Walp.","Fabaceae","Parkia","Parkia",1,"pendula","pendula",1,"","",NA,"","",NA,"","",NA,"","","https://powo.science.kew.org/taxon/urn:lsid:ipni.org:names:512225-1","","Y","Accepted","Parkia pendula","Parkia pendula","(Willd.) Benth. ex Walp.","171971","species","https://powo.science.kew.org/taxon/urn:lsid:ipni.org:names:512225-1","","Fabaceae","1","1","wcvp","0",""
"351","Parkia platycephala",1,"171972","Parkia platycephala",1,"species","","",NA,"Benth.","Fabaceae","Parkia","Parkia",1,"platycephala","platycephala",1,"","",NA,"","",NA,"","",NA,"","","https://powo.science.kew.org/taxon/urn:lsid:ipni.org:names:282123-2","","Y","Accepted","Parkia platycephala","Parkia platycephala","Benth.","171972","species","https://powo.science.kew.org/taxon/urn:lsid:ipni.org:names:282123-2","","Fabaceae","1","1","wcvp","0",""
"352","Parkia reticulata",1,"166315","Parkia reticulata",1,"species","","",NA,"Ducke","Fabaceae","Parkia","Parkia",1,"reticulata","reticulata",1,"","",NA,"","",NA,"","",NA,"","","https://powo.science.kew.org/taxon/urn:lsid:ipni.org:names:183277-2","","Y","Accepted","Parkia reticulata","Parkia reticulata","Ducke","166315","species","https://powo.science.kew.org/taxon/urn:lsid:ipni.org:names:183277-2","","Fabaceae","1","1","wcvp","0",""
"353","Parkia ulei",1,"166316","Parkia ulei",1,"species","","",NA,"(Harms) Kuhlm.","Fabaceae","Parkia","Parkia",1,"ulei","ulei",1,"","",NA,"","",NA,"","",NA,"","","https://powo.science.kew.org/taxon/urn:lsid:ipni.org:names:183280-2","","Y","Accepted","Parkia ulei","Parkia ulei","(Harms) Kuhlm.","166316","species","https://powo.science.kew.org/taxon/urn:lsid:ipni.org:names:183280-2","","Fabaceae","1","1","wcvp","0",""
"354","Parkia velutina",1,"166319","Parkia velutina",1,"species","","",NA,"Benoist","Fabaceae","Parkia","Parkia",1,"velutina","velutina",1,"","",NA,"","",NA,"","",NA,"","","https://powo.science.kew.org/taxon/urn:lsid:ipni.org:names:282124-2","","Y","Accepted","Parkia velutina","Parkia velutina","Benoist","166319","species","https://powo.science.kew.org/taxon/urn:lsid:ipni.org:names:282124-2","","Fabaceae","1","1","wcvp","0",""
"355","Pentaclethra macroloba",1,"166337","Pentaclethra macroloba",1,"species","","",NA,"(Willd.) Kuntze","Fabaceae","Pentaclethra","Pentaclethra",1,"macroloba","macroloba",1,"","",NA,"","",NA,"","",NA,"","","https://powo.science.kew.org/taxon/urn:lsid:ipni.org:names:188076-2","","Y","Accepted","Pentaclethra macroloba","Pentaclethra macroloba","(Willd.) Kuntze","166337","species","https://powo.science.kew.org/taxon/urn:lsid:ipni.org:names:188076-2","","Fabaceae","1","1","wcvp","0",""
"356","Pentaclethra macrophylla",1,"175706","Pentaclethra macrophylla",1,"species","","",NA,"Benth.","Fabaceae","Pentaclethra","Pentaclethra",1,"macrophylla","macrophylla",1,"","",NA,"","",NA,"","",NA,"","","https://powo.science.kew.org/taxon/urn:lsid:ipni.org:names:513038-1","","Y","Accepted","Pentaclethra macrophylla","Pentaclethra macrophylla","Benth.","175706","species","https://powo.science.kew.org/taxon/urn:lsid:ipni.org:names:513038-1","","Fabaceae","1","1","wcvp","0",""
"357","Piptadenia buchtienii",1,"182129","Piptadenia buchtienii",1,"species","","",NA,"Barneby","Fabaceae","Piptadenia","Piptadenia",1,"buchtienii","buchtienii",1,"","",NA,"","",NA,"","",NA,"","","https://powo.science.kew.org/taxon/urn:lsid:ipni.org:names:283074-2","","Y","Accepted","Piptadenia buchtienii","Piptadenia buchtienii","Barneby","182129","species","https://powo.science.kew.org/taxon/urn:lsid:ipni.org:names:283074-2","","Fabaceae","1","1","wcvp","0",""
"358","Piptadenia flava",1,"171989","Piptadenia flava",1,"species","","",NA,"(Spreng. ex DC.) Benth.","Fabaceae","Piptadenia","Piptadenia",1,"flava","flava",1,"","",NA,"","",NA,"","",NA,"","","https://powo.science.kew.org/taxon/urn:lsid:ipni.org:names:514377-1","","Y","Synonym","Piptadenia retusa","Piptadenia retusa","(Jacq.) P.G.Ribeiro, Seigler & Ebinger","1385849","species","https://powo.science.kew.org/taxon/urn:lsid:ipni.org:names:77208976-1","","Fabaceae","1","1","wcvp","0",""
"359","Piptadenia fruticosa",1,"1045627","Piptadenia fruticosa",1,"species","","",NA,"(Vell.) Angely","Fabaceae","Piptadenia","Piptadenia",1,"fruticosa","fruticosa",1,"","",NA,"","",NA,"","",NA,"","","https://powo.science.kew.org/taxon/urn:lsid:ipni.org:names:514382-1","","Y","Illegitimate","Piptadenia adiantoides","Piptadenia adiantoides","(Spreng.) J.F.Macbr.","166363","species","https://powo.science.kew.org/taxon/urn:lsid:ipni.org:names:199618-2","","Fabaceae","1","2","wcvp","4","[HigherTaxa]"
"360","Piptadenia gonoacantha",1,"166366","Piptadenia gonoacantha",1,"species","","",NA,"(Mart.) J.F.Macbr.","Fabaceae","Piptadenia","Piptadenia",1,"gonoacantha","gonoacantha",1,"","",NA,"","",NA,"","",NA,"","","https://powo.science.kew.org/taxon/urn:lsid:ipni.org:names:199637-2","","Y","Accepted","Piptadenia gonoacantha","Piptadenia gonoacantha","(Mart.) J.F.Macbr.","166366","species","https://powo.science.kew.org/taxon/urn:lsid:ipni.org:names:199637-2","","Fabaceae","1","1","wcvp","0",""
"361","Piptadenia macradenia",1,"1041938","Piptadenia macradenia",1,"species","","",NA,"Benth.","Fabaceae","Piptadenia","Piptadenia",1,"macradenia","macradenia",1,"","",NA,"","",NA,"","",NA,"","","https://powo.science.kew.org/taxon/urn:lsid:ipni.org:names:514408-1","","Y","Accepted","Piptadenia macradenia","Piptadenia macradenia","Benth.","1041938","species","https://powo.science.kew.org/taxon/urn:lsid:ipni.org:names:514408-1","","Fabaceae","1","1","wcvp","0",""
"362","Piptadenia moniliformis",1,"169081","Piptadenia moniliformis",1,"species","","",NA,"Benth.","Fabaceae","Piptadenia","Piptadenia",1,"moniliformis","moniliformis",1,"","",NA,"","",NA,"","",NA,"","","https://powo.science.kew.org/taxon/urn:lsid:ipni.org:names:514414-1","","Y","Synonym","Pityrocarpa moniliformis","Pityrocarpa moniliformis","(Benth.) Luckow & R.W.Jobson","1264500","species","https://powo.science.kew.org/taxon/urn:lsid:ipni.org:names:77085044-1","","Fabaceae","1","1","wcvp","0",""
"363","Piptadenia obliqua",1,"166369","Piptadenia obliqua",1,"species","","",NA,"(Pers.) J.F.Macbr.","Fabaceae","Piptadenia","Piptadenia",1,"obliqua","obliqua",1,"","",NA,"","",NA,"","",NA,"","","https://powo.science.kew.org/taxon/urn:lsid:ipni.org:names:199659-2","","Y","Synonym","Pityrocarpa obliqua","Pityrocarpa obliqua","(Pers.) Brenan","1039912","species","https://powo.science.kew.org/taxon/urn:lsid:ipni.org:names:200907-2","","Fabaceae","1","1","wcvp","0",""
"364","Piptadenia paniculata",1,"166371","Piptadenia paniculata",1,"species","","",NA,"Benth.","Fabaceae","Piptadenia","Piptadenia",1,"paniculata","paniculata",1,"","",NA,"","",NA,"","",NA,"","","https://powo.science.kew.org/taxon/urn:lsid:ipni.org:names:514421-1","","Y","Accepted","Piptadenia paniculata","Piptadenia paniculata","Benth.","166371","species","https://powo.science.kew.org/taxon/urn:lsid:ipni.org:names:514421-1","","Fabaceae","1","1","wcvp","0",""
"365","Piptadenia robusta",1,"166373","Piptadenia robusta",1,"species","","",NA,"Pittier","Fabaceae","Piptadenia","Piptadenia",1,"robusta","robusta",1,"","",NA,"","",NA,"","",NA,"","","https://powo.science.kew.org/taxon/urn:lsid:ipni.org:names:514442-1","","Y","Accepted","Piptadenia robusta","Piptadenia robusta","Pittier","166373","species","https://powo.science.kew.org/taxon/urn:lsid:ipni.org:names:514442-1","","Fabaceae","1","1","wcvp","0",""
"366","Piptadenia viridiflora",1,"171995","Piptadenia viridiflora",1,"species","","",NA,"(Kunth) Benth.","Fabaceae","Piptadenia","Piptadenia",1,"viridiflora","viridiflora",1,"","",NA,"","",NA,"","",NA,"","","https://powo.science.kew.org/taxon/urn:lsid:ipni.org:names:1020781-2","","Y","Synonym","Lachesiodendron viridiflorum","Lachesiodendron viridiflorum","(Kunth) P.G.Ribeiro, L.P.Queiroz & Luckow","1373357","species","https://powo.science.kew.org/taxon/urn:lsid:ipni.org:names:77178320-1","","Fabaceae","1","1","wcvp","0",""
"367","Piptadeniastrum africanum",1,"166730","Piptadeniastrum africanum",1,"species","","",NA,"(Hook.f.) Brenan","Fabaceae","Piptadeniastrum","Piptadeniastrum",1,"africanum","africanum",1,"","",NA,"","",NA,"","",NA,"","","https://powo.science.kew.org/taxon/urn:lsid:ipni.org:names:514467-1","","Y","Accepted","Piptadeniastrum africanum","Piptadeniastrum africanum","(Hook.f.) Brenan","166730","species","https://powo.science.kew.org/taxon/urn:lsid:ipni.org:names:514467-1","","Fabaceae","1","1","wcvp","0",""
"368","Piptadeniopsis lomentifera",1,"166377","Piptadeniopsis lomentifera",1,"species","","",NA,"Burkart","Fabaceae","Piptadeniopsis","Piptadeniopsis",1,"lomentifera","lomentifera",1,"","",NA,"","",NA,"","",NA,"","","https://powo.science.kew.org/taxon/urn:lsid:ipni.org:names:199691-2","","Y","Accepted","Piptadeniopsis lomentifera","Piptadeniopsis lomentifera","Burkart","166377","species","https://powo.science.kew.org/taxon/urn:lsid:ipni.org:names:199691-2","","Fabaceae","1","1","wcvp","0",""
"369","Pithecellobium albicaule",1,"166390","Pithecellobium albicaule",1,"species","","",NA,"Britton & Rose","Fabaceae","Pithecellobium","Pithecellobium",1,"albicaule","albicaule",1,"","",NA,"","",NA,"","",NA,"","","https://powo.science.kew.org/taxon/urn:lsid:ipni.org:names:200618-2","","Y","Synonym","Pithecellobium lanceolatum","Pithecellobium lanceolatum","(Humb. & Bonpl. ex Willd.) Benth.","179730","species","https://powo.science.kew.org/taxon/urn:lsid:ipni.org:names:514978-1","","Fabaceae","1","1","wcvp","0",""
"370","Pithecellobium bahamense",1,"1039438","Pithecellobium bahamense",1,"species","","",NA,"Northr.","Fabaceae","Pithecellobium","Pithecellobium",1,"bahamense","bahamense",1,"","",NA,"","",NA,"","",NA,"","","https://powo.science.kew.org/taxon/urn:lsid:ipni.org:names:200634-2","","Y","Accepted","Pithecellobium x bahamense","Pithecellobium x bahamense","Northr.","1039438","species","https://powo.science.kew.org/taxon/urn:lsid:ipni.org:names:200634-2","","Fabaceae","1","1","wcvp","0",""
"371","Pithecellobium campestre",1,"1039441","Pithecellobium campestre",1,"species","","",NA,"Spruce ex Benth.","Fabaceae","Pithecellobium","Pithecellobium",1,"campestre","campestre",1,"","",NA,"","",NA,"","",NA,"","","https://powo.science.kew.org/taxon/urn:lsid:ipni.org:names:200644-2","","Y","Synonym","Jupunba campestris","Jupunba campestris","(Spruce ex Benth.) M.V.B.Soares, M.P.Morim & Iganci","1431295","species","https://powo.science.kew.org/taxon/urn:lsid:ipni.org:names:77218548-1","","Fabaceae","1","1","wcvp","0",""
"372","Pithecellobium diversifolium",1,"166434","Pithecellobium diversifolium",1,"species","","",NA,"Benth.","Fabaceae","Pithecellobium","Pithecellobium",1,"diversifolium","diversifolium",1,"","",NA,"","",NA,"","",NA,"","","https://powo.science.kew.org/taxon/urn:lsid:ipni.org:names:200672-2","","Y","Accepted","Pithecellobium diversifolium","Pithecellobium diversifolium","Benth.","166434","species","https://powo.science.kew.org/taxon/urn:lsid:ipni.org:names:200672-2","","Fabaceae","1","1","wcvp","0",""
"373","Pithecellobium elachistophyllum",1,"1039445","Pithecellobium elachistophyllum",1,"species","","",NA,"A.Gray ex S.Watson","Fabaceae","Pithecellobium","Pithecellobium",1,"elachistophyllum","elachistophyllum",1,"","",NA,"","",NA,"","",NA,"","","https://powo.science.kew.org/taxon/urn:lsid:ipni.org:names:514920-1","","Y","Synonym","Painteria elachistophylla","Painteria elachistophylla","(A.Gray ex S.Watson) Britton & Rose","184382","species","https://powo.science.kew.org/taxon/urn:lsid:ipni.org:names:512061-1","","Fabaceae","1","1","wcvp","0",""
"374","Pithecellobium halogenes",1,"166465","Pithecellobium halogenes",1,"species","","",NA,"Standl.","Fabaceae","Pithecellobium","Pithecellobium",1,"halogenes","halogenes",1,"","",NA,"","",NA,"","",NA,"","","https://powo.science.kew.org/taxon/urn:lsid:ipni.org:names:317063-2","","Y","Synonym","Jupunba idiopoda","Jupunba idiopoda","(S.F.Blake) M.V.B.Soares, M.P.Morim & Iganci","1431284","species","https://powo.science.kew.org/taxon/urn:lsid:ipni.org:names:77218789-1","","Fabaceae","1","1","wcvp","0",""
"375","Pithecellobium hymenaeifolium",1,"1296285","Pithecellobium hymenaeifolium",1,"species","","",NA,"(Humb. & Bonpl. ex Willd.) Benth.","Fabaceae","Pithecellobium","Pithecellobium",1,"hymenaeifolium","hymenaeifolium",1,"","",NA,"","",NA,"","",NA,"","","https://powo.science.kew.org/taxon/urn:lsid:ipni.org:names:1183336-2","","Y","Accepted","Pithecellobium hymenaeifolium","Pithecellobium hymenaeifolium","(Humb. & Bonpl. ex Willd.) Benth.","1296285","species","https://powo.science.kew.org/taxon/urn:lsid:ipni.org:names:1183336-2","","Fabaceae","1","1","wcvp","0",""
"376","Pithecellobium insigne",1,"1039448","Pithecellobium insigne",1,"species","","",NA,"Micheli ex Donn.Sm.","Fabaceae","Pithecellobium","Pithecellobium",1,"insigne","insigne",1,"","",NA,"","",NA,"","",NA,"","","https://powo.science.kew.org/taxon/urn:lsid:ipni.org:names:200712-2","","Y","Synonym","Pithecellobium lanceolatum","Pithecellobium lanceolatum","(Humb. & Bonpl. ex Willd.) Benth.","179730","species","https://powo.science.kew.org/taxon/urn:lsid:ipni.org:names:514978-1","","Fabaceae","1","1","wcvp","0",""
"377","Pithecellobium laetum",1,"172013","Pithecellobium laetum",1,"species","","",NA,"Benth.","Fabaceae","Pithecellobium","Pithecellobium",1,"laetum","laetum",1,"","",NA,"","",NA,"","",NA,"","","https://powo.science.kew.org/taxon/urn:lsid:ipni.org:names:319426-2","","Y","Synonym","Jupunba laeta","Jupunba laeta","(Benth.) M.V.B.Soares, M.P.Morim & Iganci","1431283","species","https://powo.science.kew.org/taxon/urn:lsid:ipni.org:names:77218790-1","","Fabaceae","1","1","wcvp","0",""
"378","Pithecellobium oblongum",1,"179675","Pithecellobium oblongum",1,"species","","",NA,"Benth.","Fabaceae","Pithecellobium","Pithecellobium",1,"oblongum","oblongum",1,"","",NA,"","",NA,"","",NA,"","","https://powo.science.kew.org/taxon/urn:lsid:ipni.org:names:200764-2","","Y","Accepted","Pithecellobium oblongum","Pithecellobium oblongum","Benth.","179675","species","https://powo.science.kew.org/taxon/urn:lsid:ipni.org:names:200764-2","","Fabaceae","1","1","wcvp","0",""
"379","Pithecellobium pachypus",1,"166509","Pithecellobium pachypus",1,"species","","",NA,"Pittier","Fabaceae","Pithecellobium","Pithecellobium",1,"pachypus","pachypus",1,"","",NA,"","",NA,"","",NA,"","","https://powo.science.kew.org/taxon/urn:lsid:ipni.org:names:200767-2","","Y","Synonym","Pithecellobium lanceolatum","Pithecellobium lanceolatum","(Humb. & Bonpl. ex Willd.) Benth.","179730","species","https://powo.science.kew.org/taxon/urn:lsid:ipni.org:names:514978-1","","Fabaceae","1","1","wcvp","0",""
"380","Pithecellobium roseum",1,"1049022","Pithecellobium roseum",1,"species","","",NA,"(Vahl) Barneby & J.W.Grimes","Fabaceae","Pithecellobium","Pithecellobium",1,"roseum","roseum",1,"","",NA,"","",NA,"","",NA,"","","https://powo.science.kew.org/taxon/urn:lsid:ipni.org:names:996931-1","","Y","Accepted","Pithecellobium roseum","Pithecellobium roseum","(Vahl) Barneby & J.W.Grimes","1049022","species","https://powo.science.kew.org/taxon/urn:lsid:ipni.org:names:996931-1","","Fabaceae","1","1","wcvp","0",""
"381","Pithecellobium seleri",1,"206009","Pithecellobium seleri",1,"species","","",NA,"Harms","Fabaceae","Pithecellobium","Pithecellobium",1,"seleri","seleri",1,"","",NA,"","",NA,"","",NA,"","","https://powo.science.kew.org/taxon/urn:lsid:ipni.org:names:200807-2","","Y","Synonym","Pithecellobium unguis-cati","Pithecellobium unguis-cati","(L.) Benth.","176055","species","https://powo.science.kew.org/taxon/urn:lsid:ipni.org:names:515137-1","","Fabaceae","1","1","wcvp","0",""
"382","Pityrocarpa moniliformis",1,"1264500","Pityrocarpa moniliformis",1,"species","","",NA,"(Benth.) Luckow & R.W.Jobson","Fabaceae","Pityrocarpa","Pityrocarpa",1,"moniliformis","moniliformis",1,"","",NA,"","",NA,"","",NA,"","","https://powo.science.kew.org/taxon/urn:lsid:ipni.org:names:77085044-1","","Y","Accepted","Pityrocarpa moniliformis","Pityrocarpa moniliformis","(Benth.) Luckow & R.W.Jobson","1264500","species","https://powo.science.kew.org/taxon/urn:lsid:ipni.org:names:77085044-1","","Fabaceae","1","1","wcvp","0",""
"383","Pityrocarpa obliqua",1,"1039912","Pityrocarpa obliqua",1,"species","","",NA,"(Pers.) Brenan","Fabaceae","Pityrocarpa","Pityrocarpa",1,"obliqua","obliqua",1,"","",NA,"","",NA,"","",NA,"","","https://powo.science.kew.org/taxon/urn:lsid:ipni.org:names:200907-2","","Y","Accepted","Pityrocarpa obliqua","Pityrocarpa obliqua","(Pers.) Brenan","1039912","species","https://powo.science.kew.org/taxon/urn:lsid:ipni.org:names:200907-2","","Fabaceae","1","1","wcvp","0",""
"384","Plathymenia reticulata",1,"179733","Plathymenia reticulata",1,"species","","",NA,"Benth.","Fabaceae","Plathymenia","Plathymenia",1,"reticulata","reticulata",1,"","",NA,"","",NA,"","",NA,"","","https://powo.science.kew.org/taxon/urn:lsid:ipni.org:names:328385-2","","Y","Accepted","Plathymenia reticulata","Plathymenia reticulata","Benth.","179733","species","https://powo.science.kew.org/taxon/urn:lsid:ipni.org:names:328385-2","","Fabaceae","1","1","wcvp","0",""
"385","Prosopidastrum globosum",1,"167375","Prosopidastrum globosum",1,"species","","",NA,"(Gillies ex Hook. & Arn.) Burkart","Fabaceae","Prosopidastrum","Prosopidastrum",1,"globosum","globosum",1,"","",NA,"","",NA,"","",NA,"","","https://powo.science.kew.org/taxon/urn:lsid:ipni.org:names:210406-2","","Y","Accepted","Prosopidastrum globosum","Prosopidastrum globosum","(Gillies ex Hook. & Arn.) Burkart","167375","species","https://powo.science.kew.org/taxon/urn:lsid:ipni.org:names:210406-2","","Fabaceae","1","1","wcvp","0",""
"386","Prosopidastrum mexicanum",1,"167376","Prosopidastrum mexicanum",1,"species","","",NA,"(Dressler) Burkart","Fabaceae","Prosopidastrum","Prosopidastrum",1,"mexicanum","mexicanum",1,"","",NA,"","",NA,"","",NA,"","","https://powo.science.kew.org/taxon/urn:lsid:ipni.org:names:210407-2","","Y","Accepted","Prosopidastrum mexicanum","Prosopidastrum mexicanum","(Dressler) Burkart","167376","species","https://powo.science.kew.org/taxon/urn:lsid:ipni.org:names:210407-2","","Fabaceae","1","1","wcvp","0",""
"387","Prosopis affinis",1,"166720","Prosopis affinis",1,"species","","",NA,"Spreng.","Fabaceae","Prosopis","Prosopis",1,"affinis","affinis",1,"","",NA,"","",NA,"","",NA,"","","https://powo.science.kew.org/taxon/urn:lsid:ipni.org:names:210409-2","","Y","Synonym","Neltuma affinis","Neltuma affinis","(Spreng.) C.E.Hughes & G.P.Lewis","1491205","species","https://powo.science.kew.org/taxon/urn:lsid:ipni.org:names:77303584-1","","Fabaceae","1","1","wcvp","0",""
"388","Prosopis alba",1,"207079","Prosopis alba",1,"species","","",NA,"Griseb.","Fabaceae","Prosopis","Prosopis",1,"alba","alba",1,"","",NA,"","",NA,"","",NA,"","","https://powo.science.kew.org/taxon/urn:lsid:ipni.org:names:515783-1","","Y","Synonym","Neltuma alba","Neltuma alba","(Griseb.) C.E.Hughes & G.P.Lewis","1641568","species","https://powo.science.kew.org/taxon/urn:lsid:ipni.org:names:77303585-1","","Fabaceae","1","1","wcvp","0",""
"389","Prosopis alpataco",1,"172044","Prosopis alpataco",1,"species","","",NA,"Phil.","Fabaceae","Prosopis","Prosopis",1,"alpataco","alpataco",1,"","",NA,"","",NA,"","",NA,"","","https://powo.science.kew.org/taxon/urn:lsid:ipni.org:names:515785-1","","Y","Synonym","Neltuma alpataco","Neltuma alpataco","(Phil.) C.E.Hughes & G.P.Lewis","1491208","species","https://powo.science.kew.org/taxon/urn:lsid:ipni.org:names:77303587-1","","Fabaceae","1","1","wcvp","0",""
"390","Prosopis articulata",1,"179690","Prosopis articulata",1,"species","","",NA,"S.Watson","Fabaceae","Prosopis","Prosopis",1,"articulata","articulata",1,"","",NA,"","",NA,"","",NA,"","","https://powo.science.kew.org/taxon/urn:lsid:ipni.org:names:210415-2","","Y","Synonym","Neltuma articulata","Neltuma articulata","(S.Watson) Britton & Rose","180159","species","https://powo.science.kew.org/taxon/urn:lsid:ipni.org:names:168100-2","","Fabaceae","1","1","wcvp","0",""
"391","Prosopis caldenia",1,"167378","Prosopis caldenia",1,"species","","",NA,"Burkart","Fabaceae","Prosopis","Prosopis",1,"caldenia","caldenia",1,"","",NA,"","",NA,"","",NA,"","","https://powo.science.kew.org/taxon/urn:lsid:ipni.org:names:515795-1","","Y","Synonym","Neltuma caldenia","Neltuma caldenia","(Burkart) C.E.Hughes & G.P.Lewis","1491213","species","https://powo.science.kew.org/taxon/urn:lsid:ipni.org:names:77303592-1","","Fabaceae","1","1","wcvp","0",""
"392","Prosopis campestris",1,"172045","Prosopis campestris",1,"species","","",NA,"Griseb.","Fabaceae","Prosopis","Prosopis",1,"campestris","campestris",1,"","",NA,"","",NA,"","",NA,"","","https://powo.science.kew.org/taxon/urn:lsid:ipni.org:names:515797-1","","Y","Synonym","Neltuma campestris","Neltuma campestris","(Griseb.) C.E.Hughes & G.P.Lewis","1491216","species","https://powo.science.kew.org/taxon/urn:lsid:ipni.org:names:77303595-1","","Fabaceae","1","1","wcvp","0",""
"393","Prosopis chilensis",1,"167381","Prosopis chilensis",1,"species","","",NA,"(Molina) Stuntz","Fabaceae","Prosopis","Prosopis",1,"chilensis","chilensis",1,"","",NA,"","",NA,"","",NA,"","","https://powo.science.kew.org/taxon/urn:lsid:ipni.org:names:210426-2","","Y","Synonym","Neltuma chilensis","Neltuma chilensis","(Molina) C.E.Hughes & G.P.Lewis","1491234","species","https://powo.science.kew.org/taxon/urn:lsid:ipni.org:names:77303729-1","","Fabaceae","1","1","wcvp","0",""
"394","Prosopis farcta",1,"207926","Prosopis farcta",1,"species","","",NA,"(Banks & Sol.) J.F.Macbr.","Fabaceae","Prosopis","Prosopis",1,"farcta","farcta",1,"","",NA,"","",NA,"","",NA,"","","https://powo.science.kew.org/taxon/urn:lsid:ipni.org:names:515819-1","","Y","Accepted","Prosopis farcta","Prosopis farcta","(Banks & Sol.) J.F.Macbr.","207926","species","https://powo.science.kew.org/taxon/urn:lsid:ipni.org:names:515819-1","","Fabaceae","1","1","wcvp","0",""
"395","Prosopis ferox",1,"172047","Prosopis ferox",1,"species","","",NA,"Griseb.","Fabaceae","Prosopis","Prosopis",1,"ferox","ferox",1,"","",NA,"","",NA,"","",NA,"","","https://powo.science.kew.org/taxon/urn:lsid:ipni.org:names:515820-1","","Y","Synonym","Strombocarpa ferox","Strombocarpa ferox","(Griseb.) C.E.Hughes & G.P.Lewis","1491202","species","https://powo.science.kew.org/taxon/urn:lsid:ipni.org:names:77303580-1","","Fabaceae","1","1","wcvp","0",""
"396","Prosopis flexuosa",1,"172048","Prosopis flexuosa",1,"species","","",NA,"DC.","Fabaceae","Prosopis","Prosopis",1,"flexuosa","flexuosa",1,"","",NA,"","",NA,"","",NA,"","","https://powo.science.kew.org/taxon/urn:lsid:ipni.org:names:515823-1","","Y","Synonym","Neltuma flexuosa","Neltuma flexuosa","(DC.) C.E.Hughes & G.P.Lewis","1491242","species","https://powo.science.kew.org/taxon/urn:lsid:ipni.org:names:77303737-1","","Fabaceae","1","1","wcvp","0",""
"397","Prosopis hassleri",1,"167384","Prosopis hassleri",1,"species","","",NA,"Harms","Fabaceae","Prosopis","Prosopis",1,"hassleri","hassleri",1,"","",NA,"","",NA,"","",NA,"","","https://powo.science.kew.org/taxon/urn:lsid:ipni.org:names:210446-2","","Y","Synonym","Neltuma hassleri","Neltuma hassleri","(Harms) C.E.Hughes & G.P.Lewis","1491246","species","https://powo.science.kew.org/taxon/urn:lsid:ipni.org:names:77303741-1","","Fabaceae","1","1","wcvp","0",""
"398","Prosopis laevigata",1,"179691","Prosopis laevigata",1,"species","","",NA,"(Humb. & Bonpl. ex Willd.) M.C.Johnst.","Fabaceae","Prosopis","Prosopis",1,"laevigata","laevigata",1,"","",NA,"","",NA,"","",NA,"","","https://powo.science.kew.org/taxon/urn:lsid:ipni.org:names:210461-2","","Y","Synonym","Neltuma laevigata","Neltuma laevigata","(Humb. & Bonpl. ex Willd.) Britton & Rose","180171","species","https://powo.science.kew.org/taxon/urn:lsid:ipni.org:names:168105-2","","Fabaceae","1","1","wcvp","0",""
"399","Prosopis nigra",1,"172050","Prosopis nigra",1,"species","","",NA,"(Griseb.) Hieron.","Fabaceae","Prosopis","Prosopis",1,"nigra","nigra",1,"","",NA,"","",NA,"","",NA,"","","https://powo.science.kew.org/taxon/urn:lsid:ipni.org:names:515847-1","","Y","Synonym","Neltuma nigra","Neltuma nigra","(Griseb.) C.E.Hughes & G.P.Lewis","1491255","species","https://powo.science.kew.org/taxon/urn:lsid:ipni.org:names:77303750-1","","Fabaceae","1","1","wcvp","0",""
"400","Prosopis palmeri",1,"167386","Prosopis palmeri",1,"species","","",NA,"S.Watson","Fabaceae","Prosopis","Prosopis",1,"palmeri","palmeri",1,"","",NA,"","",NA,"","",NA,"","","https://powo.science.kew.org/taxon/urn:lsid:ipni.org:names:210467-2","","Y","Synonym","Strombocarpa palmeri","Strombocarpa palmeri","(S.Watson) C.E.Hughes & G.P.Lewis","1491203","species","https://powo.science.kew.org/taxon/urn:lsid:ipni.org:names:77303581-1","","Fabaceae","1","1","wcvp","0",""
"401","Prosopis pubescens",1,"167408","Prosopis pubescens",1,"species","","",NA,"Benth.","Fabaceae","Prosopis","Prosopis",1,"pubescens","pubescens",1,"","",NA,"","",NA,"","",NA,"","","https://powo.science.kew.org/taxon/urn:lsid:ipni.org:names:515855-1","","Y","Synonym","Strombocarpa pubescens","Strombocarpa pubescens","(Benth.) A.Gray","1042113","species","https://powo.science.kew.org/taxon/urn:lsid:ipni.org:names:519580-1","","Fabaceae","1","1","wcvp","0",""
"402","Prosopis reptans",1,"172051","Prosopis reptans",1,"species","","",NA,"Benth.","Fabaceae","Prosopis","Prosopis",1,"reptans","reptans",1,"","",NA,"","",NA,"","",NA,"","","https://powo.science.kew.org/taxon/urn:lsid:ipni.org:names:515857-1","","Y","Synonym","Strombocarpa reptans","Strombocarpa reptans","(Benth.) A.Gray","174433","species","https://powo.science.kew.org/taxon/urn:lsid:ipni.org:names:519581-1","","Fabaceae","1","1","wcvp","0",""
"403","Prosopis ruscifolia",1,"172052","Prosopis ruscifolia",1,"species","","",NA,"Griseb.","Fabaceae","Prosopis","Prosopis",1,"ruscifolia","ruscifolia",1,"","",NA,"","",NA,"","",NA,"","","https://powo.science.kew.org/taxon/urn:lsid:ipni.org:names:515861-1","","Y","Synonym","Neltuma ruscifolia","Neltuma ruscifolia","(Griseb.) C.E.Hughes & G.P.Lewis","1491268","species","https://powo.science.kew.org/taxon/urn:lsid:ipni.org:names:77303763-1","","Fabaceae","1","1","wcvp","0",""
"404","Prosopis sericantha",1,"172053","Prosopis sericantha",1,"species","","",NA,"Gillies ex Hook.","Fabaceae","Prosopis","Prosopis",1,"sericantha","sericantha",1,"","",NA,"","",NA,"","",NA,"","","https://powo.science.kew.org/taxon/urn:lsid:ipni.org:names:515864-1","","Y","Synonym","Neltuma sericantha","Neltuma sericantha","(Gillies ex Hook.) C.E.Hughes & G.P.Lewis","1491269","species","https://powo.science.kew.org/taxon/urn:lsid:ipni.org:names:77303764-1","","Fabaceae","1","1","wcvp","0",""
"405","Prosopis strombulifera",1,"172054","Prosopis strombulifera",1,"species","","",NA,"(Lam.) Benth.","Fabaceae","Prosopis","Prosopis",1,"strombulifera","strombulifera",1,"","",NA,"","",NA,"","",NA,"","","https://powo.science.kew.org/taxon/urn:lsid:ipni.org:names:515872-1","","Y","Synonym","Strombocarpa strombulifera","Strombocarpa strombulifera","(Lam.) A.Gray","174438","species","https://powo.science.kew.org/taxon/urn:lsid:ipni.org:names:519582-1","","Fabaceae","1","1","wcvp","0",""
"406","Prosopis tamarugo",1,"167392","Prosopis tamarugo",1,"species","","",NA,"Phil.","Fabaceae","Prosopis","Prosopis",1,"tamarugo","tamarugo",1,"","",NA,"","",NA,"","",NA,"","","https://powo.science.kew.org/taxon/urn:lsid:ipni.org:names:515874-1","","Y","Synonym","Strombocarpa tamarugo","Strombocarpa tamarugo","(Phil.) C.E.Hughes & G.P.Lewis","1491204","species","https://powo.science.kew.org/taxon/urn:lsid:ipni.org:names:77303583-1","","Fabaceae","1","1","wcvp","0",""
"407","Prosopis tamaulipana",1,"179683","Prosopis tamaulipana",1,"species","","",NA,"Burkart","Fabaceae","Prosopis","Prosopis",1,"tamaulipana","tamaulipana",1,"","",NA,"","",NA,"","",NA,"","","https://powo.science.kew.org/taxon/urn:lsid:ipni.org:names:515876-1","","Y","Synonym","Neltuma palmeri","Neltuma palmeri","Britton & Rose","180132","species","https://powo.science.kew.org/taxon/urn:lsid:ipni.org:names:168110-2","","Fabaceae","1","1","wcvp","0",""
"408","Prosopis torquata",1,"172055","Prosopis torquata",1,"species","","",NA,"(Lag.) DC.","Fabaceae","Prosopis","Prosopis",1,"torquata","torquata",1,"","",NA,"","",NA,"","",NA,"","","https://powo.science.kew.org/taxon/urn:lsid:ipni.org:names:515877-1","","Y","Synonym","Strombocarpa torquata","Strombocarpa torquata","(Lag.) Hutch. ex C.E.Hughes & G.P.Lewis","1504763","species","https://powo.science.kew.org/taxon/urn:lsid:ipni.org:names:519583-1","","Fabaceae","1","1","wcvp","0",""
"409","Pseudopiptadenia psilostachya",1,"184674","Pseudopiptadenia psilostachya",1,"species","","",NA,"(DC.) G.P.Lewis & M.P.Lima","Fabaceae","Pseudopiptadenia","Pseudopiptadenia",1,"psilostachya","psilostachya",1,"","",NA,"","",NA,"","",NA,"","","https://powo.science.kew.org/taxon/urn:lsid:ipni.org:names:962800-1","","Y","Synonym","Marlimorimia psilostachya","Marlimorimia psilostachya","(DC.) L.P.Queiroz & Marc.F.Simon","1491295","species","https://powo.science.kew.org/taxon/urn:lsid:ipni.org:names:77303790-1","","Fabaceae","1","1","wcvp","0",""
"410","Pseudopiptadenia schumanniana",1,"184855","Pseudopiptadenia schumanniana",1,"species","","",NA,"(Taub.) G.P.Lewis & M.P.Lima","Fabaceae","Pseudopiptadenia","Pseudopiptadenia",1,"schumanniana","schumanniana",1,"","",NA,"","",NA,"","",NA,"","","https://powo.science.kew.org/taxon/urn:lsid:ipni.org:names:962798-1","","Y","Synonym","Pityrocarpa schumanniana","Pityrocarpa schumanniana","(Taub.) L.P.Queiroz & L.M.Borges","1491289","species","https://powo.science.kew.org/taxon/urn:lsid:ipni.org:names:77303784-1","","Fabaceae","1","1","wcvp","0",""
"411","Pseudoprosopis euryphylla",1,"167792","Pseudoprosopis euryphylla",1,"species","","",NA,"Harms","Fabaceae","Pseudoprosopis","Pseudoprosopis",1,"euryphylla","euryphylla",1,"","",NA,"","",NA,"","",NA,"","","https://powo.science.kew.org/taxon/urn:lsid:ipni.org:names:515936-1","","Y","Accepted","Pseudoprosopis euryphylla","Pseudoprosopis euryphylla","Harms","167792","species","https://powo.science.kew.org/taxon/urn:lsid:ipni.org:names:515936-1","","Fabaceae","1","1","wcvp","0",""
"412","Pseudoprosopis fischeri",1,"168109","Pseudoprosopis fischeri",1,"species","","",NA,"Harms","Fabaceae","Pseudoprosopis","Pseudoprosopis",1,"fischeri","fischeri",1,"","",NA,"","",NA,"","",NA,"","","https://powo.science.kew.org/taxon/urn:lsid:ipni.org:names:515937-1","","Y","Accepted","Pseudoprosopis fischeri","Pseudoprosopis fischeri","Harms","168109","species","https://powo.science.kew.org/taxon/urn:lsid:ipni.org:names:515937-1","","Fabaceae","1","1","wcvp","0",""
"413","Pseudoprosopis gilletii",1,"168212","Pseudoprosopis gilletii",1,"species","","",NA,"(De Wild.) Villiers","Fabaceae","Pseudoprosopis","Pseudoprosopis",1,"gilletii","gilletii",1,"","",NA,"","",NA,"","",NA,"","","https://powo.science.kew.org/taxon/urn:lsid:ipni.org:names:913227-1","","Y","Accepted","Pseudoprosopis gilletii","Pseudoprosopis gilletii","(De Wild.) Villiers","168212","species","https://powo.science.kew.org/taxon/urn:lsid:ipni.org:names:913227-1","","Fabaceae","1","1","wcvp","0",""
"414","Samanea dinklagei",1,"191668","Samanea dinklagei",1,"species","","",NA,"(Harms) Keay","Fabaceae","Samanea","Samanea",1,"dinklagei","dinklagei",1,"","",NA,"","",NA,"","",NA,"","","https://powo.science.kew.org/taxon/urn:lsid:ipni.org:names:517861-1","","Y","Synonym","Osodendron dinklagei","Osodendron dinklagei","(Harms) E.J.M.Koenen","1491344","species","https://powo.science.kew.org/taxon/urn:lsid:ipni.org:names:77303840-1","","Fabaceae","1","1","wcvp","0",""
"415","Schleinitzia insularum",1,"189904","Schleinitzia insularum",1,"species","","",NA,"(Guill.) Burkart","Fabaceae","Schleinitzia","Schleinitzia",1,"insularum","insularum",1,"","",NA,"","",NA,"","",NA,"","","https://powo.science.kew.org/taxon/urn:lsid:ipni.org:names:517993-1","","Y","Accepted","Schleinitzia insularum","Schleinitzia insularum","(Guill.) Burkart","189904","species","https://powo.science.kew.org/taxon/urn:lsid:ipni.org:names:517993-1","","Fabaceae","1","1","wcvp","0",""
"416","Senegalia alemquerensis",1,"1262205","Senegalia alemquerensis",1,"species","","",NA,"(Huber) Seigler & Ebinger","Fabaceae","Senegalia","Senegalia",1,"alemquerensis","alemquerensis",1,"","",NA,"","",NA,"","",NA,"","","https://powo.science.kew.org/taxon/urn:lsid:ipni.org:names:60445195-2","","Y","Accepted","Senegalia alemquerensis","Senegalia alemquerensis","(Huber) Seigler & Ebinger","1262205","species","https://powo.science.kew.org/taxon/urn:lsid:ipni.org:names:60445195-2","","Fabaceae","1","1","wcvp","0",""
"417","Senegalia altiscandens",1,"1262206","Senegalia altiscandens",1,"species","","",NA,"(Ducke) Seigler & Ebinger","Fabaceae","Senegalia","Senegalia",1,"altiscandens","altiscandens",1,"","",NA,"","",NA,"","",NA,"","","https://powo.science.kew.org/taxon/urn:lsid:ipni.org:names:60445194-2","","Y","Accepted","Senegalia altiscandens","Senegalia altiscandens","(Ducke) Seigler & Ebinger","1262206","species","https://powo.science.kew.org/taxon/urn:lsid:ipni.org:names:60445194-2","","Fabaceae","1","1","wcvp","0",""
"418","Senegalia amazonica",1,"1262207","Senegalia amazonica",1,"species","","",NA,"(Benth.) Seigler & Ebinger","Fabaceae","Senegalia","Senegalia",1,"amazonica","amazonica",1,"","",NA,"","",NA,"","",NA,"","","https://powo.science.kew.org/taxon/urn:lsid:ipni.org:names:60445196-2","","Y","Accepted","Senegalia amazonica","Senegalia amazonica","(Benth.) Seigler & Ebinger","1262207","species","https://powo.science.kew.org/taxon/urn:lsid:ipni.org:names:60445196-2","","Fabaceae","1","1","wcvp","0",""
"419","Senegalia bahiensis",1,"1430912","Senegalia bahiensis",1,"species","","",NA,"(Benth.) Bocage & L.P.Queiroz","Fabaceae","Senegalia","Senegalia",1,"bahiensis","bahiensis",1,"","",NA,"","",NA,"","",NA,"","","https://powo.science.kew.org/taxon/urn:lsid:ipni.org:names:77085266-1","","Y","Accepted","Senegalia bahiensis","Senegalia bahiensis","(Benth.) Bocage & L.P.Queiroz","1430912","species","https://powo.science.kew.org/taxon/urn:lsid:ipni.org:names:77085266-1","","Fabaceae","1","1","wcvp","0",""
"420","Senegalia emilioana",1,"1262211","Senegalia emilioana",1,"species","","",NA,"(Fortunato & Ciald.) Seigler & Ebinger","Fabaceae","Senegalia","Senegalia",1,"emilioana","emilioana",1,"","",NA,"","",NA,"","",NA,"","","https://powo.science.kew.org/taxon/urn:lsid:ipni.org:names:60445200-2","","Y","Accepted","Senegalia emilioana","Senegalia emilioana","(Fortunato & Ciald.) Seigler & Ebinger","1262211","species","https://powo.science.kew.org/taxon/urn:lsid:ipni.org:names:60445200-2","","Fabaceae","1","1","wcvp","0",""
"421","Senegalia etilis",1,"1262212","Senegalia etilis",1,"species","","",NA,"(Speg.) Seigler & Ebinger","Fabaceae","Senegalia","Senegalia",1,"etilis","etilis",1,"","",NA,"","",NA,"","",NA,"","","https://powo.science.kew.org/taxon/urn:lsid:ipni.org:names:60445201-2","","Y","Accepted","Senegalia etilis","Senegalia etilis","(Speg.) Seigler & Ebinger","1262212","species","https://powo.science.kew.org/taxon/urn:lsid:ipni.org:names:60445201-2","","Fabaceae","1","1","wcvp","0",""
"422","Senegalia feddeana",1,"1262213","Senegalia feddeana",1,"species","","",NA,"(Harms) Seigler & Ebinger","Fabaceae","Senegalia","Senegalia",1,"feddeana","feddeana",1,"","",NA,"","",NA,"","",NA,"","","https://powo.science.kew.org/taxon/urn:lsid:ipni.org:names:60445202-2","","Y","Synonym","Pseudosenegalia feddeana","Pseudosenegalia feddeana","(Harms) Seigler & Ebinger","1373528","species","https://powo.science.kew.org/taxon/urn:lsid:ipni.org:names:77175807-1","","Fabaceae","1","1","wcvp","0",""
"423","Senegalia gilliesii",1,"1262216","Senegalia gilliesii",1,"species","","",NA,"(Steud.) Seigler & Ebinger","Fabaceae","Senegalia","Senegalia",1,"gilliesii","gilliesii",1,"","",NA,"","",NA,"","",NA,"","","https://powo.science.kew.org/taxon/urn:lsid:ipni.org:names:60445205-2","","Y","Accepted","Senegalia gilliesii","Senegalia gilliesii","(Steud.) Seigler & Ebinger","1262216","species","https://powo.science.kew.org/taxon/urn:lsid:ipni.org:names:60445205-2","","Fabaceae","1","1","wcvp","0",""
"424","Senegalia kuhlmannii",1,"1262221","Senegalia kuhlmannii",1,"species","","",NA,"(Ducke) Seigler & Ebinger","Fabaceae","Senegalia","Senegalia",1,"kuhlmannii","kuhlmannii",1,"","",NA,"","",NA,"","",NA,"","","https://powo.science.kew.org/taxon/urn:lsid:ipni.org:names:60445210-2","","Y","Accepted","Senegalia kuhlmannii","Senegalia kuhlmannii","(Ducke) Seigler & Ebinger","1262221","species","https://powo.science.kew.org/taxon/urn:lsid:ipni.org:names:60445210-2","","Fabaceae","1","1","wcvp","0",""
"425","Senegalia lacerans",1,"1262222","Senegalia lacerans",1,"species","","",NA,"(Benth.) Seigler & Ebinger","Fabaceae","Senegalia","Senegalia",1,"lacerans","lacerans",1,"","",NA,"","",NA,"","",NA,"","","https://powo.science.kew.org/taxon/urn:lsid:ipni.org:names:60445211-2","","Y","Accepted","Senegalia lacerans","Senegalia lacerans","(Benth.) Seigler & Ebinger","1262222","species","https://powo.science.kew.org/taxon/urn:lsid:ipni.org:names:60445211-2","","Fabaceae","1","1","wcvp","0",""
"426","Senegalia langsdorffii",1,"1430914","Senegalia langsdorffii",1,"species","","",NA,"(Benth.) Bocage & L.P.Queiroz","Fabaceae","Senegalia","Senegalia",1,"langsdorffii","langsdorffii",1,"","",NA,"","",NA,"","",NA,"","","https://powo.science.kew.org/taxon/urn:lsid:ipni.org:names:77085268-1","","Y","Accepted","Senegalia langsdorffii","Senegalia langsdorffii","(Benth.) Bocage & L.P.Queiroz","1430914","species","https://powo.science.kew.org/taxon/urn:lsid:ipni.org:names:77085268-1","","Fabaceae","1","1","wcvp","0",""
"427","Senegalia loretensis",1,"1262225","Senegalia loretensis",1,"species","","",NA,"(J.F.Macbr.) Seigler & Ebinger","Fabaceae","Senegalia","Senegalia",1,"loretensis","loretensis",1,"","",NA,"","",NA,"","",NA,"","","https://powo.science.kew.org/taxon/urn:lsid:ipni.org:names:60445214-2","","Y","Accepted","Senegalia loretensis","Senegalia loretensis","(J.F.Macbr.) Seigler & Ebinger","1262225","species","https://powo.science.kew.org/taxon/urn:lsid:ipni.org:names:60445214-2","","Fabaceae","1","1","wcvp","0",""
"428","Senegalia mattogrossensis",1,"1262230","Senegalia mattogrossensis",1,"species","","",NA,"(Malme) Seigler & Ebinger","Fabaceae","Senegalia","Senegalia",1,"mattogrossensis","mattogrossensis",1,"","",NA,"","",NA,"","",NA,"","","https://powo.science.kew.org/taxon/urn:lsid:ipni.org:names:60445219-2","","Y","Accepted","Senegalia mattogrossensis","Senegalia mattogrossensis","(Malme) Seigler & Ebinger","1262230","species","https://powo.science.kew.org/taxon/urn:lsid:ipni.org:names:60445219-2","","Fabaceae","1","1","wcvp","0",""
"429","Senegalia miersii",1,"1262231","Senegalia miersii",1,"species","","",NA,"(Benth.) Seigler & Ebinger","Fabaceae","Senegalia","Senegalia",1,"miersii","miersii",1,"","",NA,"","",NA,"","",NA,"","","https://powo.science.kew.org/taxon/urn:lsid:ipni.org:names:60445222-2","","Y","Synonym","Parasenegalia miersii","Parasenegalia miersii","(Benth.) Seigler & Ebinger","1385825","species","https://powo.science.kew.org/taxon/urn:lsid:ipni.org:names:77194266-1","","Fabaceae","1","1","wcvp","0",""
"430","Senegalia nitidifolia",1,"1262236","Senegalia nitidifolia",1,"species","","",NA,"(Speg.) Seigler & Ebinger","Fabaceae","Senegalia","Senegalia",1,"nitidifolia","nitidifolia",1,"","",NA,"","",NA,"","",NA,"","","https://powo.science.kew.org/taxon/urn:lsid:ipni.org:names:60445227-2","","Y","Accepted","Senegalia nitidifolia","Senegalia nitidifolia","(Speg.) Seigler & Ebinger","1262236","species","https://powo.science.kew.org/taxon/urn:lsid:ipni.org:names:60445227-2","","Fabaceae","1","1","wcvp","0",""
"431","Senegalia paraensis",1,"1262238","Senegalia paraensis",1,"species","","",NA,"(Ducke) Seigler & Ebinger","Fabaceae","Senegalia","Senegalia",1,"paraensis","paraensis",1,"","",NA,"","",NA,"","",NA,"","","https://powo.science.kew.org/taxon/urn:lsid:ipni.org:names:60445402-2","","Y","Accepted","Senegalia paraensis","Senegalia paraensis","(Ducke) Seigler & Ebinger","1262238","species","https://powo.science.kew.org/taxon/urn:lsid:ipni.org:names:60445402-2","","Fabaceae","1","1","wcvp","0",""
"432","Senegalia parviceps",1,"1262239","Senegalia parviceps",1,"species","","",NA,"(Speg.) Seigler & Ebinger","Fabaceae","Senegalia","Senegalia",1,"parviceps","parviceps",1,"","",NA,"","",NA,"","",NA,"","","https://powo.science.kew.org/taxon/urn:lsid:ipni.org:names:60445403-2","","Y","Accepted","Senegalia parviceps","Senegalia parviceps","(Speg.) Seigler & Ebinger","1262239","species","https://powo.science.kew.org/taxon/urn:lsid:ipni.org:names:60445403-2","","Fabaceae","1","1","wcvp","0",""
"433","Senegalia polyphylla",1,"181884","Senegalia polyphylla",1,"species","","",NA,"(DC.) Britton & Rose","Fabaceae","Senegalia","Senegalia",1,"polyphylla","polyphylla",1,"","",NA,"","",NA,"","",NA,"","","https://powo.science.kew.org/taxon/urn:lsid:ipni.org:names:518289-1","","Y","Accepted","Senegalia polyphylla","Senegalia polyphylla","(DC.) Britton & Rose","181884","species","https://powo.science.kew.org/taxon/urn:lsid:ipni.org:names:518289-1","","Fabaceae","1","1","wcvp","0",""
"434","Senegalia praecox",1,"1262244","Senegalia praecox",1,"species","","",NA,"(Griseb.) Seigler & Ebinger","Fabaceae","Senegalia","Senegalia",1,"praecox","praecox",1,"","",NA,"","",NA,"","",NA,"","","https://powo.science.kew.org/taxon/urn:lsid:ipni.org:names:60445407-2","","Y","Accepted","Senegalia praecox","Senegalia praecox","(Griseb.) Seigler & Ebinger","1262244","species","https://powo.science.kew.org/taxon/urn:lsid:ipni.org:names:60445407-2","","Fabaceae","1","1","wcvp","0",""
"435","Senegalia pteridifolia",1,"1262245","Senegalia pteridifolia",1,"species","","",NA,"(Benth.) Seigler & Ebinger","Fabaceae","Senegalia","Senegalia",1,"pteridifolia","pteridifolia",1,"","",NA,"","",NA,"","",NA,"","","https://powo.science.kew.org/taxon/urn:lsid:ipni.org:names:60445408-2","","Y","Accepted","Senegalia pteridifolia","Senegalia pteridifolia","(Benth.) Seigler & Ebinger","1262245","species","https://powo.science.kew.org/taxon/urn:lsid:ipni.org:names:60445408-2","","Fabaceae","1","1","wcvp","0",""
"436","Senegalia rhytidocarpa",1,"1022305","Senegalia rhytidocarpa",1,"species","","",NA,"(L.Rico) Seigler & Ebinger","Fabaceae","Senegalia","Senegalia",1,"rhytidocarpa","rhytidocarpa",1,"","",NA,"","",NA,"","",NA,"","","https://powo.science.kew.org/taxon/urn:lsid:ipni.org:names:60451313-2","","Y","Accepted","Senegalia rhytidocarpa","Senegalia rhytidocarpa","(L.Rico) Seigler & Ebinger","1022305","species","https://powo.science.kew.org/taxon/urn:lsid:ipni.org:names:60451313-2","","Fabaceae","1","1","wcvp","0",""
"437","Senegalia skleroxyla",1,"1022553","Senegalia skleroxyla",1,"species","","",NA,"(Tussac) Seigler & Ebinger","Fabaceae","Senegalia","Senegalia",1,"skleroxyla","skleroxyla",1,"","",NA,"","",NA,"","",NA,"","","https://powo.science.kew.org/taxon/urn:lsid:ipni.org:names:60451316-2","","Y","Synonym","Parasenegalia skleroxyla","Parasenegalia skleroxyla","(Tussac) Seigler & Ebinger","1373527","species","https://powo.science.kew.org/taxon/urn:lsid:ipni.org:names:77175803-1","","Fabaceae","1","1","wcvp","0",""
"438","Senegalia velutina",1,"1430918","Senegalia velutina",1,"species","","",NA,"(DC.) Bocage & L.P.Queiroz","Fabaceae","Senegalia","Senegalia",1,"velutina","velutina",1,"","",NA,"","",NA,"","",NA,"","","https://powo.science.kew.org/taxon/urn:lsid:ipni.org:names:77085273-1","","Y","Accepted","Senegalia velutina","Senegalia velutina","(DC.) Bocage & L.P.Queiroz","1430918","species","https://powo.science.kew.org/taxon/urn:lsid:ipni.org:names:77085273-1","","Fabaceae","1","1","wcvp","0",""
"439","Senegalia visco",1,"1262258","Senegalia visco",1,"species","","",NA,"(Lorentz ex Griseb.) Seigler & Ebinger","Fabaceae","Senegalia","Senegalia",1,"visco","visco",1,"","",NA,"","",NA,"","",NA,"","","https://powo.science.kew.org/taxon/urn:lsid:ipni.org:names:60445421-2","","Y","Synonym","Parasenegalia visco","Parasenegalia visco","(Lorentz ex Griseb.) Seigler & Ebinger","1373530","species","https://powo.science.kew.org/taxon/urn:lsid:ipni.org:names:77175804-1","","Fabaceae","1","1","wcvp","0",""
"440","Serianthes grandiflora",1,"183346","Serianthes grandiflora",1,"species","","",NA,"Benth.","Fabaceae","Serianthes","Serianthes",1,"grandiflora","grandiflora",1,"","",NA,"","",NA,"","",NA,"","","https://powo.science.kew.org/taxon/urn:lsid:ipni.org:names:518385-1","","Y","Accepted","Serianthes grandiflora","Serianthes grandiflora","Benth.","183346","species","https://powo.science.kew.org/taxon/urn:lsid:ipni.org:names:518385-1","","Fabaceae","1","1","wcvp","0",""
"441","Stryphnodendron adstringens",1,"162135","Stryphnodendron adstringens",1,"species","","",NA,"(Mart.) Coville","Fabaceae","Stryphnodendron","Stryphnodendron",1,"adstringens","adstringens",1,"","",NA,"","",NA,"","",NA,"","","https://powo.science.kew.org/taxon/urn:lsid:ipni.org:names:519615-1","","Y","Accepted","Stryphnodendron adstringens","Stryphnodendron adstringens","(Mart.) Coville","162135","species","https://powo.science.kew.org/taxon/urn:lsid:ipni.org:names:519615-1","","Fabaceae","1","1","wcvp","0",""
"442","Stryphnodendron guianense",1,"164437","Stryphnodendron guianense",1,"species","","",NA,"(Aubl.) Benth.","Fabaceae","Stryphnodendron","Stryphnodendron",1,"guianense","guianense",1,"","",NA,"","",NA,"","",NA,"","","https://powo.science.kew.org/taxon/urn:lsid:ipni.org:names:519631-1","","Y","Accepted","Stryphnodendron guianense","Stryphnodendron guianense","(Aubl.) Benth.","164437","species","https://powo.science.kew.org/taxon/urn:lsid:ipni.org:names:519631-1","","Fabaceae","1","1","wcvp","0",""
"443","Stryphnodendron microstachyum",1,"179742","Stryphnodendron microstachyum",1,"species","","",NA,"Poepp.","Fabaceae","Stryphnodendron","Stryphnodendron",1,"microstachyum","microstachyum",1,"","",NA,"","",NA,"","",NA,"","","https://powo.science.kew.org/taxon/urn:lsid:ipni.org:names:519636-1","","Y","Accepted","Stryphnodendron microstachyum","Stryphnodendron microstachyum","Poepp.","179742","species","https://powo.science.kew.org/taxon/urn:lsid:ipni.org:names:519636-1","","Fabaceae","1","1","wcvp","0",""
"444","Stryphnodendron polyphyllum",1,"172081","Stryphnodendron polyphyllum",1,"species","","",NA,"Mart.","Fabaceae","Stryphnodendron","Stryphnodendron",1,"polyphyllum","polyphyllum",1,"","",NA,"","",NA,"","",NA,"","","https://powo.science.kew.org/taxon/urn:lsid:ipni.org:names:519641-1","","Y","Accepted","Stryphnodendron polyphyllum","Stryphnodendron polyphyllum","Mart.","172081","species","https://powo.science.kew.org/taxon/urn:lsid:ipni.org:names:519641-1","","Fabaceae","1","1","wcvp","0",""
"445","Stryphnodendron pulcherrimum",1,"162141","Stryphnodendron pulcherrimum",1,"species","","",NA,"(Willd.) Hochr.","Fabaceae","Stryphnodendron","Stryphnodendron",1,"pulcherrimum","pulcherrimum",1,"","",NA,"","",NA,"","",NA,"","","https://powo.science.kew.org/taxon/urn:lsid:ipni.org:names:519643-1","","Y","Accepted","Stryphnodendron pulcherrimum","Stryphnodendron pulcherrimum","(Willd.) Hochr.","162141","species","https://powo.science.kew.org/taxon/urn:lsid:ipni.org:names:519643-1","","Fabaceae","1","1","wcvp","0",""
"446","Stryphnodendron rotundifolium",1,"179743","Stryphnodendron rotundifolium",1,"species","","",NA,"Mart.","Fabaceae","Stryphnodendron","Stryphnodendron",1,"rotundifolium","rotundifolium",1,"","",NA,"","",NA,"","",NA,"","","https://powo.science.kew.org/taxon/urn:lsid:ipni.org:names:519648-1","","Y","Accepted","Stryphnodendron rotundifolium","Stryphnodendron rotundifolium","Mart.","179743","species","https://powo.science.kew.org/taxon/urn:lsid:ipni.org:names:519648-1","","Fabaceae","1","1","wcvp","0",""
"447","Tetrapleura chevalieri",1,"169100","Tetrapleura chevalieri",1,"species","","",NA,"(Harms) Baker f.","Fabaceae","Tetrapleura","Tetrapleura",1,"chevalieri","chevalieri",1,"","",NA,"","",NA,"","",NA,"","","https://powo.science.kew.org/taxon/urn:lsid:ipni.org:names:521130-1","","Y","Accepted","Tetrapleura chevalieri","Tetrapleura chevalieri","(Harms) Baker f.","169100","species","https://powo.science.kew.org/taxon/urn:lsid:ipni.org:names:521130-1","","Fabaceae","1","1","wcvp","0",""
"448","Tetrapleura tetraptera",1,"169205","Tetrapleura tetraptera",1,"species","","",NA,"(Schumach. & Thonn.) Taub.","Fabaceae","Tetrapleura","Tetrapleura",1,"tetraptera","tetraptera",1,"","",NA,"","",NA,"","",NA,"","","https://powo.science.kew.org/taxon/urn:lsid:ipni.org:names:521134-1","","Y","Accepted","Tetrapleura tetraptera","Tetrapleura tetraptera","(Schumach. & Thonn.) Taub.","169205","species","https://powo.science.kew.org/taxon/urn:lsid:ipni.org:names:521134-1","","Fabaceae","1","1","wcvp","0",""
"449","Tetrapterocarpon geayi",1,"190119","Tetrapterocarpon geayi",1,"species","","",NA,"Humbert","Fabaceae","Tetrapterocarpon","Tetrapterocarpon",1,"geayi","geayi",1,"","",NA,"","",NA,"","",NA,"","","https://powo.science.kew.org/taxon/urn:lsid:ipni.org:names:521136-1","","Y","Accepted","Tetrapterocarpon geayi","Tetrapterocarpon geayi","Humbert","190119","species","https://powo.science.kew.org/taxon/urn:lsid:ipni.org:names:521136-1","","Fabaceae","1","1","wcvp","0",""
"450","Tetrapterocarpon septentrionalis",0.97740698358165,"408465","Tetrapterocarpon septentrionale",0.97740698358165,"species","","",NA,"Du Puy & R.Rabev.","Fabaceae","Tetrapterocarpon","Tetrapterocarpon",1,"septentrionalis","septentrionale",0.86666666666667,"","",NA,"","",NA,"","",NA,"","","https://powo.science.kew.org/taxon/urn:lsid:ipni.org:names:20004546-1","","","Accepted","Tetrapterocarpon septentrionale","Tetrapterocarpon septentrionale","Du Puy & R.Rabev.","408465","species","https://powo.science.kew.org/taxon/urn:lsid:ipni.org:names:20004546-1","","Fabaceae","1","1","wcvp","0",""
"451","Vachellia campeachiana",1,"1260368","Vachellia campeachiana",1,"species","","",NA,"(Mill.) Seigler & Ebinger","Fabaceae","Vachellia","Vachellia",1,"campeachiana","campeachiana",1,"","",NA,"","",NA,"","",NA,"","","https://powo.science.kew.org/taxon/urn:lsid:ipni.org:names:60441199-2","","Y","Accepted","Vachellia campeachiana","Vachellia campeachiana","(Mill.) Seigler & Ebinger","1260368","species","https://powo.science.kew.org/taxon/urn:lsid:ipni.org:names:60441199-2","","Fabaceae","1","1","wcvp","0",""
"452","Vachellia caven",1,"1260371","Vachellia caven",1,"species","","",NA,"(Molina) Seigler & Ebinger","Fabaceae","Vachellia","Vachellia",1,"caven","caven",1,"","",NA,"","",NA,"","",NA,"","","https://powo.science.kew.org/taxon/urn:lsid:ipni.org:names:60441202-2","","Y","Accepted","Vachellia caven","Vachellia caven","(Molina) Seigler & Ebinger","1260371","species","https://powo.science.kew.org/taxon/urn:lsid:ipni.org:names:60441202-2","","Fabaceae","1","1","wcvp","0",""
"453","Vachellia collinsii",1,"1260375","Vachellia collinsii",1,"species","","",NA,"(Saff.) Seigler & Ebinger","Fabaceae","Vachellia","Vachellia",1,"collinsii","collinsii",1,"","",NA,"","",NA,"","",NA,"","","https://powo.science.kew.org/taxon/urn:lsid:ipni.org:names:60441206-2","","Y","Accepted","Vachellia collinsii","Vachellia collinsii","(Saff.) Seigler & Ebinger","1260375","species","https://powo.science.kew.org/taxon/urn:lsid:ipni.org:names:60441206-2","","Fabaceae","1","1","wcvp","0",""
"454","Vachellia cookii",1,"1260377","Vachellia cookii",1,"species","","",NA,"(Saff.) Seigler & Ebinger","Fabaceae","Vachellia","Vachellia",1,"cookii","cookii",1,"","",NA,"","",NA,"","",NA,"","","https://powo.science.kew.org/taxon/urn:lsid:ipni.org:names:60441208-2","","Y","Accepted","Vachellia cookii","Vachellia cookii","(Saff.) Seigler & Ebinger","1260377","species","https://powo.science.kew.org/taxon/urn:lsid:ipni.org:names:60441208-2","","Fabaceae","1","1","wcvp","0",""
"455","Vachellia cornigera",1,"1260378","Vachellia cornigera",1,"species","","",NA,"(L.) Seigler & Ebinger","Fabaceae","Vachellia","Vachellia",1,"cornigera","cornigera",1,"","",NA,"","",NA,"","",NA,"","","https://powo.science.kew.org/taxon/urn:lsid:ipni.org:names:60441209-2","","Y","Accepted","Vachellia cornigera","Vachellia cornigera","(L.) Seigler & Ebinger","1260378","species","https://powo.science.kew.org/taxon/urn:lsid:ipni.org:names:60441209-2","","Fabaceae","1","1","wcvp","0",""
"456","Vachellia guanacastensis",1,"1260390","Vachellia guanacastensis",1,"species","","",NA,"(H.D.Clarke, Seigler & Ebinger) Seigler & Ebinger","Fabaceae","Vachellia","Vachellia",1,"guanacastensis","guanacastensis",1,"","",NA,"","",NA,"","",NA,"","","https://powo.science.kew.org/taxon/urn:lsid:ipni.org:names:60441219-2","","Y","Accepted","Vachellia guanacastensis","Vachellia guanacastensis","(H.D.Clarke, Seigler & Ebinger) Seigler & Ebinger","1260390","species","https://powo.science.kew.org/taxon/urn:lsid:ipni.org:names:60441219-2","","Fabaceae","1","1","wcvp","0",""
"457","Vachellia macracantha",1,"1260394","Vachellia macracantha",1,"species","","",NA,"(Humb. & Bonpl. ex Willd.) Seigler & Ebinger","Fabaceae","Vachellia","Vachellia",1,"macracantha","macracantha",1,"","",NA,"","",NA,"","",NA,"","","https://powo.science.kew.org/taxon/urn:lsid:ipni.org:names:60441223-2","","Y","Accepted","Vachellia macracantha","Vachellia macracantha","(Humb. & Bonpl. ex Willd.) Seigler & Ebinger","1260394","species","https://powo.science.kew.org/taxon/urn:lsid:ipni.org:names:60441223-2","","Fabaceae","1","1","wcvp","0",""
"458","Vachellia ruddiae",1,"1260409","Vachellia ruddiae",1,"species","","",NA,"(D.H.Janzen) Seigler & Ebinger","Fabaceae","Vachellia","Vachellia",1,"ruddiae","ruddiae",1,"","",NA,"","",NA,"","",NA,"","","https://powo.science.kew.org/taxon/urn:lsid:ipni.org:names:60441235-2","","Y","Accepted","Vachellia ruddiae","Vachellia ruddiae","(D.H.Janzen) Seigler & Ebinger","1260409","species","https://powo.science.kew.org/taxon/urn:lsid:ipni.org:names:60441235-2","","Fabaceae","1","1","wcvp","0",""
"459","Viguieranthus ambongensis",1,"192795","Viguieranthus ambongensis",1,"species","","",NA,"(R.Vig.) Villiers","Fabaceae","Viguieranthus","Viguieranthus",1,"ambongensis","ambongensis",1,"","",NA,"","",NA,"","",NA,"","","https://powo.science.kew.org/taxon/urn:lsid:ipni.org:names:20004631-1","","Y","Accepted","Viguieranthus ambongensis","Viguieranthus ambongensis","(R.Vig.) Villiers","192795","species","https://powo.science.kew.org/taxon/urn:lsid:ipni.org:names:20004631-1","","Fabaceae","1","1","wcvp","0",""
"460","Viguieranthus cylindricostachys",1,"192799","Viguieranthus cylindricostachys",1,"species","","",NA,"Villiers","Fabaceae","Viguieranthus","Viguieranthus",1,"cylindricostachys","cylindricostachys",1,"","",NA,"","",NA,"","",NA,"","","https://powo.science.kew.org/taxon/urn:lsid:ipni.org:names:20004633-1","","Y","Accepted","Viguieranthus cylindricostachys","Viguieranthus cylindricostachys","Villiers","192799","species","https://powo.science.kew.org/taxon/urn:lsid:ipni.org:names:20004633-1","","Fabaceae","1","1","wcvp","0",""
"461","Viguieranthus densinervus",1,"192800","Viguieranthus densinervus",1,"species","","",NA,"Villiers","Fabaceae","Viguieranthus","Viguieranthus",1,"densinervus","densinervus",1,"","",NA,"","",NA,"","",NA,"","","https://powo.science.kew.org/taxon/urn:lsid:ipni.org:names:20004634-1","","Y","Accepted","Viguieranthus densinervus","Viguieranthus densinervus","Villiers","192800","species","https://powo.science.kew.org/taxon/urn:lsid:ipni.org:names:20004634-1","","Fabaceae","1","1","wcvp","0",""
"462","Viguieranthus glaber",1,"192802","Viguieranthus glaber",1,"species","","",NA,"Villiers","Fabaceae","Viguieranthus","Viguieranthus",1,"glaber","glaber",1,"","",NA,"","",NA,"","",NA,"","","https://powo.science.kew.org/taxon/urn:lsid:ipni.org:names:20004636-1","","Y","Accepted","Viguieranthus glaber","Viguieranthus glaber","Villiers","192802","species","https://powo.science.kew.org/taxon/urn:lsid:ipni.org:names:20004636-1","","Fabaceae","1","1","wcvp","0",""
"463","Viguieranthus glandulosus",1,"192803","Viguieranthus glandulosus",1,"species","","",NA,"Villiers","Fabaceae","Viguieranthus","Viguieranthus",1,"glandulosus","glandulosus",1,"","",NA,"","",NA,"","",NA,"","","https://powo.science.kew.org/taxon/urn:lsid:ipni.org:names:20004637-1","","Y","Accepted","Viguieranthus glandulosus","Viguieranthus glandulosus","Villiers","192803","species","https://powo.science.kew.org/taxon/urn:lsid:ipni.org:names:20004637-1","","Fabaceae","1","1","wcvp","0",""
"464","Wallaceodendron celebicum",1,"190094","Wallaceodendron celebicum",1,"species","","",NA,"Koord.","Fabaceae","Wallaceodendron","Wallaceodendron",1,"celebicum","celebicum",1,"","",NA,"","",NA,"","",NA,"","","https://powo.science.kew.org/taxon/urn:lsid:ipni.org:names:525695-1","","Y","Accepted","Wallaceodendron celebicum","Wallaceodendron celebicum","Koord.","190094","species","https://powo.science.kew.org/taxon/urn:lsid:ipni.org:names:525695-1","","Fabaceae","1","1","wcvp","0",""
"465","Xerocladia viridiramis",1,"169306","Xerocladia viridiramis",1,"species","","",NA,"(Burch.) Taub.","Fabaceae","Xerocladia","Xerocladia",1,"viridiramis","viridiramis",1,"","",NA,"","",NA,"","",NA,"","","https://powo.science.kew.org/taxon/urn:lsid:ipni.org:names:525834-1","","Y","Accepted","Xerocladia viridiramis","Xerocladia viridiramis","(Burch.) Taub.","169306","species","https://powo.science.kew.org/taxon/urn:lsid:ipni.org:names:525834-1","","Fabaceae","1","1","wcvp","0",""
"466","Xylia fraterna",1,"1048531","Xylia fraterna",1,"species","","",NA,"(Vatke) Drake","Fabaceae","Xylia","Xylia",1,"fraterna","fraterna",1,"","",NA,"","",NA,"","",NA,"","","https://powo.science.kew.org/taxon/urn:lsid:ipni.org:names:525855-1","","Y","Accepted","Xylia fraterna","Xylia fraterna","(Vatke) Drake","1048531","species","https://powo.science.kew.org/taxon/urn:lsid:ipni.org:names:525855-1","","Fabaceae","1","1","wcvp","0",""
"467","Xylia hoffmannii",1,"192679","Xylia hoffmannii",1,"species","","",NA,"(Vatke) Drake","Fabaceae","Xylia","Xylia",1,"hoffmannii","hoffmannii",1,"","",NA,"","",NA,"","",NA,"","","https://powo.science.kew.org/taxon/urn:lsid:ipni.org:names:525859-1","","Y","Accepted","Xylia hoffmannii","Xylia hoffmannii","(Vatke) Drake","192679","species","https://powo.science.kew.org/taxon/urn:lsid:ipni.org:names:525859-1","","Fabaceae","1","1","wcvp","0",""
"468","Xylia xylocarpa",1,"170130","Xylia xylocarpa",1,"species","","",NA,"(Roxb.) W.Theob.","Fabaceae","Xylia","Xylia",1,"xylocarpa","xylocarpa",1,"","",NA,"","",NA,"","",NA,"","","https://powo.science.kew.org/taxon/urn:lsid:ipni.org:names:941653-1","","Y","Accepted","Xylia xylocarpa","Xylia xylocarpa","(Roxb.) W.Theob.","170130","species","https://powo.science.kew.org/taxon/urn:lsid:ipni.org:names:941653-1","","Fabaceae","1","1","wcvp","0",""
"469","Zapoteca alinae",1,"182266","Zapoteca alinae",1,"species","","",NA,"H.M.Hern.","Fabaceae","Zapoteca","Zapoteca",1,"alinae","alinae",1,"","",NA,"","",NA,"","",NA,"","","https://powo.science.kew.org/taxon/urn:lsid:ipni.org:names:287162-2","","Y","Accepted","Zapoteca alinae","Zapoteca alinae","H.M.Hern.","182266","species","https://powo.science.kew.org/taxon/urn:lsid:ipni.org:names:287162-2","","Fabaceae","1","1","wcvp","0",""
"470","Zapoteca caracasana",1,"177048","Zapoteca caracasana",1,"species","","",NA,"(Jacq.) H.M.Hern.","Fabaceae","Zapoteca","Zapoteca",1,"caracasana","caracasana",1,"","",NA,"","",NA,"","",NA,"","","https://powo.science.kew.org/taxon/urn:lsid:ipni.org:names:287164-2","","Y","Accepted","Zapoteca caracasana","Zapoteca caracasana","(Jacq.) H.M.Hern.","177048","species","https://powo.science.kew.org/taxon/urn:lsid:ipni.org:names:287164-2","","Fabaceae","1","1","wcvp","0",""
"471","Zapoteca lambertiana",1,"177050","Zapoteca lambertiana",1,"species","","",NA,"(G.Don) H.M.Hern.","Fabaceae","Zapoteca","Zapoteca",1,"lambertiana","lambertiana",1,"","",NA,"","",NA,"","",NA,"","","https://powo.science.kew.org/taxon/urn:lsid:ipni.org:names:287174-2","","Y","Accepted","Zapoteca lambertiana","Zapoteca lambertiana","(G.Don) H.M.Hern.","177050","species","https://powo.science.kew.org/taxon/urn:lsid:ipni.org:names:287174-2","","Fabaceae","1","1","wcvp","0",""
"472","Zapoteca media",1,"182310","Zapoteca media",1,"species","","",NA,"(M.Martens & Galeotti) H.M.Hern.","Fabaceae","Zapoteca","Zapoteca",1,"media","media",1,"","",NA,"","",NA,"","",NA,"","","https://powo.science.kew.org/taxon/urn:lsid:ipni.org:names:287175-2","","Y","Accepted","Zapoteca media","Zapoteca media","(M.Martens & Galeotti) H.M.Hern.","182310","species","https://powo.science.kew.org/taxon/urn:lsid:ipni.org:names:287175-2","","Fabaceae","1","1","wcvp","0",""
"473","Zapoteca portoricensis",1,"177053","Zapoteca portoricensis",1,"species","","",NA,"(Jacq.) H.M.Hern.","Fabaceae","Zapoteca","Zapoteca",1,"portoricensis","portoricensis",1,"","",NA,"","",NA,"","",NA,"","","https://powo.science.kew.org/taxon/urn:lsid:ipni.org:names:943976-1","","Y","Accepted","Zapoteca portoricensis","Zapoteca portoricensis","(Jacq.) H.M.Hern.","177053","species","https://powo.science.kew.org/taxon/urn:lsid:ipni.org:names:943976-1","","Fabaceae","1","1","wcvp","0",""
"474","Zapoteca ravenii",1,"184384","Zapoteca ravenii",1,"species","","",NA,"H.M.Hern.","Fabaceae","Zapoteca","Zapoteca",1,"ravenii","ravenii",1,"","",NA,"","",NA,"","",NA,"","","https://powo.science.kew.org/taxon/urn:lsid:ipni.org:names:287182-2","","Y","Accepted","Zapoteca ravenii","Zapoteca ravenii","H.M.Hern.","184384","species","https://powo.science.kew.org/taxon/urn:lsid:ipni.org:names:287182-2","","Fabaceae","1","1","wcvp","0",""
"475","Zapoteca tetragona",1,"177047","Zapoteca tetragona",1,"species","","",NA,"(Willd.) H.M.Hern.","Fabaceae","Zapoteca","Zapoteca",1,"tetragona","tetragona",1,"","",NA,"","",NA,"","",NA,"","","https://powo.science.kew.org/taxon/urn:lsid:ipni.org:names:287185-2","","Y","Accepted","Zapoteca tetragona","Zapoteca tetragona","(Willd.) H.M.Hern.","177047","species","https://powo.science.kew.org/taxon/urn:lsid:ipni.org:names:287185-2","","Fabaceae","1","1","wcvp","0",""
"476","Zygia recordii",1,"1039530","Zygia recordii",1,"species","","",NA,"Britton & Rose","Fabaceae","Zygia","Zygia",1,"recordii","recordii",1,"","",NA,"","",NA,"","",NA,"","","https://powo.science.kew.org/taxon/urn:lsid:ipni.org:names:271438-2","","Y","Synonym","Zygia conzattii","Zygia conzattii","(Standl.) Britton & Rose","184376","species","https://powo.science.kew.org/taxon/urn:lsid:ipni.org:names:271424-2","","Fabaceae","1","1","wcvp","0",""
"477","Zygia rhytidocarpa",1,"190926","Zygia rhytidocarpa",1,"species","","",NA,"L.Rico","Fabaceae","Zygia","Zygia",1,"rhytidocarpa","rhytidocarpa",1,"","",NA,"","",NA,"","",NA,"","","https://powo.science.kew.org/taxon/urn:lsid:ipni.org:names:314005-2","","Y","Accepted","Zygia rhytidocarpa","Zygia rhytidocarpa","L.Rico","190926","species","https://powo.science.kew.org/taxon/urn:lsid:ipni.org:names:314005-2","","Fabaceae","1","1","wcvp","0",""
