filename,created_at,taxon,taxon_original,Check,habit,root_system,height_min,height_low,height_high,height_max,height_unit,inflorescence_type,inflorescence_shape,inflorescence_length_min,inflorescence_length_low,inflorescence_length_high,inflorescence_length_max,inflorescence_length_unit,inflorescence_width_min,inflorescence_width_low,inflorescence_width_high,inflorescence_width_max,inflorescence_width_unit,inflorescence_peduncle_length_min,inflorescence_peduncle_length_low,inflorescence_peduncle_length_high,inflorescence_peduncle_length_max,inflorescence_peduncle_length_unit,flower_merosity,pedicel_length_min,pedicel_length_low,pedicel_length_high,pedicel_length_max,pedicel_length_unit,pedicel_width_min,pedicel_width_low,pedicel_width_high,pedicel_width_max,pedicel_width_unit,bisexual_flowers_presence,male_flowers_presence,heteromorphic_flower_presence,sterile_flower_presence,calyx_shape,calyx_length_min,calyx_length_low,calyx_length_high,calyx_length_max,calyx_length_unit,calyx_lobe_length_min,calyx_lobe_length_low,calyx_lobe_length_high,calyx_lobe_length_max,calyx_lobe_length_unit.,corolla_length_min,corolla_length_low,corolla_length_high,corolla_length_max,corolla_length_unit,corolla_lobe_length_min,corolla_lobe_length_low,corolla_lobe_length_high,corolla_lobe_length_max,corolla_lobe_length_unit,corolla_lobe_width_min,corolla_lobe_width_low,corolla_lobe_width_high,corolla_lobe_width_max,corolla_lobe_width_unit,stamen_count,filament_length_min,filament_length_low,filament_length_high,filament_length_max,filament_length_unit,filament_color,anther_gland_presence,stemonozone_presence,stamen_tube_presence,staminal_tube_presence,intrastaminal_nectary_presence,nectary_presence,clade
Barneby_and_Grimes_1996_Silk_Tree_Guanacaste_Monkey_s_Earring_Part_I_treatment_0062.txt,2025-10-02T19:18:18.466183,Abarema_levelii,Abarema levelii,1,trees,NA,NA,8,10,NA,m,capitula,NA,NA,4,10,NA,cm,NA,NA,NA,NA,NA,NA,20,33,NA,mm,5-merous,NA,NA,NA,NA,NA,NA,NA,NA,NA,NA,NA,NA,yes,NA,campanulate,3,3,3.5,NA,mm,NA,NA,0.5,NA,mm,11.5,11.5,15.5,15.5,mm,NA,4,4,NA,mm,NA,1.3,1.3,NA,mm,30,NA,4.5,NA,NA,cm,white,NA,present,NA,present,NA,yes,Inga clade
"Maslin, B. 2001. Flora of Australia, Mimosaceae, Acacia. Rico Arce, Lulu & Bachman, Steven. (2006). A taxonomic revision of Acaciella (Leguminosae, Mimosoideae). Anales del Jardín Botánico de Madrid. 63. 189-244. 10.3989/ajbm.2006.v63.i2.7. ",,Acaciella_angustissima,Acacia angustissima,1,"shrubs, trees",,NA,3,12,NA,m,capitulum like racemes,Axillary fascicles,,,NA,NA,mm,NA,NA,NA,NA,,NA,1,1.3,1.5,cm,5,NA,0.6,0.8,NA,mm,NA,NA,NA,NA,,,,,,,NA,0.5,0.8,NA,mm,NA,NA,,NA,,NA,4.5,NA,NA,mm,NA,NA,NA,NA,,NA,NA,NA,NA,,>200,NA,6,NA,NA,mm,,eglandular,,,,,Basal nectary in ovary,Calliandra clade
"Maslin, B. 2001. Flora of Australia, Mimosaceae, Acacia.",,Acaciella_tequilana,Acacia tequilana,1,Perennial herbs or shrub,,NA,3,4,5,m,Capitulum like racemes,,,15,18,22,mm,NA,NA,NA,NA,,1.5,2.5,3.5,4.5,cm,5,NA,1,2,NA,mm,NA,NA,NA,NA,,,,,,,NA,0.7,NA,NA,mm,NA,NA,,NA,,NA,3,NA,NA,mm,NA,NA,NA,NA,,NA,NA,NA,NA,,>200,NA,6,NA,NA,mm,white(?),eglandular,,,,,Nectary disc in ovary,Calliandra clade
"Nielsen, I. C. (1992). Mimosaceae (Leguminosae-Mimosoideae). Flora Malesiana - Series 1, Spermatophyta, 11(1), 1–226.",,Adenanthera_microsperma,Adenanthera microsperma,1,tree,,NA,NA,30,NA,m,raceme,,,65,115,250,mm,NA,NA,NA,NA,,NA,NA,NA,NA,,5,NA,1.5,3,NA,mm,NA,NA,NA,NA,,,,,,,NA,0.5,0.75,NA,mm,NA,NA,,NA,,NA,2.5,3.5,NA,mm,NA,NA,NA,NA,,NA,NA,NA,NA,,10,NA,3,4.5,NA,mm,,yes,no,,,,,Adenanthera clade
"Brenan, J. P. M. (1986). The genus Adenopodia (Leguminosae). Kew bulletin, 73-90.",,Adenopodia_spicata,Adenopodia spicata,1,"climbing shrub, scrambling shrub",,6,NA,NA,NA,m,spike,"often paniculately aggregated, solitary or few in a cluster",,1.5,5,NA,cm,NA,NA,NA,NA,,NA,8,35,NA,mm,5,NA,NA,NA,NA,,NA,NA,NA,NA,,,,,,,NA,1,1.2,NA,,NA,NA,0.1,NA,,NA,1.5,1.7,NA,mm,NA,1,NA,NA,mm,NA,NA,NA,NA,,10,NA,NA,NA,NA,,,yes,,,,,,Mimosa clade
"du Puy, D. J., Labat, J. N., Rabevohitra, R., Villiers, J. F., Bosser, J., & Moat, J. (2002). The leguminosae of Madagascar. The Leguminosae of Madagascar.",,Alantsilodendron_mahafalense,Alantsilodendron mahafalense,1,shrub,,4,NA,NA,NA,m,head,,,NA,NA,NA,,NA,NA,NA,NA,,NA,20,25,NA,mm,,NA,NA,NA,NA,,NA,NA,NA,NA,,,,,,,NA,1,1.5,NA,mm,NA,NA,,NA,,NA,3,3.25,NA,mm,NA,NA,NA,NA,,NA,NA,NA,NA,,,NA,0.6,1.6,NA,mm,,no,,,,,,Dichrostachys clade
"Du Puy, D.J., Labat, N.-N., Rabevohitra, R., Villiers, J.-F., Bosser, J. & Moat, J. (2002). The Leguminosae of Madagascar: 1-737. Royal Botanic Gardens, Kew.",,Albizia_aurisparsa,Albizia aurisparsa,1,tree,,NA,10,15,NA,m,head,panicle,,NA,NA,NA,,NA,NA,NA,NA,,NA,1.7,3,NA,cm,5,NA,0.5,2.25,NA,mm,NA,NA,NA,NA,,Mostly bisexual,Central flower male,,,Narrowly obconical,NA,3,NA,NA,mm,NA,NA,,NA,,NA,NA,6.5,NA,mm,NA,NA,NA,NA,,NA,NA,NA,NA,,,NA,14.5,24,NA,mm,White to pink or reddish at the apex,no,,,,,,Albizia clade
"Du Puy, D.J., Labat, N.-N., Rabevohitra, R., Villiers, J.-F., Bosser, J. & Moat, J. (2002). The Leguminosae of Madagascar: 1-737. Royal Botanic Gardens, Kew.",,Albizia_bernieri,Albizia bernieri,1,Shrub or tree,,NA,25,NA,NA,m,,head,,NA,NA,NA,,NA,NA,NA,NA,,NA,2,4.5,NA,cm,5,NA,NA,NA,NA,,NA,NA,NA,NA,,,Central flower male,,,Cylindrical to slightly obconical,NA,1.5,2,NA,mm,NA,NA,,NA,,NA,5,7.5,10,mm,NA,NA,NA,NA,,NA,NA,NA,NA,,,NA,19.5,27,NA,mm,,no,,,,,,Albizia clade
"Nielsen, I. C. (1992). Mimosaceae (Leguminosae-Mimosoideae). Flora Malesiana - Series 1, Spermatophyta, 11(1), 1–226.",,Albizia_carrii,Albizia carrii,1,tree,,NA,32,NA,NA,m,corymbs,pedunculate flowers bearing corymbs,,NA,NA,NA,,NA,NA,NA,NA,,NA,25,50,NA,mm,5,NA,4,6,NA,mm,NA,NA,NA,NA,,bisexual,,dimorphic,,funnel-shaped,NA,3,3.5,NA,mm,NA,NA,0.5,NA,mm,NA,7,NA,NA,mm,NA,3,NA,NA,mm,NA,NA,NA,NA,,numerous,25,NA,NA,NA,mm,white,eglandular,,Stamens united into a tube at the base,,,,Albizia clade
"Wu, Z. & Raven, P.H. (eds.) (2010). Flora of China 10: 1-642. Science Press (Beijing) & Missouri Botanical Garden Press (St. Louis).",,Albizia_chevalieri,Albizia chevalieri,,,,NA,NA,NA,NA,,,,,NA,NA,NA,,NA,NA,NA,NA,,NA,NA,NA,NA,,,NA,NA,NA,NA,,NA,NA,NA,NA,,,,,,,NA,NA,NA,NA,,NA,NA,,NA,,NA,NA,NA,NA,,NA,NA,NA,NA,,NA,NA,NA,NA,,,NA,NA,NA,NA,,,,,,,,,
"Du Puy, D.J., Labat, N.-N., Rabevohitra, R., Villiers, J.-F., Bosser, J. & Moat, J. (2002). The Leguminosae of Madagascar: 1-737. Royal Botanic Gardens, Kew. https://www.dropbox.com/scl/fi/7mex6eu31wfg3j3my249g/duPuy_etal-2002-Albizia.pdf?rlkey=6gog1zx83cotv2oef09ig44n0&e=1&dl=3",,Albizia_commiphoroides,Albizia commiphoroides,1,shrub or treelet,,NA,5,NA,NA,m,head,,,NA,NA,NA,,NA,NA,NA,NA,,NA,5,12,NA,mm,5,NA,NA,NA,NA,,NA,NA,NA,NA,,,Central flower male,,,obconical,NA,1,1.5,NA,mm,NA,NA,,NA,,NA,5,7,NA,mm,NA,NA,NA,NA,,NA,NA,NA,NA,,,NA,17,24,NA,mm,white,no,,,,,,Albizia clade
,,Albizia_gummifera,Albizia gummifera,1,tree,,NA,25,30,NA,m,head,,,NA,NA,NA,,NA,NA,NA,NA,,NA,2.5,5,NA,cm,5,NA,0.25,0.75,1,mm,NA,NA,NA,NA,,,,,,,NA,2.5,5,NA,mm,NA,NA,,NA,,NA,6.5,12,NA,mm,NA,NA,NA,NA,,NA,NA,NA,NA,,,NA,26.5,32.5,NA,mm,"white, crimson",no,,,,,,Albizia clade
Barneby_and_Grimes_1996_Silk_Tree_Guanacaste_Monkey_s_Earring_Part_I_treatment_0152.txt,2025-10-02T20:15:33.608199,Albizia_julibrissin,Albizia julibrissin,1,trees,NA,NA,6,12,NA,m,pseudoraceme of capitula,NA,3,NA,9,NA,cm,NA,NA,NA,NA,NA,NA,NA,NA,NA,NA,NA,NA,NA,0.8,NA,mm,NA,NA,NA,NA,NA,bisexual,staminate,dimorphic,NA,campanulate or deeply campannlate,2.2,2.2,4.2,4.5,mm,NA,0.3,0.7,NA,mm,7,7,11,11,mm,NA,1.3,2.6,NA,mm,NA,0.9,1.2,NA,mm,NA,24,24,38,38,mm,pink or pinkish orange,NA,the stemonozone 1 mm or less,the filament-tube far-exserted,NA,NA,,
"Nielsen, I. C. (1992). Mimosaceae (Leguminosae-Mimosoideae). Flora Malesiana - Series 1, Spermatophyta, 11(1), 1–226.",,Albizia_kostermansii,Albizia kostermansii,1,tree,,30,NA,NA,NA,m,pedunculate glomerules,"pedunculate glomerules aggregated into terminal, shortly, tomentose panicles",,NA,NA,NA,,NA,NA,NA,NA,,10,15,17,25,mm,5,NA,NA,NA,NA,,NA,NA,NA,NA,,yes,,dimorphic,,,NA,1.8,2,NA,mm,NA,0.1,0.2,NA,mm,NA,5.5,6.2,NA,mm,NA,1.5,2,NA,mm,NA,NA,NA,NA,,numerous,NA,15,NA,NA,mm,,Glandular,,,,,,
Barneby_and_Grimes_1996_Silk_Tree_Guanacaste_Monkey_s_Earring_Part_I_treatment_0153.txt,2025-10-02T20:16:10.632952,Albizia_procera,Albizia procera,1,tree,NA,NA,2,4,25,m,capitula,subglobose,NA,NA,NA,NA,NA,NA,NA,NA,NA,NA,7,NA,19,NA,mm,5-merous,NA,NA,NA,NA,NA,NA,NA,NA,NA,NA,NA,NA,homomorphic,NA,deeply campanulate,2.6,2.6,3.3,3.3,mm,0.2,0.2,0.6,0.6,mm,NA,5.5,6.7,NA,mm,NA,1.2,2.2,NA,mm,NA,NA,NA,NA,NA,30-40,9,9,11,11,mm,whitish,NA,present,NA,present,NA,,Albizia clade
"Du Puy, D.J., Labat, N.-N., Rabevohitra, R., Villiers, J.-F., Bosser, J. & Moat, J. (2002). The Leguminosae of Madagascar: 1-737. Royal Botanic Gardens, Kew.",,Albizia_tulearensis,Albizia tulearensis,1,tree,,NA,NA,15,NA,m,heads,,,NA,NA,NA,,NA,NA,NA,NA,,NA,0.9,3.5,NA,cm,5,NA,2,3,NA,mm,NA,NA,NA,NA,,bisexual,,,,,NA,1.75,2,NA,mm,NA,NA,,NA,,NA,5.5,6.5,NA,mm,NA,NA,NA,NA,,NA,NA,NA,NA,,,NA,11,15,NA,mm,White to cream,no,,,,Disk adnate to the stamina tube,,Albizia clade
"Altschul, S., 1964. A taxonomic study of the genus Anadenanthera. Contributions from the Gray Herbarium of Harvard University, (193), pp.3-65.",,Anadenanthera_peregrina,Anadenanthera peregrina,1,tree,,NA,3,27,NA,m,capitate,,,NA,NA,NA,,NA,10,18,NA,,NA,15,40,NA,,5,NA,NA,NA,NA,,NA,NA,NA,NA,,,,,,,NA,0.5,3,NA,,NA,NA,,NA,,NA,2,3.5,NA,,NA,NA,NA,NA,,NA,NA,NA,NA,,10,NA,5,8,NA,,"off-white, golden red",no,,,,,,Parkia clade
"Nielsen, I., Baretta–Kuipers, T. and Guinet, P. (1984), The genus Archidendron (Leguminosae – Mimosoideae). Nordic Journal of Botany, 4: 770-770. https://doi.org/10.1111/j.1756-1051.1984.tb02008.x",NA,Archidendron_chevalieri,Archidendron chevalieri,1,tree,,NA,NA,3.5,NA,m,"panicled, pedunculate","terminal or axillary, narrow panicled, peduncle",,NA,NA,NA,,NA,NA,NA,NA,,NA,11,20,NA,mm,5,NA,NA,NA,NA,,NA,NA,NA,NA,,,,,,,NA,2.5,3,NA,mm,NA,NA,,NA,,NA,5,NA,NA,mm,NA,NA,NA,NA,,NA,NA,NA,NA,,46,NA,15,NA,NA,mm,,,,,,,,Archidendron clade
"Nielsen, I. C. (1992). Mimosaceae (Leguminosae-Mimosoideae). Flora Malesiana - Series 1, Spermatophyta, 11(1), 1–226.",NA,Archidendron_ellipticum,Archidendron ellipticum,1,tree,,NA,9,20,NA,m,pedunculate glomerules,aggregated into panicles,,NA,NA,NA,,NA,NA,NA,NA,,NA,NA,NA,NA,,5,NA,NA,NA,NA,,NA,NA,NA,NA,,yes,,,,,NA,1.5,2,4,mm,NA,0.5,1,NA,mm,NA,4.5,5,9,mm,NA,2,2.5,4,mm,NA,NA,NA,NA,,,6,NA,NA,NA,mm,white,,,yes,,,,Archidendron clade
"Nielsen, I. C. (1992). Mimosaceae (Leguminosae-Mimosoideae). Flora Malesiana - Series 1, Spermatophyta, 11(1), 1–226.",NA,Archidendron_glabrum,Archidendron glabrum,1,"shrub, tree",,NA,NA,7,NA,m,racemes,,,20,70,NA,cm,NA,NA,NA,NA,,NA,NA,NA,NA,,5,NA,18,27,NA,mm,NA,NA,NA,NA,,yes,Sometimes male,,,,NA,2,3,4,mm,NA,NA,1,NA,mm,NA,6,9,NA,mm,NA,2,4,NA,mm,NA,NA,NA,NA,,,NA,15,20,NA,mm,white,,,,,,,Archidendron clade
"Nielsen, I., Baretta–Kuipers, T. and Guinet, P. (1984), The genus Archidendron (Leguminosae – Mimosoideae). Nordic Journal of Botany, 4: 770-770. https://doi.org/10.1111/j.1756-1051.1984.tb02008.x",NA,Archidendron_glomeriflorum,Archidendron glomeriflorum,1,"tree, shrub",,NA,NA,5,NA,m,pedunculate,,,NA,NA,NA,,NA,NA,NA,NA,,NA,30,NA,NA,mm,5,NA,NA,NA,NA,,NA,NA,NA,NA,,,,,,,NA,1.3,NA,NA,mm,NA,NA,0.3,NA,mm,NA,4,NA,NA,mm,NA,2,2.5,NA,mm,NA,NA,NA,NA,,,NA,NA,NA,NA,,,,,,,,,Archidendron clade
"Nielsen, I. C. (1992). Mimosaceae (Leguminosae-Mimosoideae). Flora Malesiana - Series 1, Spermatophyta, 11(1), 1–226.",NA,Archidendron_jiringa,Archidendron jiringa,1,"shrub, tree",,NA,NA,21,NA,m,consisting of glomerules or small spikes,aggregated into panicles,,NA,NA,NA,,NA,NA,NA,NA,,NA,NA,NA,NA,,5,NA,NA,NA,NA,,NA,NA,NA,NA,,yes,,,,,NA,1,2,NA,mm,NA,0.2,0.3,NA,mm,NA,4,5,NA,mm,NA,2,NA,NA,mm,NA,NA,NA,NA,,,NA,8,10,NA,mm,,,,yes,,,,Archidendron clade
"Nielsen, I. C. (1992). Mimosaceae (Leguminosae-Mimosoideae). Flora Malesiana - Series 1, Spermatophyta, 11(1), 1–226.",NA,Archidendron_ptenopum,Archidendron ptenopum,1,tree,,NA,9,13.5,NA,m,umbles or corymbs,,,NA,NA,NA,,NA,NA,NA,NA,,NA,NA,NA,NA,,5,NA,4,5,NA,mm,NA,NA,NA,NA,,yes,,,,,3,NA,NA,NA,mm,NA,NA,,NA,,NA,9,12.5,NA,mm,NA,5,7,NA,mm,NA,NA,NA,NA,,,NA,15,17,NA,mm,white,,,Tube equalling the corolla-tube,,,,Archidendron clade
"Nielsen, I., Baretta–Kuipers, T. and Guinet, P. (1984), The genus Archidendron (Leguminosae – Mimosoideae). Nordic Journal of Botany, 4: 770-770. https://doi.org/10.1111/j.1756-1051.1984.tb02008.x",NA,Archidendron_robinsonii,Archidendron robinsonii,1,tree,,NA,8,9,NA,m,panicled head,,,NA,NA,NA,,NA,NA,NA,NA,,NA,10,15,NA,mm,,NA,NA,NA,NA,,NA,NA,NA,NA,,,,,,,NA,4.5,7,NA,mm,NA,NA,,NA,,NA,9,12,15,mm,NA,4,5,NA,mm,NA,NA,NA,NA,,,NA,NA,NA,NA,,,,,,,,,
"Nielsen, I. C. (1992). Mimosaceae (Leguminosae-Mimosoideae). Flora Malesiana - Series 1, Spermatophyta, 11(1), 1–226.",NA,Archidendron_scutiferum,Archidendron scutiferum,1,"tree, shrub",,NA,NA,20,NA,m,pedunculate glomerules,"consisting of pedunculate glomerules, aggregated into panicles",,NA,NA,NA,,NA,NA,NA,NA,,NA,NA,NA,NA,,5,NA,NA,NA,NA,,NA,NA,NA,NA,,yes,,,,,NA,1.2,2.5,NA,mm,NA,0.2,0.5,NA,mm,NA,4,6,NA,mm,NA,2,2.8,NA,mm,NA,NA,NA,NA,,,NA,5,10,NA,mm,white,,,Tube equalling or longer than the corolla tube,,,,Archidendron clade
"Nielsen, I., Baretta–Kuipers, T. and Guinet, P. (1984), The genus Archidendron (Leguminosae – Mimosoideae). Nordic Journal of Botany, 4: 770-770. https://doi.org/10.1111/j.1756-1051.1984.tb02008.x",NA,Archidendron_utile,Archidendron utile,1,"shrubs, rarely trees",,NA,1,2,NA,m,panicled head,,,NA,NA,NA,,NA,NA,NA,NA,,NA,NA,NA,NA,,,NA,NA,NA,NA,,NA,NA,NA,NA,,,,,,,NA,1.5,3,NA,mm,NA,NA,,NA,,NA,6,8,NA,mm,NA,1.5,NA,NA,mm,NA,NA,NA,NA,,,NA,NA,NA,NA,,,,,,,,,Archidendron clade
"Leroy, J.-F. & Mackee, H.S. (eds.) (1983). Flore de la Nouvelle-Calédonie et Dépendances 12: 1-139. Muséum National d'Histoire Naturelle, Paris. https://www.biodiversitylibrary.org/item/278371#page/72/mode/1up",NA,Archidendropsis_fournieri,Archidendropsis fournieri,1,Shrubs or tree,,NA,NA,20,NA,m,capitula,globose,,NA,NA,NA,,NA,NA,NA,NA,,NA,0.8,4,NA,cm,5,NA,NA,NA,NA,,NA,NA,NA,NA,,,,,,,NA,2,3,NA,mm,NA,0.1,0.4,NA,mm,NA,6,9.5,NA,mm,NA,1.2,2.5,NA,mm,NA,NA,NA,NA,,numerous,NA,NA,NA,NA,,,absent,,,,,,Archidendron clade
"Nielsen,  Ivan, Guinet,  Philippe, & Baretta-Kuipers,  T. (1984). Studies in the Malesian, Australian and Pacific Ingeae (Leguminosae-Mimosoideae) : the genera Archidendropsis, Wallaceodendron, Paraserianthes, Pararchidendron and Serianthes (part 3). Bulletin Du Muséum National d’Histoire Naturelle Section B,Adansonia, Botanique, Phytochimie, 6(1), 79--111. https://doi.org/10.5962/p.274937",NA,Archidendropsis_granulosa,Archidendropsis granulosa,1,tree,,NA,NA,30,NA,m,spikes,Terminal racemes,,6.5,13,NA,cm,NA,NA,NA,NA,,NA,NA,NA,NA,,5,NA,NA,NA,NA,,NA,NA,NA,NA,,,,,,,1,1.5,2,2.1,mm,NA,0.1,0.2,NA,mm,NA,3,4,4.5,mm,NA,0.5,1,NA,mm,NA,NA,NA,NA,,,NA,7,10,NA,mm,,absent,,,,,,Archidendron clade
Bull. Soc. Bot. France 80: 466 (1933),NA,Aubrevillea_kerstingii,Aubrevillea kerstingii,1,tree,,NA,NA,NA,NA,,racemes,Spiciform racemes,,NA,NA,NA,,NA,NA,NA,NA,,NA,NA,NA,NA,,,NA,0.7,1.3,NA,mm,NA,NA,NA,NA,,,,,,,NA,0.7,1,NA,mm,NA,NA,,NA,,NA,2.5,3,NA,mm,NA,NA,NA,NA,,NA,NA,NA,NA,,8-10,NA,NA,NA,NA,,,,,,,,,Entada clade
Barneby_and_Grimes_1996_Silk_Tree_Guanacaste_Monkey_s_Earring_Part_I_treatment_0075.txt,2025-10-02T19:26:15.085810,Blanchetiodendron_blanchetii,Blanchetiodendron blanchetii,1,tree,NA,NA,5,12,NA,m,capitula,umbelliform,1.5,2,2.5,NA,mm,NA,NA,NA,NA,NA,NA,8,13,NA,mm,5-merous,1.5,NA,6,NA,mm,0.2,NA,0.5,NA,mm,NA,NA,present,NA,turbinate-campanulate or somewhat urn-shaped,2,2,3,3,mm,0.1,0.1,0.25,0.25,mm,NA,4,5,NA,mm,NA,1.4,2.2,NA,mm,NA,1,1.2,NA,mm,26-38,NA,11,16,NA,mm,white,NA,present,present,NA,NA,absent,Inga clade
Barneby_1998_Silk_Tree_Guanacaste_Monkey_s_Earring_Part_III_treatment_0127.txt,2025-10-02T18:01:58.247088,Calliandra_bahiana,Calliandra bahiana,1,shrubs,NA,1,1.6,3,NA,m,capitula,NA,NA,NA,NA,NA,NA,NA,NA,NA,NA,NA,1.5,2.5,6,NA,cm,4 (5)-merous,0.6,NA,1,NA,mm,2.5,NA,3.7,NA,mm,NA,NA,no,NA,shallowly campanulate,3,NA,8,NA,mm,NA,0.6,1.2,2,mm,NA,9,13,14,mm,NA,4.5,5.5,7,mm,NA,NA,NA,NA,NA,(98-)114-204(-218),2.8,3.2,4.4,NA,mm,white rubescent,eglandular,present,NA,present,absent,absent,Calliandra clade
Barneby_1998_Silk_Tree_Guanacaste_Monkey_s_Earring_Part_III_treatment_0035.txt,2025-10-02T17:03:44.737853,Calliandra_bella,Calliandra bella,1,arborescent shrubs,NA,NA,2,6,NA,m,capituliform racemes,NA,NA,NA,NA,NA,NA,NA,NA,NA,NA,NA,2,2.5,7.5,NA,cm,5-merous,0.7,0.7,2.4,NA,mm,0.6,0.6,1.5,NA,mm,NA,NA,Essentially homomorphic,NA,campanulate,2,2,4.3,4.3,mm,0.4,0.4,1,1,mm,NA,7,9,NA,mm,NA,2.8,3.7,NA,mm,NA,NA,NA,NA,NA,26-44,NA,3.5,5.8,NA,cm,white,eglandular,present,NA,present,absent,absent,Calliandra clade
Barneby_1998_Silk_Tree_Guanacaste_Monkey_s_Earring_Part_III_treatment_0109.txt,2025-10-02T17:49:39.922003,Calliandra_brenesii,Calliandra brenesii,1,shrubs,NA,NA,2,3,NA,m,capitula,NA,NA,NA,NA,NA,NA,NA,NA,NA,NA,NA,NA,2.5,2.8,NA,cm,3-4-merous,0.3,0.3,0.9,NA,mm,0.4,0.4,0.6,NA,mm,NA,NA,homomorphic,NA,campanulate,2.8,2.8,3,3,mm,0.3,0.3,0.9,0.9,mm,NA,9,10.5,NA,mm,NA,2,3.2,NA,mm,NA,NA,NA,NA,NA,24-30,NA,2.9,3.6,NA,cm,NA,eglandular,present,NA,present,present,,Calliandra clade
"Barneby, R., 1998. Calliandra. Silk tree, Guanacaste, Monkeys Earring. A generic system for the Synandrous Mimosaceae of the Americas. Mem. New York Bot. Gard, 74(3), pp.1-223.",NA,Calliandra_brevicaulis,Calliandra brevicaulis,1,"Functionally herbaceous or subherbaceous, subshrubs",,NA,1,4,NA,dm,capitula,umbelliform,NA,NA,NA,NA,NA,NA,NA,NA,NA,,NA,2.5,10.5,NA,cm,5-7,NA,5,26,NA,mm,NA,0.4,1.1,NA,mm,NA,NA,present,NA,campanulate,NA,3,5.2,6,mm,0.4,0.8,1.4,NA,mm,NA,8.2,9,14,mm,NA,2.5,4.5,NA,mm,NA,NA,NA,NA,NA,34-44,NA,4.5,6,7,cm,,no,present,yes,,absent,,Calliandra clade
Barneby_1998_Silk_Tree_Guanacaste_Monkey_s_Earring_Part_III_treatment_0063.txt,2025-10-02T17:21:19.583063,Calliandra_caeciliae,Calliandra caeciliae,1,trees,NA,NA,2,6,NA,m,capitula,NA,NA,NA,NA,NA,NA,NA,NA,NA,NA,NA,NA,1,15,17,mm,4 (5)-merous,0.1,NA,0.5,NA,mm,0.4,NA,0.6,NA,mm,present,present,homo or heteromorphic,NA,campanulate or deeply campanulate,1.2,1.2,2.1,2.8,mm,0.1,0.1,0.25,0.25,mm,3.4,4,6,7.7,mm,NA,0.8,1.5,NA,mm,NA,NA,NA,NA,NA,9-15,NA,22,29,NA,mm,"pallid proximally, carmine",eglandular,NA,present,NA,NA,,Calliandra clade
Barneby_1998_Silk_Tree_Guanacaste_Monkey_s_Earring_Part_III_treatment_0022.txt,2025-10-02T16:55:29.206627,Calliandra_californica,Calliandra californica,1,shrubs,NA,0.5,0.8,2,NA,m,capitula,NA,NA,NA,NA,NA,NA,NA,NA,NA,NA,NA,4,6,17,20,mm,5,0.15,NA,0.6,0.8,mm,0.3,NA,0.6,NA,mm,present,some staminate only,homomorphic,NA,campanulate or hemispherical,1,1.2,1.7,NA,mm,NA,NA,0.25,NA,mm,5.5,5.8,7.2,NA,mm,1.6,1.8,2.4,NA,mm,NA,NA,NA,NA,NA,17-26(30),12,17,24,26,mm,red-crimson,eglandular,present,present,NA,Only in bissexual flowers,,Calliandra clade
Barneby_1998_Silk_Tree_Guanacaste_Monkey_s_Earring_Part_III_treatment_0182.txt,2025-10-02T18:37:17.071226,Calliandra_comosa,Calliandra comosa,1,shrubs,NA,NA,1,2.5,NA,m,Panicle of pseudoracemes (capitula?),NA,NA,4,10,NA,cm,NA,NA,NA,NA,NA,NA,6,16,NA,mm,4-merous,NA,NA,NA,NA,NA,NA,NA,NA,NA,NA,NA,NA,homomorphic,NA,campanulate,NA,2,NA,NA,mm,NA,NA,0.5,NA,mm,NA,NA,6,NA,mm,NA,1.5,NA,NA,mm,NA,NA,NA,NA,NA,34,NA,17,20,NA,mm,white,eglandular,present,present,NA,present,,Calliandra clade
Barneby_1998_Silk_Tree_Guanacaste_Monkey_s_Earring_Part_III_treatment_0037.txt,2025-10-02T17:05:03.883037,Calliandra_dysantha,Calliandra dysantha,1,subshrubs,xylopodium,1.5,2,14,20,dm,capitula,umbelliform,NA,NA,NA,NA,NA,NA,2,3.5,NA,cm,NA,NA,NA,NA,NA,5,NA,0.8,5.2,NA,mm,NA,NA,NA,NA,NA,NA,yes,Inner most broader than outer ones,NA,turbinate,4,4,7.5,8,mm,0.4,0.4,3,NA,mm,8.5,10,14,15,mm,2.6,4,6.5,NA,mm,NA,NA,NA,NA,NA,(44)52-92(106),3.3,3.3,5.7,6.5,cm,blood-red,eglandular,present,present,NA,absent,,Calliandra clade
Barneby_1998_Silk_Tree_Guanacaste_Monkey_s_Earring_Part_III_treatment_0160.txt,2025-10-02T18:23:06.158558,Calliandra_erubescens,Calliandra erubescens,1,Shrubs,NA,NA,1.5,3,NA,m,capitula,NA,NA,NA,NA,NA,NA,NA,NA,NA,NA,NA,1.5,NA,5,NA,cm,NA,NA,0.6,0.7,NA,mm,NA,1,2,NA,mm,NA,NA,NA,NA,shallowly campanulate,1.4,1.4,1.7,1.7,mm,0.3,0.3,0.5,0.5,mm,NA,5,6.2,NA,mm,NA,2,3,NA,mm,NA,NA,NA,NA,NA,24-44,NA,2.4,3,NA,cm,white,eglandular,present,present,present,absent,,Calliandra clade
Barneby_1998_Silk_Tree_Guanacaste_Monkey_s_Earring_Part_III_treatment_0112.txt,2025-10-02T17:51:30.971338,Calliandra_longipes,Calliandra longipes,1,functionally herbaceous subshrubs,rhizomes,NA,1,3,NA,dm,capitula,NA,NA,NA,NA,NA,NA,NA,NA,NA,NA,mm,6,NA,18,NA,cm,NA,0.3,0.3,0.8,0.8,mm,0.6,0.6,0.8,0.8,mm,NA,NA,homomorphic,NA,NA,2.4,2.4,2.7,2.7,mm,0.45,0.45,1.2,1.2,mm,8.5,NA,13.3,NA,mm,2.4,NA,2.8,NA,mm,NA,NA,NA,NA,NA,66-82,21,21,33,33,mm,whitish with tassel red,eglandular,present,present,NA,absent,,Calliandra clade
Barneby_1998_Silk_Tree_Guanacaste_Monkey_s_Earring_Part_III_treatment_0082.txt,2025-10-02T17:33:10.305449,Calliandra_mollissima,Calliandra mollissima,1,shrubs and treelets,NA,2,NA,4,NA,m,capitula,NA,NA,NA,NA,NA,NA,NA,NA,NA,NA,NA,6,11,27,NA,mm,4 (5)-merous,NA,NA,NA,NA,NA,NA,NA,NA,NA,NA,NA,NA,Present,NA,campanulate,1.4,1.4,2,2,mm,0.15,0.15,0.4,0.4,mm,NA,4.3,5.4,NA,mm,NA,0.6,1.6,NA,mm,NA,NA,NA,NA,NA,9-12,NA,26,33,NA,mm,white,eglandular,present,present,NA,Only in central flowers,,Calliandra clade
"Barneby, R., 1998. Calliandra. Silk tree, Guanacaste, Monkeys Earring. A generic system for the Synandrous Mimosaceae of the Americas. Mem. New York Bot. Gard, 74(3), pp.1-223. & https://books.google.com.br/books?hl=pt-BR&lr=&id=gN6X-ZZCSC8C&oi=fnd&pg=PA7&dq=""Mimosa+brevispicata""&ots=EV12NFsUyX&sig=MkJbKEVAJ5UMxFqy-RHeHHww4ZU#v=onepage&q=""Mimosa brevispicata”&f=false",NA,Calliandropsis_nervosa,Calliandropsis nervosus,1,shrub,,NA,NA,1,NA,m,Capituliform spikes,,,NA,NA,NA,,NA,NA,NA,NA,,0.5,1,7,14,mm,5,NA,NA,NA,NA,,NA,NA,NA,NA,,yes,,,,,NA,1,3,NA,mm,NA,NA,,NA,,NA,2.5,5,NA,mm,NA,NA,NA,NA,,NA,NA,NA,NA,,5,NA,6,8,12,mm,"white, pink","Mostly glandless, rarely with minute apical glands",,,no,,,Dichrostachys clade
Bull. Soc. Bot. France 80: 467 (1933),NA,Calpocalyx_aubrevillei,Calpocalyx aubrevillei,,,,NA,NA,NA,NA,,,,,NA,NA,NA,,NA,NA,NA,NA,,NA,NA,NA,NA,,,NA,NA,NA,NA,,NA,NA,NA,NA,,,,,,,NA,NA,NA,NA,,NA,NA,,NA,,NA,NA,NA,NA,,NA,NA,NA,NA,,NA,NA,NA,NA,,,NA,NA,NA,NA,,,bearing a anther gland,,,,,,Adenanthera clade
First published in Bull. Misc. Inform. Kew 1933: 172 (1933),NA,Calpocalyx_cauliflorus,Calpocalyx cauliflorus,,,,NA,NA,NA,NA,,,,,NA,NA,NA,,NA,NA,NA,NA,,NA,NA,NA,NA,,,NA,NA,NA,NA,,NA,NA,NA,NA,,,,,,,NA,NA,NA,NA,,NA,NA,,NA,,NA,NA,NA,NA,,NA,NA,NA,NA,,NA,NA,NA,NA,,,NA,NA,NA,NA,,,bearing a caducous apical gland,,,,,,Adenanthera clade
"H.G.A.Engler & K.A.E.Prantl, Nat. Pflanzenfam., Nachtr. 1: 191 (1897) https://bibdigital.rjb.csic.es/viewer/10967/?offset=#page=192&viewer=picture&o=bookmark&n=0&q=",NA,Calpocalyx_dinklagei,Calpocalyx dinklagei,1,tree,,NA,NA,NA,NA,,spike,Arranged in a panicle,,NA,NA,NA,,NA,NA,NA,NA,,NA,NA,NA,NA,,5,NA,NA,NA,NA,,NA,NA,NA,NA,,,,,,,NA,NA,NA,NA,,NA,NA,,NA,,NA,NA,NA,NA,,NA,NA,NA,NA,,NA,NA,NA,NA,,10,NA,NA,NA,NA,,,Anthers bearing a caducous apical gland,,,,,,Adenanthera clade
Bull. Misc. Inform. Kew 1932: 101 (1932) or https://www.jstor.org/stable/4113372,NA,Chidlowia_sanguinea,Chidlowia sanguinea,1,tree,,NA,6,10,25,m,panicles,,± 250,NA,NA,NA,mm,NA,NA,NA,NA,,NA,NA,NA,NA,,5,NA,3,3.5,NA,mm,NA,NA,NA,NA,,,,,,,NA,2,NA,NA,mm,NA,NA,,NA,,NA,6,7,NA,mm,NA,NA,NA,NA,,NA,NA,NA,NA,,10,NA,25,NA,NA,mm,,,,,,,yes,
Barneby_and_Grimes_1996_Silk_Tree_Guanacaste_Monkey_s_Earring_Part_I_treatment_0088.txt,2025-10-02T19:34:32.248574,Chloroleucon_foliolosum,Chloroleucon foliolosum,1,arborescent shrubs,NA,NA,3,8,10,m,capitula,hemispherical,NA,NA,NA,NA,NA,NA,NA,NA,NA,NA,NA,8,19,NA,mm,5-merous,NA,NA,NA,NA,NA,NA,NA,NA,NA,NA,NA,NA,present,NA,campanulate,0.9,0.9,1.7,1.7,mm,0.1,0.1,0.2,0.2,mm,NA,3.2,5.2,NA,mm,0.7,NA,2,NA,mm,0.4,NA,1,NA,mm,10-12,NA,10,14.5,NA,mm,NA,NA,NA,NA,present,NA,,Samanea clade
"Barneby, R.C. and Grimes, J., 1997. Silk tree, Monkey's earring: A generic system for the synandrous Mimosaceae of the Americas. Part II. Pithecellobium, Cojoba and Zygia. Mem. New York Bot. Gard, 74, pp.1-149.",NA,Cojoba_graciliflora,Cojoba recordii,1,shrubs or trees,,NA,1,15,NA,m,capitula,,NA,NA,NA,NA,NA,NA,NA,NA,NA,,NA,3,7.6,NA,cm,5,NA,NA,NA,NA,NA,NA,NA,NA,NA,,,,,,,NA,2.5,5,NA,mm,NA,0.25,0.75,NA,mm,NA,9,16,NA,mm,NA,0.75,2,NA,mm,NA,NA,NA,NA,,21-35,NA,10,25,NA,mm,,,present,present,,,,
"H.G.A.Engler & K.A.E.Prantl, Nat. Pflanzenfam., Nachtr. 1: 192 (1897) https://bibdigital.rjb.csic.es/viewer/10967/?offset=#page=192&viewer=picture&o=bookmark&n=0&q=",NA,Cylicodiscus_gabunensis,Cylicodiscus gabunensis,1,tree,,NA,60,96,NA,m,Spiciforms racemes,,,NA,NA,NA,,NA,NA,NA,NA,,NA,NA,NA,NA,,5,NA,NA,NA,NA,,NA,NA,NA,NA,,,,,,,NA,1,NA,NA,mm,NA,NA,,NA,,NA,2,NA,NA,mm,NA,NA,NA,NA,,NA,NA,NA,NA,,10,NA,NA,NA,NA,,,yes,,,,present,,Core Mimosoid clade
"Luckow, M. (1993). Monograph of Desmanthus (leguminosae-mimosoideae). Systematic Botany Monographs, 1-166.",NA,Desmanthus_fruticosus,Desmanthus fruticosus,1,"shrub, small tree",,NA,1,4,NA,m,"heads, very short spikes",Heads or very short spikes,NA,12,23,NA,mm,NA,NA,NA,NA,,NA,13,40,NA,mm,5,NA,NA,NA,NA,,NA,NA,NA,NA,,,yes,,yes,,1,2,2.7,4.8,mm,NA,0.25,0.5,NA,mm,2.3,4,4.5,5.8,mm,NA,NA,NA,NA,,NA,NA,NA,NA,,10,NA,6,10.6,NA,mm,white,no,,,,,,Dichrostachys clade
Doi: 10.3897/phytokeys.205.76790,NA,Entada_elephantina,Elephantorrhiza elephantina,1,geoxylic suffrutex with erect annual herbaceous stems,,NA,20,90,NA,cm,spiciform racemes,"axillary,usually confined to the lower part of the stem",20,40,80,120,mm,NA,NA,NA,NA,,NA,NA,NA,NA,,5,1.5,NA,NA,NA,mm,NA,NA,NA,NA,,,,,,,NA,1.75,NA,NA,mm,NA,NA,,NA,,NA,2.75,3.75,NA,mm,NA,NA,NA,NA,,NA,NA,NA,NA,,,NA,6.5,NA,NA,mm,,Spheroidal apical gland,present,,,,Flowers with minute reddish to reddish-brown glands at the base,Entada clade
Doi: 10.3897/phytokeys.205.76790,NA,Entada_goetzei,Elephantorrhiza goetzei,1,"shrub, tree",,1,4,7,NA,m,raceme,spiciform raceme,20,50,200,230,mm,NA,NA,NA,NA,,NA,NA,NA,NA,,,1,NA,NA,NA,mm,NA,NA,NA,NA,,,,,,,NA,1.5,1.75,NA,mm,NA,NA,,NA,,NA,2.5,3,NA,mm,NA,NA,NA,NA,,NA,NA,NA,NA,,,NA,4.5,NA,NA,mm,,Spheroidal apical gland,present,,,,Minute pale yellowish-white glands at the base of pedicels,Entada clade
"MESQUITA, A.D.L., 1990. Revisão taxonômica do gênero Enterolobium Mart.(Mimosoideae) para a região Neotropical.",NA,Enterolobium_barnebianum,Enterolobium barnebianum,1,tree,,NA,15,40,NA,m,umbell,panicle,,NA,6,NA,cm,NA,NA,NA,NA,,NA,NA,NA,NA,,,NA,5,NA,NA,mm,NA,NA,NA,NA,,,,yes,,,NA,NA,2.5,NA,mm,NA,NA,,NA,,NA,NA,3.5,NA,mm,NA,NA,NA,NA,,NA,NA,NA,NA,,8-11,NA,NA,7,NA,mm,,,,,present,,,Albizia clade
"MESQUITA, A.D.L., 1990. Revisão taxonômica do gênero Enterolobium Mart.(Mimosoideae) para a região Neotropical.",NA,Enterolobium_timbouva,Enterolobium timbouva,1,tree,,NA,12,NA,NA,m,glomerules,Fasciculate,,NA,10,NA,mm,NA,NA,NA,NA,,NA,NA,NA,NA,,,NA,NA,NA,NA,,NA,NA,NA,NA,,yes,,,,,NA,3,4,NA,mm,NA,NA,,NA,,NA,NA,NA,NA,,NA,NA,NA,NA,,NA,NA,NA,NA,,,NA,NA,NA,NA,,,,,,,,,Albizia clade
"Rev. Bot. Appl. Agric. Trop. 14: 876 (1934) or Wood, P. J. (1992). The botany and distribution of Faidherbia albida. In Faidherbia albida in the West African semi-arid Tropicsʼ: Workshop Proceedings ICRISAT Niamey Niger (pp. 9-17).",NA,Faidherbia_albida,Faidherbia albida,1,tree,,NA,30,NA,NA,m,spike,Axillary panicle,3.5,4,14,16,cm,NA,NA,NA,NA,,NA,2,4,NA,cm,5,NA,2,NA,NA,mm,NA,NA,NA,NA,,,,,,,NA,1,1.7,NA,mm,NA,NA,,NA,,NA,3,3.5,NA,mm,NA,NA,NA,NA,,NA,NA,NA,NA,,40-50,NA,4,6,NA,mm,,absent,,,,,,Zapoteca clade
"Barneby, R.C. and Grimes, J., 1996. Silk tree, guanacaste, monkey's earring: a generic system of the synandrous Mimosaceae of the Americas. Part I. Abarema, Albizia, and allies. Memoirs of the New York Botanical Garden, 74(1).",NA,Falcataria_falcata,Falcataria moluccana,1,tree,,NA,15,35,NA,m,spikes,panicle of spikes,,1.5,4,NA,cm,NA,NA,NA,NA,,NA,NA,NA,NA,,5 (6),NA,NA,NA,NA,,NA,NA,NA,NA,,,,,,,NA,2.2,2.9,NA,mm,0.3(0.7),15,40,NA,mm,NA,6,7.2,NA,mm,NA,2.4,4,NA,mm,NA,1.4,2.1,NA,mm,84-148,NA,14,18,NA,mm,,,present,present,,An intrastaminal disc around base of ovary,,Archidendron clade
Barneby_and_Grimes_1996_Silk_Tree_Guanacaste_Monkey_s_Earring_Part_I_treatment_0100.txt,2025-10-02T19:42:12.527084,Gretheria_campylacantha,Havardia campylacanthus,1,arborescent shrubs and trees,NA,2,NA,14,NA,m,capitula,NA,NA,NA,NA,NA,NA,NA,NA,NA,NA,NA,1.3,2,4,NA,cm,5-merous,NA,NA,NA,NA,NA,NA,NA,NA,NA,NA,NA,NA,Homomorphic,NA,deeply campanulate,NA,2.5,3.4,NA,mm,NA,0.4,0.8,NA,mm,NA,5,5,NA,mm,NA,0.8,1,NA,mm,NA,NA,NA,NA,NA,40-50,NA,9,11.5,NA,mm,NA,NA,present,NA,present,NA,Rarely forming a pronounced vectorial disc,Pithecellobium clade
Barneby_and_Grimes_1996_Silk_Tree_Guanacaste_Monkey_s_Earring_Part_I_treatment_0102.txt,2025-10-02T19:43:29.779132,Havardia_albicans,Havardia albicans,1,trees,NA,NA,4.5,12,NA,m,capitula,NA,NA,NA,NA,NA,NA,NA,NA,NA,NA,NA,NA,7,12,NA,mm,4-merous,NA,NA,NA,NA,NA,NA,NA,NA,NA,NA,NA,NA,homomorphic,NA,subhemispherical,1.7,1.7,2,2,mm,NA,0.25,0.4,NA,mm,NA,3,3.8,NA,mm,NA,1.2,2,NA,mm,NA,0.9,1.3,NA,mm,NA,NA,10,12.5,NA,mm,white,NA,present,present,NA,NA,Nectariferous disc not developed,Pithecellobium clade
Barneby_and_Grimes_1996_Silk_Tree_Guanacaste_Monkey_s_Earring_Part_I_treatment_0101.txt,2025-10-02T19:42:50.217199,Havardia_pallens,Havardia pallens,1,trees or bushy treelets,NA,2,NA,9,12,m,capitula,hemispherical,NA,NA,NA,NA,NA,NA,NA,NA,NA,NA,NA,7,24,30,mm,5(randomly 6)-merous,NA,NA,NA,NA,NA,NA,NA,NA,NA,NA,NA,NA,homomorphic,NA,shallowly campanulate or hemispherical,NA,1,1.7,1.9,mm,NA,0.2,0.5,NA,mm,3.5,4,5.3,6.3,mm,1,1.2,2,NA,mm,0.6,NA,1.1,NA,mm,(28-)30-52,9,10.5,14.5,NA,mm,NA,NA,present,present,NA,NA,Petiolar nectary,Pithecellobium clade
Barneby_and_Grimes_1996_Silk_Tree_Guanacaste_Monkey_s_Earring_Part_I_treatment_0069.txt,2025-10-02T19:22:32.702167,Hesperalbizia_occidentalis,Hesperalbizia occidentalis,1,trees,NA,NA,20,NA,30,m,capitula,NA,NA,NA,NA,NA,NA,NA,NA,NA,NA,NA,2,3,6.5,NA,cm,5-merous,NA,NA,NA,NA,NA,NA,NA,NA,NA,NA,NA,NA,homomorphic,NA,campanulate,2.2,2.2,3.3,3.3,mm,NA,0.5,0.6,NA,mm,8.5,8.5,10,10,mm,1,1,2.8,2.8,mm,NA,NA,NA,NA,NA,52-76,NA,20,24,NA,mm,white,NA,present,present,NA,NA,,Cojoba clade
Barneby_and_Grimes_1996_Silk_Tree_Guanacaste_Monkey_s_Earring_Part_I_treatment_0008.txt,2025-10-02T18:44:21.731954,Hydrochorea_leucocalyx,Balizia leucocalyx,1,trees,NA,NA,12,33,NA,m,capitula,,NA,NA,NA,NA,,NA,NA,NA,NA,,NA,4,6,NA,cm,5-merous,NA,2.5,6,NA,mm,NA,0.4,0.5,NA,mm,,,dimorphic,,,NA,3.8,4.5,NA,mm,NA,1,1.4,NA,mm,NA,7,9.3,NA,mm,NA,2,3.5,NA,mm,NA,1.8,2.5,NA,mm,28-36,NA,25,36,NA,mm,,NA,present,present,,,,Jupunba clade
"Pennington, T.D., 1997. The genus Inga: botany. Royal Botanic Gardens Kew.",NA,Inga_adenophylla,Inga adenophylla,1,tree,,NA,NA,15,NA,m,spike,"axillary, a congested spike",,NA,NA,NA,,NA,NA,NA,NA,,NA,4,8,NA,cm,5-merous,NA,0,0.5,NA,mm,NA,NA,NA,NA,,,,,,,NA,NA,NA,NA,,NA,1.5,2.5,NA,mm,NA,1,1.3,NA,cm,NA,3,4,NA,mm,NA,3,4,NA,mm,45-50,NA,25,NA,NA,mm,white,,,present,,,,Inga clade
"Pennington, T.D., 1997. The genus Inga: botany. Royal Botanic Gardens Kew.",NA,Inga_alba,Inga aggregata,1,tree,,NA,NA,40,NA,m,spike,"axillary, often clustered on short leafless axillary shoots, congested spike",,5,8,NA,mm,NA,NA,NA,NA,,NA,4,20,NA,mm,5-merous,NA,NA,NA,NA,,NA,NA,NA,NA,,,,,,Cup-shaped to tubular,NA,0.75,1.75,NA,mm,NA,NA,0.25,NA,mm,NA,2,3,NA,mm,NA,0.5,1,NA,mm,NA,NA,NA,NA,,25-45,NA,4.5,6,NA,mm,white,,,Present,,,,Inga clade
inga_treatment_0061.txt,2025-10-03T21:41:12.300960,Inga_arenicola,Inga arenicola,1,treelet,NA,NA,3,4,NA,m,capitate,NA,NA,NA,2,NA,mm,NA,NA,NA,NA,NA,3,3,9,9,cm,5-merous,0.5,0.5,0.75,0.75,mm,NA,NA,NA,NA,NA,NA,NA,NA,NA,funnel-shaped,NA,1,2,NA,mm,2,2,3,3,mm,6,7,8,NA,mm,1,1,1.5,NA,mm,NA,NA,NA,NA,NA,35-40,NA,1,NA,NA,cm,white,NA,NA,present,present,NA,,Inga clade
inga_treatment_0168.txt,2025-10-04T01:07:35.290859,Inga_barbata,Inga barbata,1,tree,NA,NA,NA,12,NA,m,spike,NA,NA,1.3,1.5,NA,cm,NA,NA,NA,NA,NA,2.5,2.5,5,5,cm,5-merous,NA,NA,NA,NA,NA,NA,NA,NA,NA,NA,NA,NA,NA,NA,NA,NA,5,6,NA,mm,NA,0.5,1.5,NA,mm,NA,1,1.1,NA,cm,NA,2,3,NA,mm,NA,NA,NA,NA,NA,35-40,1.5,NA,2.5,NA,cm,white,NA,NA,NA,present,NA,,Inga clade
inga_treatment_0220.txt,2025-10-04T01:40:38.708991,Inga_blanchetiana,Inga blanchetiana,1,Tree,NA,NA,NA,20,NA,m,spike or raceme,congested,NA,2,4,NA,cm,NA,NA,NA,NA,NA,1,NA,2.5,NA,cm,5-merous,1,NA,3,NA,mm,NA,NA,NA,NA,NA,NA,NA,NA,NA,NA,NA,1,1.1,NA,cm,NA,NA,2,NA,mm,NA,3.2,3.8,NA,cm,NA,3,NA,NA,mm,NA,NA,NA,NA,NA,75,2.5,2.5,2.8,2.8,cm,white,NA,NA,present,present,NA,,Inga clade
inga_treatment_0064.txt,2025-10-03T21:43:08.910051,Inga_bullatorugosa,Inga bullatorugosa,1,small tree,NA,NA,NA,NA,NA,NA,umbellate,globose,NA,2,2,NA,mm,NA,NA,NA,NA,NA,NA,2,5,NA,mm,NA,10,10,15,15,mm,NA,NA,NA,NA,NA,NA,NA,NA,NA,narrowly funnel-shaped,NA,2,2.5,NA,mm,NA,0.5,0.5,NA,mm,NA,7,8,NA,mm,1,1,1.5,1.5,mm,NA,NA,NA,NA,NA,50,9,9,10,10,mm,NA,NA,NA,present,present,NA,,Inga clade
inga_treatment_0017.txt,2025-10-03T21:11:57.044929,Inga_cordatoalata,Inga cordatoalata,1,tree,NA,NA,NA,30,NA,m,racemose,NA,NA,2.5,6,NA,cm,NA,NA,NA,NA,NA,0.6,NA,2.5,NA,cm,NA,0.5,NA,1,NA,mm,NA,NA,NA,NA,NA,NA,NA,NA,NA,cup-shaped,NA,NA,0.75,NA,mm,NA,0.25,0.25,NA,mm,NA,2.5,4.5,NA,mm,1,1,1,1,mm,NA,NA,NA,NA,NA,40-50,5,5,7,7,mm,white,NA,NA,NA,present,NA,,Inga clade
inga_treatment_0058.txt,2025-10-03T21:39:09.117306,Inga_filiformis,Inga filiformis,1,tree,NA,NA,NA,15,NA,m,capitate,subglobose,NA,2,3,NA,mm,NA,NA,NA,NA,NA,NA,8,11.5,NA,cm,NA,0,NA,0.5,NA,mm,NA,NA,NA,NA,NA,NA,NA,NA,NA,NA,NA,NA,2.5,NA,mm,NA,3,3,NA,mm,NA,7.5,NA,NA,mm,NA,2,2,NA,mm,NA,NA,NA,NA,NA,45-55,NA,1.4,NA,NA,cm,white,NA,NA,present,present,NA,,Inga clade
inga_treatment_0075.txt,2025-10-03T21:50:16.671887,Inga_golfodulcensis,Inga golfodulcensis,1,tree,NA,NA,NA,25,NA,m,spike,NA,NA,0.4,0.5,NA,cm,NA,NA,NA,NA,NA,NA,1.2,1.5,NA,cm,NA,NA,0.5,0.5,NA,mm,NA,NA,NA,NA,NA,NA,NA,NA,NA,funnel-shaped,NA,NA,2.25,NA,mm,NA,0.25,NA,NA,mm,NA,6,7,NA,mm,NA,1.5,NA,NA,mm,NA,NA,NA,NA,NA,40-50,NA,NA,1,NA,cm,white,NA,NA,NA,present,NA,,Inga clade
inga_treatment_0194.txt,2025-10-04T01:24:15.766505,Inga_herrerae,Inga herrerae,1,tree,NA,NA,NA,15,NA,m,spike,congested,2,2,3,3,cm,NA,NA,NA,NA,NA,NA,1,2.5,NA,cm,NA,NA,NA,NA,NA,NA,NA,NA,NA,NA,NA,NA,NA,NA,NA,NA,NA,5,6,NA,mm,NA,1,2,NA,mm,NA,1.2,1.3,NA,mm,3,3,4,4,mm,NA,NA,NA,NA,NA,80,1.5,1.5,2,2,cm,NA,NA,NA,present,NA,NA,,Inga clade
inga_treatment_0067.txt,2025-10-03T21:45:07.521759,Inga_lallensis,Inga lallensis,1,tree,NA,NA,NA,8,NA,m,umbellate,globose,NA,3,5,NA,mm,NA,NA,NA,NA,NA,NA,2.5,8.5,NA,cm,NA,1.5,NA,4,NA,mm,NA,NA,NA,NA,NA,NA,NA,NA,NA,cup-shaped,NA,0.75,1.75,NA,mm,0.25,0.25,0.5,0.5,mm,NA,5.5,8,NA,mm,1,NA,1.5,NA,mm,NA,NA,NA,NA,NA,40-50,7,7,10,10,mm,NA,NA,NA,NA,present,NA,,Inga clade
inga_treatment_0109.txt,2025-10-03T22:24:32.033121,Inga_maritima,Inga maritima,1,Shrub or small tree,NA,NA,NA,7,NA,m,spike,Congested,1.5,NA,3.5,NA,cm,NA,NA,NA,NA,NA,NA,2,2.5,NA,cm,5-merous,NA,NA,NA,NA,NA,NA,NA,NA,NA,NA,NA,NA,NA,NA,NA,NA,2,2,NA,mm,NA,0.5,NA,NA,mm,NA,7,8,NA,mm,NA,2,NA,NA,mm,NA,NA,NA,NA,NA,35-40,NA,1.2,NA,NA,cm,white,NA,NA,NA,present,NA,,Inga clade
inga_treatment_0025.txt,2025-10-03T21:17:10.067437,Inga_microcalyx,Inga microcalyx,1,tree,NA,NA,NA,8,NA,m,spike,congested,NA,2,4,NA,cm,NA,NA,NA,NA,NA,7,7,10,10,cm,NA,0,NA,0.5,NA,mm,NA,NA,NA,NA,NA,NA,NA,homomorphic,NA,cup-shaped,NA,1,1,NA,mm,NA,0.25,NA,NA,mm,NA,4,4.5,NA,mm,NA,1.5,2,NA,mm,NA,NA,NA,NA,NA,30,1,1,1.5,1.5,cm,white,NA,NA,NA,present,NA,,Inga clade
inga_treatment_0091.txt,2025-10-03T22:00:25.127790,Inga_mortoniana,Inga mortoniana,1,tree,NA,NA,NA,15,NA,m,capitate,NA,NA,2,3,NA,mm,NA,NA,NA,NA,NA,3,3,4,4,cm,NA,NA,NA,NA,NA,NA,NA,NA,NA,NA,NA,NA,NA,NA,NA,"tubular or narrowly funnel-shaped, often slightly curved",NA,4,5,7,mm,0.2,0.2,1,1,mm,NA,8,11,NA,mm,NA,1,2,NA,mm,NA,NA,NA,NA,NA,45,NA,8,9,NA,mm,pure white,NA,NA,present,NA,NA,,Inga clade
inga_treatment_0096.txt,2025-10-03T22:03:37.845062,Inga_nobilis,Inga nobilis,1,tree,NA,NA,16,20,NA,m,"Spike,capitulum or umbel","globose, clavate or unexpanded",0.2,NA,2,NA,cm,NA,NA,NA,NA,NA,NA,0.5,8,NA,cm,NA,0,NA,1.7,NA,cm,NA,NA,NA,NA,NA,NA,NA,NA,NA,funnel-shaped,NA,3,7,NA,mm,NA,0.5,1.5,NA,mm,NA,6,11,NA,mm,1,NA,2.5,3,mm,NA,NA,NA,NA,NA,35-60,1.2,1.2,2,2,cm,white,NA,NA,present,present,NA,,Inga clade
"Pennington, T.D., 1997. The genus Inga: botany. Royal Botanic Gardens Kew.",NA,Inga_oerstediana,Inga endlicheri,1,tree,NA,NA,NA,30,NA,m,spike,"axillary, often clustered at the apex, or in the axils of undeveloped leaves on axillary shoots, a congested spike",,1.5,5,NA,cm,NA,NA,NA,NA,NA,NA,20,70,NA,mm,5-merous,NA,NA,NA,NA,,NA,NA,NA,NA,,,,,,,NA,2,3,7,mm,NA,0.5,1,NA,mm,NA,0.7,1.3,NA,cm,NA,2,3,NA,mm,NA,NA,NA,NA,,60-110,NA,15,20,NA,mm,white,,,,present,,,Inga clade
inga_treatment_0093.txt,2025-10-03T22:01:41.519381,Inga_ruiziana,Inga ruiziana,1,tree,NA,NA,NA,30,NA,m,congested spike,NA,NA,0.5,1.5,NA,cm,NA,NA,NA,NA,NA,0.8,NA,4.5,NA,cm,NA,0,0,0.5,NA,mm,NA,NA,NA,NA,NA,NA,NA,NA,NA,NA,NA,3,4,NA,mm,0.5,0.5,1,1,mm,NA,6,7,NA,mm,NA,1.5,2,NA,mm,NA,NA,NA,NA,NA,50-80,NA,9,10,NA,mm,white or occasionally pink,NA,NA,NA,present,NA,,Inga clade
inga_treatment_0029.txt,2025-10-03T21:19:51.760861,Inga_samanensis,Inga samanensis,1,tree,NA,NA,NA,20,NA,m,spike,NA,NA,1.4,2,4,cm,NA,NA,NA,NA,NA,0.6,0.6,1.5,1.5,cm,NA,NA,NA,NA,NA,NA,NA,NA,NA,NA,NA,NA,NA,NA,NA,tubular,NA,2.5,3,NA,mm,0.25,0.25,0.25,0.25,mm,NA,7,7.5,NA,mm,1,NA,1.5,NA,mm,NA,NA,NA,NA,NA,33-40,NA,1,NA,NA,cm,white,NA,NA,present,present,NA,,Inga clade
inga_treatment_0032.txt,2025-10-03T21:21:58.155731,Inga_sertulifera,Inga sertulifera,1,NA,NA,NA,15,20,30,m,Umbellate,NA,NA,2.5,4,NA,mm,NA,NA,NA,NA,NA,NA,2.5,7.5,NA,cm,NA,7,NA,20,NA,mm,NA,NA,NA,NA,NA,NA,NA,NA,NA,tubular,NA,1.7,3,NA,mm,0.1,NA,1,NA,mm,NA,6,9,NA,mm,1.5,NA,3,NA,mm,NA,NA,NA,NA,NA,25-50,1.1,1.1,1.7,1.7,cm,white,NA,NA,present,present,NA,,Inga clade
inga_treatment_0197.txt,2025-10-04T01:26:09.331989,Inga_sierrae,Inga sierrae,1,tree,NA,NA,NA,20,NA,m,spike,congested,1,NA,3.5,NA,cm,NA,NA,NA,NA,NA,2,NA,10,NA,cm,5-merous,NA,NA,NA,NA,NA,NA,NA,NA,NA,NA,NA,NA,NA,NA,NA,NA,8,13,NA,mm,1,1,3,3,mm,NA,1.7,1.9,NA,cm,NA,4,NA,NA,mm,NA,NA,NA,NA,NA,80,NA,2,2.5,NA,cm,white,NA,NA,NA,present,NA,,Inga clade
inga_treatment_0117.txt,2025-10-04T00:35:16.483846,Inga_stenoptera,Inga stenoptera,1,tree,NA,NA,15,20,30,m,spike,congested,NA,0.5,2,NA,cm,NA,NA,NA,NA,NA,1.5,NA,6,NA,cm,5-merous,NA,NA,NA,NA,NA,NA,NA,NA,NA,NA,NA,NA,NA,NA,tubular to narrowly funnel-shaped,NA,3,5,NA,mm,0.5,0.5,2,2,mm,NA,0.7,1.1,1.4,cm,1.5,1.5,3,NA,mm,NA,NA,NA,NA,NA,40-65,1,1,2,2,cm,cream-coloured,NA,NA,present,present,NA,,Inga clade
inga_treatment_0116.txt,2025-10-04T00:34:37.469015,Inga_tenuicalyx,Inga tenuicalyx,1,tree,NA,NA,NA,5,NA,m,spike,NA,2,2,3.5,3.5,cm,NA,NA,NA,NA,NA,3.5,3.5,5,5,cm,5-merous,NA,NA,NA,NA,NA,NA,NA,NA,NA,NA,NA,NA,NA,NA,funnel-shaped,6,6,10,10,mm,2,2,5,5,mm,NA,11.5,NA,NA,mm,NA,1.5,NA,NA,mm,NA,NA,NA,NA,NA,55-60,NA,2,NA,NA,cm,white,NA,NA,NA,present,NA,,Inga clade
inga_treatment_0180.txt,2025-10-04T01:15:09.943378,Inga_tonduzii,Inga tonduzii,1,Tree,NA,NA,NA,25,NA,m,spike,NA,2,2,3,NA,cm,NA,NA,NA,NA,NA,1.3,NA,3,NA,cm,5-merous,NA,NA,NA,NA,NA,NA,NA,NA,NA,NA,NA,NA,NA,NA,NA,NA,8,11,NA,mm,NA,3,3,NA,mm,NA,2,2.2,NA,mm,4,4,5,5,mm,NA,NA,NA,NA,NA,100-110,NA,3,NA,NA,cm,pale cream-coloured,NA,NA,present,present,NA,,Inga clade
inga_treatment_0048.txt,2025-10-03T21:32:33.739147,Inga_umbellifera,Inga umbellifera,1,tree,NA,NA,NA,20,NA,m,umbellate,globose,1.5,NA,4,NA,mm,NA,NA,NA,NA,NA,NA,1.2,5,NA,cm,NA,0.7,NA,2,NA,cm,NA,NA,NA,NA,NA,NA,NA,NA,NA,tubular,NA,1.75,4,NA,mm,0.25,NA,1,NA,mm,NA,5,9,NA,mm,1,NA,2.5,NA,mm,NA,NA,NA,NA,NA,25-40,1.5,1.5,2,2,cm,white,NA,NA,NA,present,NA,,Inga clade
inga_treatment_0065.txt,2025-10-03T21:43:49.280938,Inga_umbratica,Inga umbratica,1,tree,NA,NA,NA,20,NA,m,umbellate,NA,NA,1.5,2,NA,mm,NA,NA,NA,NA,NA,3,NA,12,NA,mm,5-merous,NA,0.75,5,NA,mm,NA,NA,NA,NA,NA,NA,NA,NA,NA,tubular,NA,1,NA,NA,mm,NA,0.25,0.3,NA,mm,NA,4,5,NA,mm,NA,0.75,1.5,NA,mm,NA,NA,NA,NA,NA,20-55,6,6,12,12,mm,white,NA,NA,NA,present,NA,,Inga clade
Mem. New York Bot. Gard. 64: 203 (1990),NA,Jacqueshuberia_brevipes,Jacqueshuberia brevipes,,,,NA,NA,NA,NA,,,,,NA,NA,NA,,NA,NA,NA,NA,,NA,NA,NA,NA,,,NA,NA,NA,NA,,NA,NA,NA,NA,,,,,,,NA,NA,NA,NA,,NA,NA,,NA,,NA,NA,NA,NA,,NA,NA,NA,NA,,NA,NA,NA,NA,,,NA,NA,NA,NA,,,,,,,,,outgroup
Brittonia 37: 294 (1985),NA,Jacqueshuberia_loretensis,Jacqueshuberia loretensis,,Tree,,20,NA,NA,NA,m,Terminal,compound-racemose,,NA,NA,NA,,NA,NA,NA,NA,,NA,NA,NA,NA,,,NA,18,25,NA,,NA,NA,NA,NA,,,,,,,NA,3.5,7,NA,,NA,NA,,NA,,NA,8,8.5,NA,,NA,NA,NA,NA,,NA,NA,NA,NA,,,NA,26,55,NA,,red,,,,,,,outgroup
Barneby_and_Grimes_1996_Silk_Tree_Guanacaste_Monkey_s_Earring_Part_I_treatment_0061.txt,2025-10-02T19:17:44.316474,Jupunba_abbottii,Abarema abbottii,1,trees,NA,4,NA,12,NA,m,capitula,subumbellate,NA,NA,NA,NA,NA,NA,NA,NA,NA,NA,1,1.5,4,NA,cm,5-merous,NA,NA,NA,NA,,NA,NA,NA,NA,,,,,,,NA,2.2,3,NA,mm,NA,0.2,0.3,NA,mm,NA,6,7,NA,mm,NA,1.8,2.5,NA,mm,NA,1,1.3,NA,mm,27-36,NA,16,21,NA,mm,,NA,present,,,,,Jupunba clade
Barneby_and_Grimes_1996_Silk_Tree_Guanacaste_Monkey_s_Earring_Part_I_treatment_0032.txt,2025-10-02T18:59:28.591799,Jupunba_adenophora,Abarema adenophora,1,trees,NA,NA,12,30,NA,m,racemes,,NA,NA,NA,NA,,NA,NA,NA,NA,,NA,2.5,6,NA,cm,5-merous,NA,4.5,6,NA,mm,NA,0.5,0.7,NA,mm,,,yes,,,NA,1.6,3,5,mm,NA,0.5,0.9,NA,mm,NA,3.7,5.5,9,mm,NA,1.2,2.2,NA,mm,NA,NA,NA,NA,,15-17,NA,14,15,NA,mm,,NA,present,present,,,,Jupunba clade
Barneby_and_Grimes_1996_Silk_Tree_Guanacaste_Monkey_s_Earring_Part_I_treatment_0040.txt,2025-10-02T19:04:31.505427,Jupunba_cochleata,Abarema cochleata,1,tree,NA,2,3,20,25,m,capitula,NA,NA,NA,NA,NA,NA,NA,NA,NA,NA,NA,1,1.5,4.5,5.5,cm,5-merous,0.8,1,2.8,NA,mm,NA,NA,NA,NA,NA,NA,NA,yes,NA,"turbinate-campanulate, obtusely 5-angulate",1.8,1.8,2.4,2.8,mm,0.25,0.25,0.5,0.5,mm,NA,4.5,5.4,7,mm,NA,1.2,1.4,1.9,mm,NA,NA,NA,NA,NA,12-22,NA,14,23,NA,mm,NA,NA,present,NA,present,NA,,Jupunba clade
Barneby_and_Grimes_1996_Silk_Tree_Guanacaste_Monkey_s_Earring_Part_I_treatment_0020.txt,2025-10-02T18:51:58.664616,Jupunba_ganymedea,Abarema ganymedea,1,trees,NA,NA,NA,20,NA,m,capitula,NA,NA,NA,10,NA,mm,NA,NA,NA,NA,NA,1.5,NA,4,NA,cm,5-merous,NA,0.5,0.8,NA,mm,NA,NA,NA,NA,NA,NA,present,present,NA,NA,NA,1.8,2.8,NA,mm,0.3,0.3,0.5,0.5,mm,NA,4,4.2,6.5,mm,NA,1.7,1.7,NA,mm,NA,0.7,0.7,NA,mm,10,NA,NA,15.5,NA,mm,NA,NA,Almost 0,present,NA,NA,,Jupunba clade
Barneby_and_Grimes_1996_Silk_Tree_Guanacaste_Monkey_s_Earring_Part_I_treatment_0014.txt,2025-10-02T18:48:13.147735,Jupunba_longipedunculata,Abarema longipedunculata,1,shrubs and trees,NA,2,NA,20,NA,m,capitula,NA,NA,NA,NA,NA,NA,NA,NA,NA,NA,NA,3,5,12.5,NA,cm,5-merous,NA,NA,NA,NA,NA,NA,NA,NA,NA,NA,NA,NA,Probably dimorphic but terminal one not observed,NA,narrowly campanulate,5,NA,7.3,NA,mm,0.6,NA,1.8,NA,mm,NA,8,9.5,NA,mm,NA,2,NA,NA,mm,NA,NA,NA,NA,NA,30-36,NA,NA,NA,NA,NA,Probably white,NA,present,NA,NA,NA,,Jupunba clade
Barneby_and_Grimes_1996_Silk_Tree_Guanacaste_Monkey_s_Earring_Part_I_treatment_0059.txt,2025-10-02T19:16:32.780607,Jupunba_oppositifolia,Abarema oppositifolia,1,trees,NA,NA,3,12,NA,m,capitula,NA,NA,NA,NA,NA,NA,NA,NA,NA,NA,NA,3,3,9,9,cm,5-merous,1,1,2,2,mm,NA,NA,NA,NA,NA,NA,NA,homomorphic,NA,NA,3.4,3.4,4.2,4.2,mm,0.4,0.4,0.7,0.7,mm,NA,6,7.2,NA,mm,NA,2.4,2.9,NA,mm,NA,1.2,1.5,NA,mm,43-52,NA,12,15,NA,mm,NA,NA,present,present,NA,NA,,Jupunba clade
Barneby_and_Grimes_1996_Silk_Tree_Guanacaste_Monkey_s_Earring_Part_I_treatment_0050.txt,2025-10-02T19:10:50.120847,Jupunba_turbinata,Abarema turbinata,1,trees,NA,,4,9,NA,m,capitula,NA,NA,1,2,NA,cm,NA,NA,NA,NA,NA,NA,7,17,NA,cm,5-merous,NA,NA,1.5,NA,mm,NA,NA,NA,NA,NA,NA,NA,yes,NA,turbinate,3.5,3.5,4.5,4.5,mm,NA,0.7,1.2,NA,mm,NA,6.5,6.5,NA,mm,NA,NA,NA,NA,NA,NA,NA,NA,NA,NA,16-28(32),NA,21,36,NA,mm,NA,NA,present,present,NA,NA,,Jupunba clade
"Du Puy, D.J., Labat, N.-N., Rabevohitra, R., Villiers, J.-F., Bosser, J. & Moat, J. (2002). The Leguminosae of Madagascar: 1-737. Royal Botanic Gardens, Kew.",NA,Lemurodendron_capuronii,Lemurodendron capuronii,1,tree,,30,NA,NA,NA,m,spike,Terminal panicle,,NA,NA,NA,,NA,NA,NA,NA,,NA,NA,NA,NA,,,NA,NA,NA,NA,,NA,NA,NA,NA,,,,,Basal flowers sterile,,NA,1.25,1.5,NA,mm,NA,NA,,NA,,3.3,3.5,4,NA,mm,NA,NA,NA,NA,,NA,NA,NA,NA,,10(12),NA,4.5,7,NA,mm,,yes,,,,,,Dichrostachys clade
"Hughes, C., 1998. Monograph of Leucaena (Leguminosae-Mimosoideae).",NA,Leucaena_cuspidata,Leucaena cuspidata,1,tree,,NA,2,4,6,m,capitula,,,13,16,NA,mm,NA,13,16,NA,mm,NA,26,35,NA,mm,5,NA,NA,NA,NA,,NA,NA,NA,NA,,,,,,,NA,2.5,3,NA,mm,NA,NA,,NA,,NA,3.8,4.2,NA,mm,NA,NA,NA,NA,,NA,NA,NA,NA,,10,NA,5.5,7.5,NA,mm,pale creamy white,,,,,,,Dichrostachys clade
"Hughes, C., 1998. Monograph of Leucaena (Leguminosae-Mimosoideae).",NA,Leucaena_esculenta,Leucaena esculenta,1,tree,,3,10,15,20,m,capitula,,,25,30,NA,mm,NA,25,28,NA,mm,NA,25,30,NA,mm,5,NA,NA,NA,NA,,NA,NA,NA,NA,,,,,,,NA,2.6,4,NA,mm,NA,NA,,NA,,NA,4.2,5.5,NA,mm,NA,NA,NA,NA,,NA,NA,NA,NA,,10,NA,12,13.8,NA,mm,white,,,,,,,Dichrostachys clade
"Hughes, C., 1998. Monograph of Leucaena (Leguminosae-Mimosoideae).",NA,Leucaena_pulverulenta,Leucaena pulverulenta,1,tree,,NA,5,18,20,m,capitula,,,15,20,NA,mm,NA,15,20,NA,mm,NA,25,35,NA,mm,5,NA,NA,NA,NA,,NA,NA,NA,NA,,,,,,,NA,1.3,1.5,NA,mm,NA,NA,,NA,,NA,3.8,4.1,NA,mm,NA,NA,NA,NA,,NA,NA,NA,NA,,10,NA,5.5,6.3,NA,mm,pale cream-white,,,,,,,Dichrostachys clade
"Hughes, C., 1998. Monograph of Leucaena (Leguminosae-Mimosoideae).",NA,Leucaena_retusa,Leucaena retusa,1,tree,,NA,2,5,8,m,capitula,,,20,25,NA,mm,NA,20,25,NA,mm,NA,25,90,NA,mm,5,NA,NA,NA,NA,,NA,NA,NA,NA,,,,,,,NA,4.2,4.5,NA,mm,NA,NA,,NA,,NA,5.4,6.6,NA,mm,NA,NA,NA,NA,,NA,NA,NA,NA,,10,NA,12,13.5,NA,mm,bright yellow,,absent,,,,,Dichrostachys clade
"Hughes, C., 1998. Monograph of Leucaena (Leguminosae-Mimosoideae).",NA,Leucaena_trichodes,Leucaena trichodes,1,"tree, shrub",,1,3,10,15,m,capitula,,,8,12,NA,mm,NA,8,12,NA,mm,6,10,18,NA,mm,5,NA,NA,NA,NA,,NA,NA,NA,NA,,,,,,,NA,1.3,2.6,NA,mm,NA,NA,,NA,,NA,2.3,3.3,NA,mm,NA,NA,NA,NA,,NA,NA,NA,NA,,10,NA,4,6.3,NA,mm,creamy white,,,,,,,Dichrostachys clade
"Barneby, R.C. and Grimes, J., 1996. Silk tree, guanacaste, monkey's earring: a generic system of the synandrous Mimosaceae of the Americas. Part I. Abarema, Albizia, and allies. Memoirs of the New York Botanical Garden, 74(1).",NA,Lysiloma_watsonii,Lysiloma watsonii,1,tree,,NA,NA,NA,NA,,"capituliform, suborbicular",,,3,8,NA,mm,NA,NA,NA,NA,,NA,NA,NA,NA,,,NA,NA,NA,NA,,NA,NA,NA,NA,,,,,,,NA,NA,NA,NA,,NA,NA,,NA,,NA,NA,NA,NA,,NA,NA,NA,NA,,NA,NA,NA,NA,,,NA,NA,NA,NA,,,,,,,,,Cojoba clade
Barneby_and_Grimes_1996_Silk_Tree_Guanacaste_Monkey_s_Earring_Part_I_treatment_0122.txt,2025-10-02T19:56:21.826260,Macrosamanea_simabifolia,Macrosamanea simabifolia,1,shrubs,NA,2,NA,6,8,m,capitula,NA,NA,NA,NA,NA,NA,NA,NA,NA,NA,mm,2,2.5,5,NA,cm,NA,NA,NA,NA,NA,NA,NA,NA,NA,NA,NA,NA,NA,NA,NA,cylindric or slightly dilated above middle,5,5,6.5,6.5,mm,0.8,0.8,1.3,1.3,mm,13,13,22,22,mm,2,2,4,4,mm,NA,NA,NA,NA,NA,30-50(55),NA,NA,NA,NA,NA,NA,NA,NA,NA,NA,NA,,
"Maslin, B. 2001. Flora of Australia, Mimosaceae, Acacia.",NA,Mariosousa_centralis,Acacia centralis,,,,NA,NA,NA,NA,,,,,NA,NA,NA,,NA,NA,NA,NA,,NA,NA,NA,NA,,,NA,NA,NA,NA,,NA,NA,NA,NA,,,,,,,NA,NA,NA,NA,,NA,NA,,NA,,NA,NA,NA,NA,,NA,NA,NA,NA,,NA,NA,NA,NA,,,NA,NA,NA,NA,,,,,,,,,Senegalia grade
"Maslin, B. 2001. Flora of Australia, Mimosaceae, Acacia.",NA,Mariosousa_heterophylla,Acacia willardiana,,,,NA,NA,NA,NA,,,,,NA,NA,NA,,NA,NA,NA,NA,,NA,NA,NA,NA,,,NA,NA,NA,NA,,NA,NA,NA,NA,,,,,,,NA,NA,NA,NA,,NA,NA,,NA,,NA,NA,NA,NA,,NA,NA,NA,NA,,NA,NA,NA,NA,,,NA,NA,NA,NA,,,,,,,,,Senegalia grade
"Lewis GP, Lima MPM (1991) Pseudopiptadenia Rauschert no Brasil (Leguminosae- Mimosoideae). Ou Morim, M.P. 2020. Pseudopiptadenia in Flora do Brasil 2020. Jardim Botânico do Rio de Janeiro.:https://monografiasfloradobrasil.jbrj.gov.br/pseudopiptadenia.pdf",NA,Marlimorimia_psilostachya,Pseudopiptadenia psilostachya,1,tree,,NA,NA,NA,45,m,spike,,,NA,NA,NA,,NA,NA,NA,NA,,NA,NA,NA,NA,,5,NA,NA,NA,NA,,NA,NA,NA,NA,,,,,,,NA,2,3,NA,mm,NA,NA,,NA,,NA,NA,NA,NA,,NA,NA,NA,NA,,NA,NA,NA,NA,,10,NA,NA,NA,NA,,,Present,,,,,,Stryphnodendron clade
"Luckow, M. (1993). Monograph of Desmanthus (leguminosae-mimosoideae). Systematic Botany Monographs, 1-166.",NA,Mezcala_balsensis,Desmanthus balsensis,1,Tree or shrub,,NA,1,3.5,NA,m,head,,,NA,NA,NA,,NA,NA,NA,NA,,NA,1,3,NA,cm,5,NA,NA,NA,NA,,NA,NA,NA,NA,,,yes,,yes,,1,1.4,1.75,2.7,mm,NA,0.3,0.5,NA,mm,2,2.5,3.0,NA,mm,NA,NA,NA,NA,,NA,NA,NA,NA,,10,2.5,3.5,5.5,NA,mm,white,With a stalked spherical apical gland,,,,,,Dichrostachys clade
Barneby_1991_Sensitivae_Censitae_treatment_0044.txt,"2025-07-09T11:37:49,769",Mimosa_adenantheroides,Mimosa adenantheroides,1,arborescent shrubs,,NA,1,4,5,m,capitula,"oblong-ellipsoid, spiciform, cylindric, or amentiform",NA,8,20,NA,mm,NA,6.5,7.5,NA,mm,NA,1,3.5,NA,cm,5-merous,NA,0,0.4,NA,mm,NA,NA,NA,NA,,yes,NA,NA,NA,campanulate,1.2,1.2,2.1,2.1,mm,0.2,0.2,0.5,0.5,mm,NA,2.6,3.7,NA,mm,NA,NA,NA,NA,,NA,NA,NA,NA,,10,NA,5,7,NA,mm,whitish or pale pink,absent,absent,absent,,NA,,Mimosa clade
Barneby_1991_Sensitivae_Censitae_treatment_0664.txt,"2025-07-10T00:19:17,378",Mimosa_affinis,Mimosa affinis,1,herbs,,NA,NA,NA,NA,,capitula,,NA,3,NA,NA,mm,NA,3,NA,NA,mm,NA,NA,NA,NA,,,NA,NA,NA,NA,,NA,NA,NA,NA,,yes,Lower ones staminates,dimorphic,NA,,NA,0.1,0.3,NA,mm,NA,NA,NA,NA,,NA,2,2,NA,mm,NA,NA,NA,NA,,NA,NA,NA,NA,,,NA,3,3,NA,mm,,absent,NA,,,NA,,Mimosa clade
Barneby_1991_Sensitivae_Censitae_treatment_0539.txt,7/9/2025 22:04,Mimosa_albida,Mimosa albida,1,"herbs, bushy shrubs, weakly woody sarmentose vines and treelets",,NA,NA,3,4,m,capitula,globose,NA,4.5,6.5,7,mm,NA,NA,NA,NA,NA,NA,1,4,4.7,cm,4-merous,NA,NA,NA,NA,,NA,NA,NA,NA,,NA,NA,NA,NA,minute,NA,0.15,0.4,NA,mm,NA,NA,NA,NA,,NA,2,2.6,NA,mm,0.5,0.7,NA,NA,mm,NA,0.4,0.6,NA,mm,4,NA,4,7.5,NA,mm,"lilac-, roseor magenta-pink",absent,NA,,,NA,,Mimosa clade
Barneby_1991_Sensitivae_Censitae_treatment_0309.txt,7/9/2025 16:52,Mimosa_antioquensis,Mimosa antioquiensis,1,shrubs,,NA,2,8,NA,m,capitula,globose or plumply ellipsoid,NA,5,6.5,NA,mm,NA,NA,NA,NA,NA,NA,10,14,NA,mm,5-merous,NA,NA,NA,NA,,NA,NA,NA,NA,,yes,NA,NA,NA,shallowly or narrowly campanulate,0.4,0.4,1,1,mm,NA,NA,NA,NA,,1.9,1.9,2.7,2.7,mm,0.6,0.9,0.9,NA,mm,0.2,0.2,0.4,0.4,mm,5,1.5,1.5,2,2,mm,,absent,NA,,,NA,,Mimosa clade
Barneby_1991_Sensitivae_Censitae_treatment_0104.txt,"2025-07-09T12:51:31,413",Mimosa_arenosa,Mimosa arenosa,1,"subshrubs, shrubs and trees",,1,2,6,NA,m,spikes,,3,3.5,7,NA,cm,NA,NA,NA,NA,NA,NA,NA,NA,NA,,4-merous,NA,NA,NA,NA,,NA,NA,NA,NA,,,In some spike many staminate,NA,NA,Shallowly or shortly campanulate,NA,0.35,0.75,0.85,mm,0.1,0.1,0.2,0.2,mm,NA,2,2.5,NA,mm,1,1.4,NA,NA,mm,NA,0.7,0.9,NA,mm,8,3,3.5,5,6,mm,"white or cream-white, exceptionally pallid-roseate in fading",absent,NA,,,NA,,Mimosa clade
Barneby_1991_Sensitivae_Censitae_treatment_0171.txt,7/9/2025 14:13,Mimosa_bahamensis,Mimosa bahamensis,1,shrubs and treelets,,NA,2,4.5,9,m,capitula,globose,NA,NA,NA,NA,,NA,5.5,6.5,NA,mm,NA,7,15,NA,mm,4(-5)-merous,NA,NA,NA,NA,,NA,NA,NA,NA,,yes,NA,NA,NA,campanulate,NA,1,1.3,NA,mm,NA,0.1,0.3,NA,mm,NA,2.6,3,NA,mm,0.8,1.1,NA,NA,mm,NA,0.7,0.9,NA,mm,8(10),NA,3,4.5,NA,mm,pink,absent,NA,,,NA,,Mimosa clade
Barneby_1991_Sensitivae_Censitae_treatment_0145.txt,7/9/2025 13:41,Mimosa_bimucronata,Mimosa bimucronata,1,Trees and bushy treelets,,2,3,8,10,m,capitula,globose,NA,NA,NA,NA,NA,NA,4.5,5,6,mm,6,16,20,NA,mm,4 (5)-merous,NA,NA,NA,NA,,NA,NA,NA,NA,,NA,Pistil of some lower flowers rudimentary,NA,NA,campanulate,NA,0.55,0.9,NA,mm,NA,0.05,0.15,NA,mm,NA,2,2.8,NA,mm,0.8,1.1,NA,NA,mm,NA,0.6,0.8,NA,mm,8(10),NA,4.5,6,NA,mm,white,absent,NA,,,NA,,Mimosa clade
Barneby_1991_Sensitivae_Censitae_treatment_0335.txt,7/9/2025 17:21,Mimosa_bonplandii,Mimosa bonplandii,1,shrub or treelet,,NA,1,3,NA,m,capitula,globose,NA,NA,NA,NA,,3.5,4,5.5,NA,mm,,2.5,11,,mm,4-merous,NA,NA,NA,NA,,NA,NA,NA,NA,,yes,NA,NA,NA,cup-shaped,0.4,0.4,0.5,0.5,mm,NA,NA,NA,NA,,NA,2,2.6,NA,mm,0.7,0.9,NA,NA,mm,0.8,NA,1,NA,mm,4,NA,2,3,NA,mm,pale yellow,absent,NA,,,NA,,Mimosa clade
Barneby_1991_Sensitivae_Censitae_treatment_0100.txt,"2025-07-09T12:46:43,251",Mimosa_borealis,Mimosa borealis,1,shrubs,,NA,NA,12,NA,dm,capitula,"umbelliform, spherical or hemispherical",5,5,7,7,mm,NA,NA,NA,NA,NA,7,10,23,NA,mm,4- or 5-merous,NA,0.4,1,NA,mm,NA,NA,NA,NA,,NA,NA,NA,NA,turbinate,NA,0.5,0.8,NA,mm,NA,NA,NA,NA,,2.1,2.1,2.8,2.8,mm,NA,NA,NA,NA,,NA,NA,NA,NA,,8(10),2.5,3,4.5,5,mm,pink,absent,present,,,NA,,Mimosa clade
"Barneby, R.C., 1991. Sensitivae Censitae: a description of the genus Mimosa Linnaeus (Mimosaceae) in the New World (Vol. 65).",NA,Mimosa_brevispicata,Mimosa brevispicata,1,,,NA,NA,NA,NA,,,,,NA,NA,NA,,NA,NA,NA,NA,,NA,NA,NA,NA,,,NA,NA,NA,NA,,NA,NA,NA,NA,,,,,,,NA,NA,NA,NA,,NA,NA,,NA,,NA,NA,NA,NA,,NA,NA,NA,NA,,NA,NA,NA,NA,,,NA,NA,NA,NA,,,absent,,,,,,Mimosa clade
Barneby_1991_Sensitivae_Censitae_treatment_0249.txt,7/9/2025 15:43,Mimosa_caesalpiniifolia,Mimosa caesalpiniifolia,1,trees or potentially sarmentose shrubs,,NA,3,7,NA,m,fl-spikes,Amentiform,NA,NA,NA,NA,mm,NA,4,5,NA,mm,3,3,7,9,cm,3-merous,NA,NA,NA,NA,,NA,NA,NA,NA,,yes,NA,NA,NA,,0.4,0.4,0.7,0.7,mm,0.1,0.1,0.2,0.2,mm,NA,1.7,2.2,NA,mm,1,1.3,NA,NA,mm,NA,0.6,1,NA,mm,6,4,4.5,7,NA,mm,white,absent,NA,,,NA,,Mimosa clade
Barneby_1991_Sensitivae_Censitae_treatment_0029.txt,"2025-07-09T11:18:56,234",Mimosa_colombiana,Mimosa colombiana,1,vines,,NA,NA,NA,NA,,capitula,globose,NA,NA,NA,NA,,NA,4,5,NA,mm,NA,3,11,NA,mm,5- or 6-merous,NA,NA,NA,NA,,NA,NA,NA,NA,,yes,NA,NA,NA,campanulate,0.5,0.5,0.8,0.8,mm,NA,NA,NA,NA,,NA,1.7,2.8,NA,mm,0.6,1,NA,NA,mm,NA,NA,NA,NA,,10(12),NA,2.5,3,NA,mm,white,absent,NA,,,NA,,Mimosa clade
Barneby_1991_Sensitivae_Censitae_treatment_0231.txt,7/9/2025 15:23,Mimosa_cruenta,Mimosa cruenta,1,subshrubs,heavy woody rootstock,NA,5,15,NA,dm,capitula,globose,NA,NA,NA,NA,,NA,6,7,NA,mm,NA,14,38,NA,mm,(3-)4(-5)-merous,NA,NA,NA,NA,,NA,NA,NA,NA,,yes,NA,NA,NA,campanulate,0.7,0.7,1.2,1.2,mm,0.25,0.25,0.4,0.4,mm,NA,2.7,3.3,NA,mm,0.75,1,NA,NA,mm,NA,0.7,1,NA,mm,(6)8(10),NA,4,5.5,NA,mm,bright pink,absent,NA,,,NA,,Mimosa clade
Barneby_1991_Sensitivae_Censitae_treatment_0703.txt,10/7/2025 1:01,Mimosa_cyclophylla,Mimosa cyclophylla,1,subshrubs,xylopodium,NA,1,2.5,3.5,m,capitula,globose,NA,9,11,13,mm,NA,NA,NA,NA,NA,NA,2,10,NA,cm,4-merous,NA,NA,NA,NA,,NA,NA,NA,NA,,NA,Some lower ones staminate,NA,NA,paleaceous,NA,2,3.5,NA,mm,NA,NA,NA,NA,,NA,3,5,NA,mm,1.1,1.8,NA,NA,mm,NA,0.7,1,NA,mm,4,NA,6,7,NA,mm,,NA,NA,,,NA,,Mimosa clade
Barneby_1991_Sensitivae_Censitae_treatment_0453.txt,7/9/2025 19:36,Mimosa_dormiens,Mimosa dormiens,1,herbs,,NA,NA,NA,NA,,capitula,plumply ellipsoid,4,4,7.5,NA,mm,NA,3.5,4.5,NA,mm,NA,8,35,40,mm,4(-5)-merous,NA,NA,NA,NA,,NA,NA,NA,NA,,yes,NA,NA,NA,obsolete,NA,NA,NA,NA,,NA,NA,NA,NA,,NA,1.3,1.7,NA,mm,0.3,0.7,NA,NA,mm,NA,0.3,0.5,NA,mm,8,NA,2,3,NA,mm,pale lilac fading whitish,NA,NA,,,NA,,Mimosa clade
Barneby_1991_Sensitivae_Censitae_treatment_0176.txt,7/9/2025 14:19,Mimosa_ephedroides,Mimosa ephedroides,1,shrubs,,NA,NA,2,NA,m,capitula,globose,NA,NA,NA,NA,,NA,6.5,8,NA,mm,NA,5,15,NA,mm,4(5-)-merous,NA,0.3,0.3,NA,mm,NA,NA,NA,NA,,NA,NA,NA,NA,campanulate,NA,NA,NA,NA,,NA,0.2,0.5,NA,mm,NA,2.5,3.4,NA,mm,NA,NA,NA,NA,,NA,NA,NA,NA,,8(10),NA,5,6,NA,mm,white,NA,NA,,,NA,,Mimosa clade
Barneby_1991_Sensitivae_Censitae_treatment_0170.txt,7/9/2025 14:12,Mimosa_extranea,Mimosa extranea,1,shrubs or treelets,,NA,1.5,3,NA,m,capitula,globose,NA,5,5,NA,mm,NA,NA,NA,NA,NA,6,NA,38,NA,mm,4-5-merous,NA,NA,NA,NA,mm,NA,NA,NA,NA,,yes,NA,NA,NA,narrowly campanulate,0.8,0.8,1,1,mm,NA,0.2,0.2,0.2,mm,NA,2.4,3,NA,mm,0.8,1.3,NA,NA,mm,NA,0.5,0.7,NA,mm,8(10),NA,2.5,3,NA,mm,white,NA,NA,,,NA,,Mimosa clade
Barneby_1991_Sensitivae_Censitae_treatment_0131.txt,7/9/2025 13:25,Mimosa_gemmulata,Mimosa gemmulata,1,shrubs,,NA,1,2.5,4,m,fl-spikes,,4,5,12,13,cm,NA,NA,NA,NA,NA,NA,NA,NA,NA,,4-merous,NA,NA,NA,NA,,NA,NA,NA,NA,,NA,Some functionally male,NA,NA,crateriform or shallowly campanulate,0.3,0.4,0.8,NA,mm,0.1,0.1,0.3,0.3,mm,1.5,1.7,2.4,NA,mm,1,1.3,NA,NA,mm,NA,0.65,0.8,1,mm,8,NA,4,8,NA,mm,pink,NA,NA,,,NA,,Mimosa clade
Barneby_1991_Sensitivae_Censitae_treatment_0079.txt,"2025-07-09T12:21:26,678",Mimosa_gentryi,Mimosa gentryi,1,shrubs,,2,NA,3,NA,m,capitula,hemispherical,NA,7,8,NA,mm,NA,NA,NA,NA,NA,NA,12,28,NA,mm,4-5-merous,NA,NA,NA,NA,,NA,NA,NA,NA,,NA,NA,NA,NA,campanulate,NA,0.8,1,NA,mm,NA,NA,0.1,NA,mm,NA,2.5,4.3,NA,mm,1,1.3,NA,NA,mm,NA,0.55,0.9,NA,mm,8-10,4.5,NA,6,NA,mm,lilac,NA,NA,,,NA,,Mimosa clade
Barneby_1991_Sensitivae_Censitae_treatment_0186.txt,7/9/2025 14:31,Mimosa_gracilis,Mimosa gracilis,1,herbs,"woody, when young carrot-like, in age knotty and amorphous",1,2,14,NA,dm,capitula,globose,NA,NA,NA,NA,,NA,3,4.5,6,mm,0.8,1,4.5,6,cm,4-merous,NA,NA,NA,NA,,NA,NA,NA,NA,,yes,Lower ones usually staminate,yes,NA,campanulate,NA,0.2,0.4,NA,mm,NA,NA,NA,NA,,NA,1.4,2.6,3,mm,0.5,1.7,NA,NA,mm,NA,NA,NA,NA,,8,NA,2.5,5.5,NA,mm,vivid pink or lilac-pink,NA,NA,,,NA,,Mimosa clade
Barneby_1991_Sensitivae_Censitae_treatment_0258.txt,7/9/2025 15:53,Mimosa_guaranitica,Mimosa guaranitica,1,subshrubs,woody root-stock,NA,3,7,NA,dm,capitula,globose,NA,5,5.5,NA,mm,NA,NA,NA,NA,NA,3,3,5.5,5.5,cm,3-merous,0,NA,0.2,NA,mm,NA,NA,NA,NA,,NA,NA,NA,NA,campanulate,NA,NA,NA,NA,,NA,NA,NA,NA,,2.4,2.4,2.7,2.7,mm,1,1.2,1.2,NA,mm,0.9,0.9,1.1,1.1,mm,6,4.5,NA,6,NA,mm,pink,absent,absent,,,NA,,Mimosa clade
Barneby_1991_Sensitivae_Censitae_treatment_0758.txt,"2025-07-10T02:01:37,744",Mimosa_hilariana,Mimosa hilariana,1,subshrubs,,NA,8,15,NA,dm,capitula,ellipsoid,NA,5,5,NA,mm,NA,NA,NA,NA,NA,NA,NA,NA,NA,,4-merous,NA,NA,NA,NA,,NA,NA,NA,NA,,NA,NA,NA,NA,irregularly denticulate,NA,0.7,0.7,NA,mm,NA,0.23,NA,NA,mm,1.7,1.7,2,2,mm,0.7,0.7,NA,NA,mm,NA,0.4,0.5,NA,mm,4,NA,NA,NA,NA,,,absent,NA,,,NA,,Mimosa clade
Barneby_1991_Sensitivae_Censitae_treatment_0162.txt,7/9/2025 14:02,Mimosa_hondurana,Mimosa hondurana,1,vines,,NA,3,NA,NA,m,capitula,globose,NA,NA,4,NA,mm,NA,NA,NA,NA,NA,NA,NA,NA,NA,,4-merous,NA,NA,NA,NA,,NA,NA,NA,NA,,NA,NA,NA,NA,campanulate,NA,0.4,0.8,NA,mm,NA,NA,NA,NA,,NA,2,2.3,NA,cm,NA,NA,NA,NA,,NA,NA,NA,NA,,8,NA,NA,NA,NA,,white,absent,NA,,,NA,,Mimosa clade
Barneby_1991_Sensitivae_Censitae_treatment_0578.txt,"2025-07-09T22:46:12,589",Mimosa_lactiflua,Mimosa lactiflua,1,Shrubs and treelets,,NA,1,6,NA,m,pseudoracemes,,NA,NA,NA,NA,,NA,NA,NA,NA,NA,NA,NA,NA,NA,,,NA,NA,NA,NA,,NA,NA,NA,NA,,NA,NA,NA,NA,,NA,NA,NA,0.7,mm,NA,NA,NA,NA,,NA,NA,NA,NA,,NA,NA,NA,NA,,NA,NA,NA,NA,,,NA,NA,NA,NA,,,NA,NA,,,NA,,Mimosa clade
Barneby_1991_Sensitivae_Censitae_treatment_0158.txt,7/9/2025 13:57,Mimosa_leucaenoides,Mimosa leucaenoides,1,shrubs and treelets,,NA,NA,4.5,NA,m,capitula,globose,NA,5.5,6,NA,mm,NA,NA,NA,NA,NA,NA,1,3,NA,cm,4-merous,NA,NA,NA,NA,,NA,NA,NA,NA,,NA,NA,NA,NA,narrowly campanulate,1.2,1.2,1.4,1.4,mm,NA,0.2,0.2,NA,mm,NA,2.7,3.2,NA,mm,NA,NA,NA,NA,,NA,NA,NA,NA,,8,NA,3.5,4.5,NA,mm,pink,absent,NA,,,NA,,Mimosa clade
Barneby_1991_Sensitivae_Censitae_treatment_0431.txt,7/9/2025 19:11,Mimosa_manidea,Mimosa manidea,1,rosette-trees,,NA,2,4,NA,m,capitula,ovoid-ellipsoid or globose,NA,12,17,NA,mm,NA,NA,NA,NA,NA,NA,3,7,9,cm,4-merous,NA,NA,NA,NA,,NA,NA,NA,NA,,NA,NA,NA,NA,,NA,0.55,NA,NA,mm,NA,NA,NA,NA,,NA,5,5.5,NA,mm,NA,NA,NA,NA,,NA,NA,NA,NA,,8,NA,NA,NA,NA,,lavender-pink,absent,NA,,,NA,,Mimosa clade
Barneby_1991_Sensitivae_Censitae_treatment_0580.txt,"2025-07-09T22:48:18,343",Mimosa_margaritae,Mimosa margaritae,1,shrub,,NA,NA,NA,NA,,,,NA,NA,NA,NA,,NA,NA,NA,NA,NA,NA,NA,NA,NA,,,NA,NA,NA,NA,,NA,NA,NA,NA,,NA,NA,NA,NA,,NA,NA,NA,NA,,NA,NA,NA,NA,,NA,NA,NA,NA,,NA,NA,NA,NA,,NA,NA,NA,NA,,,NA,NA,NA,NA,,,NA,NA,,,NA,,Mimosa clade
Barneby_1991_Sensitivae_Censitae_treatment_0090.txt,"2025-07-09T12:34:49,819",Mimosa_monancistra,Mimosa monancistra,1,shrubs,,NA,8,28,NA,dm,capitula,oblong,NA,6,11,NA,mm,4,4.5,6,NA,mm,NA,4,16,NA,mm,5-merous,NA,NA,NA,NA,,NA,NA,NA,NA,,NA,NA,NA,NA,campanulate or turbinate,0.9,1,1.4,NA,mm,0.1,0.1,0.4,0.4,mm,NA,2,2.8,3,mm,NA,NA,NA,NA,,NA,NA,NA,NA,,10,4,4,6,6,mm,pink,absent,NA,,,NA,,Mimosa clade
Barneby_1991_Sensitivae_Censitae_treatment_0078.txt,"2025-07-09T12:20:09,581",Mimosa_moniliformis,Mimosa moniliformis,1,shrubs and small trees,,NA,NA,3,NA,m,capitula,globose or ellipsoid,7,7,12,12,mm,NA,5,6,NA,mm,NA,7,21,NA,mm,5-merous,NA,NA,NA,NA,,NA,NA,NA,NA,,NA,NA,NA,NA,campanulate,NA,0.8,0.8,NA,mm,NA,NA,NA,NA,,NA,3,3,NA,mm,1.1,1.1,NA,NA,mm,NA,0.6,0.6,NA,mm,10,NA,4.5,5.5,NA,mm,pink-purple,absent,NA,,,NA,,Mimosa clade
Barneby_1991_Sensitivae_Censitae_treatment_0617.txt,"2025-07-09T23:28:21,343",Mimosa_orthacantha,Mimosa orthacantha,1,Shrubs,,NA,1.5,2.5,NA,m,capitula,globose,NA,5.5,6.5,NA,mm,NA,NA,NA,NA,NA,NA,11,27,NA,mm,4-merous,NA,NA,NA,NA,,NA,NA,NA,NA,,NA,Some lower ones staminate,NA,NA,campanulate,0.3,0.3,0.5,0.5,mm,NA,NA,NA,NA,,2,2.2,2.7,NA,mm,0.4,0.6,0.8,NA,mm,0.5,0.5,0.6,0.6,mm,4,NA,5,8.5,NA,mm,pink,absent,NA,,,NA,,Mimosa clade
"Barneby, R.C., 1991. Sensitivae Censitae: a description of the genus Mimosa Linnaeus (Mimosaceae) in the New World (Vol. 65).",NA,Mimosa_paludosa,Mimosa paludosa,1,"shrubs, treelets",,NA,1.5,5,NA,,capitula,,,6,11,13,mm,NA,NA,NA,NA,,NA,15,35,60,mm,4,NA,NA,NA,NA,,NA,NA,NA,NA,,,Lower ones mostly staminate,,,campanulate,NA,0.3,0.6,NA,mm,NA,NA,,NA,,NA,2.5,3,5.4,mm,0.8,0.9,1.4,NA,mm,NA,NA,NA,NA,,8,NA,6.5,14.5,NA,mm,pink,,,,,,,Mimosa clade
Barneby_1991_Sensitivae_Censitae_treatment_0525.txt,7/9/2025 21:48,Mimosa_pectinatipinna,Mimosa pectinatipinna,1,shrubs,,NA,8,30,NA,dm,capitula,globose,NA,4,5,NA,mm,NA,NA,NA,NA,NA,7,7,15,15,mm,,NA,NA,NA,NA,,NA,NA,NA,NA,,NA,NA,NA,NA,pappiform,0.8,0.8,1.3,1.3,mm,NA,NA,NA,NA,,NA,1.8,2.1,NA,mm,0.6,0.6,NA,NA,mm,NA,0.5,0.5,NA,mm,,NA,4,4,NA,mm,pink or white,NA,NA,,,NA,,Mimosa clade
Barneby_1991_Sensitivae_Censitae_treatment_0450.txt,7/9/2025 19:33,Mimosa_pigra,Mimosa pigra,1,shrubs,adventitiously rooting,NA,5,16,NA,dm,capitula,globose,NA,5,6.5,NA,mm,NA,NA,NA,NA,NA,NA,7,17,24,mm,(4)5-merous,NA,NA,NA,NA,,NA,NA,NA,NA,,NA,NA,NA,NA,,NA,0.6,0.85,NA,mm,NA,NA,NA,NA,,NA,1.5,1.8,NA,mm,NA,NA,NA,NA,,NA,NA,NA,NA,,10,NA,NA,2,NA,mm,pink,NA,NA,,,NA,,Mimosa clade
Barneby_1991_Sensitivae_Censitae_treatment_0033.txt,"2025-07-09T11:24:08,773",Mimosa_pithecolobioides,Mimosa pithecolobioides,1,arborescent shrubs and round-topped trees,,NA,2,5,NA,m,fl-spikes,amentiform,NA,4,5,NA,mm,NA,NA,NA,NA,NA,NA,1.5,3,NA,cm,5-merous,NA,NA,NA,NA,,NA,NA,NA,NA,,NA,Some or many of each spike functionally staminate,NA,NA,campanulate,0.6,0.7,1.2,NA,mm,0.2,0.2,0.4,0.4,mm,1.7,2,2.5,NA,mm,0.7,1,1,NA,mm,0.3,0.3,0.45,0.45,mm,10,1.8,1.8,3,3.5,mm,cream-colored,NA,NA,,,NA,,Mimosa clade
Barneby_1991_Sensitivae_Censitae_treatment_0639.txt,"2025-07-09T23:52:20,418",Mimosa_pudica,Mimosa pudica,1,"subshrubs, herbs",,NA,NA,12,NA,dm,capitula,ellipsoid,NA,3.5,5,NA,mm,NA,NA,NA,NA,NA,0.7,1,3,3.5,cm,4-merous,NA,NA,NA,NA,,NA,NA,NA,NA,,NA,Some or many lower ones staminate,NA,NA,campanulate cup,NA,0.1,0.2,NA,mm,NA,NA,NA,NA,,NA,1.5,2.1,NA,mm,0.45,0.7,NA,NA,mm,NA,0.4,0.5,NA,mm,4,3.5,3.5,6,6,mm,pink,NA,NA,,,NA,,Mimosa clade
Barneby_1991_Sensitivae_Censitae_treatment_0282.txt,7/9/2025 16:21,Mimosa_quadrivalvis,Mimosa quadrivalvis,1,Humifuse herbs,,4,4,20,30,dm,capitula,globose,NA,4,11,NA,mm,NA,NA,NA,NA,NA,NA,0.4,13,20,cm,(4-)5-6- merous,NA,NA,1,NA,mm,NA,NA,NA,NA,,NA,Lower ones staminates,NA,NA,campanulate,0.3,0.3,0.6,0.6,mm,NA,NA,NA,NA,,1.8,2,4.3,NA,mm,0.6,1.7,1.7,NA,mm,0.6,0.6,0.85,0.85,mm,(8)10(12),2.5,2.5,9,10,mm,"pink or purplish-pink, sometimes fading whitish",NA,present,,,NA,,Mimosa clade
Barneby_1991_Sensitivae_Censitae_treatment_0037.txt,"2025-07-09T11:29:10,450",Mimosa_rhododactyla,Mimosa rhododactyla,1,arborescent shrubs,,NA,2,7,NA,m,spikes,,3.5,4,6,NA,mm,NA,NA,NA,NA,NA,NA,NA,NA,NA,,4- or 5- or 6-merous,NA,NA,NA,NA,,NA,NA,NA,NA,,NA,NA,NA,NA,campanulate or turbinate-campanulate,0.4,0.4,1.7,1.7,mm,0.1,0.1,0.25,0.25,mm,1.7,1.7,3.3,3.3,mm,0.8,1.1,1.1,NA,mm,NA,NA,NA,NA,,(8)10(12),3,3,6,6,mm,pink,NA,present,,,NA,,Mimosa clade
Barneby_1991_Sensitivae_Censitae_treatment_0581.txt,"2025-07-09T22:49:22,261",Mimosa_sicyocarpa,Mimosa sicyocarpa,1,Scrambling or arborescent shrubs,,NA,NA,6,NA,m,capitula,,NA,NA,NA,NA,,NA,NA,NA,NA,NA,NA,NA,NA,NA,,,NA,NA,NA,NA,,NA,NA,NA,NA,,NA,NA,NA,NA,campanulate,NA,0.5,0.5,NA,mm,NA,NA,NA,NA,,NA,NA,NA,NA,,NA,NA,NA,NA,,NA,NA,NA,NA,,,NA,NA,NA,NA,,,NA,NA,,,NA,,Mimosa clade
Barneby_1991_Sensitivae_Censitae_treatment_0797.txt,"2025-07-10T02:45:34,947",Mimosa_skinneri,Mimosa skinneri,1,short-lived perennial herbs,,NA,0.1,0.6,1,m,capitula,ellipsoid or globose,NA,4,6,6.5,mm,NA,NA,NA,NA,NA,2,NA,7,NA,cm,4-merous,NA,NA,NA,NA,,NA,NA,NA,NA,,All or most bisexual,NA,NA,NA,,NA,0.1,0.3,NA,mm,NA,NA,NA,NA,,1.7,1.7,2.4,2.4,mm,NA,NA,NA,NA,,NA,NA,NA,NA,,4,NA,4,6,7,mm,pink,NA,NA,,,NA,,Mimosa clade
Barneby_1991_Sensitivae_Censitae_treatment_0455.txt,7/9/2025 19:38,Mimosa_somnians,Mimosa somnians,1,"subshrubs, shrubs and treelets",,2,4,25,40,dm,capitula,subglobose,4,4.5,7,8,mm,NA,NA,NA,NA,NA,0.5,0.8,3,3.5,cm,4(-5)-merous,NA,NA,NA,NA,,NA,NA,NA,NA,,NA,Lowest in each capitulum staminate,NA,NA,membranous,0.25,0.3,0.55,0.7,mm,NA,0.9,1.6,NA,mm,1.7,2.1,3.5,4,mm,1.2,2,2.2,NA,mm,NA,0.6,1.1,NA,mm,8(10),3.5,4,7,NA,mm,pink,NA,NA,,,NA,,Mimosa clade
Barneby_1991_Sensitivae_Censitae_treatment_0052.txt,"2025-07-09T11:48:09,232",Mimosa_spirocarpa,Mimosa spirocarpa,1,shrubs,,NA,NA,NA,NA,,spikes,amentiform,6,6,10,10,cm,NA,4.5,6,NA,mm,NA,NA,NA,NA,,5-merous,NA,NA,NA,NA,,NA,NA,NA,NA,,All bisexual,NA,NA,NA,campanulate,0.8,0.8,1.6,1.6,mm,0.2,0.2,0.5,0.5,mm,NA,2.2,2.7,NA,mm,1,1,1.2,NA,mm,NA,0.65,0.8,NA,mm,10,NA,5,6.5,NA,mm,pink fading whitish,NA,NA,,,NA,,Mimosa clade
Barneby_1991_Sensitivae_Censitae_treatment_0036.txt,"2025-07-09T11:27:54,863",Mimosa_townsendii,Mimosa townsendii,1,Treelets,,NA,NA,NA,NA,,spikes,,8,8,15,15,mm,NA,4,NA,NA,mm,NA,1,1.5,NA,cm,4-merous,NA,NA,NA,NA,,NA,NA,NA,NA,,NA,NA,NA,NA,shallowly campanulate,NA,0.5,0.5,NA,mm,NA,0.1,0.1,NA,mm,NA,2.3,2.3,NA,mm,1.1,1.1,NA,NA,mm,NA,0.75,0.75,NA,mm,8,NA,5,5,NA,mm,white,NA,yes,,,NA,,Mimosa clade
Barneby_1991_Sensitivae_Censitae_treatment_0648.txt,"2025-07-10T00:02:06,579",Mimosa_xanthocentra,Mimosa xanthocentra,1,subshrubs,woody roots or short caudex,1,3,15,20,dm,capitula,ovoid-ellipsoid,5,6,9,10,mm,2.5,3.5,7,NA,mm,3,5,20,NA,mm,4-merous,NA,NA,NA,NA,,NA,NA,NA,NA,,NA,Lower ones staminates,NA,NA,paleaceous-pappiform,1,1.3,3,NA,mm,NA,NA,NA,NA,,1.2,1.6,3,NA,mm,0.5,1.1,NA,NA,mm,NA,0.4,0.7,NA,mm,4,3,5,9.5,10,mm,pink,NA,NA,,,NA,,Mimosa clade
"Burkart, A. (1976). A monograph of the genus Prosopis (Leguminosae subfam. Mimosoideae). Journal of the Arnold arboretum, 450-525.",NA,Neltuma_flexuosa,Prosopis flexuosa,1,"trees, large erect polypodial shrubs",,NA,3,10,NA,m,"racemes, spiciform",,,40,140,NA,mm,NA,NA,NA,NA,,NA,NA,NA,NA,,,NA,NA,NA,NA,,NA,NA,NA,NA,,,,,,,NA,NA,NA,NA,,NA,NA,,NA,,NA,NA,NA,NA,,NA,NA,NA,NA,,NA,NA,NA,NA,,,NA,NA,NA,NA,,,yes,,,,,,Neltuma clade
"Burkart, A. (1976). A monograph of the genus Prosopis (Leguminosae subfam. Mimosoideae). Journal of the Arnold arboretum, 450-525.",NA,Neltuma_laevigata,Prosopis laevigata,1,tree,,NA,6,7,NA,m,"racemes, spiciform",,,40,100,NA,mm,NA,NA,NA,NA,,NA,NA,NA,NA,,,NA,NA,NA,NA,,NA,NA,NA,NA,,,,,,,1,NA,NA,NA,mm,NA,NA,,NA,,NA,3,4,NA,mm,NA,NA,NA,NA,,NA,NA,NA,NA,,,NA,NA,NA,NA,,,yes,,,,,,Neltuma clade
"Burkart, A. (1976). A monograph of the genus Prosopis (Leguminosae subfam. Mimosoideae). Journal of the Arnold arboretum, 450-525.",NA,Neltuma_ruscifolia,Prosopis ruscifolia,1,tree,,NA,5,12,NA,m,"racemes, spikelike",,,80,150,NA,mm,NA,NA,NA,NA,,15,NA,NA,NA,mm,,NA,1,2.2,NA,mm,NA,NA,NA,NA,,,,,,,NA,1,1.5,NA,mm,NA,NA,,NA,,NA,3,4,NA,mm,NA,NA,NA,NA,,NA,NA,NA,NA,,,NA,5,7,NA,mm,,yes,,,,,,Neltuma clade
"Windler, D. R. (1966). A revision of the genus Neptunia (Leguminosae). Australian Journal of Botany, 14(3), 379-420. https://connectsci.au/bt/article-abstract/14/3/379/431/A-revision-of-the-genus-Neptunia-Leguminosae?redirectedFrom=fulltext",NA,Neptunia_lutea,Neptunia lutea,1,herb,,NA,2.4,NA,NA,m,spike,,NA,9,20,NA,mm,NA,NA,NA,NA,,NA,23,125,NA,mm,5,NA,NA,NA,NA,,NA,NA,NA,NA,,,Lower ones staminate,dimorphic,,,NA,1.2,2.5,NA,mm,NA,0.4,0.8,NA,mm,NA,2.1,4,NA,mm,NA,NA,NA,NA,,NA,NA,NA,NA,,10,NA,6.1,8.5,10,mm,yellow,yes,no,,,,,Dichrostachys clade
"Brenan, J.P.M. (1970). Flora Zambesiaca 3(1): 1-153. Royal Botanic Gardens, Kew.",NA,Newtonia_buchananii,Newtonia buchananii,1,tree,,NA,10,40,NA,m,spike,,NA,35,190,NA,mm,NA,NA,NA,NA,,NA,NA,NA,NA,,,NA,NA,NA,NA,,NA,NA,NA,NA,,,,,,,NA,NA,NA,NA,,NA,NA,,NA,,NA,NA,NA,NA,,NA,NA,NA,NA,,NA,NA,NA,NA,,,NA,NA,NA,NA,,,yes,,,,,,Newtonia grade
"Brenan, J.P.M. (1970). Flora Zambesiaca 3(1): 1-153. Royal Botanic Gardens, Kew.",NA,Newtonia_hildebrandtii,Newtonia hildebrandtii,1,tree,,NA,25,NA,NA,m,spikes,,NA,40,90,NA,mm,NA,NA,NA,NA,,NA,NA,NA,NA,,,NA,NA,NA,NA,,NA,NA,NA,NA,,,,,,,NA,NA,NA,NA,,NA,NA,,NA,,NA,NA,NA,NA,,NA,NA,NA,NA,,NA,NA,NA,NA,,,NA,NA,NA,NA,,,no,,,,,,Newtonia grade
Fl. Congo Belge 3: 214 (1952),NA,Newtonia_leucocarpa,Newtonia leucocarpa,1,,,NA,NA,NA,NA,,,,,NA,NA,NA,,NA,NA,NA,NA,,NA,NA,NA,NA,,,NA,NA,NA,NA,,NA,NA,NA,NA,,,,,,,NA,NA,NA,NA,,NA,NA,,NA,,NA,NA,NA,NA,,NA,NA,NA,NA,,NA,NA,NA,NA,,,NA,NA,NA,NA,,,,,,,,,Newtonia grade
"Barneby, R.C. and Grimes, J., 1997. Silk tree, Monkey's earring: A generic system for the synandrous Mimosaceae of the Americas. Part II. Pithecellobium, Cojoba and Zygia. Mem. New York Bot. Gard, 74, pp.1-149.",NA,Painteria_elachistophylla,Pithecellobium elachistophyllum,?,shrubs,,NA,NA,NA,NA,,capitula,,,NA,NA,NA,,NA,NA,NA,NA,,NA,NA,3,7,,4-5,NA,NA,NA,NA,,NA,NA,NA,NA,,,,,,,NA,0.9,1.5,NA,,NA,0.1,0.35,NA,,NA,3.6,5.8,NA,,NA,1,1.8,NA,,NA,0.7,1.2,NA,,28,NA,9,12,NA,,,,,,,,,
"de Lima, M. P. M., & de Lima, H. C. (1984). Parapiptadenia Brenam (Leguminosae-Mimosoideae)—Estudo taxonômico das espécies brasileiras. Rodriguésia, 23-30.",NA,Parapiptadenia_excelsa,Parapiptadenia excelsa,1,tree,,NA,NA,NA,NA,,spike,,,NA,NA,NA,,NA,NA,NA,NA,,NA,NA,NA,NA,,5,NA,NA,NA,NA,,NA,NA,NA,NA,,,,,,,NA,NA,NA,NA,,NA,NA,,NA,,NA,NA,NA,NA,,NA,NA,NA,NA,,NA,NA,NA,NA,,10,NA,NA,NA,NA,,,ellipsoid anthers with deciduous gland,,,,,,Stryphnodendron clade
"Nielsen, I. C. (1992). Mimosaceae (Leguminosae-Mimosoideae). Flora Malesiana - Series 1, Spermatophyta, 11(1), 1–226.",NA,Pararchidendron_pruinosum,Pararchidendron pruinosum,1,"tree, shrub",,NA,6,30,NA,m,corimbys,,,NA,NA,NA,,NA,NA,NA,NA,,NA,40,90,NA,mm,5,NA,4,5,NA,mm,NA,NA,NA,NA,,,,,,,NA,1,2,NA,mm,NA,0.1,0.5,NA,mm,NA,5.5,6.5,NA,mm,NA,0.5,1,2,mm,NA,NA,NA,NA,,numerous,12,NA,NA,NA,mm,"white, cream",,,,,,,Archidendron clade
"Barros, M. J. F., & Morim, M. P. (2014). Senegalia (Leguminosae, Mimosoideae) from the Atlantic Domain, Brazil. Systematic Botany, 39(2), 452-477.",NA,Parasenegalia_miersii,Senegalia miersii,1,Scandent shrubs or lianes,,NA,NA,NA,NA,,capitate,,,NA,NA,NA,,NA,NA,NA,NA,,NA,NA,NA,NA,,5,NA,NA,NA,NA,,NA,NA,NA,NA,,,,,,,NA,1,1.4,NA,mm,NA,NA,,NA,,NA,2,2.5,NA,mm,NA,NA,NA,NA,,NA,NA,NA,NA,,,NA,NA,NA,NA,,,anther gland normally present,,,,,,Senegalia grade
"Maslin, B. 2001. Flora of Australia, Mimosaceae, Acacia.",NA,Parasenegalia_skleroxyla,Acacia skleroxyla,,,,NA,NA,NA,NA,,,,,NA,NA,NA,,NA,NA,NA,NA,,NA,NA,NA,NA,,,NA,NA,NA,NA,,NA,NA,NA,NA,,,,,,,NA,NA,NA,NA,,NA,NA,,NA,,NA,NA,NA,NA,,NA,NA,NA,NA,,NA,NA,NA,NA,,,NA,NA,NA,NA,,,,,,,,,
Barneby_and_Grimes_1996_Silk_Tree_Guanacaste_Monkey_s_Earring_Part_I_treatment_0156.txt,2025-10-02T20:18:06.511233,Paraserianthes_lophantha,Paraserianthes lophantha,1,trees,NA,NA,NA,8,NA,m,racemes,NA,NA,3,6,NA,cm,NA,NA,NA,NA,NA,1,1,2,2,cm,5-merous,NA,NA,NA,NA,,NA,NA,NA,NA,NA,NA,NA,homomorphic,NA,shallowly campanulate,2.2,2.2,3,3,mm,0.6,0.6,1,1,mm,5,5,7.2,NA,mm,NA,1.4,3,NA,mm,NA,1.1,1.8,NA,mm,96-154,NA,13,16.5,NA,mm,greenishor lemon-yellow,NA,obscure,present,NA,NA,,Archidendron clade
"Hopkins, H.C., 1986. Parkia (Leguminosae: Mimosoideae). Flora Neotropica, pp.1-123. https://www.jstor.org/stable/4393790",NA,Parkia_discolor,Parkia discolor,1,tree,,15,NA,NA,NA,m,capitula,"Biglobose with basal staminoidal fringe, apically obovoid",,4.5,5.5,6.5,cm,NA,NA,NA,NA,,NA,40,120,NA,mm,5,NA,NA,NA,NA,,NA,NA,NA,NA,,,yes,yes,,,NA,5,9,NA,mm,NA,NA,0.5,NA,mm,NA,6,10.5,NA,mm,NA,0.5,1,NA,mm,NA,NA,NA,NA,,10,NA,NA,NA,NA,,,Bearing a anther gland,,,,,,Parkia clade
"Hopkins, H.C., 1986. Parkia (Leguminosae: Mimosoideae). Flora Neotropica, pp.1-123.",NA,Parkia_filicoidea,Parkia filicoidea,1,tree,,NA,8,30,NA,m,capitula,,,NA,8,NA,cm,NA,NA,NA,NA,,NA,NA,NA,NA,,5,NA,NA,NA,NA,,NA,NA,NA,NA,,,Yes,yes,,,NA,NA,NA,NA,,NA,NA,,NA,,NA,NA,NA,NA,,NA,NA,NA,NA,,NA,NA,NA,NA,,10,NA,NA,NA,NA,,,,,,,,,Parkia clade
"Hopkins, H.C., 1986. Parkia (Leguminosae: Mimosoideae). Flora Neotropica, pp.1-123.",NA,Parkia_nitida,Parkia nitida,1,tree,,NA,40,NA,NA,m,capitula,"biglobos with basal staminoidal fringe, apical parts ellipsoid, apical parts obovoid",,4.5,8,NA,cm,NA,4,7.5,NA,cm,NA,25,160,NA,mm,5,NA,NA,NA,NA,,NA,NA,NA,NA,,,yes,yes,,,NA,5.5,15,NA,mm,NA,0.5,1.5,NA,mm,NA,6.5,16,NA,mm,NA,0.5,3.5,NA,mm,NA,NA,NA,NA,,10,NA,NA,NA,NA,,,Bearing a anther gland,,,,,,Parkia clade
"Hopkins, H.C., 1986. Parkia (Leguminosae: Mimosoideae). Flora Neotropica, pp.1-123.",NA,Parkia_platycephala,Parkia platycephala,1,tree,,NA,NA,18,NA,m,capitula,,,3.8,5.2,NA,cm,NA,NA,NA,NA,,NA,150,350,500,mm,5,NA,NA,NA,NA,,NA,NA,NA,NA,,,yes,yes,,,NA,8,10,NA,mm,NA,1.5,2,NA,mm,NA,9,13,NA,mm,NA,4.5,8,NA,mm,NA,NA,NA,NA,,10,NA,NA,NA,NA,,,yes,,,,,,Parkia clade
"Hopkins, H.C., 1986. Parkia (Leguminosae: Mimosoideae). Flora Neotropica, pp.1-123.",NA,Parkia_ulei,Parkia ulei,1,tree,,NA,NA,NA,NA,,capitula,,,1,1.8,NA,cm,NA,NA,NA,NA,,NA,4,10,NA,mm,5,NA,NA,NA,NA,,NA,NA,NA,NA,,,yes,yes,,,NA,2.5,4,NA,mm,NA,NA,0.5,NA,mm,NA,3,5,NA,mm,NA,1,NA,NA,mm,NA,NA,NA,NA,,10,NA,NA,NA,NA,,,Bearing a anther gland,,,,,,Parkia clade
https://onlinelibrary.wiley.com/doi/abs/10.1002/9783527678518.ehg2014020,NA,Pentaclethra_macrophylla,Pentaclethra macrophylla,1,tree,,NA,20,35,NA,m,spikes,Arranged in ample panicles in older trees,,NA,NA,NA,,NA,NA,NA,NA,,NA,NA,NA,NA,,5,NA,NA,NA,NA,,NA,NA,NA,NA,,yes,,,,campanulate,NA,NA,NA,NA,,NA,NA,,NA,,NA,NA,3,NA,mm,NA,NA,NA,NA,,NA,NA,NA,NA,,10,NA,6,NA,NA,mm,white,,,,,,,Adenanthera clade
"Ribeiro, P.g., 2017. Filogenia molecular do grupo Piptadenia (Leguminosae, Caesalpinioideae, Clado Mimosoide) e taxonomia do gênero Piptadenia Benth.",NA,Piptadenia_adiantoides,Piptadenia fruticosa,1,"liana, shrub",,NA,2,16,NA,m,spikes,spikes in pseudoracemes,,49,130,NA,mm,NA,6,7,9,mm,NA,9,18,NA,mm,5,NA,0.1,0.3,NA,mm,NA,NA,NA,NA,,,,,,,NA,1.6,2,NA,mm,NA,0.1,0.2,NA,mm,NA,3.2,5,NA,mm,NA,1.5,2,NA,mm,NA,NA,NA,NA,,10,NA,4.6,6.3,NA,mm,"cream-colored, greenish-yellow, rarely light pink, red, vinaceous",yes,present,,,,,Mimosa clade
"Ribeiro, P.g., 2017. Filogenia molecular do grupo Piptadenia (Leguminosae, Caesalpinioideae, Clado Mimosoide) e taxonomia do gênero Piptadenia Benth.",NA,Piptadenia_buchtienii,Piptadenia buchtienii,1,Shrub or small tree,,NA,4,10,NA,m,spikes,Mostly in terminal and axillary pseudoracemes,,4,7,NA,mm,NA,7,12,NA,mm,NA,7,12,NA,mm,5,NA,NA,NA,NA,,NA,NA,NA,NA,,,,,,,NA,0.8,1.3,NA,mm,NA,0.1,0.2,NA,mm,NA,1.8,2.4,NA,mm,NA,0.8,2.2,NA,mm,NA,NA,NA,NA,,10,NA,4,6,NA,mm,red to vinaceous,yes,absent,,,,,Mimosa clade
"Ribeiro, P.g., 2017. Filogenia molecular do grupo Piptadenia (Leguminosae, Caesalpinioideae, Clado Mimosoide) e taxonomia do gênero Piptadenia Benth. Or Borges, LM; Pirani, Flora da Serra do Cipó, 2013",NA,Piptadenia_gonoacantha,Piptadenia gonoacantha,1,tree,,NA,3,20,NA,m,spikes,"terminal pseudoracemes, axillary ",,58,110,NA,mm,4,6,13,NA,mm,NA,3,7,NA,mm,5,NA,NA,NA,NA,,NA,NA,NA,NA,,,,homomorphic,,,NA,0.5,0.7,1,mm,NA,0.1,0.2,NA,mm,1.9,2,2.2,2.3,mm,NA,1.3,1.5,NA,mm,NA,NA,NA,NA,,10,NA,3,3.5,4,mm,"white, yellowish-cream, rarely light pink",yes,,,,,,Mimosa clade
"Ribeiro, P.g., 2017. Filogenia molecular do grupo Piptadenia (Leguminosae, Caesalpinioideae, Clado Mimosoide) e taxonomia do gênero Piptadenia Benth.",NA,Piptadenia_paniculata,Piptadenia paniculata,1,tree,,NA,6,20,NA,m,spikes,"mostly in terminal panicles, mostly in terminal pseudoracemes",,51,53,NA,mm,NA,7,8,NA,mm,NA,6,10,NA,mm,5,NA,0.1,0.3,NA,mm,NA,NA,NA,NA,,,,,,,NA,0.4,0.6,NA,mm,NA,0.1,0.2,NA,mm,NA,1.8,2,NA,mm,NA,1.3,1.5,NA,mm,NA,NA,NA,NA,,10,NA,4,5,NA,mm,greenish-yellow,yes,present,,,,,Mimosa clade
"Ribeiro, P.g., 2017. Filogenia molecular do grupo Piptadenia (Leguminosae, Caesalpinioideae, Clado Mimosoide) e taxonomia do gênero Piptadenia Benth.",NA,Piptadenia_retusa,Piptadenia flava,1,"shrub, tree",,NA,1.5,3,NA,m,spikes,spikes in pseudoracemes,,40,62,NA,mm,NA,6,7,NA,mm,NA,6,8,NA,mm,5,NA,0.05,0.15,NA,mm,NA,NA,NA,NA,,,,,,,NA,1,1.2,NA,mm,NA,0.1,0.2,NA,mm,NA,2.6,3,NA,mm,NA,1.6,2,NA,mm,NA,NA,NA,NA,,10,NA,4.8,5.3,NA,mm,"cream-colored, greenish-yellow, pinkish-red",yes,present,,,,,Mimosa clade
"Ribeiro, P.g., 2017. Filogenia molecular do grupo Piptadenia (Leguminosae, Caesalpinioideae, Clado Mimosoide) e taxonomia do gênero Piptadenia Benth.",NA,Piptadenia_robusta,Piptadenia robusta,1,tree,,NA,20,NA,NA,m,spike,Axillary pseudoraceme,,60,120,NA,mm,NA,8,13,NA,mm,NA,5,12,NA,mm,5,NA,NA,NA,NA,,NA,NA,NA,NA,,,,,,campanulate,NA,0.5,1.2,NA,mm,NA,0.1,0.2,NA,mm,NA,1.8,3.1,NA,mm,NA,1.7,2.9,NA,mm,NA,NA,NA,NA,,10,NA,4,6,NA,mm,"white, red, vinaceous",yes,present,,,,,Mimosa clade
,NA,Piptadeniastrum_africanum,Piptadeniastrum africanum,1,tree,,NA,50,NA,NA,m,spiciform racemes,,,40,110,NA,mm,NA,NA,NA,NA,,NA,NA,NA,NA,,,NA,NA,NA,NA,,NA,NA,NA,NA,,,,,,,NA,NA,NA,NA,,NA,NA,,NA,,NA,NA,NA,NA,,NA,NA,NA,NA,,NA,NA,NA,NA,,,NA,NA,NA,NA,,,yes,present,,,,,Entada clade
,NA,Piptadeniopsis_lomentifera,Piptadeniopsis lomentifera,,,,NA,NA,NA,NA,,,,,NA,NA,NA,,NA,NA,NA,NA,,NA,NA,NA,NA,,,NA,NA,NA,NA,,NA,NA,NA,NA,,,,,,,NA,NA,NA,NA,,NA,NA,,NA,,NA,NA,NA,NA,,NA,NA,NA,NA,,NA,NA,NA,NA,,,NA,NA,NA,NA,,,present,,,,,,Dichrostachys clade
Barneby_and_Grimes_1997_Silk_Tree_Guanacaste_Monkey_s_Earring_Part_II_treatment_0011.txt,2025-10-02T20:26:15.163473,Pithecellobium_dulce,Pithecellobium dulce,1,tree,NA,NA,15,18,NA,m,capitula,subspherical,NA,NA,NA,NA,NA,NA,NA,NA,NA,NA,4,NA,20,24,mm,5-merous,NA,NA,NA,NA,NA,NA,NA,NA,NA,NA,present,present,homomorphic,absent,campanulate or turbinate-campanulate,1.1,1.3,2,2.2,mm,NA,0.1,0.4,0.6,mm,2.5,2.8,4.3,4.6,mm,NA,0.7,1.6,NA,mm,NA,0.7,1.1,NA,mm,(22)26-42,NA,7,10.5,11.5,mm,NA,NA,present,NA,present,NA,NA,Pithecellobium clade
Barneby_and_Grimes_1997_Silk_Tree_Guanacaste_Monkey_s_Earring_Part_II_treatment_0018.txt,2025-10-02T20:30:32.803117,Pithecellobium_furcatum,Pithecellobium furcatum,1,trees and arborescent shrubs,NA,3,NA,12,NA,m,spikes,capituliforme,NA,4,12,NA,mm,NA,NA,NA,NA,NA,0.4,NA,3,NA,cm,5-merous,NA,NA,NA,NA,NA,NA,NA,NA,NA,NA,NA,NA,homomorphic,NA,cylindric or cylindro-campanulate,4.5,4.5,7.5,7.5,mm,0.6,0.6,1.5,1.5,mm,8,8,12,12,mm,1.7,1.7,2.5,2.5,mm,1.2,1.2,2,2,mm,36-62,NA,31,46,NA,mm,NA,NA,present,NA,present,NA,absent,Pithecellobium clade
Queiroz 2009 Leguminosas da Caatinga https://www.dropbox.com/scl/fi/qk6ey4zpxofau9h5s2n0j/Queiroz-2009-Leguminosas-da-Caatinga.pdf?rlkey=3rqc8r1orviabyippll3bjvcg&e=1&dl=0,NA,Pityrocarpa_moniliformis,Piptadenia moniliformis,1,tree,,NA,4,8,NA,m,spike,,,NA,NA,NA,,NA,NA,NA,NA,,NA,NA,NA,NA,,5,NA,NA,NA,NA,,NA,NA,NA,NA,,,,,,,NA,NA,NA,NA,,NA,NA,,NA,,NA,NA,NA,NA,,NA,NA,NA,NA,,NA,NA,NA,NA,,,NA,NA,NA,NA,,,,,,,,,Stryphnodendron clade
,NA,Pityrocarpa_obliqua,Piptadenia obliqua,1,"shrubs, trees",,NA,1.5,5,NA,m,,,,NA,NA,NA,,NA,NA,NA,NA,,NA,NA,NA,NA,,,NA,NA,NA,NA,,NA,NA,NA,NA,,,,,,,NA,1.1,1.3,NA,mm,NA,NA,,NA,,NA,2.3,3,NA,mm,NA,NA,NA,NA,,NA,NA,NA,NA,,,NA,5,7,NA,mm,greenish-white,,,,,,,Stryphnodendron clade
"Lewis GP, Lima MPM (1991) Pseudopiptadenia Rauschert no Brasil (Leguminosae- Mimosoideae). Arquivos do Jardim Botânico do Rio de Janeiro 30: 43-68 https://www.dropbox.com/scl/fi/50rgg6qmq8nrzzpezuh21/Lewis_et_Lima-1991-Pseudopiptadenia-no-Brasil.pdf?rlkey=xoiy677mwurzz20y2tv0tpveg&e=1&dl=0",NA,Pityrocarpa_schumanniana,Pseudopiptadenia schumanniana,1,tree,,NA,10,22,NA,m,spike,,,NA,NA,NA,,NA,NA,NA,NA,,NA,NA,NA,NA,,5,NA,NA,NA,NA,,NA,NA,NA,NA,,,,,,,NA,NA,NA,NA,,NA,NA,,NA,,NA,NA,NA,NA,,NA,NA,NA,NA,,NA,NA,NA,NA,,10,NA,NA,NA,NA,,,present,,,,,,Stryphnodendron clade
"Warwick, M. C., & Lewis, G. P. (2003). Revision of Plathymenia (Leguminosae–Mimosoideae). Edinburgh Journal of Botany, 60(2), 111-119.",NA,Plathymenia_reticulata,Plathymenia reticulata,1,tree,,NA,12,40,NA,m,"axillary, racemose, erect",,,65,110,NA,mm,NA,NA,NA,NA,,NA,NA,NA,NA,,5,NA,NA,NA,NA,,NA,NA,NA,NA,,,,,,,NA,2,4,NA,mm,NA,NA,,NA,,NA,3,4.5,NA,mm,NA,0.9,1.2,NA,mm,NA,NA,NA,NA,,10,NA,5,7,NA,mm,white,yes,,,,,,Newtonia grade
"BURKART, A. (1964). Leguminosas nuevas o críticas, VI. Darwiniana, 13(2/4), 428-448 https://www.dropbox.com/scl/fi/wenj1w0aownm1ecfseyqu/BURKART-Leguminosasnuevascrticas-1964.pdf?rlkey=7lpo7ju5qy3m46noslgis2eb3&e=1&dl=0",NA,Prosopidastrum_mexicanum,Prosopidastrum mexicanum,1,shrubs,,NA,0.5,1,NA,m,capitula,globose,,NA,NA,NA,,NA,NA,NA,NA,,NA,2.2,3,NA,cm,5,NA,NA,NA,NA,,NA,NA,NA,NA,,,,,,,NA,NA,NA,NA,,NA,NA,,NA,,NA,5.5,NA,NA,mm,NA,NA,NA,NA,,NA,NA,NA,NA,,10,NA,NA,NA,NA,,,yes,,,,,,Dichrostachys clade
"Burkart, A. (1976). A monograph of the genus Prosopis (Leguminosae subfam. Mimosoideae). Journal of the Arnold arboretum, 450-525.",NA,Prosopis_farcta,Prosopis farcta,1,"shrubs, subshrubs, sometimes shrub-trees",,0.3,0.8,2,3,m,"racemes simple, elongate",,,40,120,NA,mm,NA,NA,NA,NA,,NA,NA,NA,NA,,,NA,NA,NA,NA,,NA,NA,NA,NA,,,,,,,1,NA,NA,NA,mm,NA,NA,,NA,,NA,3.5,4,NA,mm,NA,NA,NA,NA,,NA,NA,NA,NA,,,NA,4,5,NA,mm,,yes,,,,,,Prosopis clade
Barneby_and_Grimes_1996_Silk_Tree_Guanacaste_Monkey_s_Earring_Part_I_treatment_0148.txt,2025-10-02T20:13:02.798748,Pseudalbizzia_decandra,Albizia decandra,1,Trees,NA,20,NA,30,NA,m,capitula,Hemispherical or subglobose,NA,NA,NA,NA,NA,NA,NA,NA,NA,NA,NA,11,19,NA,mm,5- or 6-merous,0.1,NA,1.2,NA,mm,NA,NA,NA,NA,NA,NA,NA,yes,NA,campanulate,NA,1,1.2,NA,mm,NA,0.1,0.2,NA,mm,NA,3.6,3.8,NA,mm,NA,1.3,2,NA,mm,NA,0.8,1,NA,mm,10(15),11,11,17,17,mm,NA,NA,present,present,NA,NA,absent,Jupunba clade
Barneby_and_Grimes_1996_Silk_Tree_Guanacaste_Monkey_s_Earring_Part_I_treatment_0130.txt,2025-10-02T20:01:30.917705,Pseudalbizzia_sinaloensis,Albizia sinaloensis,1,trees,NA,NA,NA,20,NA,m,capitula,subhemispherical,NA,1.5,NA,NA,mm,NA,NA,NA,NA,NA,NA,10,35,NA,mm,5-merous,NA,NA,NA,NA,NA,NA,NA,NA,NA,NA,NA,NA,homomorphic,NA,turbinate-campanulate,NA,2,2,NA,mm,NA,0.5,0.5,NA,mm,NA,3.8,3.8,NA,mm,NA,0.9,1,NA,mm,NA,0.7,0.7,NA,mm,36,NA,5,5.5,NA,mm,NA,NA,present,present,NA,NA,,Jupunba clade
Barneby_and_Grimes_1996_Silk_Tree_Guanacaste_Monkey_s_Earring_Part_I_treatment_0129.txt,2025-10-02T20:00:52.340961,Pseudalbizzia_tomentosa,Albizia tomentosa,1,trees,NA,NA,5,25,30,m,capitula,NA,NA,NA,NA,NA,NA,NA,NA,NA,NA,NA,NA,12,26,NA,mm,5-merous(some terminal flower 6-merous),0,0.3,0.8,NA,mm,0.3,NA,0.6,NA,mm,NA,NA,yes,NA,"turbinate, broadly campanulate",1.4,1.4,2.4,3,mm,0.2,0.2,0.5,0.6,mm,3,4,5,5.7,mm,1.1,1.1,1.8,1.8,mm,NA,0.65,1.1,NA,mm,18-32,NA,9.5,17,NA,mm,white,NA,present,present,NA,NA,,Jupunba clade
"Brenan, J. P. M. (1959). Mimosoideae. In: Fl. Trop. East Africa. Hubbard & Milne-Redhead ou https://www.biodiversitylibrary.org/item/714#page/469/mode/1up",NA,Pseudoprosopis_fischeri,Pseudoprosopis fischeri,1,"shrub, tree",,NA,3,6,NA,m,,,NA,20,40,130,mm,NA,NA,NA,NA,,NA,3,10,NA,mm,,NA,1.5,5,7,mm,NA,NA,NA,NA,,,,,,,NA,1,1.5,NA,mm,NA,NA,,NA,,NA,3.5,5,NA,mm,NA,NA,NA,NA,,NA,NA,NA,NA,,,NA,5,8,NA,mm,,present,,,,,,Adenanthera clade
Barneby_and_Grimes_1996_Silk_Tree_Guanacaste_Monkey_s_Earring_Part_I_treatment_0138.txt,2025-10-02T20:06:45.492122,Pseudosamanea_carbonaria,Albizia carbonaria,1,Trees,NA,NA,4,6,30,m,capitula,umbelliform,NA,11,16,NA,mm,NA,NA,NA,NA,NA,NA,1.8,4.6,NA,cm,5-merous,1.5,NA,4,NA,mm,NA,NA,NA,NA,NA,NA,NA,yes,NA,narrowly campanulate,2.3,2.5,3.5,NA,mm,0.6,0.6,1.2,1.2,mm,4,4.4,6.4,NA,mm,1.1,1.4,2.1,NA,mm,NA,NA,NA,NA,NA,19-24,NA,13,16.5,NA,mm,white,NA,present,present,NA,NA,,
Barneby_and_Grimes_1996_Silk_Tree_Guanacaste_Monkey_s_Earring_Part_I_treatment_0070.txt,2025-10-02T19:23:10.776031,Pseudosamanea_guachapele,Pseudosamanea guachapele,1,trees,NA,8,NA,25,30,m,capitula,umbelliform,NA,NA,NA,NA,NA,NA,NA,NA,NA,NA,2.5,3,7.5,8.5,cm,5-merous or randomly 6-7-merous,11,11,22,NA,mm,0.3,0.3,0.5,0.65,mm,NA,NA,yes,NA,"narrowly campanulate or vase-shaped from turbinate base, cylindrocampanulate",4,4.5,7,NA,mm,0.6,0.8,1.9,NA,mm,NA,9.5,11,NA,mm,NA,1,3,NA,mm,NA,NA,NA,NA,NA,(16)18-31(terminal flowers 54 -100),24,30,42,NA,mm,white,NA,present,present,NA,NA,,
"Rico-Arce, L. 2007. American species of Acacia. Conabio. ",NA,Pseudosenegalia_feddeana,Senegalia feddeana,,,,NA,NA,NA,NA,,,,,NA,NA,NA,,NA,NA,NA,NA,,NA,NA,NA,NA,,,NA,NA,NA,NA,,NA,NA,NA,NA,,,,,,,NA,NA,NA,NA,,NA,NA,,NA,,NA,NA,NA,NA,,NA,NA,NA,NA,,NA,NA,NA,NA,,,NA,NA,NA,NA,,,absent,,,,,,Senegalia grade
Barneby_and_Grimes_1996_Silk_Tree_Guanacaste_Monkey_s_Earring_Part_I_treatment_0044.txt,2025-10-02T19:07:00.606874,Punjuba_lehmannii,Abarema lehmannii,1,Macrophyllidious trees,NA,NA,7,12,NA,m,spikes,NA,,5,13,NA,cm,NA,NA,NA,NA,NA,NA,1.5,3.5,NA,cm,5-merous,NA,NA,0.3,NA,mm,NA,NA,NA,NA,NA,NA,NA,homomorphic,NA,campanulate,NA,1.3,3,3.4,mm,0.2,NA,0.8,NA,mm,4,4.5,7,NA,mm,0.8,NA,1.5,NA,mm,0.55,NA,1.1,NA,mm,40-45,NA,9.5,11,NA,mm,NA,NA,present,NA,NA,NA,,Jupunba clade
"MESQUITA, A.D.L., 1990. Revisão taxonômica do gênero Enterolobium Mart.(Mimosoideae) para a região Neotropical.",NA,Robrichia_schomburgkii,Enterolobium schomburgkii,1,tree,,NA,NA,NA,NA,,capitula,,,NA,NA,NA,,NA,NA,NA,NA,,NA,NA,NA,NA,,,NA,NA,NA,NA,,NA,NA,NA,NA,,,,dimorphic,,,2.3,2.5,3.3,3.5,mm,NA,NA,,NA,,3.2,3.5,5.2,NA,mm,NA,NA,NA,NA,,NA,NA,NA,NA,,10,NA,NA,NA,NA,,,absent,,,,,present,Inga clade
Barneby_and_Grimes_1996_Silk_Tree_Guanacaste_Monkey_s_Earring_Part_I_treatment_0072.txt,2025-10-02T19:24:24.798126,Samanea_saman,Samanea saman,1,tree,NA,NA,25,30,50,m,capitula,hemispherical,NA,NA,NA,NA,NA,NA,NA,NA,NA,NA,3.5,4,8.5,NA,cm,5(6)9-merous,1,1,3.5,5.5,mm,0.3,0.3,0.6,0.7,mm,NA,NA,yes,NA,slenderly vase-shaped,4.4,4.8,7,10.2,mm,0.6,1,1.3,1.6,mm,9,9.5,13,14.5,mm,1.4,1.4,3.7,NA,mm,1,1,1.7,3.5,mm,(18-)21-30(32) or 50-80 on terminal flowers,26,28,37,42,mm,"white proximally, pink or red distally",NA,present,NA,NA,NA,,Samanea clade
"Maslin, B. 2001. Flora of Australia, Mimosaceae, Acacia.",NA,Senegalia_burkei,Acacia burkei,,,,NA,NA,NA,NA,,,,,NA,NA,NA,,NA,NA,NA,NA,,NA,NA,NA,NA,,,NA,NA,NA,NA,,NA,NA,NA,NA,,,,,,,NA,NA,NA,NA,,NA,NA,,NA,,NA,NA,NA,NA,,NA,NA,NA,NA,,NA,NA,NA,NA,,,NA,NA,NA,NA,,,,,,,,,
"Maslin, B. 2001. Flora of Australia, Mimosaceae, Acacia.",NA,Senegalia_caffra,Acacia caffra,,,,NA,NA,NA,NA,,,,,NA,NA,NA,,NA,NA,NA,NA,,NA,NA,NA,NA,,,NA,NA,NA,NA,,NA,NA,NA,NA,,,,,,,NA,NA,NA,NA,,NA,NA,,NA,,NA,NA,NA,NA,,NA,NA,NA,NA,,NA,NA,NA,NA,,,NA,NA,NA,NA,,,,,,,,,
flora_australia_11a_mimosaceae_acacia_1_2_treatment_0013.txt,2025-10-02T21:36:39.702721,Senegalia_chundra,Acacia catechu var. sundra,,Tree,NA,NA,NA,6,NA,m,spicate,NA,NA,NA,NA,NA,NA,NA,NA,NA,NA,NA,NA,NA,NA,NA,NA,NA,NA,NA,NA,NA,NA,NA,NA,NA,NA,NA,NA,NA,NA,NA,cupular,NA,NA,NA,NA,NA,NA,NA,NA,NA,NA,NA,NA,NA,NA,NA,NA,NA,NA,NA,NA,NA,NA,NA,NA,NA,NA,NA,NA,NA,NA,NA,NA,NA,NA,NA,NA,NA,,
"Maslin, B. 2001. Flora of Australia, Mimosaceae, Acacia.",NA,Senegalia_erythrocalyx,Acacia erythrocalyx,,,,NA,NA,NA,NA,,,,,NA,NA,NA,,NA,NA,NA,NA,,NA,NA,NA,NA,,,NA,NA,NA,NA,,NA,NA,NA,NA,,,,,,,NA,NA,NA,NA,,NA,NA,,NA,,NA,NA,NA,NA,,NA,NA,NA,NA,,NA,NA,NA,NA,,,NA,NA,NA,NA,,,,,,,,,
"Maslin, B. 2001. Flora of Australia, Mimosaceae, Acacia.",NA,Senegalia_gaumeri,Acacia gaumeri,,,,NA,NA,NA,NA,,,,,NA,NA,NA,,NA,NA,NA,NA,,NA,NA,NA,NA,,,NA,NA,NA,NA,,NA,NA,NA,NA,,,,,,,NA,NA,NA,NA,,NA,NA,,NA,,NA,NA,NA,NA,,NA,NA,NA,NA,,NA,NA,NA,NA,,,NA,NA,NA,NA,,,,,,,,,
"Maslin, B. 2001. Flora of Australia, Mimosaceae, Acacia.",NA,Senegalia_gilliesii,Acacia furcatispina,,,,NA,NA,NA,NA,,,,,NA,NA,NA,,NA,NA,NA,NA,,NA,NA,NA,NA,,,NA,NA,NA,NA,,NA,NA,NA,NA,,,,,,,NA,NA,NA,NA,,NA,NA,,NA,,NA,NA,NA,NA,,NA,NA,NA,NA,,NA,NA,NA,NA,,,NA,NA,NA,NA,,,,,,,,,
"Maslin, B. 2001. Flora of Australia, Mimosaceae, Acacia.",NA,Senegalia_interior,Acacia interior,,,,NA,NA,NA,NA,,,,,NA,NA,NA,,NA,NA,NA,NA,,NA,NA,NA,NA,,,NA,NA,NA,NA,,NA,NA,NA,NA,,,,,,,NA,NA,NA,NA,,NA,NA,,NA,,NA,NA,NA,NA,,NA,NA,NA,NA,,NA,NA,NA,NA,,,NA,NA,NA,NA,,,,,,,,,
"Maslin, B. 2001. Flora of Australia, Mimosaceae, Acacia.",NA,Senegalia_intsia,Acacia caesia,,,,NA,NA,NA,NA,,,,,NA,NA,NA,,NA,NA,NA,NA,,NA,NA,NA,NA,,,NA,NA,NA,NA,,NA,NA,NA,NA,,,,,,,NA,NA,NA,NA,,NA,NA,,NA,,NA,NA,NA,NA,,NA,NA,NA,NA,,NA,NA,NA,NA,,,NA,NA,NA,NA,,,,,,,,,
"Maslin, B. 2001. Flora of Australia, Mimosaceae, Acacia.",NA,Senegalia_kraussiana,Acacia kraussiana,,,,NA,NA,NA,NA,,,,,NA,NA,NA,,NA,NA,NA,NA,,NA,NA,NA,NA,,,NA,NA,NA,NA,,NA,NA,NA,NA,,,,,,,NA,NA,NA,NA,,NA,NA,,NA,,NA,NA,NA,NA,,NA,NA,NA,NA,,NA,NA,NA,NA,,,NA,NA,NA,NA,,,,,,,,,
"Maslin, B. 2001. Flora of Australia, Mimosaceae, Acacia.",NA,Senegalia_laeta,Acacia laeta,,,,NA,NA,NA,NA,,,,,NA,NA,NA,,NA,NA,NA,NA,,NA,NA,NA,NA,,,NA,NA,NA,NA,,NA,NA,NA,NA,,,,,,,NA,NA,NA,NA,,NA,NA,,NA,,NA,NA,NA,NA,,NA,NA,NA,NA,,NA,NA,NA,NA,,,NA,NA,NA,NA,,,,,,,,,
"Maslin, B. 2001. Flora of Australia, Mimosaceae, Acacia.",NA,Senegalia_macrostachya,Acacia macrostachya,,,,NA,NA,NA,NA,,,,,NA,NA,NA,,NA,NA,NA,NA,,NA,NA,NA,NA,,,NA,NA,NA,NA,,NA,NA,NA,NA,,,,,,,NA,NA,NA,NA,,NA,NA,,NA,,NA,NA,NA,NA,,NA,NA,NA,NA,,NA,NA,NA,NA,,,NA,NA,NA,NA,,,,,,,,,
"Maslin, B. 2001. Flora of Australia, Mimosaceae, Acacia.",NA,Senegalia_pennata,Acacia horrida,,,,NA,NA,NA,NA,,,,,NA,NA,NA,,NA,NA,NA,NA,,NA,NA,NA,NA,,,NA,NA,NA,NA,,NA,NA,NA,NA,,,,,,,NA,NA,NA,NA,,NA,NA,,NA,,NA,NA,NA,NA,,NA,NA,NA,NA,,NA,NA,NA,NA,,,NA,NA,NA,NA,,,,,,,,,
"Maslin, B. 2001. Flora of Australia, Mimosaceae, Acacia.",NA,Senegalia_persiciflora,Acacia persiciflora,,,,NA,NA,NA,NA,,,,,NA,NA,NA,,NA,NA,NA,NA,,NA,NA,NA,NA,,,NA,NA,NA,NA,,NA,NA,NA,NA,,,,,,,NA,NA,NA,NA,,NA,NA,,NA,,NA,NA,NA,NA,,NA,NA,NA,NA,,NA,NA,NA,NA,,,NA,NA,NA,NA,,,,,,,,,
"Maslin, B. 2001. Flora of Australia, Mimosaceae, Acacia.",NA,Senegalia_praecox,Acacia praecox,,,,NA,NA,NA,NA,,,,,NA,NA,NA,,NA,NA,NA,NA,,NA,NA,NA,NA,,,NA,NA,NA,NA,,NA,NA,NA,NA,,,,,,,NA,NA,NA,NA,,NA,NA,,NA,,NA,NA,NA,NA,,NA,NA,NA,NA,,NA,NA,NA,NA,,,NA,NA,NA,NA,,,,,,,,,
"Maslin, B. 2001. Flora of Australia, Mimosaceae, Acacia.",NA,Senegalia_reniformis,Acacia reniformis,,,,NA,NA,NA,NA,,,,,NA,NA,NA,,NA,NA,NA,NA,,NA,NA,NA,NA,,,NA,NA,NA,NA,,NA,NA,NA,NA,,,,,,,NA,NA,NA,NA,,NA,NA,,NA,,NA,NA,NA,NA,,NA,NA,NA,NA,,NA,NA,NA,NA,,,NA,NA,NA,NA,,,,,,,,,
"Burkart, A. (1976). A monograph of the genus Prosopis (Leguminosae subfam. Mimosoideae). Journal of the Arnold arboretum, 450-525. https://www.jstor.org/stable/43781999?seq=22",NA,Strombocarpa_tamarugo,Prosopis tamarugo,1,tree,,NA,18,NA,NA,m,spikes,spikes axillary,,35,65,NA,mm,NA,NA,NA,NA,,NA,NA,NA,NA,,,NA,NA,NA,NA,,NA,NA,NA,NA,,,,,,,1.5,NA,NA,NA,mm,NA,NA,,NA,,NA,4,5,NA,mm,NA,NA,NA,NA,,NA,NA,NA,NA,,,NA,NA,NA,NA,,,yes,,,,,,Neltuma clade
"Scalon_etal-2022-A synopsis of the genus Stryphnodendron (Fabaceae, Caesalpinioideae, mimosoid clade) https://repositorio.usp.br/item/003079632 https://www.dropbox.com/scl/fi/3uifls21nclbw412zefv9/Scalon_etal-2022-A-synopsis-of-the-genus-Stryphnodendron-Fabaceae-Caesalpinioideae-mimosoid-clade.pdf?rlkey=wnz44tpgbbwhb4ll9wjyr8wqo&e=1&dl=0",NA,Stryphnodendron_guianense,Stryphnodendron guianense,1,"treelets, trees",,NA,2,12,20,m,spikes,"simple thyrsi, cymule of solitary to 4-ternate spikes",,80,160,185,mm,NA,NA,NA,NA,,NA,NA,NA,NA,,5,NA,NA,NA,NA,,NA,NA,NA,NA,,,,,,,NA,NA,NA,NA,,NA,NA,,NA,,NA,NA,NA,NA,,NA,NA,NA,NA,,NA,NA,NA,NA,,diplostemonous,NA,NA,NA,NA,,,yes,,,,,,Stryphnodendron clade
"Brenan, J. P. M. (1959). Mimosoideae. In: Fl. Trop. East Africa. Hubbard & Milne-Redhead",NA,Tetrapleura_tetraptera,Tetrapleura tetraptera,1,tree,,3,6,NA,NA,m,racemes,,,40,140,NA,mm,NA,NA,NA,NA,,NA,1.5,4,cm,,,NA,1,3,NA,mm,NA,NA,NA,NA,,,,,,,NA,0.5,1,NA,mm,NA,NA,,NA,,NA,2,3.5,NA,mm,NA,NA,NA,NA,,NA,NA,NA,NA,,,NA,2.5,4.5,NA,mm,,yes,,,,,,Adenanthera clade
"Du Puy, D.J., Labat, N.-N., Rabevohitra, R., Villiers, J.-F., Bosser, J. & Moat, J. (2002). The Leguminosae of Madagascar: 1-737. Royal Botanic Gardens, Kew.",NA,Tetrapterocarpon_septentrionale,Tetrapterocarpon septentrionalis,1,tree,,NA,7,20,NA,m,panicles,,,NA,150,NA,mm,NA,NA,NA,NA,,NA,NA,NA,NA,,4,NA,NA,NA,NA,,NA,NA,NA,NA,,,,,,,NA,1,NA,NA,mm,NA,NA,,NA,,NA,1.5,2,NA,mm,NA,NA,NA,NA,,NA,NA,NA,NA,,8,NA,2,4,NA,mm,,,,,,,,
"Maslin, B. 2001. Flora of Australia, Mimosaceae, Acacia.",NA,Vachellia_bellula,Acacia bellula,,,,NA,NA,NA,NA,,,,,NA,NA,NA,,NA,NA,NA,NA,,NA,NA,NA,NA,,,NA,NA,NA,NA,,NA,NA,NA,NA,,,,,,,NA,NA,NA,NA,,NA,NA,,NA,,NA,NA,NA,NA,,NA,NA,NA,NA,,NA,NA,NA,NA,,,NA,NA,NA,NA,,,,,,,,,Parkia clade
"Maslin, B. 2001. Flora of Australia, Mimosaceae, Acacia.",NA,Vachellia_bilimekii,Acacia bilimekii,,,,NA,NA,NA,NA,,,,,NA,NA,NA,,NA,NA,NA,NA,,NA,NA,NA,NA,,,NA,NA,NA,NA,,NA,NA,NA,NA,,,,,,,NA,NA,NA,NA,,NA,NA,,NA,,NA,NA,NA,NA,,NA,NA,NA,NA,,NA,NA,NA,NA,,,NA,NA,NA,NA,,,,,,,,,Parkia clade
"Maslin, B. 2001. Flora of Australia, Mimosaceae, Acacia.",NA,Vachellia_campeachiana,Acacia cochliacantha,,,,NA,NA,NA,NA,,,,,NA,NA,NA,,NA,NA,NA,NA,,NA,NA,NA,NA,,,NA,NA,NA,NA,,NA,NA,NA,NA,,,,,,,NA,NA,NA,NA,,NA,NA,,NA,,NA,NA,NA,NA,,NA,NA,NA,NA,,NA,NA,NA,NA,,,NA,NA,NA,NA,,,,,,,,,Parkia clade
"Ebinger, J. E., Seigler, D. S., & Clarke, H. D. (2000). Taxonomic revision of South American species of the genus Acacia subgenus Acacia (Fabaceae: Mimosoideae). Systematic Botany, 25(4), 588-617. https://www.dropbox.com/scl/fi/v6dxk90nybxdc7t0oz45z/Ebinger-Seigler-Clarke-2000-Taxonomic-Revision-of-South-American-species-of-the-genus-Acacia-subgenus-Acacia-Fabaceae-Mimosoideae.pdf?rlkey=tdy8vf2tptpdrw46uoxjk6med&e=1&dl=0",NA,Vachellia_collinsii,Vachellia collinsii,1,tree,,NA,NA,10,NA,m,spike,cylindrical,,15,35,NA,mm,NA,4,6,NA,mm,NA,6,20,NA,mm,5,NA,NA,NA,NA,,NA,NA,NA,NA,,,,,,,NA,1,1.4,NA,mm,NA,NA,,NA,,NA,1.1,1.5,NA,mm,NA,NA,NA,NA,,NA,NA,NA,NA,,Species from genus Vachellia have numerous stamens (20-100),NA,1.5,2.5,NA,mm,,,,,,,absent,Parkia clade
Ebinger_Seigler_Clarke_2000_Taxonomic_Revision_of_South_American_Acacia_treatment_0011.txt,2025-10-02T21:26:10.803205,Vachellia_farnesiana,Acacia farnesiana,1,shrub to small tree,NA,NA,NA,8,NA,m,globose head,globose,NA,6,10,NA,mm,NA,NA,NA,NA,NA,NA,15,36,45,mm,5,NA,NA,NA,NA,NA,NA,NA,NA,NA,NA,NA,NA,NA,NA,NA,NA,1.1,1.8,NA,mm,NA,NA,NA,NA,NA,NA,1.9,2.8,NA,mm,NA,NA,NA,NA,NA,NA,NA,NA,NA,NA,Species from genus Vachellia have numerous stamens (20-100),3.5,NA,5.5,NA,mm,NA,NA,NA,NA,NA,NA,absent,Parkia clade
"Maslin, B. 2001. Flora of Australia, Mimosaceae, Acacia.",NA,Vachellia_gerrardi,Acacia gerrardii,,,,NA,NA,NA,NA,,,,,NA,NA,NA,,NA,NA,NA,NA,,NA,NA,NA,NA,,,NA,NA,NA,NA,,NA,NA,NA,NA,,,,,,,NA,NA,NA,NA,,NA,NA,,NA,,NA,NA,NA,NA,,NA,NA,NA,NA,,NA,NA,NA,NA,,,NA,NA,NA,NA,,,,,,,,,Parkia clade
"Maslin, B. 2001. Flora of Australia, Mimosaceae, Acacia.",NA,Vachellia_myrmecophila,Acacia myrmecophila,,,,NA,NA,NA,NA,,,,,NA,NA,NA,,NA,NA,NA,NA,,NA,NA,NA,NA,,,NA,NA,NA,NA,,NA,NA,NA,NA,,,,,,,NA,NA,NA,NA,,NA,NA,,NA,,NA,NA,NA,NA,,NA,NA,NA,NA,,NA,NA,NA,NA,,,NA,NA,NA,NA,,,,,,,,,Parkia clade
"Maslin, B. 2001. Flora of Australia, Mimosaceae, Acacia.",NA,Vachellia_nebrownii,Acacia glandulifera,,,,NA,NA,NA,NA,,,,,NA,NA,NA,,NA,NA,NA,NA,,NA,NA,NA,NA,,,NA,NA,NA,NA,,NA,NA,NA,NA,,,,,,,NA,NA,NA,NA,,NA,NA,,NA,,NA,NA,NA,NA,,NA,NA,NA,NA,,NA,NA,NA,NA,,,NA,NA,NA,NA,,,,,,,,,Parkia clade
flora_australia_11a_mimosaceae_acacia_1_2_treatment_0002.txt,2025-10-02T21:29:51.751709,Vachellia_pachyphloia,Acacia pachyphloia,,shrub or tree,NA,2,NA,10,14,m,heads,globular,NA,NA,NA,NA,NA,NA,NA,NA,NA,NA,8,NA,55,NA,mm,NA,NA,8,55,NA,mm,NA,NA,NA,NA,NA,NA,NA,NA,NA,NA,NA,NA,NA,NA,NA,NA,NA,NA,NA,NA,NA,NA,NA,NA,NA,NA,NA,NA,NA,NA,NA,NA,NA,NA,NA,NA,NA,NA,NA,NA,NA,NA,NA,NA,NA,NA,NA,,Parkia clade
flora_australia_11a_mimosaceae_acacia_1_2_treatment_0005.txt,2025-10-02T21:31:42.432729,Vachellia_pallidifolia,Acacia pallidifolia,,Tree,NA,NA,4,9,NA,m,heads,globular,NA,NA,NA,NA,NA,NA,NA,NA,NA,NA,7,25,43,NA,mm,NA,7,25,43,NA,mm,NA,NA,NA,NA,NA,NA,NA,NA,NA,NA,NA,NA,NA,NA,NA,NA,NA,NA,NA,NA,NA,NA,NA,NA,NA,NA,NA,NA,NA,NA,NA,NA,NA,NA,NA,NA,NA,NA,NA,NA,NA,NA,NA,NA,NA,NA,NA,,Parkia clade
Ebinger_Seigler_Clarke_2000_Taxonomic_Revision_of_South_American_Acacia_treatment_0006.txt,2025-10-02T21:23:07.098647,Vachellia_pennatula,Acacia pennatula,1,Tree,NA,NA,NA,15,NA,m,globose head,globose,NA,9,13,NA,mm,NA,9,13,NA,mm,NA,16,30,NA,mm,5-merous,NA,NA,NA,NA,NA,NA,NA,NA,NA,NA,NA,NA,NA,NA,NA,NA,0.7,1.6,NA,mm,NA,NA,NA,NA,NA,NA,2,2.6,NA,mm,NA,NA,NA,NA,NA,NA,NA,NA,NA,NA,NA,3,NA,4.5,NA,mm,NA,NA,NA,NA,NA,NA,,Parkia clade
"Maslin, B. 2001. Flora of Australia, Mimosaceae, Acacia.",NA,Vachellia_xanthophloea,Acacia xanthophloea,,,,NA,NA,NA,NA,,,,,NA,NA,NA,,NA,NA,NA,NA,,NA,NA,NA,NA,,,NA,NA,NA,NA,,NA,NA,NA,NA,,,,,,,NA,NA,NA,NA,,NA,NA,,NA,,NA,NA,NA,NA,,NA,NA,NA,NA,,NA,NA,NA,NA,,,NA,NA,NA,NA,,,,,,,,,Parkia clade
"du Puy, D. J., Labat, J. N., Rabevohitra, R., Villiers, J. F., Bosser, J., & Moat, J. (2002). The leguminosae of Madagascar. The Leguminosae of Madagascar.",NA,Viguieranthus_glaber,Viguieranthus glaber,1,,,NA,NA,NA,NA,,,,,NA,NA,NA,,NA,NA,NA,NA,,NA,NA,NA,NA,,,NA,NA,NA,NA,,NA,NA,NA,NA,,,,,,,NA,NA,NA,NA,,NA,NA,,NA,,NA,4.5,5,NA,mm,NA,NA,NA,NA,,NA,NA,NA,NA,,,NA,10,NA,NA,mm,,eglandular,present,,,,,Zapoteca clade
"du Puy, D. J., Labat, J. N., Rabevohitra, R., Villiers, J. F., Bosser, J., & Moat, J. (2002). The leguminosae of Madagascar. The Leguminosae of Madagascar.",NA,Viguieranthus_glandulosus,Viguieranthus glandulosus,,,,NA,NA,NA,NA,,,,,NA,NA,NA,,NA,NA,NA,NA,,NA,NA,NA,NA,,,NA,NA,NA,NA,,NA,NA,NA,NA,,,,,,,NA,NA,NA,NA,,NA,NA,,NA,,NA,NA,NA,NA,,NA,NA,NA,NA,,NA,NA,NA,NA,,,NA,NA,NA,NA,,,eglandular,,,,,,Zapoteca clade
"Nielsen, I. C. (1992). Mimosaceae (Leguminosae-Mimosoideae). Flora Malesiana - Series 1, Spermatophyta, 11(1), 1–226.",NA,Wallaceodendron_celebicum,Wallaceodendron celebicum,1,tree,,NA,45,NA,NA,m,racemes,solitary or paired racemes axillary to the distal leaves,70,100,230,NA,mm,NA,NA,NA,NA,,NA,50,160,NA,mm,5,NA,6,12,NA,mm,NA,NA,NA,NA,,yes,,,,Cup shaped,2,3,5,NA,mm,NA,NA,,NA,,7.5,12,16.5,19,mm,NA,4,5,9,mm,NA,NA,NA,NA,,numerous,NA,30,45,NA,mm,white,,,,,,,Archidendron clade
https://plants.jstor.org/compilation/Xerocladia.viridiramis,NA,Xerocladia_viridiramis,Xerocladia viridiramis,1,shrub,,NA,1,NA,NA,m,capitate,,7,NA,NA,NA,mm,NA,NA,NA,NA,,NA,8,NA,NA,mm,5,NA,NA,NA,NA,,NA,NA,NA,NA,,,,,,,NA,1,2,NA,mm,NA,NA,,NA,,NA,NA,2.5,3,mm,NA,NA,NA,NA,,NA,NA,NA,NA,,,NA,NA,NA,NA,,,Yes,,,,,,Neltuma clade
"A.Grandidier, Hist. Phys. Madagascar 30: 49 (1902 publ. 1903 https://www.biodiversitylibrary.org/item/7266#page/53/mode/1up",NA,Xylia_hoffmannii,Xylia hoffmannii,1,Almost a tree,,NA,NA,NA,NA,,,,,NA,NA,NA,,NA,NA,NA,NA,,NA,NA,NA,NA,,5,NA,NA,NA,NA,,NA,NA,NA,NA,,,,,,,NA,NA,NA,NA,,NA,NA,,NA,,NA,NA,NA,NA,,NA,NA,NA,NA,,NA,NA,NA,NA,,10,NA,NA,NA,NA,,,anthers usually bearing a caducous stalked anther gland. ,,,,,,Adenanthera clade
FLORA OF TROPICAL EAST AFRICA part 1 & https://doi.org/10.9734/arrb/2025/v40i102327,NA,Xylia_xylocarpa,Xylia xylocarpa,1,tree,,NA,18,30,NA,m,Dense globose heads pedunculate,Fascicled or racemose,,1,1.5,NA,cm,NA,NA,NA,NA,,NA,5,8,NA,cm,5,NA,NA,NA,NA,,NA,NA,NA,NA,,yes,,,,campanulate,NA,0.2,0.3,NA,cm,NA,NA,,NA,,NA,0.3,0.4,NA,cm,NA,NA,NA,NA,,NA,NA,NA,NA,,10,NA,NA,NA,NA,,,yes,,,,,,Adenanthera clade
"Hernandez, H. M. (1989). Systematics of Zapoteca (Leguminosae). Annals of the Missouri Botanical Garden, 781-862.",,Zapoteca_ravenii,Zapoteca ravenii,1,shrubs,,4,NA,NA,NA,m,capitula,capitula axillary,,NA,NA,NA,,NA,NA,NA,NA,,NA,30,46,NA,mm,5,NA,NA,NA,NA,,NA,NA,NA,NA,,,,,,,5,NA,NA,NA,mm,NA,NA,,NA,,NA,4,NA,NA,mm,NA,1,NA,NA,mm,NA,NA,NA,NA,,,NA,12,NA,NA,mm,white,Anthers eglandular,,,,,,Zapoteca clade
Barneby_and_Grimes_1997_Silk_Tree_Guanacaste_Monkey_s_Earring_Part_II_treatment_0035.txt,2025-10-02T20:41:00.332043,Zygia_claviflora,Zygia claviflora,1,trees,NA,1.5,3,10,NA,m,capitula,NA,NA,NA,NA,2,mm,NA,NA,NA,NA,NA,0,NA,5,NA,mm,(4-)5-merous,NA,NA,NA,NA,NA,NA,NA,NA,NA,NA,NA,NA,NA,NA,campanulate,NA,1,2,NA,mm,NA,0.1,0.2,NA,mm,6,NA,10,NA,mm,0.9,NA,1.3,NA,mm,NA,NA,NA,NA,NA,24-44,NA,21,33,NA,mm,red or pink,absent,present,NA,present,absent,present,Inga clade
Barneby_and_Grimes_1997_Silk_Tree_Guanacaste_Monkey_s_Earring_Part_II_treatment_0039.txt,2025-10-02T20:43:22.866194,Zygia_lathetica,Zygia lathetica,1,trees,NA,6,NA,15,NA,m,capitula,NA,NA,1.5,3.5,NA,cm,NA,NA,NA,NA,NA,5,NA,18,NA,mm,NA,NA,NA,NA,NA,NA,NA,NA,NA,NA,NA,NA,NA,NA,NA,campanulate,2,2,2.3,NA,mm,0.1,0.1,0.25,NA,mm,14,14,19,19,mm,1.5,1.5,3.2,3.2,mm,NA,NA,NA,NA,NA,64-100,36,36,40,40,mm,pink-lilac,absent,present,present,NA,absent,present,Inga clade
Barneby_and_Grimes_1997_Silk_Tree_Guanacaste_Monkey_s_Earring_Part_II_treatment_0081.txt,2025-10-02T21:08:23.194762,Zygia_longifolia,Zygia longifolia,1,trees,NA,6,NA,20,24,m,spikes,NA,5,8,23,30,mm,NA,NA,NA,NA,NA,NA,NA,NA,NA,NA,NA,NA,NA,NA,NA,NA,NA,NA,NA,NA,NA,NA,NA,NA,NA,campanulate,NA,0.7,2.4,NA,mm,NA,0.15,0.5,NA,mm,4.5,5,7,8.2,mm,NA,0.5,1.4,NA,mm,NA,NA,NA,NA,NA,20-30,NA,14.5,21,NA,mm,White or pink,NA,NA,present,NA,NA,present,Inga clade
Barneby_and_Grimes_1997_Silk_Tree_Guanacaste_Monkey_s_Earring_Part_II_treatment_0082.txt,2025-10-02T21:08:59.202165,Zygia_paucijugata,Zygia paucijugata,1,Arborescent shrubs,NA,NA,NA,7,NA,m,capitula,NA,NA,NA,1.5,3,mm,NA,NA,NA,NA,NA,NA,6,14,NA,mm,NA,NA,NA,NA,NA,NA,NA,NA,NA,NA,NA,NA,NA,NA,NA,campanulate,1.1,1.1,2.7,3.2,mm,NA,0.3,1,1,mm,6,NA,8.5,NA,mm,NA,0.8,1.2,NA,mm,NA,NA,NA,NA,NA,30-46,NA,14,20,NA,mm,NA,NA,present,present,NA,present,NA,Inga clade
Barneby_and_Grimes_1997_Silk_Tree_Guanacaste_Monkey_s_Earring_Part_II_treatment_0072.txt,2025-10-02T21:02:59.530263,Zygia_peckii,Zygia peckii,1,trees,NA,NA,4,9,NA,m,capitula,NA,NA,NA,NA,NA,NA,NA,NA,NA,NA,NA,NA,2,11,NA,mm,(4-)5-merous,NA,NA,NA,NA,NA,NA,NA,NA,NA,NA,NA,NA,NA,NA,campanulate,2,2,3.2,3.2,mm,NA,NA,0.4,NA,mm,NA,6.5,8,NA,mm,NA,1,1.8,NA,mm,NA,NA,NA,NA,NA,45-50,NA,13,20,NA,mm,NA,NA,present,present,NA,present,present,Inga clade
Barneby_and_Grimes_1997_Silk_Tree_Guanacaste_Monkey_s_Earring_Part_II_treatment_0040.txt,2025-10-02T20:43:59.111837,Zygia_racemosa,Zygia racemosa,1,trees,NA,6,8,30,NA,m,capitula,NA,NA,1,2,2.5,mm,NA,NA,NA,NA,NA,1.5,3,11,NA,mm,5-merous,NA,NA,NA,NA,NA,NA,NA,NA,NA,NA,NA,NA,NA,NA,campanulate or hemisphericat,0.7,0.7,1.1,NA,mm,NA,0.05,0.15,NA,mm,3.2,3.2,4.3,4.5,mm,0.6,0.6,1.1,1.1,mm,NA,NA,NA,NA,NA,18(22)25,9,11,15.5,NA,mm,"Whitish, yellow-tipped or orange",absent,present,present,NA,NA,NA,Inga clade
https://www.jstor.org/stable/3391582,,Kanaloa_kahoolawensis,,1,shrubs,,,0.75,1,,m,capitula,,,6,8,,mm,,,,,,,8,30,,mm,5,,,,,,,,,,,,present,,,,,1,1.3,,mm,,0.1,0.2,,mm,,1.5,1.8,,mm,,,,,,,,,,,10,,2,3,,mm,,absent,,,,,,Dichrostachys clade
Nielsen 1992 Flora Malesiana Leguminosae,,Dichrostachys_cinerea,,1,Shrub or small tree,,,2,8,,m,spike,,,6,9,,cm,,,,,,,,,,,5,,,,,,,,,,,,Central ones male,,Lower ones sterile,,,0.5,1,,mm,,0.1,,,mm,,1.5,3,,mm,,,,,,,,,,,10,,3.5,5,,mm,"In proximal flowers violet, in distal ones pale yellow",present,,,,,,Dichrostachys clade
Nielsen 1992 Flora Malesiana Leguminosae,,Dichrostachys_spicata,,1,Shrub or small tree,,,,,,,spike,,,,,,,,,,,,,,,,,5,,,,,,,,,,,,,,,,,,,,,,,,,,,,,,,,,,,,,,,,,10,,,,,,,,,,,,,Dichrostachys clade
,,Microlobius_foetidus,,1,Trees or shrubs,,,3,10,,m,spike,simple thyrsi,,3,6,,cm,,,,,,,,,,,5-merous,,,,,,,,,,,,,,,campanulate,,0.8,1,,mm,,,,,,,3,4,,mm,,,,,,,,,,,10,,,,,,,present,,,,,,Stryphnodendron clade
https://www.sciencedirect.com/org/science/article/pii/S131420112200203X#SECID0EDBAK,,Heliodendron_basalticum,,1,Tree or shrubs,,,,,,,Globular pedunculate heads,,,0.5,1.7,,mm,,,,,,,,,,,,,,,,,,,,,,,,homomorphic,,Tubular to subcampanulate,,1.5,3,,mm,,,,,,,2.5,7,,mm,,,,,,,,,,,numerous,,5,9,,mm,,,,,,,,Archidendron clade